ISO-10303-21;
HEADER;
FILE_DESCRIPTION((''),'2;1');
FILE_NAME('Part A', '2026-05-27T16:33:20', (''), (''), 'ImageToStl.com STEP Converter','', '');
FILE_SCHEMA(('AUTOMOTIVE_DESIGN_CC2'));
ENDSEC;
DATA;
#1=PRODUCT_DEFINITION_CONTEXT('',#4,'design');
#2=APPLICATION_PROTOCOL_DEFINITION('INTERNATIONAL STANDARD','automotive_design',1994,#4);
#3=(GEOMETRIC_REPRESENTATION_CONTEXT(3)GLOBAL_UNCERTAINTY_ASSIGNED_CONTEXT((#5))GLOBAL_UNIT_ASSIGNED_CONTEXT((#6,#7,#8))REPRESENTATION_CONTEXT('NONE','WORKSPACE'));
#4=APPLICATION_CONTEXT(' ');
#5=UNCERTAINTY_MEASURE_WITH_UNIT(LENGTH_MEASURE(1.0E-006),#6,'','');
#6=(CONVERSION_BASED_UNIT('METRE',#10)LENGTH_UNIT()NAMED_UNIT(#11));
#7=(NAMED_UNIT(#12)PLANE_ANGLE_UNIT()SI_UNIT($,.RADIAN.));
#8=(NAMED_UNIT(#12)SOLID_ANGLE_UNIT()SI_UNIT($,.STERADIAN.));
#9=AXIS2_PLACEMENT_3D('',#14,#15,#16);
#10=LENGTH_MEASURE_WITH_UNIT(LENGTH_MEASURE(1.0),#17);
#11=DIMENSIONAL_EXPONENTS(1.0,0.0,0.0,0.0,0.0,0.0,0.0);
#12=DIMENSIONAL_EXPONENTS(0.0,0.0,0.0,0.0,0.0,0.0,0.0);
#13=PRODUCT_CONTEXT('',#4,'mechanical');
#14=CARTESIAN_POINT('',(0.0,0.0,0.0));
#15=DIRECTION('',(0.0,0.0,1.0));
#16=DIRECTION('',(1.0,0.0,0.0));
#17=(NAMED_UNIT(#11)LENGTH_UNIT()SI_UNIT(.MILLI.,.METRE.));
#18=PRESENTATION_STYLE_ASSIGNMENT((#19));
#19=SURFACE_STYLE_USAGE(.BOTH.,#20);
#20=SURFACE_SIDE_STYLE('',(#21));
#21=SURFACE_STYLE_FILL_AREA(#22);
#22=FILL_AREA_STYLE('',(#23));
#23=FILL_AREA_STYLE_COLOUR('',#24);
#24=COLOUR_RGB('',0.09804,0.09804,0.09804);
#25=PRESENTATION_STYLE_ASSIGNMENT((#26));
#26=SURFACE_STYLE_USAGE(.BOTH.,#27);
#27=SURFACE_SIDE_STYLE('',(#28));
#28=SURFACE_STYLE_FILL_AREA(#29);
#29=FILL_AREA_STYLE('',(#30));
#30=FILL_AREA_STYLE_COLOUR('',#31);
#31=COLOUR_RGB('',0.09412,0.09412,0.09412);
#32=SHAPE_DEFINITION_REPRESENTATION(#33,#34);
#33=PRODUCT_DEFINITION_SHAPE('productshape0','',#37);
#34=MANIFOLD_SURFACE_SHAPE_REPRESENTATION('',(#35,#9),#3);
#35=SHELL_BASED_SURFACE_MODEL('shell0',(#39));
#36=PRODUCT('product0','','',(#13));
#37=PRODUCT_DEFINITION('mesh0','',#38,#2);
#38=PRODUCT_DEFINITION_FORMATION_WITH_SPECIFIED_SOURCE('prodsource0','',#36,.NOT_KNOWN.);
#39=CLOSED_SHELL('',(#723,#745,#767,#789,#811,#833,#855,#877,#899,#921,#943,#965,#987,#1009,#1031,#1053,#1075,#1097,#1119,#1141,#1163,#1185,#1207,#1229,#1251,#1273,#1295,#1317,#1339,#1361,#1383,#1405,#1427,#1449,#1471,#1493,#1515,#1537,#1559,#1581,#1603,#1625,#1647,#1669,#1691,#1713,#1735,#1757,#1779,#1801,#1823,#1845,#1867,#1889,#1911,#1933,#1955,#1977,#1999,#2021,#2043,#2065,#2087,#2109,#2131,#2153,#2175,#2197,#2219,#2241,#2263,#2285,#2307,#2329,#2351,#2373,#2395,#2417,#2439,#2461,#2483,#2505,#2527,#2549,#2571,#2593,#2615,#2637,#2659,#2681,#2703,#2725,#2747,#2769,#2791,#2813,#2835,#2857,#2879,#2901,#2923,#2945,#2967,#2989,#3011,#3033,#3055,#3077,#3099,#3121,#3143,#3165,#3187,#3209,#3231,#3253,#3275,#3297,#3319,#3341,#3363,#3385,#3407,#3429,#3451,#3473,#3495,#3517,#3539,#3561,#3583,#3605,#3627,#3649,#3671,#3693,#3715,#3737,#3759,#3781,#3803,#3825,#3847,#3869,#3891,#3913,#3935,#3957,#3979,#4001,#4023,#4045,#4067,#4089,#4111,#4133,#4155,#4177,#4199,#4221,#4243,#4265,#4287,#4309,#4331,#4353,#4375,#4397,#4419,#4441,#4463,#4485,#4507,#4529,#4551,#4573,#4595,#4617,#4639,#4661,#4683,#4705,#4727,#4749,#4771,#4793,#4815,#4837,#4859,#4881,#4903,#4925,#4947,#4969,#4991,#5013,#5035,#5057,#5079,#5101,#5123,#5145,#5167,#5189,#5211,#5233,#5255,#5277,#5299,#5321,#5343,#5365,#5387,#5409,#5431,#5453,#5475,#5497,#5519,#5541,#5563,#5585,#5607,#5629,#5651,#5673,#5695,#5717,#5739,#5761,#5783,#5805,#5827,#5849,#5871,#5893,#5915,#5937,#5959,#5981,#6003,#6025,#6047,#6069,#6091,#6113,#6135,#6157,#6179,#6201,#6223,#6245,#6267,#6289,#6311,#6333,#6355,#6377,#6399,#6421,#6443,#6465,#6487,#6509,#6531,#6553,#6575,#6597,#6619,#6641,#6663,#6685,#6707,#6729,#6751,#6773,#6795,#6817,#6839,#6861,#6883,#6905,#6927,#6949,#6971,#6993,#7015,#7037,#7059,#7081,#7103,#7125,#7147,#7169,#7191,#7213,#7235,#7257,#7279,#7301,#7323,#7345,#7367,#7389,#7411,#7433,#7455,#7477,#7499,#7521,#7543,#7565,#7587,#7609,#7631,#7653,#7675,#7697,#7719,#7741,#7763,#7785,#7807,#7829,#7851,#7873,#7895,#7917,#7939,#7961,#7983,#8005,#8027,#8049,#8071,#8093,#8115,#8137,#8159,#8181,#8203,#8225,#8247,#8269,#8291,#8313,#8335,#8357,#8379,#8401,#8423,#8445,#8467,#8489,#8511,#8533,#8555,#8577,#8599,#8621,#8643,#8665,#8687,#8709,#8731,#8753,#8775,#8797,#8819,#8841,#8863,#8885,#8907,#8929,#8951,#8973,#8995,#9017,#9039,#9061,#9083,#9105,#9127,#9149,#9171,#9193,#9215,#9237,#9259,#9281,#9303,#9325,#9347,#9369,#9391,#9413,#9435,#9457,#9479,#9501,#9523,#9545,#9567,#9589,#9611,#9633,#9655,#9677,#9699,#9721,#9743,#9765,#9787,#9809,#9831,#9853,#9875,#9897,#9919,#9941,#9963,#9985,#10007,#10029,#10051,#10073,#10095,#10117,#10139,#10161,#10183,#10205,#10227,#10249,#10271,#10293,#10315,#10337,#10359,#10381,#10403,#10425,#10447,#10469,#10491,#10513,#10535,#10557,#10579,#10601,#10623,#10645,#10667,#10689,#10711,#10733,#10755,#10777,#10799,#10821,#10843,#10865,#10887,#10909,#10931,#10953,#10975,#10997,#11019,#11041,#11063,#11085,#11107,#11129,#11151,#11173,#11195,#11217,#11239,#11261,#11283,#11305,#11327,#11349,#11371,#11393,#11415,#11437,#11459,#11481,#11503,#11525,#11547,#11569,#11591,#11613,#11635,#11657,#11679,#11701,#11723,#11745,#11767,#11789,#11811,#11833,#11855,#11877,#11899,#11921,#11943,#11965,#11987,#12009,#12031,#12053,#12075,#12097,#12119,#12141,#12163,#12185,#12207,#12229,#12251,#12273,#12295,#12317,#12339,#12361,#12383,#12405,#12427,#12449,#12471,#12493,#12515,#12537,#12559,#12581,#12603,#12625,#12647,#12669,#12691,#12713,#12735,#12757,#12779,#12801,#12823,#12845,#12867,#12889,#12911,#12933,#12955,#12977,#12999,#13021,#13043,#13065,#13087,#13109,#13131,#13153,#13175,#13197,#13219,#13241,#13263,#13285,#13307,#13329,#13351,#13373,#13395,#13417,#13439,#13461,#13483,#13505,#13527,#13549,#13571,#13593,#13615,#13637,#13659,#13681,#13703,#13725,#13747,#13769,#13791,#13813,#13835,#13857,#13879,#13901,#13923,#13945,#13967,#13989,#14011,#14033,#14055,#14077,#14099,#14121,#14143,#14165,#14187,#14209,#14231,#14253,#14275,#14297,#14319,#14341,#14363,#14385,#14407,#14429,#14451,#14473,#14495,#14517,#14539,#14561,#14583,#14605,#14627,#14649,#14671,#14693,#14715,#14737,#14759,#14781,#14803,#14825,#14847,#14869,#14891,#14913,#14935,#14957,#14979,#15001,#15023,#15045,#15067,#15089,#15111,#15133,#15155,#15177,#15199,#15221,#15243,#15265,#15287,#15309,#15331,#15353,#15375,#15397,#15419,#15441,#15463,#15485,#15507,#15529,#15551,#15573,#15595,#15617,#15639,#15661,#15683,#15705,#15727,#15749,#15771,#15793,#15815,#15837,#15859,#15881,#15903,#15925,#15947,#15969,#15991,#16013));
#40=CARTESIAN_POINT('',(37.5,5,52.29999923706055));
#41=VERTEX_POINT('',#40);
#42=CARTESIAN_POINT('',(39.5,5,52.29999923706055));
#43=VERTEX_POINT('',#42);
#44=CARTESIAN_POINT('',(37.5,7.5,52.29999923706055));
#45=VERTEX_POINT('',#44);
#46=CARTESIAN_POINT('',(39.5,7.5,52.29999923706055));
#47=VERTEX_POINT('',#46);
#48=CARTESIAN_POINT('',(37.5,7.5,52.79999923706055));
#49=VERTEX_POINT('',#48);
#50=CARTESIAN_POINT('',(37.5,8.5,51.79999923706055));
#51=VERTEX_POINT('',#50);
#52=CARTESIAN_POINT('',(37.5,5,51.79999923706055));
#53=VERTEX_POINT('',#52);
#54=CARTESIAN_POINT('',(37.5,5,52.27866744995117));
#55=VERTEX_POINT('',#54);
#56=CARTESIAN_POINT('',(39.5,5,51.79999923706055));
#57=VERTEX_POINT('',#56);
#58=CARTESIAN_POINT('',(39.5,8.5,51.79999923706055));
#59=VERTEX_POINT('',#58);
#60=CARTESIAN_POINT('',(39.5,7.5,52.79999923706055));
#61=VERTEX_POINT('',#60);
#62=CARTESIAN_POINT('',(39.5,5,52.278038024902344));
#63=VERTEX_POINT('',#62);
#64=CARTESIAN_POINT('',(-20.5,5,52.29999923706055));
#65=VERTEX_POINT('',#64);
#66=CARTESIAN_POINT('',(-18.5,5,52.29999923706055));
#67=VERTEX_POINT('',#66);
#68=CARTESIAN_POINT('',(-20.5,7.5,52.29999923706055));
#69=VERTEX_POINT('',#68);
#70=CARTESIAN_POINT('',(-18.5,7.5,52.29999923706055));
#71=VERTEX_POINT('',#70);
#72=CARTESIAN_POINT('',(-20.5,7.5,52.79999923706055));
#73=VERTEX_POINT('',#72);
#74=CARTESIAN_POINT('',(-20.5,8.5,51.79999923706055));
#75=VERTEX_POINT('',#74);
#76=CARTESIAN_POINT('',(-20.5,5,51.79999923706055));
#77=VERTEX_POINT('',#76);
#78=CARTESIAN_POINT('',(-20.5,5,52.29683303833008));
#79=VERTEX_POINT('',#78);
#80=CARTESIAN_POINT('',(-18.5,5,51.79999923706055));
#81=VERTEX_POINT('',#80);
#82=CARTESIAN_POINT('',(-18.5,8.5,51.79999923706055));
#83=VERTEX_POINT('',#82);
#84=CARTESIAN_POINT('',(-18.5,7.5,52.79999923706055));
#85=VERTEX_POINT('',#84);
#86=CARTESIAN_POINT('',(-18.5,5,52.296207427978516));
#87=VERTEX_POINT('',#86);
#88=CARTESIAN_POINT('',(37.5,7.5,-19.5));
#89=VERTEX_POINT('',#88);
#90=CARTESIAN_POINT('',(37.5,7.5,-19));
#91=VERTEX_POINT('',#90);
#92=CARTESIAN_POINT('',(37.5,8.5,-18.5));
#93=VERTEX_POINT('',#92);
#94=CARTESIAN_POINT('',(37.5,5,-18.5));
#95=VERTEX_POINT('',#94);
#96=CARTESIAN_POINT('',(37.5,5,-19));
#97=VERTEX_POINT('',#96);
#98=CARTESIAN_POINT('',(39.5,5,-18.5));
#99=VERTEX_POINT('',#98);
#100=CARTESIAN_POINT('',(39.5,8.5,-18.5));
#101=VERTEX_POINT('',#100);
#102=CARTESIAN_POINT('',(39.5,7.5,-19));
#103=VERTEX_POINT('',#102);
#104=CARTESIAN_POINT('',(39.5,7.5,-19.5));
#105=VERTEX_POINT('',#104);
#106=CARTESIAN_POINT('',(39.5,5,-19));
#107=VERTEX_POINT('',#106);
#108=CARTESIAN_POINT('',(49.19750213623047,5,52.275001525878906));
#109=VERTEX_POINT('',#108);
#110=CARTESIAN_POINT('',(49.102237701416016,5,50));
#111=VERTEX_POINT('',#110);
#112=CARTESIAN_POINT('',(-30,5,50));
#113=VERTEX_POINT('',#112);
#114=CARTESIAN_POINT('',(-30.6200008392334,5,52.30000305175781));
#115=VERTEX_POINT('',#114);
#116=CARTESIAN_POINT('',(49.839820861816406,5,52.2121467590332));
#117=VERTEX_POINT('',#116);
#118=CARTESIAN_POINT('',(50.457881927490234,5,52.02634811401367));
#119=VERTEX_POINT('',#118);
#120=CARTESIAN_POINT('',(51.02838897705078,5,51.724609375));
#121=VERTEX_POINT('',#120);
#122=CARTESIAN_POINT('',(51.52983093261719,5,51.31831359863281));
#123=VERTEX_POINT('',#122);
#124=CARTESIAN_POINT('',(51.94330596923828,5,50.82277297973633));
#125=VERTEX_POINT('',#124);
#126=CARTESIAN_POINT('',(52.25322341918945,5,50.25666809082031));
#127=VERTEX_POINT('',#126);
#128=CARTESIAN_POINT('',(52.44790267944336,5,49.6413459777832));
#129=VERTEX_POINT('',#128);
#130=CARTESIAN_POINT('',(49.102237701416016,5,48.5));
#131=VERTEX_POINT('',#130);
#132=CARTESIAN_POINT('',(52.519996643066406,5,49));
#133=VERTEX_POINT('',#132);
#134=CARTESIAN_POINT('',(49.102237701416016,5,47));
#135=VERTEX_POINT('',#134);
#136=CARTESIAN_POINT('',(49.102237701416016,5,45.5));
#137=VERTEX_POINT('',#136);
#138=CARTESIAN_POINT('',(46.85000228881836,5,40.595577239990234));
#139=VERTEX_POINT('',#138);
#140=CARTESIAN_POINT('',(46.78267288208008,5,41.27918243408203));
#141=VERTEX_POINT('',#140);
#142=CARTESIAN_POINT('',(46.85000228881836,5,8.393295288085938));
#143=VERTEX_POINT('',#142);
#144=CARTESIAN_POINT('',(52.220001220703125,5,-16));
#145=VERTEX_POINT('',#144);
#146=CARTESIAN_POINT('',(46.78287887573242,5,7.711787223815918));
#147=VERTEX_POINT('',#146);
#148=CARTESIAN_POINT('',(46.58409118652344,5,7.056469440460205));
#149=VERTEX_POINT('',#148);
#150=CARTESIAN_POINT('',(46.26127624511719,5,6.452524662017822));
#151=VERTEX_POINT('',#150);
#152=CARTESIAN_POINT('',(45.826839447021484,5,5.923162460327148));
#153=VERTEX_POINT('',#152);
#154=CARTESIAN_POINT('',(45.29747772216797,5,5.488726615905762));
#155=VERTEX_POINT('',#154);
#156=CARTESIAN_POINT('',(44.69353485107422,5,5.1659111976623535));
#157=VERTEX_POINT('',#156);
#158=CARTESIAN_POINT('',(44.03821563720703,5,4.967122554779053));
#159=VERTEX_POINT('',#158);
#160=CARTESIAN_POINT('',(43.35670852661133,5,4.900000095367432));
#161=VERTEX_POINT('',#160);
#162=CARTESIAN_POINT('',(49.02000427246094,5,-19));
#163=VERTEX_POINT('',#162);
#164=CARTESIAN_POINT('',(52.12476348876953,5,-16.595314025878906));
#165=VERTEX_POINT('',#164);
#166=CARTESIAN_POINT('',(51.919776916503906,5,-17.162281036376953));
#167=VERTEX_POINT('',#166);
#168=CARTESIAN_POINT('',(51.61228942871094,5,-17.680858612060547));
#169=VERTEX_POINT('',#168);
#170=CARTESIAN_POINT('',(51.213172912597656,5,-18.132715225219727));
#171=VERTEX_POINT('',#170);
#172=CARTESIAN_POINT('',(50.736534118652344,5,-18.501880645751953));
#173=VERTEX_POINT('',#172);
#174=CARTESIAN_POINT('',(50.19921875,5,-18.775306701660156));
#175=VERTEX_POINT('',#174);
#176=CARTESIAN_POINT('',(49.62022018432617,5,-18.94332504272461));
#177=VERTEX_POINT('',#176);
#178=CARTESIAN_POINT('',(-18.5,5,-19));
#179=VERTEX_POINT('',#178);
#180=CARTESIAN_POINT('',(-18.5,5,-18.5));
#181=VERTEX_POINT('',#180);
#182=CARTESIAN_POINT('',(-24.149999618530273,5,4.900000095367432));
#183=VERTEX_POINT('',#182);
#184=CARTESIAN_POINT('',(-20.5,5,-18.5));
#185=VERTEX_POINT('',#184);
#186=CARTESIAN_POINT('',(-34,5,-17.100000381469727));
#187=VERTEX_POINT('',#186);
#188=CARTESIAN_POINT('',(-32.099998474121094,5,-19));
#189=VERTEX_POINT('',#188);
#190=CARTESIAN_POINT('',(-33.952430725097656,5,-17.52281951904297));
#191=VERTEX_POINT('',#190);
#192=CARTESIAN_POINT('',(-33.81194305419922,5,-17.9244441986084));
#193=VERTEX_POINT('',#192);
#194=CARTESIAN_POINT('',(-33.58559036254883,5,-18.284727096557617));
#195=VERTEX_POINT('',#194);
#196=CARTESIAN_POINT('',(-33.284725189208984,5,-18.585590362548828));
#197=VERTEX_POINT('',#196);
#198=CARTESIAN_POINT('',(-32.924442291259766,5,-18.81194305419922));
#199=VERTEX_POINT('',#198);
#200=CARTESIAN_POINT('',(-32.52281951904297,5,-18.952428817749023));
#201=VERTEX_POINT('',#200);
#202=CARTESIAN_POINT('',(-20.5,5,-19));
#203=VERTEX_POINT('',#202);
#204=CARTESIAN_POINT('',(-33.98749923706055,5,49.150001525878906));
#205=VERTEX_POINT('',#204);
#206=CARTESIAN_POINT('',(-27.649999618530273,5,8.40000057220459));
#207=VERTEX_POINT('',#206);
#208=CARTESIAN_POINT('',(-27.582748413085938,5,7.717184066772461));
#209=VERTEX_POINT('',#208);
#210=CARTESIAN_POINT('',(-27.38357925415039,5,7.06060791015625));
#211=VERTEX_POINT('',#210);
#212=CARTESIAN_POINT('',(-33.92149353027344,5,49.791664123535156));
#213=VERTEX_POINT('',#212);
#214=CARTESIAN_POINT('',(-30,5,48.5));
#215=VERTEX_POINT('',#214);
#216=CARTESIAN_POINT('',(-30,5,47));
#217=VERTEX_POINT('',#216);
#218=CARTESIAN_POINT('',(-33.72646713256836,5,50.40652084350586));
#219=VERTEX_POINT('',#218);
#220=CARTESIAN_POINT('',(-33.41055679321289,5,50.96891784667969));
#221=VERTEX_POINT('',#220);
#222=CARTESIAN_POINT('',(-32.98695373535156,5,51.455379486083984));
#223=VERTEX_POINT('',#222);
#224=CARTESIAN_POINT('',(-32.473331451416016,5,51.845611572265625));
#225=VERTEX_POINT('',#224);
#226=CARTESIAN_POINT('',(-31.89112663269043,5,52.12331771850586));
#227=VERTEX_POINT('',#226);
#228=CARTESIAN_POINT('',(-31.26463508605957,5,52.276920318603516));
#229=VERTEX_POINT('',#228);
#230=CARTESIAN_POINT('',(-30,5,45.5));
#231=VERTEX_POINT('',#230);
#232=CARTESIAN_POINT('',(-27.649999618530273,5,40.60413360595703));
#233=VERTEX_POINT('',#232);
#234=CARTESIAN_POINT('',(-24.154504776000977,5,44.09962844848633));
#235=VERTEX_POINT('',#234);
#236=CARTESIAN_POINT('',(-24.836441040039062,5,44.03246307373047));
#237=VERTEX_POINT('',#236);
#238=CARTESIAN_POINT('',(-25.492172241210938,5,43.83354949951172));
#239=VERTEX_POINT('',#238);
#240=CARTESIAN_POINT('',(-26.096498489379883,5,43.510528564453125));
#241=VERTEX_POINT('',#240);
#242=CARTESIAN_POINT('',(-26.62619400024414,5,43.07582092285156));
#243=VERTEX_POINT('',#242);
#244=CARTESIAN_POINT('',(-27.060903549194336,5,42.54612731933594));
#245=VERTEX_POINT('',#244);
#246=CARTESIAN_POINT('',(-27.383920669555664,5,41.94179916381836));
#247=VERTEX_POINT('',#246);
#248=CARTESIAN_POINT('',(-27.582834243774414,5,41.286067962646484));
#249=VERTEX_POINT('',#248);
#250=CARTESIAN_POINT('',(-27.060144424438477,5,6.455504417419434));
#251=VERTEX_POINT('',#250);
#252=CARTESIAN_POINT('',(-26.624874114990234,5,5.925126075744629));
#253=VERTEX_POINT('',#252);
#254=CARTESIAN_POINT('',(-26.09449577331543,5,5.489856243133545));
#255=VERTEX_POINT('',#254);
#256=CARTESIAN_POINT('',(-25.489391326904297,5,5.166421413421631));
#257=VERTEX_POINT('',#256);
#258=CARTESIAN_POINT('',(-24.832815170288086,5,4.967251300811768));
#259=VERTEX_POINT('',#258);
#260=CARTESIAN_POINT('',(46.583274841308594,5,41.936519622802734));
#261=VERTEX_POINT('',#260);
#262=CARTESIAN_POINT('',(46.259464263916016,5,42.54232406616211));
#263=VERTEX_POINT('',#262);
#264=CARTESIAN_POINT('',(45.82368850708008,5,43.07331466674805));
#265=VERTEX_POINT('',#264);
#266=CARTESIAN_POINT('',(45.29269790649414,5,43.50908660888672));
#267=VERTEX_POINT('',#266);
#268=CARTESIAN_POINT('',(44.686893463134766,5,43.8328971862793));
#269=VERTEX_POINT('',#268);
#270=CARTESIAN_POINT('',(44.02956008911133,5,44.03229904174805));
#271=VERTEX_POINT('',#270);
#272=CARTESIAN_POINT('',(43.345951080322266,5,44.09962844848633));
#273=VERTEX_POINT('',#272);
#274=CARTESIAN_POINT('',(-20.5,7.5,-19.5));
#275=VERTEX_POINT('',#274);
#276=CARTESIAN_POINT('',(-20.5,7.5,-19));
#277=VERTEX_POINT('',#276);
#278=CARTESIAN_POINT('',(-20.5,8.5,-18.5));
#279=VERTEX_POINT('',#278);
#280=CARTESIAN_POINT('',(-18.5,8.5,-18.5));
#281=VERTEX_POINT('',#280);
#282=CARTESIAN_POINT('',(-18.5,7.5,-19));
#283=VERTEX_POINT('',#282);
#284=CARTESIAN_POINT('',(-18.5,7.5,-19.5));
#285=VERTEX_POINT('',#284);
#286=CARTESIAN_POINT('',(-30.6200008392334,3,52.30000305175781));
#287=VERTEX_POINT('',#286);
#288=CARTESIAN_POINT('',(-31.26463508605957,3,52.276920318603516));
#289=VERTEX_POINT('',#288);
#290=CARTESIAN_POINT('',(-31.89112663269043,3,52.12331771850586));
#291=VERTEX_POINT('',#290);
#292=CARTESIAN_POINT('',(-32.473331451416016,3,51.845611572265625));
#293=VERTEX_POINT('',#292);
#294=CARTESIAN_POINT('',(-32.98695373535156,3,51.455379486083984));
#295=VERTEX_POINT('',#294);
#296=CARTESIAN_POINT('',(-33.41055679321289,3,50.96891784667969));
#297=VERTEX_POINT('',#296);
#298=CARTESIAN_POINT('',(-33.72646713256836,3,50.40652084350586));
#299=VERTEX_POINT('',#298);
#300=CARTESIAN_POINT('',(-33.92149353027344,3,49.791664123535156));
#301=VERTEX_POINT('',#300);
#302=CARTESIAN_POINT('',(-33.98749923706055,3,49.150001525878906));
#303=VERTEX_POINT('',#302);
#304=CARTESIAN_POINT('',(-34,3,-17.100000381469727));
#305=VERTEX_POINT('',#304);
#306=CARTESIAN_POINT('',(-33.952430725097656,3,-17.52281951904297));
#307=VERTEX_POINT('',#306);
#308=CARTESIAN_POINT('',(-33.81194305419922,3,-17.9244441986084));
#309=VERTEX_POINT('',#308);
#310=CARTESIAN_POINT('',(-33.58559036254883,3,-18.284727096557617));
#311=VERTEX_POINT('',#310);
#312=CARTESIAN_POINT('',(-33.284725189208984,3,-18.585590362548828));
#313=VERTEX_POINT('',#312);
#314=CARTESIAN_POINT('',(-32.924442291259766,3,-18.81194305419922));
#315=VERTEX_POINT('',#314);
#316=CARTESIAN_POINT('',(-32.52281951904297,3,-18.952428817749023));
#317=VERTEX_POINT('',#316);
#318=CARTESIAN_POINT('',(-32.099998474121094,3,-19));
#319=VERTEX_POINT('',#318);
#320=CARTESIAN_POINT('',(49.02000427246094,3,-19));
#321=VERTEX_POINT('',#320);
#322=CARTESIAN_POINT('',(49.62022018432617,3,-18.94332504272461));
#323=VERTEX_POINT('',#322);
#324=CARTESIAN_POINT('',(50.19921875,3,-18.775306701660156));
#325=VERTEX_POINT('',#324);
#326=CARTESIAN_POINT('',(50.736534118652344,3,-18.501880645751953));
#327=VERTEX_POINT('',#326);
#328=CARTESIAN_POINT('',(51.213172912597656,3,-18.132715225219727));
#329=VERTEX_POINT('',#328);
#330=CARTESIAN_POINT('',(51.61228942871094,3,-17.680858612060547));
#331=VERTEX_POINT('',#330);
#332=CARTESIAN_POINT('',(51.919776916503906,3,-17.162281036376953));
#333=VERTEX_POINT('',#332);
#334=CARTESIAN_POINT('',(52.12476348876953,3,-16.595314025878906));
#335=VERTEX_POINT('',#334);
#336=CARTESIAN_POINT('',(52.220001220703125,3,-16));
#337=VERTEX_POINT('',#336);
#338=CARTESIAN_POINT('',(52.519996643066406,3,49));
#339=VERTEX_POINT('',#338);
#340=CARTESIAN_POINT('',(52.44790267944336,3,49.6413459777832));
#341=VERTEX_POINT('',#340);
#342=CARTESIAN_POINT('',(52.25322341918945,3,50.25666809082031));
#343=VERTEX_POINT('',#342);
#344=CARTESIAN_POINT('',(51.94330596923828,3,50.82277297973633));
#345=VERTEX_POINT('',#344);
#346=CARTESIAN_POINT('',(51.52983093261719,3,51.31831359863281));
#347=VERTEX_POINT('',#346);
#348=CARTESIAN_POINT('',(51.02838897705078,3,51.724609375));
#349=VERTEX_POINT('',#348);
#350=CARTESIAN_POINT('',(50.457881927490234,3,52.02634811401367));
#351=VERTEX_POINT('',#350);
#352=CARTESIAN_POINT('',(49.839820861816406,3,52.2121467590332));
#353=VERTEX_POINT('',#352);
#354=CARTESIAN_POINT('',(49.19750213623047,3,52.275001525878906));
#355=VERTEX_POINT('',#354);
#356=CARTESIAN_POINT('',(-30,3,47));
#357=VERTEX_POINT('',#356);
#358=CARTESIAN_POINT('',(49.102237701416016,3,47));
#359=VERTEX_POINT('',#358);
#360=CARTESIAN_POINT('',(49.102237701416016,3,45.5));
#361=VERTEX_POINT('',#360);
#362=CARTESIAN_POINT('',(-30,3,45.5));
#363=VERTEX_POINT('',#362);
#364=CARTESIAN_POINT('',(-30,3,50));
#365=VERTEX_POINT('',#364);
#366=CARTESIAN_POINT('',(49.102237701416016,3,50));
#367=VERTEX_POINT('',#366);
#368=CARTESIAN_POINT('',(49.102237701416016,3,48.5));
#369=VERTEX_POINT('',#368);
#370=CARTESIAN_POINT('',(-30,3,48.5));
#371=VERTEX_POINT('',#370);
#372=CARTESIAN_POINT('',(46.85000228881836,8,8.393295288085938));
#373=VERTEX_POINT('',#372);
#374=CARTESIAN_POINT('',(46.78287887573242,8,7.711787223815918));
#375=VERTEX_POINT('',#374);
#376=CARTESIAN_POINT('',(46.58409118652344,8,7.056469440460205));
#377=VERTEX_POINT('',#376);
#378=CARTESIAN_POINT('',(46.26127624511719,8,6.452524662017822));
#379=VERTEX_POINT('',#378);
#380=CARTESIAN_POINT('',(45.826839447021484,8,5.923162460327148));
#381=VERTEX_POINT('',#380);
#382=CARTESIAN_POINT('',(45.29747772216797,8,5.488726615905762));
#383=VERTEX_POINT('',#382);
#384=CARTESIAN_POINT('',(44.69353485107422,8,5.1659111976623535));
#385=VERTEX_POINT('',#384);
#386=CARTESIAN_POINT('',(44.03821563720703,8,4.967122554779053));
#387=VERTEX_POINT('',#386);
#388=CARTESIAN_POINT('',(43.35670852661133,8,4.900000095367432));
#389=VERTEX_POINT('',#388);
#390=CARTESIAN_POINT('',(-24.149999618530273,8,4.900000095367432));
#391=VERTEX_POINT('',#390);
#392=CARTESIAN_POINT('',(-24.832815170288086,8,4.967251300811768));
#393=VERTEX_POINT('',#392);
#394=CARTESIAN_POINT('',(-25.489391326904297,8,5.166421413421631));
#395=VERTEX_POINT('',#394);
#396=CARTESIAN_POINT('',(-26.09449577331543,8,5.489856243133545));
#397=VERTEX_POINT('',#396);
#398=CARTESIAN_POINT('',(-26.624874114990234,8,5.925126075744629));
#399=VERTEX_POINT('',#398);
#400=CARTESIAN_POINT('',(-27.060144424438477,8,6.455504417419434));
#401=VERTEX_POINT('',#400);
#402=CARTESIAN_POINT('',(-27.38357925415039,8,7.06060791015625));
#403=VERTEX_POINT('',#402);
#404=CARTESIAN_POINT('',(-27.582748413085938,8,7.717184066772461));
#405=VERTEX_POINT('',#404);
#406=CARTESIAN_POINT('',(-27.649999618530273,8,8.40000057220459));
#407=VERTEX_POINT('',#406);
#408=CARTESIAN_POINT('',(-27.649999618530273,8,40.60413360595703));
#409=VERTEX_POINT('',#408);
#410=CARTESIAN_POINT('',(-12.300000190734863,7.599999904632568,40.09962844848633));
#411=VERTEX_POINT('',#410);
#412=CARTESIAN_POINT('',(-4.300000190734863,7.599999904632568,40.09962844848633));
#413=VERTEX_POINT('',#412);
#414=CARTESIAN_POINT('',(-11.800000190734863,7.099999904632568,39.23360061645508));
#415=VERTEX_POINT('',#414);
#416=CARTESIAN_POINT('',(-4.800000190734863,7.099999904632568,39.23360061645508));
#417=VERTEX_POINT('',#416);
#418=CARTESIAN_POINT('',(-12.300000190734863,6.599999904632568,40.09962844848633));
#419=VERTEX_POINT('',#418);
#420=CARTESIAN_POINT('',(-4.300000190734863,6.599999904632568,40.09962844848633));
#421=VERTEX_POINT('',#420);
#422=CARTESIAN_POINT('',(21.5,7.599999904632568,8.899999618530273));
#423=VERTEX_POINT('',#422);
#424=CARTESIAN_POINT('',(13.499999046325684,7.599999904632568,8.899999618530273));
#425=VERTEX_POINT('',#424);
#426=CARTESIAN_POINT('',(21,7.099999904632568,9.76602554321289));
#427=VERTEX_POINT('',#426);
#428=CARTESIAN_POINT('',(13.999999046325684,7.099999904632568,9.76602554321289));
#429=VERTEX_POINT('',#428);
#430=CARTESIAN_POINT('',(21.5,6.599999904632568,8.899999618530273));
#431=VERTEX_POINT('',#430);
#432=CARTESIAN_POINT('',(13.499999046325684,6.599999904632568,8.899999618530273));
#433=VERTEX_POINT('',#432);
#434=CARTESIAN_POINT('',(-10,7.599999904632568,8.899999618530273));
#435=VERTEX_POINT('',#434);
#436=CARTESIAN_POINT('',(-18,7.599999904632568,8.899999618530273));
#437=VERTEX_POINT('',#436);
#438=CARTESIAN_POINT('',(-10.5,7.099999904632568,9.76602554321289));
#439=VERTEX_POINT('',#438);
#440=CARTESIAN_POINT('',(-17.5,7.099999904632568,9.76602554321289));
#441=VERTEX_POINT('',#440);
#442=CARTESIAN_POINT('',(-10,6.599999904632568,8.899999618530273));
#443=VERTEX_POINT('',#442);
#444=CARTESIAN_POINT('',(-18,6.599999904632568,8.899999618530273));
#445=VERTEX_POINT('',#444);
#446=CARTESIAN_POINT('',(41.85670852661133,8,6.900000095367432));
#447=VERTEX_POINT('',#446);
#448=CARTESIAN_POINT('',(41.85670852661133,8,8.899999618530273));
#449=VERTEX_POINT('',#448);
#450=CARTESIAN_POINT('',(41.85670852661133,3.5,6.900000095367432));
#451=VERTEX_POINT('',#450);
#452=CARTESIAN_POINT('',(41.85670852661133,3.5,8.899999618530273));
#453=VERTEX_POINT('',#452);
#454=CARTESIAN_POINT('',(-22.649999618530273,8,6.900000095367432));
#455=VERTEX_POINT('',#454);
#456=CARTESIAN_POINT('',(-22.649999618530273,3.5,6.900000095367432));
#457=VERTEX_POINT('',#456);
#458=CARTESIAN_POINT('',(-22.649999618530273,8,8.899999618530273));
#459=VERTEX_POINT('',#458);
#460=CARTESIAN_POINT('',(-22.649999618530273,3.5,8.899999618530273));
#461=VERTEX_POINT('',#460);
#462=CARTESIAN_POINT('',(20.54145050048828,7.599999904632568,40.09962844848633));
#463=VERTEX_POINT('',#462);
#464=CARTESIAN_POINT('',(24.499998092651367,7.599999904632568,40.09962844848633));
#465=VERTEX_POINT('',#464);
#466=CARTESIAN_POINT('',(21.04145050048828,7.099999904632568,39.23360061645508));
#467=VERTEX_POINT('',#466);
#468=CARTESIAN_POINT('',(23.999998092651367,7.099999904632568,39.23360061645508));
#469=VERTEX_POINT('',#468);
#470=CARTESIAN_POINT('',(20.54145050048828,6.599999904632568,40.09962844848633));
#471=VERTEX_POINT('',#470);
#472=CARTESIAN_POINT('',(24.499998092651367,6.599999904632568,40.09962844848633));
#473=VERTEX_POINT('',#472);
#474=CARTESIAN_POINT('',(-25.649999618530273,8,39.10413360595703));
#475=VERTEX_POINT('',#474);
#476=CARTESIAN_POINT('',(-25.649999618530273,3.5,39.10413360595703));
#477=VERTEX_POINT('',#476);
#478=CARTESIAN_POINT('',(-23.649999618530273,8,39.10413360595703));
#479=VERTEX_POINT('',#478);
#480=CARTESIAN_POINT('',(-23.649999618530273,3.5,39.10413360595703));
#481=VERTEX_POINT('',#480);
#482=CARTESIAN_POINT('',(-25.649999618530273,8,9.90000057220459));
#483=VERTEX_POINT('',#482);
#484=CARTESIAN_POINT('',(-23.649999618530273,8,9.90000057220459));
#485=VERTEX_POINT('',#484);
#486=CARTESIAN_POINT('',(-25.649999618530273,3.5,9.899999618530273));
#487=VERTEX_POINT('',#486);
#488=CARTESIAN_POINT('',(-23.649999618530273,3.5,9.899999618530273));
#489=VERTEX_POINT('',#488);
#490=CARTESIAN_POINT('',(39.41910934448242,8,42.09962844848633));
#491=VERTEX_POINT('',#490);
#492=CARTESIAN_POINT('',(39.41910934448242,3.5,42.09962844848633));
#493=VERTEX_POINT('',#492);
#494=CARTESIAN_POINT('',(39.41910934448242,8,40.09962844848633));
#495=VERTEX_POINT('',#494);
#496=CARTESIAN_POINT('',(39.41910934448242,3.5,40.09962844848633));
#497=VERTEX_POINT('',#496);
#498=CARTESIAN_POINT('',(-22.654504776000977,3.5,42.09962844848633));
#499=VERTEX_POINT('',#498);
#500=CARTESIAN_POINT('',(-22.654504776000977,8,42.09962844848633));
#501=VERTEX_POINT('',#500);
#502=CARTESIAN_POINT('',(-22.654504776000977,3.5,40.09962844848633));
#503=VERTEX_POINT('',#502);
#504=CARTESIAN_POINT('',(-22.654504776000977,8,40.09962844848633));
#505=VERTEX_POINT('',#504);
#506=CARTESIAN_POINT('',(-20.399999618530273,3.5,9.800000190734863));
#507=VERTEX_POINT('',#506);
#508=CARTESIAN_POINT('',(-20.399999618530273,3.5,39.20000076293945));
#509=VERTEX_POINT('',#508);
#510=CARTESIAN_POINT('',(-20.399999618530273,3,9.800000190734863));
#511=VERTEX_POINT('',#510);
#512=CARTESIAN_POINT('',(-20.399999618530273,3,39.20000076293945));
#513=VERTEX_POINT('',#512);
#514=CARTESIAN_POINT('',(36.75,3.5,9.800000190734863));
#515=VERTEX_POINT('',#514);
#516=CARTESIAN_POINT('',(36.75,3,9.800000190734863));
#517=VERTEX_POINT('',#516);
#518=CARTESIAN_POINT('',(36.75,3.5,39.20000076293945));
#519=VERTEX_POINT('',#518);
#520=CARTESIAN_POINT('',(36.75,3,39.20000076293945));
#521=VERTEX_POINT('',#520);
#522=CARTESIAN_POINT('',(-23.17433738708496,3,42.054176330566406));
#523=VERTEX_POINT('',#522);
#524=CARTESIAN_POINT('',(-23.17433738708496,3.5,42.054176330566406));
#525=VERTEX_POINT('',#524);
#526=CARTESIAN_POINT('',(-23.74823760986328,3,41.89204025268555));
#527=VERTEX_POINT('',#526);
#528=CARTESIAN_POINT('',(-23.74823760986328,3.5,41.89204025268555));
#529=VERTEX_POINT('',#528);
#530=CARTESIAN_POINT('',(-24.27873420715332,3,41.61960220336914));
#531=VERTEX_POINT('',#530);
#532=CARTESIAN_POINT('',(-24.27873420715332,3.5,41.61960220336914));
#533=VERTEX_POINT('',#532);
#534=CARTESIAN_POINT('',(-24.744869232177734,3,41.247623443603516));
#535=VERTEX_POINT('',#534);
#536=CARTESIAN_POINT('',(-24.744869232177734,3.5,41.247623443603516));
#537=VERTEX_POINT('',#536);
#538=CARTESIAN_POINT('',(-25.12822914123535,3,40.790802001953125));
#539=VERTEX_POINT('',#538);
#540=CARTESIAN_POINT('',(-25.12822914123535,3.5,40.790802001953125));
#541=VERTEX_POINT('',#540);
#542=CARTESIAN_POINT('',(-25.41366958618164,3,40.267189025878906));
#543=VERTEX_POINT('',#542);
#544=CARTESIAN_POINT('',(-25.41366958618164,3.5,40.267189025878906));
#545=VERTEX_POINT('',#544);
#546=CARTESIAN_POINT('',(-25.58991241455078,3,39.69746017456055));
#547=VERTEX_POINT('',#546);
#548=CARTESIAN_POINT('',(-25.58991241455078,3.5,39.69746017456055));
#549=VERTEX_POINT('',#548);
#550=CARTESIAN_POINT('',(-25.649999618530273,3,39.10413360595703));
#551=VERTEX_POINT('',#550);
#552=CARTESIAN_POINT('',(-25.649999618530273,3,39.099998474121094));
#553=VERTEX_POINT('',#552);
#554=CARTESIAN_POINT('',(-25.649999618530273,3.5,39.099998474121094));
#555=VERTEX_POINT('',#554);
#556=CARTESIAN_POINT('',(-23.235271453857422,3.5,6.957643985748291));
#557=VERTEX_POINT('',#556);
#558=CARTESIAN_POINT('',(-23.798049926757812,3.5,7.128361225128174));
#559=VERTEX_POINT('',#558);
#560=CARTESIAN_POINT('',(-24.31671142578125,3.5,7.405591011047363));
#561=VERTEX_POINT('',#560);
#562=CARTESIAN_POINT('',(-24.771320343017578,3.5,7.778679847717285));
#563=VERTEX_POINT('',#562);
#564=CARTESIAN_POINT('',(-25.1444091796875,3.5,8.23328971862793));
#565=VERTEX_POINT('',#564);
#566=CARTESIAN_POINT('',(-25.42163848876953,3.5,8.751949310302734));
#567=VERTEX_POINT('',#566);
#568=CARTESIAN_POINT('',(-25.592355728149414,3.5,9.314728736877441));
#569=VERTEX_POINT('',#568);
#570=CARTESIAN_POINT('',(-23.002038955688477,3.5,42.07939910888672));
#571=VERTEX_POINT('',#570);
#572=CARTESIAN_POINT('',(-22.82856559753418,3.5,42.094566345214844));
#573=VERTEX_POINT('',#572);
#574=CARTESIAN_POINT('',(44.58415603637695,3.5,38.28598403930664));
#575=VERTEX_POINT('',#574);
#576=CARTESIAN_POINT('',(44.25878143310547,3.5,39.077735900878906));
#577=VERTEX_POINT('',#576);
#578=CARTESIAN_POINT('',(43.81458282470703,3.5,39.80946350097656));
#579=VERTEX_POINT('',#578);
#580=CARTESIAN_POINT('',(43.26230239868164,3.5,40.46346664428711));
#581=VERTEX_POINT('',#580);
#582=CARTESIAN_POINT('',(42.61529541015625,3.5,41.023929595947266));
#583=VERTEX_POINT('',#582);
#584=CARTESIAN_POINT('',(41.88921356201172,3.5,41.477294921875));
#585=VERTEX_POINT('',#584);
#586=CARTESIAN_POINT('',(41.10161590576172,3.5,41.81259536743164));
#587=VERTEX_POINT('',#586);
#588=CARTESIAN_POINT('',(40.27155685424805,3.5,42.021728515625));
#589=VERTEX_POINT('',#588);
#590=CARTESIAN_POINT('',(44.78282928466797,3.5,37.45336151123047));
#591=VERTEX_POINT('',#590);
#592=CARTESIAN_POINT('',(44.85000228881836,3.5,36.60000228881836));
#593=VERTEX_POINT('',#592);
#594=CARTESIAN_POINT('',(44.849998474121094,3.5,9.899999618530273));
#595=VERTEX_POINT('',#594);
#596=CARTESIAN_POINT('',(44.85000228881836,3.5,9.893295288085938));
#597=VERTEX_POINT('',#596);
#598=CARTESIAN_POINT('',(44.79248809814453,3.5,9.309332847595215));
#599=VERTEX_POINT('',#598);
#600=CARTESIAN_POINT('',(44.62215042114258,3.5,8.747811317443848));
#601=VERTEX_POINT('',#600);
#602=CARTESIAN_POINT('',(44.345542907714844,3.5,8.23030948638916));
#603=VERTEX_POINT('',#602);
#604=CARTESIAN_POINT('',(43.97328567504883,3.5,7.7767157554626465));
#605=VERTEX_POINT('',#604);
#606=CARTESIAN_POINT('',(43.51969528198242,3.5,7.40446138381958));
#607=VERTEX_POINT('',#606);
#608=CARTESIAN_POINT('',(43.002193450927734,3.5,7.1278510093688965));
#609=VERTEX_POINT('',#608);
#610=CARTESIAN_POINT('',(42.440670013427734,3.5,6.957515239715576));
#611=VERTEX_POINT('',#610);
#612=CARTESIAN_POINT('',(-25.592355728149414,8,9.314728736877441));
#613=VERTEX_POINT('',#612);
#614=CARTESIAN_POINT('',(-25.42163848876953,8,8.751949310302734));
#615=VERTEX_POINT('',#614);
#616=CARTESIAN_POINT('',(-25.1444091796875,8,8.23328971862793));
#617=VERTEX_POINT('',#616);
#618=CARTESIAN_POINT('',(-24.771320343017578,8,7.778679847717285));
#619=VERTEX_POINT('',#618);
#620=CARTESIAN_POINT('',(-24.31671142578125,8,7.405591011047363));
#621=VERTEX_POINT('',#620);
#622=CARTESIAN_POINT('',(-23.798049926757812,8,7.128361225128174));
#623=VERTEX_POINT('',#622);
#624=CARTESIAN_POINT('',(-23.235271453857422,8,6.957643985748291));
#625=VERTEX_POINT('',#624);
#626=CARTESIAN_POINT('',(-25.59059715270996,3,39.697723388671875));
#627=VERTEX_POINT('',#626);
#628=CARTESIAN_POINT('',(-25.414745330810547,3,40.26777648925781));
#629=VERTEX_POINT('',#628);
#630=CARTESIAN_POINT('',(-25.129417419433594,3,40.79167175292969));
#631=VERTEX_POINT('',#630);
#632=CARTESIAN_POINT('',(-24.745933532714844,3,41.24864196777344));
#633=VERTEX_POINT('',#632);
#634=CARTESIAN_POINT('',(-24.279499053955078,3,41.62055587768555));
#635=VERTEX_POINT('',#634);
#636=CARTESIAN_POINT('',(-23.748615264892578,3,41.89266586303711));
#637=VERTEX_POINT('',#636);
#638=CARTESIAN_POINT('',(-23.2388973236084,8,42.04206848144531));
#639=VERTEX_POINT('',#638);
#640=CARTESIAN_POINT('',(-23.800830841064453,8,41.87160873413086));
#641=VERTEX_POINT('',#640);
#642=CARTESIAN_POINT('',(-24.31871223449707,8,41.59479522705078));
#643=VERTEX_POINT('',#642);
#644=CARTESIAN_POINT('',(-24.772640228271484,8,41.222267150878906));
#645=VERTEX_POINT('',#644);
#646=CARTESIAN_POINT('',(-25.14516830444336,8,40.768341064453125));
#647=VERTEX_POINT('',#646);
#648=CARTESIAN_POINT('',(-25.421981811523438,8,40.250457763671875));
#649=VERTEX_POINT('',#648);
#650=CARTESIAN_POINT('',(-25.59244155883789,8,39.68852615356445));
#651=VERTEX_POINT('',#650);
#652=CARTESIAN_POINT('',(42.440670013427734,8,6.957515239715576));
#653=VERTEX_POINT('',#652);
#654=CARTESIAN_POINT('',(43.002193450927734,8,7.1278510093688965));
#655=VERTEX_POINT('',#654);
#656=CARTESIAN_POINT('',(43.51969528198242,8,7.40446138381958));
#657=VERTEX_POINT('',#656);
#658=CARTESIAN_POINT('',(43.97328567504883,8,7.7767157554626465));
#659=VERTEX_POINT('',#658);
#660=CARTESIAN_POINT('',(44.345542907714844,8,8.23030948638916));
#661=VERTEX_POINT('',#660);
#662=CARTESIAN_POINT('',(44.62215042114258,8,8.747811317443848));
#663=VERTEX_POINT('',#662);
#664=CARTESIAN_POINT('',(44.79248809814453,8,9.309332847595215));
#665=VERTEX_POINT('',#664);
#666=CARTESIAN_POINT('',(44.85000228881836,8,9.893295288085938));
#667=VERTEX_POINT('',#666);
#668=CARTESIAN_POINT('',(44.85000228881836,8,36.60000228881836));
#669=VERTEX_POINT('',#668);
#670=CARTESIAN_POINT('',(-27.582834243774414,8,41.286067962646484));
#671=VERTEX_POINT('',#670);
#672=CARTESIAN_POINT('',(-27.383920669555664,8,41.94179916381836));
#673=VERTEX_POINT('',#672);
#674=CARTESIAN_POINT('',(-27.060903549194336,8,42.54612731933594));
#675=VERTEX_POINT('',#674);
#676=CARTESIAN_POINT('',(-26.62619400024414,8,43.07582092285156));
#677=VERTEX_POINT('',#676);
#678=CARTESIAN_POINT('',(-26.096498489379883,8,43.510528564453125));
#679=VERTEX_POINT('',#678);
#680=CARTESIAN_POINT('',(-25.492172241210938,8,43.83354949951172));
#681=VERTEX_POINT('',#680);
#682=CARTESIAN_POINT('',(-24.836441040039062,8,44.03246307373047));
#683=VERTEX_POINT('',#682);
#684=CARTESIAN_POINT('',(-24.154504776000977,8,44.09962844848633));
#685=VERTEX_POINT('',#684);
#686=CARTESIAN_POINT('',(43.345951080322266,8,44.09962844848633));
#687=VERTEX_POINT('',#686);
#688=CARTESIAN_POINT('',(44.02956008911133,8,44.03229904174805));
#689=VERTEX_POINT('',#688);
#690=CARTESIAN_POINT('',(44.686893463134766,8,43.8328971862793));
#691=VERTEX_POINT('',#690);
#692=CARTESIAN_POINT('',(45.29269790649414,8,43.50908660888672));
#693=VERTEX_POINT('',#692);
#694=CARTESIAN_POINT('',(45.82368850708008,8,43.07331466674805));
#695=VERTEX_POINT('',#694);
#696=CARTESIAN_POINT('',(46.259464263916016,8,42.54232406616211));
#697=VERTEX_POINT('',#696);
#698=CARTESIAN_POINT('',(46.583274841308594,8,41.936519622802734));
#699=VERTEX_POINT('',#698);
#700=CARTESIAN_POINT('',(46.78267288208008,8,41.27918243408203));
#701=VERTEX_POINT('',#700);
#702=CARTESIAN_POINT('',(46.85000228881836,8,40.595577239990234));
#703=VERTEX_POINT('',#702);
#704=CARTESIAN_POINT('',(44.78282928466797,8,37.45336151123047));
#705=VERTEX_POINT('',#704);
#706=CARTESIAN_POINT('',(44.58415603637695,8,38.28598403930664));
#707=VERTEX_POINT('',#706);
#708=CARTESIAN_POINT('',(44.25878143310547,8,39.077735900878906));
#709=VERTEX_POINT('',#708);
#710=CARTESIAN_POINT('',(43.81458282470703,8,39.80946350097656));
#711=VERTEX_POINT('',#710);
#712=CARTESIAN_POINT('',(43.26230239868164,8,40.46346664428711));
#713=VERTEX_POINT('',#712);
#714=CARTESIAN_POINT('',(42.61529541015625,8,41.023929595947266));
#715=VERTEX_POINT('',#714);
#716=CARTESIAN_POINT('',(41.88921356201172,8,41.477294921875));
#717=VERTEX_POINT('',#716);
#718=CARTESIAN_POINT('',(41.10161590576172,8,41.81259536743164));
#719=VERTEX_POINT('',#718);
#720=CARTESIAN_POINT('',(40.27155685424805,8,42.021728515625));
#721=VERTEX_POINT('',#720);
#722=STYLED_ITEM('',(#25),#723);
#723=FACE_SURFACE('',(#728),#724,.T.);
#724=PLANE('',#725);
#725=AXIS2_PLACEMENT_3D('',#40,#726,#727);
#726=DIRECTION('',(0,0,1));
#727=DIRECTION('',(1,0,0));
#728=FACE_BOUND('',#729,.T.);
#729=EDGE_LOOP('',(#730,#731,#732));
#730=ORIENTED_EDGE('',*,*,#733,.T.);
#731=ORIENTED_EDGE('',*,*,#734,.T.);
#732=ORIENTED_EDGE('',*,*,#735,.T.);
#733=EDGE_CURVE('',#41,#43,#736,.F.);
#734=EDGE_CURVE('',#43,#45,#737,.T.);
#735=EDGE_CURVE('',#45,#41,#738,.T.);
#736=LINE('',#40,#739);
#737=LINE('',#42,#740);
#738=LINE('',#44,#741);
#739=VECTOR('',#742,1.0);
#740=VECTOR('',#743,1.0);
#741=VECTOR('',#744,1.0);
#742=DIRECTION('',(1,0,0));
#743=DIRECTION('',(-0.6246950475544243,0.7808688094430304,0));
#744=DIRECTION('',(0,-1,0));
#745=FACE_SURFACE('',(#750),#746,.T.);
#746=PLANE('',#747);
#747=AXIS2_PLACEMENT_3D('',#44,#748,#749);
#748=DIRECTION('',(-0,0,1));
#749=DIRECTION('',(0.6246950475544243,-0.7808688094430304,0));
#750=FACE_BOUND('',#751,.T.);
#751=EDGE_LOOP('',(#752,#753,#754));
#752=ORIENTED_EDGE('',*,*,#755,.T.);
#753=ORIENTED_EDGE('',*,*,#756,.T.);
#754=ORIENTED_EDGE('',*,*,#757,.T.);
#755=EDGE_CURVE('',#45,#43,#758,.F.);
#756=EDGE_CURVE('',#43,#47,#759,.T.);
#757=EDGE_CURVE('',#47,#45,#760,.T.);
#758=LINE('',#44,#761);
#759=LINE('',#42,#762);
#760=LINE('',#46,#763);
#761=VECTOR('',#764,1.0);
#762=VECTOR('',#765,1.0);
#763=VECTOR('',#766,1.0);
#764=DIRECTION('',(0.6246950475544243,-0.7808688094430304,0));
#765=DIRECTION('',(0,1,0));
#766=DIRECTION('',(-1,0,0));
#767=FACE_SURFACE('',(#772),#768,.T.);
#768=PLANE('',#769);
#769=AXIS2_PLACEMENT_3D('',#48,#770,#771);
#770=DIRECTION('',(-1,0,0));
#771=DIRECTION('',(0,0.7071067811865475,-0.7071067811865475));
#772=FACE_BOUND('',#773,.T.);
#773=EDGE_LOOP('',(#774,#775,#776));
#774=ORIENTED_EDGE('',*,*,#777,.T.);
#775=ORIENTED_EDGE('',*,*,#778,.T.);
#776=ORIENTED_EDGE('',*,*,#779,.T.);
#777=EDGE_CURVE('',#49,#51,#780,.F.);
#778=EDGE_CURVE('',#51,#45,#781,.T.);
#779=EDGE_CURVE('',#45,#49,#782,.T.);
#780=LINE('',#48,#783);
#781=LINE('',#50,#784);
#782=LINE('',#44,#785);
#783=VECTOR('',#786,1.0);
#784=VECTOR('',#787,1.0);
#785=VECTOR('',#788,1.0);
#786=DIRECTION('',(0,0.7071067811865475,-0.7071067811865475));
#787=DIRECTION('',(0,-0.8944271909999159,0.4472135954999579));
#788=DIRECTION('',(0,0,1));
#789=FACE_SURFACE('',(#794),#790,.T.);
#790=PLANE('',#791);
#791=AXIS2_PLACEMENT_3D('',#44,#792,#793);
#792=DIRECTION('',(-1,0,-0));
#793=DIRECTION('',(0,0.8944271909999159,-0.4472135954999579));
#794=FACE_BOUND('',#795,.T.);
#795=EDGE_LOOP('',(#796,#797,#798));
#796=ORIENTED_EDGE('',*,*,#799,.T.);
#797=ORIENTED_EDGE('',*,*,#800,.T.);
#798=ORIENTED_EDGE('',*,*,#801,.T.);
#799=EDGE_CURVE('',#45,#51,#802,.F.);
#800=EDGE_CURVE('',#51,#53,#803,.T.);
#801=EDGE_CURVE('',#53,#45,#804,.T.);
#802=LINE('',#44,#805);
#803=LINE('',#50,#806);
#804=LINE('',#52,#807);
#805=VECTOR('',#808,1.0);
#806=VECTOR('',#809,1.0);
#807=VECTOR('',#810,1.0);
#808=DIRECTION('',(0,0.8944271909999159,-0.4472135954999579));
#809=DIRECTION('',(0,-1,0));
#810=DIRECTION('',(0,0.9805806756909202,0.19611613513818404));
#811=FACE_SURFACE('',(#816),#812,.T.);
#812=PLANE('',#813);
#813=AXIS2_PLACEMENT_3D('',#44,#814,#815);
#814=DIRECTION('',(-1,0,0));
#815=DIRECTION('',(0,-0.9805806756909202,-0.19611613513818404));
#816=FACE_BOUND('',#817,.T.);
#817=EDGE_LOOP('',(#818,#819,#820));
#818=ORIENTED_EDGE('',*,*,#821,.T.);
#819=ORIENTED_EDGE('',*,*,#822,.T.);
#820=ORIENTED_EDGE('',*,*,#823,.T.);
#821=EDGE_CURVE('',#45,#53,#824,.F.);
#822=EDGE_CURVE('',#53,#55,#825,.T.);
#823=EDGE_CURVE('',#55,#45,#826,.T.);
#824=LINE('',#44,#827);
#825=LINE('',#52,#828);
#826=LINE('',#54,#829);
#827=VECTOR('',#830,1.0);
#828=VECTOR('',#831,1.0);
#829=VECTOR('',#832,1.0);
#830=DIRECTION('',(0,-0.9805806756909202,-0.19611613513818404));
#831=DIRECTION('',(0,0,1));
#832=DIRECTION('',(0,0.9999635983764115,0.00853240423907607));
#833=FACE_SURFACE('',(#838),#834,.T.);
#834=PLANE('',#835);
#835=AXIS2_PLACEMENT_3D('',#54,#836,#837);
#836=DIRECTION('',(-1,0,0));
#837=DIRECTION('',(0,0,1));
#838=FACE_BOUND('',#839,.T.);
#839=EDGE_LOOP('',(#840,#841,#842));
#840=ORIENTED_EDGE('',*,*,#843,.T.);
#841=ORIENTED_EDGE('',*,*,#844,.T.);
#842=ORIENTED_EDGE('',*,*,#845,.T.);
#843=EDGE_CURVE('',#55,#41,#846,.F.);
#844=EDGE_CURVE('',#41,#45,#847,.T.);
#845=EDGE_CURVE('',#45,#55,#848,.T.);
#846=LINE('',#54,#849);
#847=LINE('',#40,#850);
#848=LINE('',#44,#851);
#849=VECTOR('',#852,1.0);
#850=VECTOR('',#853,1.0);
#851=VECTOR('',#854,1.0);
#852=DIRECTION('',(0,0,1));
#853=DIRECTION('',(0,1,0));
#854=DIRECTION('',(0,-0.9999635983764115,-0.00853240423907607));
#855=FACE_SURFACE('',(#860),#856,.T.);
#856=PLANE('',#857);
#857=AXIS2_PLACEMENT_3D('',#56,#858,#859);
#858=DIRECTION('',(0,0,-1));
#859=DIRECTION('',(-1,0,0));
#860=FACE_BOUND('',#861,.T.);
#861=EDGE_LOOP('',(#862,#863,#864));
#862=ORIENTED_EDGE('',*,*,#865,.T.);
#863=ORIENTED_EDGE('',*,*,#866,.T.);
#864=ORIENTED_EDGE('',*,*,#867,.T.);
#865=EDGE_CURVE('',#57,#53,#868,.F.);
#866=EDGE_CURVE('',#53,#59,#869,.T.);
#867=EDGE_CURVE('',#59,#57,#870,.T.);
#868=LINE('',#56,#871);
#869=LINE('',#52,#872);
#870=LINE('',#58,#873);
#871=VECTOR('',#874,1.0);
#872=VECTOR('',#875,1.0);
#873=VECTOR('',#876,1.0);
#874=DIRECTION('',(-1,0,0));
#875=DIRECTION('',(0.49613893835683387,0.8682431421244593,0));
#876=DIRECTION('',(0,-1,0));
#877=FACE_SURFACE('',(#882),#878,.T.);
#878=PLANE('',#879);
#879=AXIS2_PLACEMENT_3D('',#58,#880,#881);
#880=DIRECTION('',(-0,0,-1));
#881=DIRECTION('',(-0.49613893835683387,-0.8682431421244593,0));
#882=FACE_BOUND('',#883,.T.);
#883=EDGE_LOOP('',(#884,#885,#886));
#884=ORIENTED_EDGE('',*,*,#887,.T.);
#885=ORIENTED_EDGE('',*,*,#888,.T.);
#886=ORIENTED_EDGE('',*,*,#889,.T.);
#887=EDGE_CURVE('',#59,#53,#890,.F.);
#888=EDGE_CURVE('',#53,#51,#891,.T.);
#889=EDGE_CURVE('',#51,#59,#892,.T.);
#890=LINE('',#58,#893);
#891=LINE('',#52,#894);
#892=LINE('',#50,#895);
#893=VECTOR('',#896,1.0);
#894=VECTOR('',#897,1.0);
#895=VECTOR('',#898,1.0);
#896=DIRECTION('',(-0.49613893835683387,-0.8682431421244593,0));
#897=DIRECTION('',(0,1,0));
#898=DIRECTION('',(1,0,0));
#899=FACE_SURFACE('',(#904),#900,.T.);
#900=PLANE('',#901);
#901=AXIS2_PLACEMENT_3D('',#46,#902,#903);
#902=DIRECTION('',(0,-1,0));
#903=DIRECTION('',(0,0,1));
#904=FACE_BOUND('',#905,.T.);
#905=EDGE_LOOP('',(#906,#907,#908));
#906=ORIENTED_EDGE('',*,*,#909,.T.);
#907=ORIENTED_EDGE('',*,*,#910,.T.);
#908=ORIENTED_EDGE('',*,*,#911,.T.);
#909=EDGE_CURVE('',#47,#61,#912,.F.);
#910=EDGE_CURVE('',#61,#45,#913,.T.);
#911=EDGE_CURVE('',#45,#47,#914,.T.);
#912=LINE('',#46,#915);
#913=LINE('',#60,#916);
#914=LINE('',#44,#917);
#915=VECTOR('',#918,1.0);
#916=VECTOR('',#919,1.0);
#917=VECTOR('',#920,1.0);
#918=DIRECTION('',(0,0,1));
#919=DIRECTION('',(-0.9701425001453319,0,-0.24253562503633297));
#920=DIRECTION('',(1,0,0));
#921=FACE_SURFACE('',(#926),#922,.T.);
#922=PLANE('',#923);
#923=AXIS2_PLACEMENT_3D('',#44,#924,#925);
#924=DIRECTION('',(0,-1,0));
#925=DIRECTION('',(0.9701425001453319,0,0.24253562503633297));
#926=FACE_BOUND('',#927,.T.);
#927=EDGE_LOOP('',(#928,#929,#930));
#928=ORIENTED_EDGE('',*,*,#931,.T.);
#929=ORIENTED_EDGE('',*,*,#932,.T.);
#930=ORIENTED_EDGE('',*,*,#933,.T.);
#931=EDGE_CURVE('',#45,#61,#934,.F.);
#932=EDGE_CURVE('',#61,#49,#935,.T.);
#933=EDGE_CURVE('',#49,#45,#936,.T.);
#934=LINE('',#44,#937);
#935=LINE('',#60,#938);
#936=LINE('',#48,#939);
#937=VECTOR('',#940,1.0);
#938=VECTOR('',#941,1.0);
#939=VECTOR('',#942,1.0);
#940=DIRECTION('',(0.9701425001453319,0,0.24253562503633297));
#941=DIRECTION('',(-1,0,0));
#942=DIRECTION('',(0,0,-1));
#943=FACE_SURFACE('',(#948),#944,.T.);
#944=PLANE('',#945);
#945=AXIS2_PLACEMENT_3D('',#60,#946,#947);
#946=DIRECTION('',(1,0,0));
#947=DIRECTION('',(0,0,-1));
#948=FACE_BOUND('',#949,.T.);
#949=EDGE_LOOP('',(#950,#951,#952));
#950=ORIENTED_EDGE('',*,*,#953,.T.);
#951=ORIENTED_EDGE('',*,*,#954,.T.);
#952=ORIENTED_EDGE('',*,*,#955,.T.);
#953=EDGE_CURVE('',#61,#47,#956,.F.);
#954=EDGE_CURVE('',#47,#59,#957,.T.);
#955=EDGE_CURVE('',#59,#61,#958,.T.);
#956=LINE('',#60,#959);
#957=LINE('',#46,#960);
#958=LINE('',#58,#961);
#959=VECTOR('',#962,1.0);
#960=VECTOR('',#963,1.0);
#961=VECTOR('',#964,1.0);
#962=DIRECTION('',(0,0,-1));
#963=DIRECTION('',(0,0.8944271909999159,-0.4472135954999579));
#964=DIRECTION('',(0,-0.7071067811865475,0.7071067811865475));
#965=FACE_SURFACE('',(#970),#966,.T.);
#966=PLANE('',#967);
#967=AXIS2_PLACEMENT_3D('',#58,#968,#969);
#968=DIRECTION('',(1,0,0));
#969=DIRECTION('',(0,-0.8944271909999159,0.4472135954999579));
#970=FACE_BOUND('',#971,.T.);
#971=EDGE_LOOP('',(#972,#973,#974));
#972=ORIENTED_EDGE('',*,*,#975,.T.);
#973=ORIENTED_EDGE('',*,*,#976,.T.);
#974=ORIENTED_EDGE('',*,*,#977,.T.);
#975=EDGE_CURVE('',#59,#47,#978,.F.);
#976=EDGE_CURVE('',#47,#57,#979,.T.);
#977=EDGE_CURVE('',#57,#59,#980,.T.);
#978=LINE('',#58,#981);
#979=LINE('',#46,#982);
#980=LINE('',#56,#983);
#981=VECTOR('',#984,1.0);
#982=VECTOR('',#985,1.0);
#983=VECTOR('',#986,1.0);
#984=DIRECTION('',(0,-0.8944271909999159,0.4472135954999579));
#985=DIRECTION('',(0,-0.9805806756909202,-0.19611613513818404));
#986=DIRECTION('',(0,1,0));
#987=FACE_SURFACE('',(#992),#988,.T.);
#988=PLANE('',#989);
#989=AXIS2_PLACEMENT_3D('',#56,#990,#991);
#990=DIRECTION('',(1,0,0));
#991=DIRECTION('',(0,0.9805806756909202,0.19611613513818404));
#992=FACE_BOUND('',#993,.T.);
#993=EDGE_LOOP('',(#994,#995,#996));
#994=ORIENTED_EDGE('',*,*,#997,.T.);
#995=ORIENTED_EDGE('',*,*,#998,.T.);
#996=ORIENTED_EDGE('',*,*,#999,.T.);
#997=EDGE_CURVE('',#57,#47,#1000,.F.);
#998=EDGE_CURVE('',#47,#63,#1001,.T.);
#999=EDGE_CURVE('',#63,#57,#1002,.T.);
#1000=LINE('',#56,#1003);
#1001=LINE('',#46,#1004);
#1002=LINE('',#62,#1005);
#1003=VECTOR('',#1006,1.0);
#1004=VECTOR('',#1007,1.0);
#1005=VECTOR('',#1008,1.0);
#1006=DIRECTION('',(0,0.9805806756909202,0.19611613513818404));
#1007=DIRECTION('',(0,-0.9999614186457396,-0.008784145945958746));
#1008=DIRECTION('',(0,0,-1));
#1009=FACE_SURFACE('',(#1014),#1010,.T.);
#1010=PLANE('',#1011);
#1011=AXIS2_PLACEMENT_3D('',#62,#1012,#1013);
#1012=DIRECTION('',(1,0,0));
#1013=DIRECTION('',(0,0.9999614186457396,0.008784145945958746));
#1014=FACE_BOUND('',#1015,.T.);
#1015=EDGE_LOOP('',(#1016,#1017,#1018));
#1016=ORIENTED_EDGE('',*,*,#1019,.T.);
#1017=ORIENTED_EDGE('',*,*,#1020,.T.);
#1018=ORIENTED_EDGE('',*,*,#1021,.T.);
#1019=EDGE_CURVE('',#63,#47,#1022,.F.);
#1020=EDGE_CURVE('',#47,#43,#1023,.T.);
#1021=EDGE_CURVE('',#43,#63,#1024,.T.);
#1022=LINE('',#62,#1025);
#1023=LINE('',#46,#1026);
#1024=LINE('',#42,#1027);
#1025=VECTOR('',#1028,1.0);
#1026=VECTOR('',#1029,1.0);
#1027=VECTOR('',#1030,1.0);
#1028=DIRECTION('',(0,0.9999614186457396,0.008784145945958746));
#1029=DIRECTION('',(0,-1,0));
#1030=DIRECTION('',(0,0,-1));
#1031=FACE_SURFACE('',(#1036),#1032,.T.);
#1032=PLANE('',#1033);
#1033=AXIS2_PLACEMENT_3D('',#48,#1034,#1035);
#1034=DIRECTION('',(-0,0.7071067811865475,0.7071067811865475));
#1035=DIRECTION('',(1,0,0));
#1036=FACE_BOUND('',#1037,.T.);
#1037=EDGE_LOOP('',(#1038,#1039,#1040));
#1038=ORIENTED_EDGE('',*,*,#1041,.T.);
#1039=ORIENTED_EDGE('',*,*,#1042,.T.);
#1040=ORIENTED_EDGE('',*,*,#1043,.T.);
#1041=EDGE_CURVE('',#49,#61,#1044,.F.);
#1042=EDGE_CURVE('',#61,#51,#1045,.T.);
#1043=EDGE_CURVE('',#51,#49,#1046,.T.);
#1044=LINE('',#48,#1047);
#1045=LINE('',#60,#1048);
#1046=LINE('',#50,#1049);
#1047=VECTOR('',#1050,1.0);
#1048=VECTOR('',#1051,1.0);
#1049=VECTOR('',#1052,1.0);
#1050=DIRECTION('',(1,0,0));
#1051=DIRECTION('',(-0.8164965809277261,0.4082482904638631,-0.4082482904638631));
#1052=DIRECTION('',(0,-0.7071067811865475,0.7071067811865475));
#1053=FACE_SURFACE('',(#1058),#1054,.T.);
#1054=PLANE('',#1055);
#1055=AXIS2_PLACEMENT_3D('',#50,#1056,#1057);
#1056=DIRECTION('',(-0,0.7071067811865475,0.7071067811865475));
#1057=DIRECTION('',(0.8164965809277261,-0.4082482904638631,0.4082482904638631));
#1058=FACE_BOUND('',#1059,.T.);
#1059=EDGE_LOOP('',(#1060,#1061,#1062));
#1060=ORIENTED_EDGE('',*,*,#1063,.T.);
#1061=ORIENTED_EDGE('',*,*,#1064,.T.);
#1062=ORIENTED_EDGE('',*,*,#1065,.T.);
#1063=EDGE_CURVE('',#51,#61,#1066,.F.);
#1064=EDGE_CURVE('',#61,#59,#1067,.T.);
#1065=EDGE_CURVE('',#59,#51,#1068,.T.);
#1066=LINE('',#50,#1069);
#1067=LINE('',#60,#1070);
#1068=LINE('',#58,#1071);
#1069=VECTOR('',#1072,1.0);
#1070=VECTOR('',#1073,1.0);
#1071=VECTOR('',#1074,1.0);
#1072=DIRECTION('',(0.8164965809277261,-0.4082482904638631,0.4082482904638631));
#1073=DIRECTION('',(0,0.7071067811865475,-0.7071067811865475));
#1074=DIRECTION('',(-1,0,0));
#1075=FACE_SURFACE('',(#1080),#1076,.T.);
#1076=PLANE('',#1077);
#1077=AXIS2_PLACEMENT_3D('',#62,#1078,#1079);
#1078=DIRECTION('',(0,-1,0));
#1079=DIRECTION('',(0,0,1));
#1080=FACE_BOUND('',#1081,.T.);
#1081=EDGE_LOOP('',(#1082,#1083,#1084));
#1082=ORIENTED_EDGE('',*,*,#1085,.T.);
#1083=ORIENTED_EDGE('',*,*,#1086,.T.);
#1084=ORIENTED_EDGE('',*,*,#1087,.T.);
#1085=EDGE_CURVE('',#63,#43,#1088,.F.);
#1086=EDGE_CURVE('',#43,#55,#1089,.T.);
#1087=EDGE_CURVE('',#55,#63,#1090,.T.);
#1088=LINE('',#62,#1091);
#1089=LINE('',#42,#1092);
#1090=LINE('',#54,#1093);
#1091=VECTOR('',#1094,1.0);
#1092=VECTOR('',#1095,1.0);
#1093=VECTOR('',#1096,1.0);
#1094=DIRECTION('',(0,0,1));
#1095=DIRECTION('',(-0.9999431242099913,0,-0.010665286923565429));
#1096=DIRECTION('',(0.9999999504780173,0,-0.0003147125088288743));
#1097=FACE_SURFACE('',(#1102),#1098,.T.);
#1098=PLANE('',#1099);
#1099=AXIS2_PLACEMENT_3D('',#54,#1100,#1101);
#1100=DIRECTION('',(0,-1,0));
#1101=DIRECTION('',(0.9999431242099913,0,0.010665286923565429));
#1102=FACE_BOUND('',#1103,.T.);
#1103=EDGE_LOOP('',(#1104,#1105,#1106));
#1104=ORIENTED_EDGE('',*,*,#1107,.T.);
#1105=ORIENTED_EDGE('',*,*,#1108,.T.);
#1106=ORIENTED_EDGE('',*,*,#1109,.T.);
#1107=EDGE_CURVE('',#55,#43,#1110,.F.);
#1108=EDGE_CURVE('',#43,#41,#1111,.T.);
#1109=EDGE_CURVE('',#41,#55,#1112,.T.);
#1110=LINE('',#54,#1113);
#1111=LINE('',#42,#1114);
#1112=LINE('',#40,#1115);
#1113=VECTOR('',#1116,1.0);
#1114=VECTOR('',#1117,1.0);
#1115=VECTOR('',#1118,1.0);
#1116=DIRECTION('',(0.9999431242099913,0,0.010665286923565429));
#1117=DIRECTION('',(-1,0,0));
#1118=DIRECTION('',(0,0,-1));
#1119=FACE_SURFACE('',(#1124),#1120,.T.);
#1120=PLANE('',#1121);
#1121=AXIS2_PLACEMENT_3D('',#64,#1122,#1123);
#1122=DIRECTION('',(0,0,1));
#1123=DIRECTION('',(1,0,0));
#1124=FACE_BOUND('',#1125,.T.);
#1125=EDGE_LOOP('',(#1126,#1127,#1128));
#1126=ORIENTED_EDGE('',*,*,#1129,.T.);
#1127=ORIENTED_EDGE('',*,*,#1130,.T.);
#1128=ORIENTED_EDGE('',*,*,#1131,.T.);
#1129=EDGE_CURVE('',#65,#67,#1132,.F.);
#1130=EDGE_CURVE('',#67,#69,#1133,.T.);
#1131=EDGE_CURVE('',#69,#65,#1134,.T.);
#1132=LINE('',#64,#1135);
#1133=LINE('',#66,#1136);
#1134=LINE('',#68,#1137);
#1135=VECTOR('',#1138,1.0);
#1136=VECTOR('',#1139,1.0);
#1137=VECTOR('',#1140,1.0);
#1138=DIRECTION('',(1,0,0));
#1139=DIRECTION('',(-0.6246950475544243,0.7808688094430304,0));
#1140=DIRECTION('',(0,-1,0));
#1141=FACE_SURFACE('',(#1146),#1142,.T.);
#1142=PLANE('',#1143);
#1143=AXIS2_PLACEMENT_3D('',#68,#1144,#1145);
#1144=DIRECTION('',(-0,0,1));
#1145=DIRECTION('',(0.6246950475544243,-0.7808688094430304,0));
#1146=FACE_BOUND('',#1147,.T.);
#1147=EDGE_LOOP('',(#1148,#1149,#1150));
#1148=ORIENTED_EDGE('',*,*,#1151,.T.);
#1149=ORIENTED_EDGE('',*,*,#1152,.T.);
#1150=ORIENTED_EDGE('',*,*,#1153,.T.);
#1151=EDGE_CURVE('',#69,#67,#1154,.F.);
#1152=EDGE_CURVE('',#67,#71,#1155,.T.);
#1153=EDGE_CURVE('',#71,#69,#1156,.T.);
#1154=LINE('',#68,#1157);
#1155=LINE('',#66,#1158);
#1156=LINE('',#70,#1159);
#1157=VECTOR('',#1160,1.0);
#1158=VECTOR('',#1161,1.0);
#1159=VECTOR('',#1162,1.0);
#1160=DIRECTION('',(0.6246950475544243,-0.7808688094430304,0));
#1161=DIRECTION('',(0,1,0));
#1162=DIRECTION('',(-1,0,0));
#1163=FACE_SURFACE('',(#1168),#1164,.T.);
#1164=PLANE('',#1165);
#1165=AXIS2_PLACEMENT_3D('',#72,#1166,#1167);
#1166=DIRECTION('',(-1,0,0));
#1167=DIRECTION('',(0,0.7071067811865475,-0.7071067811865475));
#1168=FACE_BOUND('',#1169,.T.);
#1169=EDGE_LOOP('',(#1170,#1171,#1172));
#1170=ORIENTED_EDGE('',*,*,#1173,.T.);
#1171=ORIENTED_EDGE('',*,*,#1174,.T.);
#1172=ORIENTED_EDGE('',*,*,#1175,.T.);
#1173=EDGE_CURVE('',#73,#75,#1176,.F.);
#1174=EDGE_CURVE('',#75,#69,#1177,.T.);
#1175=EDGE_CURVE('',#69,#73,#1178,.T.);
#1176=LINE('',#72,#1179);
#1177=LINE('',#74,#1180);
#1178=LINE('',#68,#1181);
#1179=VECTOR('',#1182,1.0);
#1180=VECTOR('',#1183,1.0);
#1181=VECTOR('',#1184,1.0);
#1182=DIRECTION('',(0,0.7071067811865475,-0.7071067811865475));
#1183=DIRECTION('',(0,-0.8944271909999159,0.4472135954999579));
#1184=DIRECTION('',(0,0,1));
#1185=FACE_SURFACE('',(#1190),#1186,.T.);
#1186=PLANE('',#1187);
#1187=AXIS2_PLACEMENT_3D('',#68,#1188,#1189);
#1188=DIRECTION('',(-1,0,-0));
#1189=DIRECTION('',(0,0.8944271909999159,-0.4472135954999579));
#1190=FACE_BOUND('',#1191,.T.);
#1191=EDGE_LOOP('',(#1192,#1193,#1194));
#1192=ORIENTED_EDGE('',*,*,#1195,.T.);
#1193=ORIENTED_EDGE('',*,*,#1196,.T.);
#1194=ORIENTED_EDGE('',*,*,#1197,.T.);
#1195=EDGE_CURVE('',#69,#75,#1198,.F.);
#1196=EDGE_CURVE('',#75,#77,#1199,.T.);
#1197=EDGE_CURVE('',#77,#69,#1200,.T.);
#1198=LINE('',#68,#1201);
#1199=LINE('',#74,#1202);
#1200=LINE('',#76,#1203);
#1201=VECTOR('',#1204,1.0);
#1202=VECTOR('',#1205,1.0);
#1203=VECTOR('',#1206,1.0);
#1204=DIRECTION('',(0,0.8944271909999159,-0.4472135954999579));
#1205=DIRECTION('',(0,-1,0));
#1206=DIRECTION('',(0,0.9805806756909202,0.19611613513818404));
#1207=FACE_SURFACE('',(#1212),#1208,.T.);
#1208=PLANE('',#1209);
#1209=AXIS2_PLACEMENT_3D('',#68,#1210,#1211);
#1210=DIRECTION('',(-1,0,0));
#1211=DIRECTION('',(0,-0.9805806756909202,-0.19611613513818404));
#1212=FACE_BOUND('',#1213,.T.);
#1213=EDGE_LOOP('',(#1214,#1215,#1216));
#1214=ORIENTED_EDGE('',*,*,#1217,.T.);
#1215=ORIENTED_EDGE('',*,*,#1218,.T.);
#1216=ORIENTED_EDGE('',*,*,#1219,.T.);
#1217=EDGE_CURVE('',#69,#77,#1220,.F.);
#1218=EDGE_CURVE('',#77,#79,#1221,.T.);
#1219=EDGE_CURVE('',#79,#69,#1222,.T.);
#1220=LINE('',#68,#1223);
#1221=LINE('',#76,#1224);
#1222=LINE('',#78,#1225);
#1223=VECTOR('',#1226,1.0);
#1224=VECTOR('',#1227,1.0);
#1225=VECTOR('',#1228,1.0);
#1226=DIRECTION('',(0,-0.9805806756909202,-0.19611613513818404));
#1227=DIRECTION('',(0,0,1));
#1228=DIRECTION('',(0,0.9999991980158126,0.0012664784764909735));
#1229=FACE_SURFACE('',(#1234),#1230,.T.);
#1230=PLANE('',#1231);
#1231=AXIS2_PLACEMENT_3D('',#78,#1232,#1233);
#1232=DIRECTION('',(-1,0,0));
#1233=DIRECTION('',(0,0,1));
#1234=FACE_BOUND('',#1235,.T.);
#1235=EDGE_LOOP('',(#1236,#1237,#1238));
#1236=ORIENTED_EDGE('',*,*,#1239,.T.);
#1237=ORIENTED_EDGE('',*,*,#1240,.T.);
#1238=ORIENTED_EDGE('',*,*,#1241,.T.);
#1239=EDGE_CURVE('',#79,#65,#1242,.F.);
#1240=EDGE_CURVE('',#65,#69,#1243,.T.);
#1241=EDGE_CURVE('',#69,#79,#1244,.T.);
#1242=LINE('',#78,#1245);
#1243=LINE('',#64,#1246);
#1244=LINE('',#68,#1247);
#1245=VECTOR('',#1248,1.0);
#1246=VECTOR('',#1249,1.0);
#1247=VECTOR('',#1250,1.0);
#1248=DIRECTION('',(0,0,1));
#1249=DIRECTION('',(0,1,0));
#1250=DIRECTION('',(0,-0.9999991980158126,-0.0012664784764909735));
#1251=FACE_SURFACE('',(#1256),#1252,.T.);
#1252=PLANE('',#1253);
#1253=AXIS2_PLACEMENT_3D('',#80,#1254,#1255);
#1254=DIRECTION('',(0,0,-1));
#1255=DIRECTION('',(-1,0,0));
#1256=FACE_BOUND('',#1257,.T.);
#1257=EDGE_LOOP('',(#1258,#1259,#1260));
#1258=ORIENTED_EDGE('',*,*,#1261,.T.);
#1259=ORIENTED_EDGE('',*,*,#1262,.T.);
#1260=ORIENTED_EDGE('',*,*,#1263,.T.);
#1261=EDGE_CURVE('',#81,#77,#1264,.F.);
#1262=EDGE_CURVE('',#77,#83,#1265,.T.);
#1263=EDGE_CURVE('',#83,#81,#1266,.T.);
#1264=LINE('',#80,#1267);
#1265=LINE('',#76,#1268);
#1266=LINE('',#82,#1269);
#1267=VECTOR('',#1270,1.0);
#1268=VECTOR('',#1271,1.0);
#1269=VECTOR('',#1272,1.0);
#1270=DIRECTION('',(-1,0,0));
#1271=DIRECTION('',(0.49613893835683387,0.8682431421244593,0));
#1272=DIRECTION('',(0,-1,0));
#1273=FACE_SURFACE('',(#1278),#1274,.T.);
#1274=PLANE('',#1275);
#1275=AXIS2_PLACEMENT_3D('',#82,#1276,#1277);
#1276=DIRECTION('',(-0,0,-1));
#1277=DIRECTION('',(-0.49613893835683387,-0.8682431421244593,0));
#1278=FACE_BOUND('',#1279,.T.);
#1279=EDGE_LOOP('',(#1280,#1281,#1282));
#1280=ORIENTED_EDGE('',*,*,#1283,.T.);
#1281=ORIENTED_EDGE('',*,*,#1284,.T.);
#1282=ORIENTED_EDGE('',*,*,#1285,.T.);
#1283=EDGE_CURVE('',#83,#77,#1286,.F.);
#1284=EDGE_CURVE('',#77,#75,#1287,.T.);
#1285=EDGE_CURVE('',#75,#83,#1288,.T.);
#1286=LINE('',#82,#1289);
#1287=LINE('',#76,#1290);
#1288=LINE('',#74,#1291);
#1289=VECTOR('',#1292,1.0);
#1290=VECTOR('',#1293,1.0);
#1291=VECTOR('',#1294,1.0);
#1292=DIRECTION('',(-0.49613893835683387,-0.8682431421244593,0));
#1293=DIRECTION('',(0,1,0));
#1294=DIRECTION('',(1,0,0));
#1295=FACE_SURFACE('',(#1300),#1296,.T.);
#1296=PLANE('',#1297);
#1297=AXIS2_PLACEMENT_3D('',#70,#1298,#1299);
#1298=DIRECTION('',(0,-1,0));
#1299=DIRECTION('',(0,0,1));
#1300=FACE_BOUND('',#1301,.T.);
#1301=EDGE_LOOP('',(#1302,#1303,#1304));
#1302=ORIENTED_EDGE('',*,*,#1305,.T.);
#1303=ORIENTED_EDGE('',*,*,#1306,.T.);
#1304=ORIENTED_EDGE('',*,*,#1307,.T.);
#1305=EDGE_CURVE('',#71,#85,#1308,.F.);
#1306=EDGE_CURVE('',#85,#69,#1309,.T.);
#1307=EDGE_CURVE('',#69,#71,#1310,.T.);
#1308=LINE('',#70,#1311);
#1309=LINE('',#84,#1312);
#1310=LINE('',#68,#1313);
#1311=VECTOR('',#1314,1.0);
#1312=VECTOR('',#1315,1.0);
#1313=VECTOR('',#1316,1.0);
#1314=DIRECTION('',(0,0,1));
#1315=DIRECTION('',(-0.9701425001453319,0,-0.24253562503633297));
#1316=DIRECTION('',(1,0,0));
#1317=FACE_SURFACE('',(#1322),#1318,.T.);
#1318=PLANE('',#1319);
#1319=AXIS2_PLACEMENT_3D('',#68,#1320,#1321);
#1320=DIRECTION('',(0,-1,0));
#1321=DIRECTION('',(0.9701425001453319,0,0.24253562503633297));
#1322=FACE_BOUND('',#1323,.T.);
#1323=EDGE_LOOP('',(#1324,#1325,#1326));
#1324=ORIENTED_EDGE('',*,*,#1327,.T.);
#1325=ORIENTED_EDGE('',*,*,#1328,.T.);
#1326=ORIENTED_EDGE('',*,*,#1329,.T.);
#1327=EDGE_CURVE('',#69,#85,#1330,.F.);
#1328=EDGE_CURVE('',#85,#73,#1331,.T.);
#1329=EDGE_CURVE('',#73,#69,#1332,.T.);
#1330=LINE('',#68,#1333);
#1331=LINE('',#84,#1334);
#1332=LINE('',#72,#1335);
#1333=VECTOR('',#1336,1.0);
#1334=VECTOR('',#1337,1.0);
#1335=VECTOR('',#1338,1.0);
#1336=DIRECTION('',(0.9701425001453319,0,0.24253562503633297));
#1337=DIRECTION('',(-1,0,0));
#1338=DIRECTION('',(0,0,-1));
#1339=FACE_SURFACE('',(#1344),#1340,.T.);
#1340=PLANE('',#1341);
#1341=AXIS2_PLACEMENT_3D('',#84,#1342,#1343);
#1342=DIRECTION('',(1,0,0));
#1343=DIRECTION('',(0,0,-1));
#1344=FACE_BOUND('',#1345,.T.);
#1345=EDGE_LOOP('',(#1346,#1347,#1348));
#1346=ORIENTED_EDGE('',*,*,#1349,.T.);
#1347=ORIENTED_EDGE('',*,*,#1350,.T.);
#1348=ORIENTED_EDGE('',*,*,#1351,.T.);
#1349=EDGE_CURVE('',#85,#71,#1352,.F.);
#1350=EDGE_CURVE('',#71,#83,#1353,.T.);
#1351=EDGE_CURVE('',#83,#85,#1354,.T.);
#1352=LINE('',#84,#1355);
#1353=LINE('',#70,#1356);
#1354=LINE('',#82,#1357);
#1355=VECTOR('',#1358,1.0);
#1356=VECTOR('',#1359,1.0);
#1357=VECTOR('',#1360,1.0);
#1358=DIRECTION('',(0,0,-1));
#1359=DIRECTION('',(0,0.8944271909999159,-0.4472135954999579));
#1360=DIRECTION('',(0,-0.7071067811865475,0.7071067811865475));
#1361=FACE_SURFACE('',(#1366),#1362,.T.);
#1362=PLANE('',#1363);
#1363=AXIS2_PLACEMENT_3D('',#82,#1364,#1365);
#1364=DIRECTION('',(1,0,0));
#1365=DIRECTION('',(0,-0.8944271909999159,0.4472135954999579));
#1366=FACE_BOUND('',#1367,.T.);
#1367=EDGE_LOOP('',(#1368,#1369,#1370));
#1368=ORIENTED_EDGE('',*,*,#1371,.T.);
#1369=ORIENTED_EDGE('',*,*,#1372,.T.);
#1370=ORIENTED_EDGE('',*,*,#1373,.T.);
#1371=EDGE_CURVE('',#83,#71,#1374,.F.);
#1372=EDGE_CURVE('',#71,#81,#1375,.T.);
#1373=EDGE_CURVE('',#81,#83,#1376,.T.);
#1374=LINE('',#82,#1377);
#1375=LINE('',#70,#1378);
#1376=LINE('',#80,#1379);
#1377=VECTOR('',#1380,1.0);
#1378=VECTOR('',#1381,1.0);
#1379=VECTOR('',#1382,1.0);
#1380=DIRECTION('',(0,-0.8944271909999159,0.4472135954999579));
#1381=DIRECTION('',(0,-0.9805806756909202,-0.19611613513818404));
#1382=DIRECTION('',(0,1,0));
#1383=FACE_SURFACE('',(#1388),#1384,.T.);
#1384=PLANE('',#1385);
#1385=AXIS2_PLACEMENT_3D('',#80,#1386,#1387);
#1386=DIRECTION('',(1,0,0));
#1387=DIRECTION('',(0,0.9805806756909202,0.19611613513818404));
#1388=FACE_BOUND('',#1389,.T.);
#1389=EDGE_LOOP('',(#1390,#1391,#1392));
#1390=ORIENTED_EDGE('',*,*,#1393,.T.);
#1391=ORIENTED_EDGE('',*,*,#1394,.T.);
#1392=ORIENTED_EDGE('',*,*,#1395,.T.);
#1393=EDGE_CURVE('',#81,#71,#1396,.F.);
#1394=EDGE_CURVE('',#71,#87,#1397,.T.);
#1395=EDGE_CURVE('',#87,#81,#1398,.T.);
#1396=LINE('',#80,#1399);
#1397=LINE('',#70,#1400);
#1398=LINE('',#86,#1401);
#1399=VECTOR('',#1402,1.0);
#1400=VECTOR('',#1403,1.0);
#1401=VECTOR('',#1404,1.0);
#1402=DIRECTION('',(0,0.9805806756909202,0.19611613513818404));
#1403=DIRECTION('',(0,-0.9999988497766953,-0.0015167218882416308));
#1404=DIRECTION('',(0,0,-1));
#1405=FACE_SURFACE('',(#1410),#1406,.T.);
#1406=PLANE('',#1407);
#1407=AXIS2_PLACEMENT_3D('',#86,#1408,#1409);
#1408=DIRECTION('',(1,0,0));
#1409=DIRECTION('',(0,0.9999988497766953,0.0015167218882416308));
#1410=FACE_BOUND('',#1411,.T.);
#1411=EDGE_LOOP('',(#1412,#1413,#1414));
#1412=ORIENTED_EDGE('',*,*,#1415,.T.);
#1413=ORIENTED_EDGE('',*,*,#1416,.T.);
#1414=ORIENTED_EDGE('',*,*,#1417,.T.);
#1415=EDGE_CURVE('',#87,#71,#1418,.F.);
#1416=EDGE_CURVE('',#71,#67,#1419,.T.);
#1417=EDGE_CURVE('',#67,#87,#1420,.T.);
#1418=LINE('',#86,#1421);
#1419=LINE('',#70,#1422);
#1420=LINE('',#66,#1423);
#1421=VECTOR('',#1424,1.0);
#1422=VECTOR('',#1425,1.0);
#1423=VECTOR('',#1426,1.0);
#1424=DIRECTION('',(0,0.9999988497766953,0.0015167218882416308));
#1425=DIRECTION('',(0,-1,0));
#1426=DIRECTION('',(0,0,-1));
#1427=FACE_SURFACE('',(#1432),#1428,.T.);
#1428=PLANE('',#1429);
#1429=AXIS2_PLACEMENT_3D('',#72,#1430,#1431);
#1430=DIRECTION('',(-0,0.7071067811865475,0.7071067811865475));
#1431=DIRECTION('',(1,0,0));
#1432=FACE_BOUND('',#1433,.T.);
#1433=EDGE_LOOP('',(#1434,#1435,#1436));
#1434=ORIENTED_EDGE('',*,*,#1437,.T.);
#1435=ORIENTED_EDGE('',*,*,#1438,.T.);
#1436=ORIENTED_EDGE('',*,*,#1439,.T.);
#1437=EDGE_CURVE('',#73,#85,#1440,.F.);
#1438=EDGE_CURVE('',#85,#75,#1441,.T.);
#1439=EDGE_CURVE('',#75,#73,#1442,.T.);
#1440=LINE('',#72,#1443);
#1441=LINE('',#84,#1444);
#1442=LINE('',#74,#1445);
#1443=VECTOR('',#1446,1.0);
#1444=VECTOR('',#1447,1.0);
#1445=VECTOR('',#1448,1.0);
#1446=DIRECTION('',(1,0,0));
#1447=DIRECTION('',(-0.8164965809277261,0.4082482904638631,-0.4082482904638631));
#1448=DIRECTION('',(0,-0.7071067811865475,0.7071067811865475));
#1449=FACE_SURFACE('',(#1454),#1450,.T.);
#1450=PLANE('',#1451);
#1451=AXIS2_PLACEMENT_3D('',#74,#1452,#1453);
#1452=DIRECTION('',(-0,0.7071067811865475,0.7071067811865475));
#1453=DIRECTION('',(0.8164965809277261,-0.4082482904638631,0.4082482904638631));
#1454=FACE_BOUND('',#1455,.T.);
#1455=EDGE_LOOP('',(#1456,#1457,#1458));
#1456=ORIENTED_EDGE('',*,*,#1459,.T.);
#1457=ORIENTED_EDGE('',*,*,#1460,.T.);
#1458=ORIENTED_EDGE('',*,*,#1461,.T.);
#1459=EDGE_CURVE('',#75,#85,#1462,.F.);
#1460=EDGE_CURVE('',#85,#83,#1463,.T.);
#1461=EDGE_CURVE('',#83,#75,#1464,.T.);
#1462=LINE('',#74,#1465);
#1463=LINE('',#84,#1466);
#1464=LINE('',#82,#1467);
#1465=VECTOR('',#1468,1.0);
#1466=VECTOR('',#1469,1.0);
#1467=VECTOR('',#1470,1.0);
#1468=DIRECTION('',(0.8164965809277261,-0.4082482904638631,0.4082482904638631));
#1469=DIRECTION('',(0,0.7071067811865475,-0.7071067811865475));
#1470=DIRECTION('',(-1,0,0));
#1471=FACE_SURFACE('',(#1476),#1472,.T.);
#1472=PLANE('',#1473);
#1473=AXIS2_PLACEMENT_3D('',#86,#1474,#1475);
#1474=DIRECTION('',(0,-1,0));
#1475=DIRECTION('',(0,0,1));
#1476=FACE_BOUND('',#1477,.T.);
#1477=EDGE_LOOP('',(#1478,#1479,#1480));
#1478=ORIENTED_EDGE('',*,*,#1481,.T.);
#1479=ORIENTED_EDGE('',*,*,#1482,.T.);
#1480=ORIENTED_EDGE('',*,*,#1483,.T.);
#1481=EDGE_CURVE('',#87,#67,#1484,.F.);
#1482=EDGE_CURVE('',#67,#79,#1485,.T.);
#1483=EDGE_CURVE('',#79,#87,#1486,.T.);
#1484=LINE('',#86,#1487);
#1485=LINE('',#66,#1488);
#1486=LINE('',#78,#1489);
#1487=VECTOR('',#1490,1.0);
#1488=VECTOR('',#1491,1.0);
#1489=VECTOR('',#1492,1.0);
#1490=DIRECTION('',(0,0,1));
#1491=DIRECTION('',(-0.9999987469005553,0,-0.0015830973814534395));
#1492=DIRECTION('',(0.9999999510764646,0,-0.00031280516047771487));
#1493=FACE_SURFACE('',(#1498),#1494,.T.);
#1494=PLANE('',#1495);
#1495=AXIS2_PLACEMENT_3D('',#78,#1496,#1497);
#1496=DIRECTION('',(0,-1,0));
#1497=DIRECTION('',(0.9999987469005553,0,0.0015830973814534395));
#1498=FACE_BOUND('',#1499,.T.);
#1499=EDGE_LOOP('',(#1500,#1501,#1502));
#1500=ORIENTED_EDGE('',*,*,#1503,.T.);
#1501=ORIENTED_EDGE('',*,*,#1504,.T.);
#1502=ORIENTED_EDGE('',*,*,#1505,.T.);
#1503=EDGE_CURVE('',#79,#67,#1506,.F.);
#1504=EDGE_CURVE('',#67,#65,#1507,.T.);
#1505=EDGE_CURVE('',#65,#79,#1508,.T.);
#1506=LINE('',#78,#1509);
#1507=LINE('',#66,#1510);
#1508=LINE('',#64,#1511);
#1509=VECTOR('',#1512,1.0);
#1510=VECTOR('',#1513,1.0);
#1511=VECTOR('',#1514,1.0);
#1512=DIRECTION('',(0.9999987469005553,0,0.0015830973814534395));
#1513=DIRECTION('',(-1,0,0));
#1514=DIRECTION('',(0,0,-1));
#1515=FACE_SURFACE('',(#1520),#1516,.T.);
#1516=PLANE('',#1517);
#1517=AXIS2_PLACEMENT_3D('',#88,#1518,#1519);
#1518=DIRECTION('',(-1,0,0));
#1519=DIRECTION('',(0,0,1));
#1520=FACE_BOUND('',#1521,.T.);
#1521=EDGE_LOOP('',(#1522,#1523,#1524));
#1522=ORIENTED_EDGE('',*,*,#1525,.T.);
#1523=ORIENTED_EDGE('',*,*,#1526,.T.);
#1524=ORIENTED_EDGE('',*,*,#1527,.T.);
#1525=EDGE_CURVE('',#89,#91,#1528,.F.);
#1526=EDGE_CURVE('',#91,#93,#1529,.T.);
#1527=EDGE_CURVE('',#93,#89,#1530,.T.);
#1528=LINE('',#88,#1531);
#1529=LINE('',#90,#1532);
#1530=LINE('',#92,#1533);
#1531=VECTOR('',#1534,1.0);
#1532=VECTOR('',#1535,1.0);
#1533=VECTOR('',#1536,1.0);
#1534=DIRECTION('',(0,0,1));
#1535=DIRECTION('',(0,0.8944271909999159,0.4472135954999579));
#1536=DIRECTION('',(0,-0.7071067811865475,-0.7071067811865475));
#1537=FACE_SURFACE('',(#1542),#1538,.T.);
#1538=PLANE('',#1539);
#1539=AXIS2_PLACEMENT_3D('',#92,#1540,#1541);
#1540=DIRECTION('',(-1,-0,0));
#1541=DIRECTION('',(0,-0.8944271909999159,-0.4472135954999579));
#1542=FACE_BOUND('',#1543,.T.);
#1543=EDGE_LOOP('',(#1544,#1545,#1546));
#1544=ORIENTED_EDGE('',*,*,#1547,.T.);
#1545=ORIENTED_EDGE('',*,*,#1548,.T.);
#1546=ORIENTED_EDGE('',*,*,#1549,.T.);
#1547=EDGE_CURVE('',#93,#91,#1550,.F.);
#1548=EDGE_CURVE('',#91,#95,#1551,.T.);
#1549=EDGE_CURVE('',#95,#93,#1552,.T.);
#1550=LINE('',#92,#1553);
#1551=LINE('',#90,#1554);
#1552=LINE('',#94,#1555);
#1553=VECTOR('',#1556,1.0);
#1554=VECTOR('',#1557,1.0);
#1555=VECTOR('',#1558,1.0);
#1556=DIRECTION('',(0,-0.8944271909999159,-0.4472135954999579));
#1557=DIRECTION('',(0,-0.9805806756909202,0.19611613513818404));
#1558=DIRECTION('',(0,1,0));
#1559=FACE_SURFACE('',(#1564),#1560,.T.);
#1560=PLANE('',#1561);
#1561=AXIS2_PLACEMENT_3D('',#94,#1562,#1563);
#1562=DIRECTION('',(-1,0,0));
#1563=DIRECTION('',(0,0.9805806756909202,-0.19611613513818404));
#1564=FACE_BOUND('',#1565,.T.);
#1565=EDGE_LOOP('',(#1566,#1567,#1568));
#1566=ORIENTED_EDGE('',*,*,#1569,.T.);
#1567=ORIENTED_EDGE('',*,*,#1570,.T.);
#1568=ORIENTED_EDGE('',*,*,#1571,.T.);
#1569=EDGE_CURVE('',#95,#91,#1572,.F.);
#1570=EDGE_CURVE('',#91,#97,#1573,.T.);
#1571=EDGE_CURVE('',#97,#95,#1574,.T.);
#1572=LINE('',#94,#1575);
#1573=LINE('',#90,#1576);
#1574=LINE('',#96,#1577);
#1575=VECTOR('',#1578,1.0);
#1576=VECTOR('',#1579,1.0);
#1577=VECTOR('',#1580,1.0);
#1578=DIRECTION('',(0,0.9805806756909202,-0.19611613513818404));
#1579=DIRECTION('',(0,-1,0));
#1580=DIRECTION('',(0,0,1));
#1581=FACE_SURFACE('',(#1586),#1582,.T.);
#1582=PLANE('',#1583);
#1583=AXIS2_PLACEMENT_3D('',#98,#1584,#1585);
#1584=DIRECTION('',(0,-0,1));
#1585=DIRECTION('',(0,1,0));
#1586=FACE_BOUND('',#1587,.T.);
#1587=EDGE_LOOP('',(#1588,#1589,#1590));
#1588=ORIENTED_EDGE('',*,*,#1591,.T.);
#1589=ORIENTED_EDGE('',*,*,#1592,.T.);
#1590=ORIENTED_EDGE('',*,*,#1593,.T.);
#1591=EDGE_CURVE('',#99,#101,#1594,.F.);
#1592=EDGE_CURVE('',#101,#95,#1595,.T.);
#1593=EDGE_CURVE('',#95,#99,#1596,.T.);
#1594=LINE('',#98,#1597);
#1595=LINE('',#100,#1598);
#1596=LINE('',#94,#1599);
#1597=VECTOR('',#1600,1.0);
#1598=VECTOR('',#1601,1.0);
#1599=VECTOR('',#1602,1.0);
#1600=DIRECTION('',(0,1,0));
#1601=DIRECTION('',(-0.49613893835683387,-0.8682431421244593,0));
#1602=DIRECTION('',(1,0,0));
#1603=FACE_SURFACE('',(#1608),#1604,.T.);
#1604=PLANE('',#1605);
#1605=AXIS2_PLACEMENT_3D('',#94,#1606,#1607);
#1606=DIRECTION('',(0,0,1));
#1607=DIRECTION('',(0.49613893835683387,0.8682431421244593,0));
#1608=FACE_BOUND('',#1609,.T.);
#1609=EDGE_LOOP('',(#1610,#1611,#1612));
#1610=ORIENTED_EDGE('',*,*,#1613,.T.);
#1611=ORIENTED_EDGE('',*,*,#1614,.T.);
#1612=ORIENTED_EDGE('',*,*,#1615,.T.);
#1613=EDGE_CURVE('',#95,#101,#1616,.F.);
#1614=EDGE_CURVE('',#101,#93,#1617,.T.);
#1615=EDGE_CURVE('',#93,#95,#1618,.T.);
#1616=LINE('',#94,#1619);
#1617=LINE('',#100,#1620);
#1618=LINE('',#92,#1621);
#1619=VECTOR('',#1622,1.0);
#1620=VECTOR('',#1623,1.0);
#1621=VECTOR('',#1624,1.0);
#1622=DIRECTION('',(0.49613893835683387,0.8682431421244593,0));
#1623=DIRECTION('',(-1,0,0));
#1624=DIRECTION('',(0,-1,0));
#1625=FACE_SURFACE('',(#1630),#1626,.T.);
#1626=PLANE('',#1627);
#1627=AXIS2_PLACEMENT_3D('',#102,#1628,#1629);
#1628=DIRECTION('',(-0,-1,-0));
#1629=DIRECTION('',(-1,0,0));
#1630=FACE_BOUND('',#1631,.T.);
#1631=EDGE_LOOP('',(#1632,#1633,#1634));
#1632=ORIENTED_EDGE('',*,*,#1635,.T.);
#1633=ORIENTED_EDGE('',*,*,#1636,.T.);
#1634=ORIENTED_EDGE('',*,*,#1637,.T.);
#1635=EDGE_CURVE('',#103,#91,#1638,.F.);
#1636=EDGE_CURVE('',#91,#105,#1639,.T.);
#1637=EDGE_CURVE('',#105,#103,#1640,.T.);
#1638=LINE('',#102,#1641);
#1639=LINE('',#90,#1642);
#1640=LINE('',#104,#1643);
#1641=VECTOR('',#1644,1.0);
#1642=VECTOR('',#1645,1.0);
#1643=VECTOR('',#1646,1.0);
#1644=DIRECTION('',(-1,0,0));
#1645=DIRECTION('',(0.9701425001453319,0,-0.24253562503633297));
#1646=DIRECTION('',(0,0,1));
#1647=FACE_SURFACE('',(#1652),#1648,.T.);
#1648=PLANE('',#1649);
#1649=AXIS2_PLACEMENT_3D('',#104,#1650,#1651);
#1650=DIRECTION('',(0,-1,0));
#1651=DIRECTION('',(-0.9701425001453319,0,0.24253562503633297));
#1652=FACE_BOUND('',#1653,.T.);
#1653=EDGE_LOOP('',(#1654,#1655,#1656));
#1654=ORIENTED_EDGE('',*,*,#1657,.T.);
#1655=ORIENTED_EDGE('',*,*,#1658,.T.);
#1656=ORIENTED_EDGE('',*,*,#1659,.T.);
#1657=EDGE_CURVE('',#105,#91,#1660,.F.);
#1658=EDGE_CURVE('',#91,#89,#1661,.T.);
#1659=EDGE_CURVE('',#89,#105,#1662,.T.);
#1660=LINE('',#104,#1663);
#1661=LINE('',#90,#1664);
#1662=LINE('',#88,#1665);
#1663=VECTOR('',#1666,1.0);
#1664=VECTOR('',#1667,1.0);
#1665=VECTOR('',#1668,1.0);
#1666=DIRECTION('',(-0.9701425001453319,0,0.24253562503633297));
#1667=DIRECTION('',(0,0,-1));
#1668=DIRECTION('',(1,0,0));
#1669=FACE_SURFACE('',(#1674),#1670,.T.);
#1670=PLANE('',#1671);
#1671=AXIS2_PLACEMENT_3D('',#104,#1672,#1673);
#1672=DIRECTION('',(1,0,0));
#1673=DIRECTION('',(0,0.7071067811865475,0.7071067811865475));
#1674=FACE_BOUND('',#1675,.T.);
#1675=EDGE_LOOP('',(#1676,#1677,#1678));
#1676=ORIENTED_EDGE('',*,*,#1679,.T.);
#1677=ORIENTED_EDGE('',*,*,#1680,.T.);
#1678=ORIENTED_EDGE('',*,*,#1681,.T.);
#1679=EDGE_CURVE('',#105,#101,#1682,.F.);
#1680=EDGE_CURVE('',#101,#103,#1683,.T.);
#1681=EDGE_CURVE('',#103,#105,#1684,.T.);
#1682=LINE('',#104,#1685);
#1683=LINE('',#100,#1686);
#1684=LINE('',#102,#1687);
#1685=VECTOR('',#1688,1.0);
#1686=VECTOR('',#1689,1.0);
#1687=VECTOR('',#1690,1.0);
#1688=DIRECTION('',(0,0.7071067811865475,0.7071067811865475));
#1689=DIRECTION('',(0,-0.8944271909999159,-0.4472135954999579));
#1690=DIRECTION('',(0,0,-1));
#1691=FACE_SURFACE('',(#1696),#1692,.T.);
#1692=PLANE('',#1693);
#1693=AXIS2_PLACEMENT_3D('',#102,#1694,#1695);
#1694=DIRECTION('',(1,0,-0));
#1695=DIRECTION('',(0,0.8944271909999159,0.4472135954999579));
#1696=FACE_BOUND('',#1697,.T.);
#1697=EDGE_LOOP('',(#1698,#1699,#1700));
#1698=ORIENTED_EDGE('',*,*,#1701,.T.);
#1699=ORIENTED_EDGE('',*,*,#1702,.T.);
#1700=ORIENTED_EDGE('',*,*,#1703,.T.);
#1701=EDGE_CURVE('',#103,#101,#1704,.F.);
#1702=EDGE_CURVE('',#101,#99,#1705,.T.);
#1703=EDGE_CURVE('',#99,#103,#1706,.T.);
#1704=LINE('',#102,#1707);
#1705=LINE('',#100,#1708);
#1706=LINE('',#98,#1709);
#1707=VECTOR('',#1710,1.0);
#1708=VECTOR('',#1711,1.0);
#1709=VECTOR('',#1712,1.0);
#1710=DIRECTION('',(0,0.8944271909999159,0.4472135954999579));
#1711=DIRECTION('',(0,-1,0));
#1712=DIRECTION('',(0,0.9805806756909202,-0.19611613513818404));
#1713=FACE_SURFACE('',(#1718),#1714,.T.);
#1714=PLANE('',#1715);
#1715=AXIS2_PLACEMENT_3D('',#102,#1716,#1717);
#1716=DIRECTION('',(1,0,0));
#1717=DIRECTION('',(0,-0.9805806756909202,0.19611613513818404));
#1718=FACE_BOUND('',#1719,.T.);
#1719=EDGE_LOOP('',(#1720,#1721,#1722));
#1720=ORIENTED_EDGE('',*,*,#1723,.T.);
#1721=ORIENTED_EDGE('',*,*,#1724,.T.);
#1722=ORIENTED_EDGE('',*,*,#1725,.T.);
#1723=EDGE_CURVE('',#103,#99,#1726,.F.);
#1724=EDGE_CURVE('',#99,#107,#1727,.T.);
#1725=EDGE_CURVE('',#107,#103,#1728,.T.);
#1726=LINE('',#102,#1729);
#1727=LINE('',#98,#1730);
#1728=LINE('',#106,#1731);
#1729=VECTOR('',#1732,1.0);
#1730=VECTOR('',#1733,1.0);
#1731=VECTOR('',#1734,1.0);
#1732=DIRECTION('',(0,-0.9805806756909202,0.19611613513818404));
#1733=DIRECTION('',(0,0,-1));
#1734=DIRECTION('',(0,1,0));
#1735=FACE_SURFACE('',(#1740),#1736,.T.);
#1736=PLANE('',#1737);
#1737=AXIS2_PLACEMENT_3D('',#92,#1738,#1739);
#1738=DIRECTION('',(0,0.7071067811865475,-0.7071067811865475));
#1739=DIRECTION('',(1,0,0));
#1740=FACE_BOUND('',#1741,.T.);
#1741=EDGE_LOOP('',(#1742,#1743,#1744));
#1742=ORIENTED_EDGE('',*,*,#1745,.T.);
#1743=ORIENTED_EDGE('',*,*,#1746,.T.);
#1744=ORIENTED_EDGE('',*,*,#1747,.T.);
#1745=EDGE_CURVE('',#93,#101,#1748,.F.);
#1746=EDGE_CURVE('',#101,#89,#1749,.T.);
#1747=EDGE_CURVE('',#89,#93,#1750,.T.);
#1748=LINE('',#92,#1751);
#1749=LINE('',#100,#1752);
#1750=LINE('',#88,#1753);
#1751=VECTOR('',#1754,1.0);
#1752=VECTOR('',#1755,1.0);
#1753=VECTOR('',#1756,1.0);
#1754=DIRECTION('',(1,0,0));
#1755=DIRECTION('',(-0.8164965809277261,-0.4082482904638631,-0.4082482904638631));
#1756=DIRECTION('',(0,0.7071067811865475,0.7071067811865475));
#1757=FACE_SURFACE('',(#1762),#1758,.T.);
#1758=PLANE('',#1759);
#1759=AXIS2_PLACEMENT_3D('',#88,#1760,#1761);
#1760=DIRECTION('',(0,0.7071067811865475,-0.7071067811865475));
#1761=DIRECTION('',(0.8164965809277261,0.4082482904638631,0.4082482904638631));
#1762=FACE_BOUND('',#1763,.T.);
#1763=EDGE_LOOP('',(#1764,#1765,#1766));
#1764=ORIENTED_EDGE('',*,*,#1767,.T.);
#1765=ORIENTED_EDGE('',*,*,#1768,.T.);
#1766=ORIENTED_EDGE('',*,*,#1769,.T.);
#1767=EDGE_CURVE('',#89,#101,#1770,.F.);
#1768=EDGE_CURVE('',#101,#105,#1771,.T.);
#1769=EDGE_CURVE('',#105,#89,#1772,.T.);
#1770=LINE('',#88,#1773);
#1771=LINE('',#100,#1774);
#1772=LINE('',#104,#1775);
#1773=VECTOR('',#1776,1.0);
#1774=VECTOR('',#1777,1.0);
#1775=VECTOR('',#1778,1.0);
#1776=DIRECTION('',(0.8164965809277261,0.4082482904638631,0.4082482904638631));
#1777=DIRECTION('',(0,-0.7071067811865475,-0.7071067811865475));
#1778=DIRECTION('',(-1,0,0));
#1779=FACE_SURFACE('',(#1784),#1780,.T.);
#1780=PLANE('',#1781);
#1781=AXIS2_PLACEMENT_3D('',#62,#1782,#1783);
#1782=DIRECTION('',(0,1,0));
#1783=DIRECTION('',(0.9999999509773825,0,-0.0003131217536148636));
#1784=FACE_BOUND('',#1785,.T.);
#1785=EDGE_LOOP('',(#1786,#1787,#1788));
#1786=ORIENTED_EDGE('',*,*,#1789,.T.);
#1787=ORIENTED_EDGE('',*,*,#1790,.T.);
#1788=ORIENTED_EDGE('',*,*,#1791,.T.);
#1789=EDGE_CURVE('',#63,#109,#1792,.F.);
#1790=EDGE_CURVE('',#109,#57,#1793,.T.);
#1791=EDGE_CURVE('',#57,#63,#1794,.T.);
#1792=LINE('',#62,#1795);
#1793=LINE('',#108,#1796);
#1794=LINE('',#56,#1797);
#1795=VECTOR('',#1798,1.0);
#1796=VECTOR('',#1799,1.0);
#1797=VECTOR('',#1800,1.0);
#1798=DIRECTION('',(0.9999999509773825,0,-0.0003131217536148636));
#1799=DIRECTION('',(-0.9988025399858613,0,-0.0489232676524362));
#1800=DIRECTION('',(0,0,1));
#1801=FACE_SURFACE('',(#1806),#1802,.T.);
#1802=PLANE('',#1803);
#1803=AXIS2_PLACEMENT_3D('',#56,#1804,#1805);
#1804=DIRECTION('',(-0,1,0));
#1805=DIRECTION('',(0.9988025399858613,0,0.0489232676524362));
#1806=FACE_BOUND('',#1807,.T.);
#1807=EDGE_LOOP('',(#1808,#1809,#1810));
#1808=ORIENTED_EDGE('',*,*,#1811,.T.);
#1809=ORIENTED_EDGE('',*,*,#1812,.T.);
#1810=ORIENTED_EDGE('',*,*,#1813,.T.);
#1811=EDGE_CURVE('',#57,#109,#1814,.F.);
#1812=EDGE_CURVE('',#109,#111,#1815,.T.);
#1813=EDGE_CURVE('',#111,#57,#1816,.T.);
#1814=LINE('',#56,#1817);
#1815=LINE('',#108,#1818);
#1816=LINE('',#110,#1819);
#1817=VECTOR('',#1820,1.0);
#1818=VECTOR('',#1821,1.0);
#1819=VECTOR('',#1822,1.0);
#1820=DIRECTION('',(0.9988025399858613,0,0.0489232676524362));
#1821=DIRECTION('',(-0.04183778418277786,0,-0.9991244165841787));
#1822=DIRECTION('',(-0.9828799792552365,0,0.1842469711534651));
#1823=FACE_SURFACE('',(#1828),#1824,.T.);
#1824=PLANE('',#1825);
#1825=AXIS2_PLACEMENT_3D('',#56,#1826,#1827);
#1826=DIRECTION('',(0,1,0));
#1827=DIRECTION('',(0.9828799792552365,0,-0.1842469711534651));
#1828=FACE_BOUND('',#1829,.T.);
#1829=EDGE_LOOP('',(#1830,#1831,#1832));
#1830=ORIENTED_EDGE('',*,*,#1833,.T.);
#1831=ORIENTED_EDGE('',*,*,#1834,.T.);
#1832=ORIENTED_EDGE('',*,*,#1835,.T.);
#1833=EDGE_CURVE('',#57,#111,#1836,.F.);
#1834=EDGE_CURVE('',#111,#53,#1837,.T.);
#1835=EDGE_CURVE('',#53,#57,#1838,.T.);
#1836=LINE('',#56,#1839);
#1837=LINE('',#110,#1840);
#1838=LINE('',#52,#1841);
#1839=VECTOR('',#1842,1.0);
#1840=VECTOR('',#1843,1.0);
#1841=VECTOR('',#1844,1.0);
#1842=DIRECTION('',(0.9828799792552365,0,-0.1842469711534651));
#1843=DIRECTION('',(-0.9881783939525395,0,0.1533083876550125));
#1844=DIRECTION('',(1,0,0));
#1845=FACE_SURFACE('',(#1850),#1846,.T.);
#1846=PLANE('',#1847);
#1847=AXIS2_PLACEMENT_3D('',#52,#1848,#1849);
#1848=DIRECTION('',(0,1,0));
#1849=DIRECTION('',(0.9881783939525395,0,-0.1533083876550125));
#1850=FACE_BOUND('',#1851,.T.);
#1851=EDGE_LOOP('',(#1852,#1853,#1854));
#1852=ORIENTED_EDGE('',*,*,#1855,.T.);
#1853=ORIENTED_EDGE('',*,*,#1856,.T.);
#1854=ORIENTED_EDGE('',*,*,#1857,.T.);
#1855=EDGE_CURVE('',#53,#111,#1858,.F.);
#1856=EDGE_CURVE('',#111,#113,#1859,.T.);
#1857=EDGE_CURVE('',#113,#53,#1860,.T.);
#1858=LINE('',#52,#1861);
#1859=LINE('',#110,#1862);
#1860=LINE('',#112,#1863);
#1861=VECTOR('',#1864,1.0);
#1862=VECTOR('',#1865,1.0);
#1863=VECTOR('',#1866,1.0);
#1864=DIRECTION('',(0.9881783939525395,0,-0.1533083876550125));
#1865=DIRECTION('',(-1,0,0));
#1866=DIRECTION('',(0.9996446342628577,0,0.026657178948219454));
#1867=FACE_SURFACE('',(#1872),#1868,.T.);
#1868=PLANE('',#1869);
#1869=AXIS2_PLACEMENT_3D('',#52,#1870,#1871);
#1870=DIRECTION('',(0,1,0));
#1871=DIRECTION('',(-0.9996446342628577,0,-0.026657178948219454));
#1872=FACE_BOUND('',#1873,.T.);
#1873=EDGE_LOOP('',(#1874,#1875,#1876));
#1874=ORIENTED_EDGE('',*,*,#1877,.T.);
#1875=ORIENTED_EDGE('',*,*,#1878,.T.);
#1876=ORIENTED_EDGE('',*,*,#1879,.T.);
#1877=EDGE_CURVE('',#53,#113,#1880,.F.);
#1878=EDGE_CURVE('',#113,#81,#1881,.T.);
#1879=EDGE_CURVE('',#81,#53,#1882,.T.);
#1880=LINE('',#52,#1883);
#1881=LINE('',#112,#1884);
#1882=LINE('',#80,#1885);
#1883=VECTOR('',#1886,1.0);
#1884=VECTOR('',#1887,1.0);
#1885=VECTOR('',#1888,1.0);
#1886=DIRECTION('',(-0.9996446342628577,0,-0.026657178948219454));
#1887=DIRECTION('',(0.9879710602341678,0,0.154638883013861));
#1888=DIRECTION('',(1,0,0));
#1889=FACE_SURFACE('',(#1894),#1890,.T.);
#1890=PLANE('',#1891);
#1891=AXIS2_PLACEMENT_3D('',#80,#1892,#1893);
#1892=DIRECTION('',(0,1,0));
#1893=DIRECTION('',(-0.9879710602341678,0,-0.154638883013861));
#1894=FACE_BOUND('',#1895,.T.);
#1895=EDGE_LOOP('',(#1896,#1897,#1898));
#1896=ORIENTED_EDGE('',*,*,#1899,.T.);
#1897=ORIENTED_EDGE('',*,*,#1900,.T.);
#1898=ORIENTED_EDGE('',*,*,#1901,.T.);
#1899=EDGE_CURVE('',#81,#113,#1902,.F.);
#1900=EDGE_CURVE('',#113,#77,#1903,.T.);
#1901=EDGE_CURVE('',#77,#81,#1904,.T.);
#1902=LINE('',#80,#1905);
#1903=LINE('',#112,#1906);
#1904=LINE('',#76,#1907);
#1905=VECTOR('',#1908,1.0);
#1906=VECTOR('',#1909,1.0);
#1907=VECTOR('',#1910,1.0);
#1908=DIRECTION('',(-0.9879710602341678,0,-0.154638883013861));
#1909=DIRECTION('',(0.9825191679590528,0,0.18616144765512194));
#1910=DIRECTION('',(1,0,0));
#1911=FACE_SURFACE('',(#1916),#1912,.T.);
#1912=PLANE('',#1913);
#1913=AXIS2_PLACEMENT_3D('',#76,#1914,#1915);
#1914=DIRECTION('',(0,1,0));
#1915=DIRECTION('',(-0.9825191679590528,0,-0.18616144765512194));
#1916=FACE_BOUND('',#1917,.T.);
#1917=EDGE_LOOP('',(#1918,#1919,#1920));
#1918=ORIENTED_EDGE('',*,*,#1921,.T.);
#1919=ORIENTED_EDGE('',*,*,#1922,.T.);
#1920=ORIENTED_EDGE('',*,*,#1923,.T.);
#1921=EDGE_CURVE('',#77,#113,#1924,.F.);
#1922=EDGE_CURVE('',#113,#115,#1925,.T.);
#1923=EDGE_CURVE('',#115,#77,#1926,.T.);
#1924=LINE('',#76,#1927);
#1925=LINE('',#112,#1928);
#1926=LINE('',#114,#1929);
#1927=VECTOR('',#1930,1.0);
#1928=VECTOR('',#1931,1.0);
#1929=VECTOR('',#1932,1.0);
#1930=DIRECTION('',(-0.9825191679590528,0,-0.18616144765512194));
#1931=DIRECTION('',(-0.2602745635619434,0,0.9655346454491626));
#1932=DIRECTION('',(0.9987816801678212,0,-0.049347293351754765));
#1933=FACE_SURFACE('',(#1938),#1934,.T.);
#1934=PLANE('',#1935);
#1935=AXIS2_PLACEMENT_3D('',#76,#1936,#1937);
#1936=DIRECTION('',(0,1,-0));
#1937=DIRECTION('',(-0.9987816801678212,0,0.049347293351754765));
#1938=FACE_BOUND('',#1939,.T.);
#1939=EDGE_LOOP('',(#1940,#1941,#1942));
#1940=ORIENTED_EDGE('',*,*,#1943,.T.);
#1941=ORIENTED_EDGE('',*,*,#1944,.T.);
#1942=ORIENTED_EDGE('',*,*,#1945,.T.);
#1943=EDGE_CURVE('',#77,#115,#1946,.F.);
#1944=EDGE_CURVE('',#115,#79,#1947,.T.);
#1945=EDGE_CURVE('',#79,#77,#1948,.T.);
#1946=LINE('',#76,#1949);
#1947=LINE('',#114,#1950);
#1948=LINE('',#78,#1951);
#1949=VECTOR('',#1952,1.0);
#1950=VECTOR('',#1953,1.0);
#1951=VECTOR('',#1954,1.0);
#1952=DIRECTION('',(-0.9987816801678212,0,0.049347293351754765));
#1953=DIRECTION('',(0.9999999509396007,0,-0.00031324239222616337));
#1954=DIRECTION('',(0,0,-1));
#1955=FACE_SURFACE('',(#1960),#1956,.T.);
#1956=PLANE('',#1957);
#1957=AXIS2_PLACEMENT_3D('',#108,#1958,#1959);
#1958=DIRECTION('',(0,1,0));
#1959=DIRECTION('',(0.9952462116235503,0,-0.09739085300463973));
#1960=FACE_BOUND('',#1961,.T.);
#1961=EDGE_LOOP('',(#1962,#1963,#1964));
#1962=ORIENTED_EDGE('',*,*,#1965,.T.);
#1963=ORIENTED_EDGE('',*,*,#1966,.T.);
#1964=ORIENTED_EDGE('',*,*,#1967,.T.);
#1965=EDGE_CURVE('',#109,#117,#1968,.F.);
#1966=EDGE_CURVE('',#117,#111,#1969,.T.);
#1967=EDGE_CURVE('',#111,#109,#1970,.T.);
#1968=LINE('',#108,#1971);
#1969=LINE('',#116,#1972);
#1970=LINE('',#110,#1973);
#1971=VECTOR('',#1974,1.0);
#1972=VECTOR('',#1975,1.0);
#1973=VECTOR('',#1976,1.0);
#1974=DIRECTION('',(0.9952462116235503,0,-0.09739085300463973));
#1975=DIRECTION('',(-0.31630530640814913,0,-0.948657447732345));
#1976=DIRECTION('',(0.04183778418277786,0,0.9991244165841787));
#1977=FACE_SURFACE('',(#1982),#1978,.T.);
#1978=PLANE('',#1979);
#1979=AXIS2_PLACEMENT_3D('',#110,#1980,#1981);
#1980=DIRECTION('',(0,1,0));
#1981=DIRECTION('',(0.31630530640814913,0,0.948657447732345));
#1982=FACE_BOUND('',#1983,.T.);
#1983=EDGE_LOOP('',(#1984,#1985,#1986));
#1984=ORIENTED_EDGE('',*,*,#1987,.T.);
#1985=ORIENTED_EDGE('',*,*,#1988,.T.);
#1986=ORIENTED_EDGE('',*,*,#1989,.T.);
#1987=EDGE_CURVE('',#111,#117,#1990,.F.);
#1988=EDGE_CURVE('',#117,#119,#1991,.T.);
#1989=EDGE_CURVE('',#119,#111,#1992,.T.);
#1990=LINE('',#110,#1993);
#1991=LINE('',#116,#1994);
#1992=LINE('',#118,#1995);
#1993=VECTOR('',#1996,1.0);
#1994=VECTOR('',#1997,1.0);
#1995=VECTOR('',#1998,1.0);
#1996=DIRECTION('',(0.31630530640814913,0,0.948657447732345));
#1997=DIRECTION('',(0.9576639397752741,0,-0.28788848267011374));
#1998=DIRECTION('',(-0.5560470203487171,0,-0.8311508353850782));
#1999=FACE_SURFACE('',(#2004),#2000,.T.);
#2000=PLANE('',#2001);
#2001=AXIS2_PLACEMENT_3D('',#110,#2002,#2003);
#2002=DIRECTION('',(0,1,0));
#2003=DIRECTION('',(0.5560470203487171,0,0.8311508353850782));
#2004=FACE_BOUND('',#2005,.T.);
#2005=EDGE_LOOP('',(#2006,#2007,#2008));
#2006=ORIENTED_EDGE('',*,*,#2009,.T.);
#2007=ORIENTED_EDGE('',*,*,#2010,.T.);
#2008=ORIENTED_EDGE('',*,*,#2011,.T.);
#2009=EDGE_CURVE('',#111,#119,#2012,.F.);
#2010=EDGE_CURVE('',#119,#121,#2013,.T.);
#2011=EDGE_CURVE('',#121,#111,#2014,.T.);
#2012=LINE('',#110,#2015);
#2013=LINE('',#118,#2016);
#2014=LINE('',#120,#2017);
#2015=VECTOR('',#2018,1.0);
#2016=VECTOR('',#2019,1.0);
#2017=VECTOR('',#2020,1.0);
#2018=DIRECTION('',(0.5560470203487171,0,0.8311508353850782));
#2019=DIRECTION('',(0.8839764760991675,0,-0.46753137830876973));
#2020=DIRECTION('',(-0.7450085362784717,0,-0.6670549309256391));
#2021=FACE_SURFACE('',(#2026),#2022,.T.);
#2022=PLANE('',#2023);
#2023=AXIS2_PLACEMENT_3D('',#120,#2024,#2025);
#2024=DIRECTION('',(0,1,0));
#2025=DIRECTION('',(0.7769670224848548,0,-0.6295412980663135));
#2026=FACE_BOUND('',#2027,.T.);
#2027=EDGE_LOOP('',(#2028,#2029,#2030));
#2028=ORIENTED_EDGE('',*,*,#2031,.T.);
#2029=ORIENTED_EDGE('',*,*,#2032,.T.);
#2030=ORIENTED_EDGE('',*,*,#2033,.T.);
#2031=EDGE_CURVE('',#121,#123,#2034,.F.);
#2032=EDGE_CURVE('',#123,#111,#2035,.T.);
#2033=EDGE_CURVE('',#111,#121,#2036,.T.);
#2034=LINE('',#120,#2037);
#2035=LINE('',#122,#2038);
#2036=LINE('',#110,#2039);
#2037=VECTOR('',#2040,1.0);
#2038=VECTOR('',#2041,1.0);
#2039=VECTOR('',#2042,1.0);
#2040=DIRECTION('',(0.7769670224848548,0,-0.6295412980663135));
#2041=DIRECTION('',(-0.8787809795778484,0,-0.4772253031139454));
#2042=DIRECTION('',(0.7450085362784717,0,0.6670549309256391));
#2043=FACE_SURFACE('',(#2048),#2044,.T.);
#2044=PLANE('',#2045);
#2045=AXIS2_PLACEMENT_3D('',#110,#2046,#2047);
#2046=DIRECTION('',(0,1,0));
#2047=DIRECTION('',(0.8787809795778484,0,0.4772253031139454));
#2048=FACE_BOUND('',#2049,.T.);
#2049=EDGE_LOOP('',(#2050,#2051,#2052));
#2050=ORIENTED_EDGE('',*,*,#2053,.T.);
#2051=ORIENTED_EDGE('',*,*,#2054,.T.);
#2052=ORIENTED_EDGE('',*,*,#2055,.T.);
#2053=EDGE_CURVE('',#111,#123,#2056,.F.);
#2054=EDGE_CURVE('',#123,#125,#2057,.T.);
#2055=EDGE_CURVE('',#125,#111,#2058,.T.);
#2056=LINE('',#110,#2059);
#2057=LINE('',#122,#2060);
#2058=LINE('',#124,#2061);
#2059=VECTOR('',#2062,1.0);
#2060=VECTOR('',#2063,1.0);
#2061=VECTOR('',#2064,1.0);
#2062=DIRECTION('',(0.8787809795778484,0,0.4772253031139454));
#2063=DIRECTION('',(0.6406639160108105,0,-0.7678214289284281));
#2064=DIRECTION('',(-0.960531886735723,0,-0.27816990233293065));
#2065=FACE_SURFACE('',(#2070),#2066,.T.);
#2066=PLANE('',#2067);
#2067=AXIS2_PLACEMENT_3D('',#110,#2068,#2069);
#2068=DIRECTION('',(0,1,0));
#2069=DIRECTION('',(0.960531886735723,0,0.27816990233293065));
#2070=FACE_BOUND('',#2071,.T.);
#2071=EDGE_LOOP('',(#2072,#2073,#2074));
#2072=ORIENTED_EDGE('',*,*,#2075,.T.);
#2073=ORIENTED_EDGE('',*,*,#2076,.T.);
#2074=ORIENTED_EDGE('',*,*,#2077,.T.);
#2075=EDGE_CURVE('',#111,#125,#2078,.F.);
#2076=EDGE_CURVE('',#125,#127,#2079,.T.);
#2077=EDGE_CURVE('',#127,#111,#2080,.T.);
#2078=LINE('',#110,#2081);
#2079=LINE('',#124,#2082);
#2080=LINE('',#126,#2083);
#2081=VECTOR('',#2084,1.0);
#2082=VECTOR('',#2085,1.0);
#2083=VECTOR('',#2086,1.0);
#2084=DIRECTION('',(0.960531886735723,0,0.27816990233293065));
#2085=DIRECTION('',(0.4802045142245755,0,-0.8771565564472168));
#2086=DIRECTION('',(-0.9966988425953077,0,-0.08118754318966635));
#2087=FACE_SURFACE('',(#2092),#2088,.T.);
#2088=PLANE('',#2089);
#2089=AXIS2_PLACEMENT_3D('',#126,#2090,#2091);
#2090=DIRECTION('',(0,1,0));
#2091=DIRECTION('',(0.3016484310541291,0,-0.9534192278544535));
#2092=FACE_BOUND('',#2093,.T.);
#2093=EDGE_LOOP('',(#2094,#2095,#2096));
#2094=ORIENTED_EDGE('',*,*,#2097,.T.);
#2095=ORIENTED_EDGE('',*,*,#2098,.T.);
#2096=ORIENTED_EDGE('',*,*,#2099,.T.);
#2097=EDGE_CURVE('',#127,#129,#2100,.F.);
#2098=EDGE_CURVE('',#129,#111,#2101,.T.);
#2099=EDGE_CURVE('',#111,#127,#2102,.T.);
#2100=LINE('',#126,#2103);
#2101=LINE('',#128,#2104);
#2102=LINE('',#110,#2105);
#2103=VECTOR('',#2106,1.0);
#2104=VECTOR('',#2107,1.0);
#2105=VECTOR('',#2108,1.0);
#2106=DIRECTION('',(0.3016484310541291,0,-0.9534192278544535));
#2107=DIRECTION('',(-0.9943031736466739,0,0.10658892473494735));
#2108=DIRECTION('',(0.9966988425953077,0,0.08118754318966635));
#2109=FACE_SURFACE('',(#2114),#2110,.T.);
#2110=PLANE('',#2111);
#2111=AXIS2_PLACEMENT_3D('',#110,#2112,#2113);
#2112=DIRECTION('',(0,1,0));
#2113=DIRECTION('',(0.9943031736466739,0,-0.10658892473494735));
#2114=FACE_BOUND('',#2115,.T.);
#2115=EDGE_LOOP('',(#2116,#2117,#2118));
#2116=ORIENTED_EDGE('',*,*,#2119,.T.);
#2117=ORIENTED_EDGE('',*,*,#2120,.T.);
#2118=ORIENTED_EDGE('',*,*,#2121,.T.);
#2119=EDGE_CURVE('',#111,#129,#2122,.F.);
#2120=EDGE_CURVE('',#129,#131,#2123,.T.);
#2121=EDGE_CURVE('',#131,#111,#2124,.T.);
#2122=LINE('',#110,#2125);
#2123=LINE('',#128,#2126);
#2124=LINE('',#130,#2127);
#2125=VECTOR('',#2128,1.0);
#2126=VECTOR('',#2129,1.0);
#2127=VECTOR('',#2130,1.0);
#2128=DIRECTION('',(0.9943031736466739,0,-0.10658892473494735));
#2129=DIRECTION('',(-0.9464429182636172,0,-0.3228711855657736));
#2130=DIRECTION('',(0,0,1));
#2131=FACE_SURFACE('',(#2136),#2132,.T.);
#2132=PLANE('',#2133);
#2133=AXIS2_PLACEMENT_3D('',#130,#2134,#2135);
#2134=DIRECTION('',(0,1,0));
#2135=DIRECTION('',(0.9464429182636172,0,0.3228711855657736));
#2136=FACE_BOUND('',#2137,.T.);
#2137=EDGE_LOOP('',(#2138,#2139,#2140));
#2138=ORIENTED_EDGE('',*,*,#2141,.T.);
#2139=ORIENTED_EDGE('',*,*,#2142,.T.);
#2140=ORIENTED_EDGE('',*,*,#2143,.T.);
#2141=EDGE_CURVE('',#131,#129,#2144,.F.);
#2142=EDGE_CURVE('',#129,#133,#2145,.T.);
#2143=EDGE_CURVE('',#133,#131,#2146,.T.);
#2144=LINE('',#130,#2147);
#2145=LINE('',#128,#2148);
#2146=LINE('',#132,#2149);
#2147=VECTOR('',#2150,1.0);
#2148=VECTOR('',#2151,1.0);
#2149=VECTOR('',#2152,1.0);
#2150=DIRECTION('',(0.9464429182636172,0,0.3228711855657736));
#2151=DIRECTION('',(0.11170685499224792,0,-0.9937412030039516));
#2152=DIRECTION('',(-0.9894676932625636,0,-0.14475387383300398));
#2153=FACE_SURFACE('',(#2158),#2154,.T.);
#2154=PLANE('',#2155);
#2155=AXIS2_PLACEMENT_3D('',#130,#2156,#2157);
#2156=DIRECTION('',(-0,1,0));
#2157=DIRECTION('',(0.9894676932625636,0,0.14475387383300398));
#2158=FACE_BOUND('',#2159,.T.);
#2159=EDGE_LOOP('',(#2160,#2161,#2162));
#2160=ORIENTED_EDGE('',*,*,#2163,.T.);
#2161=ORIENTED_EDGE('',*,*,#2164,.T.);
#2162=ORIENTED_EDGE('',*,*,#2165,.T.);
#2163=EDGE_CURVE('',#131,#133,#2166,.F.);
#2164=EDGE_CURVE('',#133,#135,#2167,.T.);
#2165=EDGE_CURVE('',#135,#131,#2168,.T.);
#2166=LINE('',#130,#2169);
#2167=LINE('',#132,#2170);
#2168=LINE('',#134,#2171);
#2169=VECTOR('',#2172,1.0);
#2170=VECTOR('',#2173,1.0);
#2171=VECTOR('',#2174,1.0);
#2172=DIRECTION('',(0.9894676932625636,0,0.14475387383300398));
#2173=DIRECTION('',(-0.8630848548606782,0,-0.5050589404318292));
#2174=DIRECTION('',(0,0,1));
#2175=FACE_SURFACE('',(#2180),#2176,.T.);
#2176=PLANE('',#2177);
#2177=AXIS2_PLACEMENT_3D('',#134,#2178,#2179);
#2178=DIRECTION('',(-0,1,0));
#2179=DIRECTION('',(0.8630848548606782,0,0.5050589404318292));
#2180=FACE_BOUND('',#2181,.T.);
#2181=EDGE_LOOP('',(#2182,#2183,#2184));
#2182=ORIENTED_EDGE('',*,*,#2185,.T.);
#2183=ORIENTED_EDGE('',*,*,#2186,.T.);
#2184=ORIENTED_EDGE('',*,*,#2187,.T.);
#2185=EDGE_CURVE('',#135,#133,#2188,.F.);
#2186=EDGE_CURVE('',#133,#137,#2189,.T.);
#2187=EDGE_CURVE('',#137,#135,#2190,.T.);
#2188=LINE('',#134,#2191);
#2189=LINE('',#132,#2192);
#2190=LINE('',#136,#2193);
#2191=VECTOR('',#2194,1.0);
#2192=VECTOR('',#2195,1.0);
#2193=VECTOR('',#2196,1.0);
#2194=DIRECTION('',(0.8630848548606782,0,0.5050589404318292));
#2195=DIRECTION('',(-0.6986510458785808,0,-0.7154625888841184));
#2196=DIRECTION('',(0,0,1));
#2197=FACE_SURFACE('',(#2202),#2198,.T.);
#2198=PLANE('',#2199);
#2199=AXIS2_PLACEMENT_3D('',#136,#2200,#2201);
#2200=DIRECTION('',(-0,1,0));
#2201=DIRECTION('',(0.6986510458785808,0,0.7154625888841184));
#2202=FACE_BOUND('',#2203,.T.);
#2203=EDGE_LOOP('',(#2204,#2205,#2206));
#2204=ORIENTED_EDGE('',*,*,#2207,.T.);
#2205=ORIENTED_EDGE('',*,*,#2208,.T.);
#2206=ORIENTED_EDGE('',*,*,#2209,.T.);
#2207=EDGE_CURVE('',#137,#133,#2210,.F.);
#2208=EDGE_CURVE('',#133,#139,#2211,.T.);
#2209=EDGE_CURVE('',#139,#137,#2212,.T.);
#2210=LINE('',#136,#2213);
#2211=LINE('',#132,#2214);
#2212=LINE('',#138,#2215);
#2213=VECTOR('',#2216,1.0);
#2214=VECTOR('',#2217,1.0);
#2215=VECTOR('',#2218,1.0);
#2216=DIRECTION('',(0.6986510458785808,0,0.7154625888841184));
#2217=DIRECTION('',(-0.5592701599987225,0,-0.828985457131187));
#2218=DIRECTION('',(0.41732452205641163,0,0.9087575272262605));
#2219=FACE_SURFACE('',(#2224),#2220,.T.);
#2220=PLANE('',#2221);
#2221=AXIS2_PLACEMENT_3D('',#136,#2222,#2223);
#2222=DIRECTION('',(0,1,0));
#2223=DIRECTION('',(-0.41732452205641163,0,-0.9087575272262605));
#2224=FACE_BOUND('',#2225,.T.);
#2225=EDGE_LOOP('',(#2226,#2227,#2228));
#2226=ORIENTED_EDGE('',*,*,#2229,.T.);
#2227=ORIENTED_EDGE('',*,*,#2230,.T.);
#2228=ORIENTED_EDGE('',*,*,#2231,.T.);
#2229=EDGE_CURVE('',#137,#139,#2232,.F.);
#2230=EDGE_CURVE('',#139,#141,#2233,.T.);
#2231=EDGE_CURVE('',#141,#137,#2234,.T.);
#2232=LINE('',#136,#2235);
#2233=LINE('',#138,#2236);
#2234=LINE('',#140,#2237);
#2235=VECTOR('',#2238,1.0);
#2236=VECTOR('',#2239,1.0);
#2237=VECTOR('',#2240,1.0);
#2238=DIRECTION('',(-0.41732452205641163,0,-0.9087575272262605));
#2239=DIRECTION('',(-0.09801738807436693,0,0.9951847022714321));
#2240=DIRECTION('',(0.48161825661933755,0,0.8763811128104882));
#2241=FACE_SURFACE('',(#2246),#2242,.T.);
#2242=PLANE('',#2243);
#2243=AXIS2_PLACEMENT_3D('',#138,#2244,#2245);
#2244=DIRECTION('',(-0,1,0));
#2245=DIRECTION('',(0.5592701599987225,0,0.828985457131187));
#2246=FACE_BOUND('',#2247,.T.);
#2247=EDGE_LOOP('',(#2248,#2249,#2250));
#2248=ORIENTED_EDGE('',*,*,#2251,.T.);
#2249=ORIENTED_EDGE('',*,*,#2252,.T.);
#2250=ORIENTED_EDGE('',*,*,#2253,.T.);
#2251=EDGE_CURVE('',#139,#133,#2254,.F.);
#2252=EDGE_CURVE('',#133,#143,#2255,.T.);
#2253=EDGE_CURVE('',#143,#139,#2256,.T.);
#2254=LINE('',#138,#2257);
#2255=LINE('',#132,#2258);
#2256=LINE('',#142,#2259);
#2257=VECTOR('',#2260,1.0);
#2258=VECTOR('',#2261,1.0);
#2259=VECTOR('',#2262,1.0);
#2260=DIRECTION('',(0.5592701599987225,0,0.828985457131187));
#2261=DIRECTION('',(-0.1382903526893914,0,-0.9903917297479031));
#2262=DIRECTION('',(0,0,1));
#2263=FACE_SURFACE('',(#2268),#2264,.T.);
#2264=PLANE('',#2265);
#2265=AXIS2_PLACEMENT_3D('',#142,#2266,#2267);
#2266=DIRECTION('',(-0,1,0));
#2267=DIRECTION('',(0.1382903526893914,0,0.9903917297479031));
#2268=FACE_BOUND('',#2269,.T.);
#2269=EDGE_LOOP('',(#2270,#2271,#2272));
#2270=ORIENTED_EDGE('',*,*,#2273,.T.);
#2271=ORIENTED_EDGE('',*,*,#2274,.T.);
#2272=ORIENTED_EDGE('',*,*,#2275,.T.);
#2273=EDGE_CURVE('',#143,#133,#2276,.F.);
#2274=EDGE_CURVE('',#133,#145,#2277,.T.);
#2275=EDGE_CURVE('',#145,#143,#2278,.T.);
#2276=LINE('',#142,#2279);
#2277=LINE('',#132,#2280);
#2278=LINE('',#144,#2281);
#2279=VECTOR('',#2282,1.0);
#2280=VECTOR('',#2283,1.0);
#2281=VECTOR('',#2284,1.0);
#2282=DIRECTION('',(0.1382903526893914,0,0.9903917297479031));
#2283=DIRECTION('',(-0.004615265035297206,0,-0.9999893496076115));
#2284=DIRECTION('',(-0.2149944443309005,0,0.9766152716944617));
#2285=FACE_SURFACE('',(#2290),#2286,.T.);
#2286=PLANE('',#2287);
#2287=AXIS2_PLACEMENT_3D('',#142,#2288,#2289);
#2288=DIRECTION('',(0,1,0));
#2289=DIRECTION('',(0.2149944443309005,0,-0.9766152716944617));
#2290=FACE_BOUND('',#2291,.T.);
#2291=EDGE_LOOP('',(#2292,#2293,#2294));
#2292=ORIENTED_EDGE('',*,*,#2295,.T.);
#2293=ORIENTED_EDGE('',*,*,#2296,.T.);
#2294=ORIENTED_EDGE('',*,*,#2297,.T.);
#2295=EDGE_CURVE('',#143,#145,#2298,.F.);
#2296=EDGE_CURVE('',#145,#147,#2299,.T.);
#2297=EDGE_CURVE('',#147,#143,#2300,.T.);
#2298=LINE('',#142,#2301);
#2299=LINE('',#144,#2302);
#2300=LINE('',#146,#2303);
#2301=VECTOR('',#2304,1.0);
#2302=VECTOR('',#2305,1.0);
#2303=VECTOR('',#2306,1.0);
#2304=DIRECTION('',(0.2149944443309005,0,-0.9766152716944617));
#2305=DIRECTION('',(-0.2235000027959451,0,0.9747039287651469));
#2306=DIRECTION('',(0.09801819237690036,0,0.9951846230540164));
#2307=FACE_SURFACE('',(#2312),#2308,.T.);
#2308=PLANE('',#2309);
#2309=AXIS2_PLACEMENT_3D('',#146,#2310,#2311);
#2310=DIRECTION('',(0,1,0));
#2311=DIRECTION('',(0.2235000027959451,0,-0.9747039287651469));
#2312=FACE_BOUND('',#2313,.T.);
#2313=EDGE_LOOP('',(#2314,#2315,#2316));
#2314=ORIENTED_EDGE('',*,*,#2317,.T.);
#2315=ORIENTED_EDGE('',*,*,#2318,.T.);
#2316=ORIENTED_EDGE('',*,*,#2319,.T.);
#2317=EDGE_CURVE('',#147,#145,#2320,.F.);
#2318=EDGE_CURVE('',#145,#149,#2321,.T.);
#2319=EDGE_CURVE('',#149,#147,#2322,.T.);
#2320=LINE('',#146,#2323);
#2321=LINE('',#144,#2324);
#2322=LINE('',#148,#2325);
#2323=VECTOR('',#2326,1.0);
#2324=VECTOR('',#2327,1.0);
#2325=VECTOR('',#2328,1.0);
#2326=DIRECTION('',(0.2235000027959451,0,-0.9747039287651469));
#2327=DIRECTION('',(-0.23744848559626827,0,0.9714001321227205));
#2328=DIRECTION('',(0.2902836247542019,0,0.9569406550040404));
#2329=FACE_SURFACE('',(#2334),#2330,.T.);
#2330=PLANE('',#2331);
#2331=AXIS2_PLACEMENT_3D('',#148,#2332,#2333);
#2332=DIRECTION('',(0,1,0));
#2333=DIRECTION('',(0.23744848559626827,0,-0.9714001321227205));
#2334=FACE_BOUND('',#2335,.T.);
#2335=EDGE_LOOP('',(#2336,#2337,#2338));
#2336=ORIENTED_EDGE('',*,*,#2339,.T.);
#2337=ORIENTED_EDGE('',*,*,#2340,.T.);
#2338=ORIENTED_EDGE('',*,*,#2341,.T.);
#2339=EDGE_CURVE('',#149,#145,#2342,.F.);
#2340=EDGE_CURVE('',#145,#151,#2343,.T.);
#2341=EDGE_CURVE('',#151,#149,#2344,.T.);
#2342=LINE('',#148,#2345);
#2343=LINE('',#144,#2346);
#2344=LINE('',#150,#2347);
#2345=VECTOR('',#2348,1.0);
#2346=VECTOR('',#2349,1.0);
#2347=VECTOR('',#2350,1.0);
#2348=DIRECTION('',(0.23744848559626827,0,-0.9714001321227205));
#2349=DIRECTION('',(-0.2565124271215509,0,0.9665409327763678));
#2350=DIRECTION('',(0.4713964322445869,0,0.8819214271504433));
#2351=FACE_SURFACE('',(#2356),#2352,.T.);
#2352=PLANE('',#2353);
#2353=AXIS2_PLACEMENT_3D('',#150,#2354,#2355);
#2354=DIRECTION('',(0,1,0));
#2355=DIRECTION('',(0.2565124271215509,0,-0.9665409327763678));
#2356=FACE_BOUND('',#2357,.T.);
#2357=EDGE_LOOP('',(#2358,#2359,#2360));
#2358=ORIENTED_EDGE('',*,*,#2361,.T.);
#2359=ORIENTED_EDGE('',*,*,#2362,.T.);
#2360=ORIENTED_EDGE('',*,*,#2363,.T.);
#2361=EDGE_CURVE('',#151,#145,#2364,.F.);
#2362=EDGE_CURVE('',#145,#153,#2365,.T.);
#2363=EDGE_CURVE('',#153,#151,#2366,.T.);
#2364=LINE('',#150,#2367);
#2365=LINE('',#144,#2368);
#2366=LINE('',#152,#2369);
#2367=VECTOR('',#2370,1.0);
#2368=VECTOR('',#2371,1.0);
#2369=VECTOR('',#2372,1.0);
#2370=DIRECTION('',(0.2565124271215509,0,-0.9665409327763678));
#2371=DIRECTION('',(-0.2799558516689346,0,0.9600128754950745));
#2372=DIRECTION('',(0.6343936912215741,0,0.7730101192987489));
#2373=FACE_SURFACE('',(#2378),#2374,.T.);
#2374=PLANE('',#2375);
#2375=AXIS2_PLACEMENT_3D('',#152,#2376,#2377);
#2376=DIRECTION('',(0,1,0));
#2377=DIRECTION('',(0.2799558516689346,0,-0.9600128754950745));
#2378=FACE_BOUND('',#2379,.T.);
#2379=EDGE_LOOP('',(#2380,#2381,#2382));
#2380=ORIENTED_EDGE('',*,*,#2383,.T.);
#2381=ORIENTED_EDGE('',*,*,#2384,.T.);
#2382=ORIENTED_EDGE('',*,*,#2385,.T.);
#2383=EDGE_CURVE('',#153,#145,#2386,.F.);
#2384=EDGE_CURVE('',#145,#155,#2387,.T.);
#2385=EDGE_CURVE('',#155,#153,#2388,.T.);
#2386=LINE('',#152,#2389);
#2387=LINE('',#144,#2390);
#2388=LINE('',#154,#2391);
#2389=VECTOR('',#2392,1.0);
#2390=VECTOR('',#2393,1.0);
#2391=VECTOR('',#2394,1.0);
#2392=DIRECTION('',(0.2799558516689346,0,-0.9600128754950745));
#2393=DIRECTION('',(-0.3066286894148856,0,0.9518292109552584));
#2394=DIRECTION('',(0.77301052199595,0,0.6343932005338243));
#2395=FACE_SURFACE('',(#2400),#2396,.T.);
#2396=PLANE('',#2397);
#2397=AXIS2_PLACEMENT_3D('',#154,#2398,#2399);
#2398=DIRECTION('',(0,1,0));
#2399=DIRECTION('',(0.3066286894148856,0,-0.9518292109552584));
#2400=FACE_BOUND('',#2401,.T.);
#2401=EDGE_LOOP('',(#2402,#2403,#2404));
#2402=ORIENTED_EDGE('',*,*,#2405,.T.);
#2403=ORIENTED_EDGE('',*,*,#2406,.T.);
#2404=ORIENTED_EDGE('',*,*,#2407,.T.);
#2405=EDGE_CURVE('',#155,#145,#2408,.F.);
#2406=EDGE_CURVE('',#145,#157,#2409,.T.);
#2407=EDGE_CURVE('',#157,#155,#2410,.T.);
#2408=LINE('',#154,#2411);
#2409=LINE('',#144,#2412);
#2410=LINE('',#156,#2413);
#2411=VECTOR('',#2414,1.0);
#2412=VECTOR('',#2415,1.0);
#2413=VECTOR('',#2416,1.0);
#2414=DIRECTION('',(0.3066286894148856,0,-0.9518292109552584));
#2415=DIRECTION('',(-0.3350416406099529,0,0.9422033215062401));
#2416=DIRECTION('',(0.8819205187454653,0,0.47139813174823836));
#2417=FACE_SURFACE('',(#2422),#2418,.T.);
#2418=PLANE('',#2419);
#2419=AXIS2_PLACEMENT_3D('',#156,#2420,#2421);
#2420=DIRECTION('',(0,1,0));
#2421=DIRECTION('',(0.3350416406099529,0,-0.9422033215062401));
#2422=FACE_BOUND('',#2423,.T.);
#2423=EDGE_LOOP('',(#2424,#2425,#2426));
#2424=ORIENTED_EDGE('',*,*,#2427,.T.);
#2425=ORIENTED_EDGE('',*,*,#2428,.T.);
#2426=ORIENTED_EDGE('',*,*,#2429,.T.);
#2427=EDGE_CURVE('',#157,#145,#2430,.F.);
#2428=EDGE_CURVE('',#145,#159,#2431,.T.);
#2429=EDGE_CURVE('',#159,#157,#2432,.T.);
#2430=LINE('',#156,#2433);
#2431=LINE('',#144,#2434);
#2432=LINE('',#158,#2435);
#2433=VECTOR('',#2436,1.0);
#2434=VECTOR('',#2437,1.0);
#2435=VECTOR('',#2438,1.0);
#2436=DIRECTION('',(0.3350416406099529,0,-0.9422033215062401));
#2437=DIRECTION('',(-0.3635229692957792,0,0.9315852353887861));
#2438=DIRECTION('',(0.9569404441790261,0,0.2902843197529762));
#2439=FACE_SURFACE('',(#2444),#2440,.T.);
#2440=PLANE('',#2441);
#2441=AXIS2_PLACEMENT_3D('',#158,#2442,#2443);
#2442=DIRECTION('',(0,1,0));
#2443=DIRECTION('',(0.3635229692957792,0,-0.9315852353887861));
#2444=FACE_BOUND('',#2445,.T.);
#2445=EDGE_LOOP('',(#2446,#2447,#2448));
#2446=ORIENTED_EDGE('',*,*,#2449,.T.);
#2447=ORIENTED_EDGE('',*,*,#2450,.T.);
#2448=ORIENTED_EDGE('',*,*,#2451,.T.);
#2449=EDGE_CURVE('',#159,#145,#2452,.F.);
#2450=EDGE_CURVE('',#145,#161,#2453,.T.);
#2451=EDGE_CURVE('',#161,#159,#2454,.T.);
#2452=LINE('',#158,#2455);
#2453=LINE('',#144,#2456);
#2454=LINE('',#160,#2457);
#2455=VECTOR('',#2458,1.0);
#2456=VECTOR('',#2459,1.0);
#2457=VECTOR('',#2460,1.0);
#2458=DIRECTION('',(0.3635229692957792,0,-0.9315852353887861));
#2459=DIRECTION('',(-0.39042388895833385,0,0.9206352083918204));
#2460=DIRECTION('',(0.9951847455185564,0,0.09801694897907194));
#2461=FACE_SURFACE('',(#2466),#2462,.T.);
#2462=PLANE('',#2463);
#2463=AXIS2_PLACEMENT_3D('',#160,#2464,#2465);
#2464=DIRECTION('',(0,1,0));
#2465=DIRECTION('',(0.39042388895833385,0,-0.9206352083918204));
#2466=FACE_BOUND('',#2467,.T.);
#2467=EDGE_LOOP('',(#2468,#2469,#2470));
#2468=ORIENTED_EDGE('',*,*,#2471,.T.);
#2469=ORIENTED_EDGE('',*,*,#2472,.T.);
#2470=ORIENTED_EDGE('',*,*,#2473,.T.);
#2471=EDGE_CURVE('',#161,#145,#2474,.F.);
#2472=EDGE_CURVE('',#145,#99,#2475,.T.);
#2473=EDGE_CURVE('',#99,#161,#2476,.T.);
#2474=LINE('',#160,#2477);
#2475=LINE('',#144,#2478);
#2476=LINE('',#98,#2479);
#2477=VECTOR('',#2480,1.0);
#2478=VECTOR('',#2481,1.0);
#2479=VECTOR('',#2482,1.0);
#2480=DIRECTION('',(0.39042388895833385,0,-0.9206352083918204));
#2481=DIRECTION('',(-0.9812279758865545,0,-0.19285139184764855));
#2482=DIRECTION('',(0.1626226206938477,0,0.986688341493232));
#2483=FACE_SURFACE('',(#2488),#2484,.T.);
#2484=PLANE('',#2485);
#2485=AXIS2_PLACEMENT_3D('',#160,#2486,#2487);
#2486=DIRECTION('',(0,1,0));
#2487=DIRECTION('',(-0.1626226206938477,0,-0.986688341493232));
#2488=FACE_BOUND('',#2489,.T.);
#2489=EDGE_LOOP('',(#2490,#2491,#2492));
#2490=ORIENTED_EDGE('',*,*,#2493,.T.);
#2491=ORIENTED_EDGE('',*,*,#2494,.T.);
#2492=ORIENTED_EDGE('',*,*,#2495,.T.);
#2493=EDGE_CURVE('',#161,#99,#2496,.F.);
#2494=EDGE_CURVE('',#99,#95,#2497,.T.);
#2495=EDGE_CURVE('',#95,#161,#2498,.T.);
#2496=LINE('',#160,#2499);
#2497=LINE('',#98,#2500);
#2498=LINE('',#94,#2501);
#2499=VECTOR('',#2502,1.0);
#2500=VECTOR('',#2503,1.0);
#2501=VECTOR('',#2504,1.0);
#2502=DIRECTION('',(-0.1626226206938477,0,-0.986688341493232));
#2503=DIRECTION('',(-1,0,0));
#2504=DIRECTION('',(0.24279736641062868,0,0.9700770272839487));
#2505=FACE_SURFACE('',(#2510),#2506,.T.);
#2506=PLANE('',#2507);
#2507=AXIS2_PLACEMENT_3D('',#98,#2508,#2509);
#2508=DIRECTION('',(-0,1,0));
#2509=DIRECTION('',(0.9812279758865545,0,0.19285139184764855));
#2510=FACE_BOUND('',#2511,.T.);
#2511=EDGE_LOOP('',(#2512,#2513,#2514));
#2512=ORIENTED_EDGE('',*,*,#2515,.T.);
#2513=ORIENTED_EDGE('',*,*,#2516,.T.);
#2514=ORIENTED_EDGE('',*,*,#2517,.T.);
#2515=EDGE_CURVE('',#99,#145,#2518,.F.);
#2516=EDGE_CURVE('',#145,#163,#2519,.T.);
#2517=EDGE_CURVE('',#163,#99,#2520,.T.);
#2518=LINE('',#98,#2521);
#2519=LINE('',#144,#2522);
#2520=LINE('',#162,#2523);
#2521=VECTOR('',#2524,1.0);
#2522=VECTOR('',#2525,1.0);
#2523=VECTOR('',#2526,1.0);
#2524=DIRECTION('',(0.9812279758865545,0,0.19285139184764855));
#2525=DIRECTION('',(-0.729536878689315,0,-0.6839414760286524));
#2526=DIRECTION('',(-0.9986236199331174,0,0.05244869599596154));
#2527=FACE_SURFACE('',(#2532),#2528,.T.);
#2528=PLANE('',#2529);
#2529=AXIS2_PLACEMENT_3D('',#162,#2530,#2531);
#2530=DIRECTION('',(0,1,0));
#2531=DIRECTION('',(0.729536878689315,0,0.6839414760286524));
#2532=FACE_BOUND('',#2533,.T.);
#2533=EDGE_LOOP('',(#2534,#2535,#2536));
#2534=ORIENTED_EDGE('',*,*,#2537,.T.);
#2535=ORIENTED_EDGE('',*,*,#2538,.T.);
#2536=ORIENTED_EDGE('',*,*,#2539,.T.);
#2537=EDGE_CURVE('',#163,#145,#2540,.F.);
#2538=EDGE_CURVE('',#145,#165,#2541,.T.);
#2539=EDGE_CURVE('',#165,#163,#2542,.T.);
#2540=LINE('',#162,#2543);
#2541=LINE('',#144,#2544);
#2542=LINE('',#164,#2545);
#2543=VECTOR('',#2546,1.0);
#2544=VECTOR('',#2547,1.0);
#2545=VECTOR('',#2548,1.0);
#2546=DIRECTION('',(0.729536878689315,0,0.6839414760286524));
#2547=DIRECTION('',(-0.15797026518803525,0,-0.9874438694510296));
#2548=DIRECTION('',(-0.7906002548792503,0,-0.6123326195662488));
#2549=FACE_SURFACE('',(#2554),#2550,.T.);
#2550=PLANE('',#2551);
#2551=AXIS2_PLACEMENT_3D('',#162,#2552,#2553);
#2552=DIRECTION('',(0,1,0));
#2553=DIRECTION('',(0.7906002548792503,0,0.6123326195662488));
#2554=FACE_BOUND('',#2555,.T.);
#2555=EDGE_LOOP('',(#2556,#2557,#2558));
#2556=ORIENTED_EDGE('',*,*,#2559,.T.);
#2557=ORIENTED_EDGE('',*,*,#2560,.T.);
#2558=ORIENTED_EDGE('',*,*,#2561,.T.);
#2559=EDGE_CURVE('',#163,#165,#2562,.F.);
#2560=EDGE_CURVE('',#165,#167,#2563,.T.);
#2561=EDGE_CURVE('',#167,#163,#2564,.T.);
#2562=LINE('',#162,#2565);
#2563=LINE('',#164,#2566);
#2564=LINE('',#166,#2567);
#2565=VECTOR('',#2568,1.0);
#2566=VECTOR('',#2569,1.0);
#2567=VECTOR('',#2570,1.0);
#2568=DIRECTION('',(0.7906002548792503,0,0.6123326195662488));
#2569=DIRECTION('',(-0.3400090518596052,0,-0.9404221629957114));
#2570=DIRECTION('',(-0.8446615265768264,0,-0.5353007617413832));
#2571=FACE_SURFACE('',(#2576),#2572,.T.);
#2572=PLANE('',#2573);
#2573=AXIS2_PLACEMENT_3D('',#166,#2574,#2575);
#2574=DIRECTION('',(0,1,0));
#2575=DIRECTION('',(-0.5100261123660181,0,-0.8601589182847584));
#2576=FACE_BOUND('',#2577,.T.);
#2577=EDGE_LOOP('',(#2578,#2579,#2580));
#2578=ORIENTED_EDGE('',*,*,#2581,.T.);
#2579=ORIENTED_EDGE('',*,*,#2582,.T.);
#2580=ORIENTED_EDGE('',*,*,#2583,.T.);
#2581=EDGE_CURVE('',#167,#169,#2584,.F.);
#2582=EDGE_CURVE('',#169,#163,#2585,.T.);
#2583=EDGE_CURVE('',#163,#167,#2586,.T.);
#2584=LINE('',#166,#2587);
#2585=LINE('',#168,#2588);
#2586=LINE('',#162,#2589);
#2587=VECTOR('',#2590,1.0);
#2588=VECTOR('',#2591,1.0);
#2589=VECTOR('',#2592,1.0);
#2590=DIRECTION('',(-0.5100261123660181,0,-0.8601589182847584));
#2591=DIRECTION('',(-0.8912419747763598,0,-0.45352810540994526));
#2592=DIRECTION('',(0.8446615265768264,0,0.5353007617413832));
#2593=FACE_SURFACE('',(#2598),#2594,.T.);
#2594=PLANE('',#2595);
#2595=AXIS2_PLACEMENT_3D('',#162,#2596,#2597);
#2596=DIRECTION('',(0,1,0));
#2597=DIRECTION('',(0.8912419747763598,0,0.45352810540994526));
#2598=FACE_BOUND('',#2599,.T.);
#2599=EDGE_LOOP('',(#2600,#2601,#2602));
#2600=ORIENTED_EDGE('',*,*,#2603,.T.);
#2601=ORIENTED_EDGE('',*,*,#2604,.T.);
#2602=ORIENTED_EDGE('',*,*,#2605,.T.);
#2603=EDGE_CURVE('',#163,#169,#2606,.F.);
#2604=EDGE_CURVE('',#169,#171,#2607,.T.);
#2605=EDGE_CURVE('',#171,#163,#2608,.T.);
#2606=LINE('',#162,#2609);
#2607=LINE('',#168,#2610);
#2608=LINE('',#170,#2611);
#2609=VECTOR('',#2612,1.0);
#2610=VECTOR('',#2613,1.0);
#2611=VECTOR('',#2614,1.0);
#2612=DIRECTION('',(0.8912419747763598,0,0.45352810540994526));
#2613=DIRECTION('',(-0.6620127823218417,0,-0.7494925456884104));
#2614=DIRECTION('',(-0.9299290976481807,0,-0.3677388657012479));
#2615=FACE_SURFACE('',(#2620),#2616,.T.);
#2616=PLANE('',#2617);
#2617=AXIS2_PLACEMENT_3D('',#162,#2618,#2619);
#2618=DIRECTION('',(0,1,0));
#2619=DIRECTION('',(0.9299290976481807,0,0.3677388657012479));
#2620=FACE_BOUND('',#2621,.T.);
#2621=EDGE_LOOP('',(#2622,#2623,#2624));
#2622=ORIENTED_EDGE('',*,*,#2625,.T.);
#2623=ORIENTED_EDGE('',*,*,#2626,.T.);
#2624=ORIENTED_EDGE('',*,*,#2627,.T.);
#2625=EDGE_CURVE('',#163,#171,#2628,.F.);
#2626=EDGE_CURVE('',#171,#173,#2629,.T.);
#2627=EDGE_CURVE('',#173,#163,#2630,.T.);
#2628=LINE('',#162,#2631);
#2629=LINE('',#170,#2632);
#2630=LINE('',#172,#2633);
#2631=VECTOR('',#2634,1.0);
#2632=VECTOR('',#2635,1.0);
#2633=VECTOR('',#2636,1.0);
#2634=DIRECTION('',(0.9299290976481807,0,0.3677388657012479));
#2635=DIRECTION('',(-0.7905994481467011,0,-0.6123336611604262));
#2636=DIRECTION('',(-0.9603803783147793,0,-0.2786925347905132));
#2637=FACE_SURFACE('',(#2642),#2638,.T.);
#2638=PLANE('',#2639);
#2639=AXIS2_PLACEMENT_3D('',#172,#2640,#2641);
#2640=DIRECTION('',(0,1,0));
#2641=DIRECTION('',(-0.8912411045030245,0,-0.4535298156066799));
#2642=FACE_BOUND('',#2643,.T.);
#2643=EDGE_LOOP('',(#2644,#2645,#2646));
#2644=ORIENTED_EDGE('',*,*,#2647,.T.);
#2645=ORIENTED_EDGE('',*,*,#2648,.T.);
#2646=ORIENTED_EDGE('',*,*,#2649,.T.);
#2647=EDGE_CURVE('',#173,#175,#2650,.F.);
#2648=EDGE_CURVE('',#175,#163,#2651,.T.);
#2649=EDGE_CURVE('',#163,#173,#2652,.T.);
#2650=LINE('',#172,#2653);
#2651=LINE('',#174,#2654);
#2652=LINE('',#162,#2655);
#2653=VECTOR('',#2656,1.0);
#2654=VECTOR('',#2657,1.0);
#2655=VECTOR('',#2658,1.0);
#2656=DIRECTION('',(-0.8912411045030245,0,-0.4535298156066799));
#2657=DIRECTION('',(-0.9823261591245849,0,-0.18717723445852247));
#2658=DIRECTION('',(0.9603803783147793,0,0.2786925347905132));
#2659=FACE_SURFACE('',(#2664),#2660,.T.);
#2660=PLANE('',#2661);
#2661=AXIS2_PLACEMENT_3D('',#162,#2662,#2663);
#2662=DIRECTION('',(0,1,0));
#2663=DIRECTION('',(0.9823261591245849,0,0.18717723445852247));
#2664=FACE_BOUND('',#2665,.T.);
#2665=EDGE_LOOP('',(#2666,#2667,#2668));
#2666=ORIENTED_EDGE('',*,*,#2669,.T.);
#2667=ORIENTED_EDGE('',*,*,#2670,.T.);
#2668=ORIENTED_EDGE('',*,*,#2671,.T.);
#2669=EDGE_CURVE('',#163,#175,#2672,.F.);
#2670=EDGE_CURVE('',#175,#177,#2673,.T.);
#2671=EDGE_CURVE('',#177,#163,#2674,.T.);
#2672=LINE('',#162,#2675);
#2673=LINE('',#174,#2676);
#2674=LINE('',#176,#2677);
#2675=VECTOR('',#2678,1.0);
#2676=VECTOR('',#2679,1.0);
#2677=VECTOR('',#2680,1.0);
#2678=DIRECTION('',(0.9823261591245849,0,0.18717723445852247));
#2679=DIRECTION('',(-0.9603808682925737,0,-0.27869084631110885));
#2680=DIRECTION('',(-0.9955716178711749,0,-0.09400613644529496));
#2681=FACE_SURFACE('',(#2686),#2682,.T.);
#2682=PLANE('',#2683);
#2683=AXIS2_PLACEMENT_3D('',#162,#2684,#2685);
#2684=DIRECTION('',(0,1,0));
#2685=DIRECTION('',(-1,0,0));
#2686=FACE_BOUND('',#2687,.T.);
#2687=EDGE_LOOP('',(#2688,#2689,#2690));
#2688=ORIENTED_EDGE('',*,*,#2691,.T.);
#2689=ORIENTED_EDGE('',*,*,#2692,.T.);
#2690=ORIENTED_EDGE('',*,*,#2693,.T.);
#2691=EDGE_CURVE('',#163,#107,#2694,.F.);
#2692=EDGE_CURVE('',#107,#99,#2695,.T.);
#2693=EDGE_CURVE('',#99,#163,#2696,.T.);
#2694=LINE('',#162,#2697);
#2695=LINE('',#106,#2698);
#2696=LINE('',#98,#2699);
#2697=VECTOR('',#2700,1.0);
#2698=VECTOR('',#2701,1.0);
#2699=VECTOR('',#2702,1.0);
#2700=DIRECTION('',(-1,0,0));
#2701=DIRECTION('',(0,0,1));
#2702=DIRECTION('',(0.9986236199331174,0,-0.05244869599596154));
#2703=FACE_SURFACE('',(#2708),#2704,.T.);
#2704=PLANE('',#2705);
#2705=AXIS2_PLACEMENT_3D('',#96,#2706,#2707);
#2706=DIRECTION('',(0,1,-0));
#2707=DIRECTION('',(-1,0,0));
#2708=FACE_BOUND('',#2709,.T.);
#2709=EDGE_LOOP('',(#2710,#2711,#2712));
#2710=ORIENTED_EDGE('',*,*,#2713,.T.);
#2711=ORIENTED_EDGE('',*,*,#2714,.T.);
#2712=ORIENTED_EDGE('',*,*,#2715,.T.);
#2713=EDGE_CURVE('',#97,#179,#2716,.F.);
#2714=EDGE_CURVE('',#179,#95,#2717,.T.);
#2715=EDGE_CURVE('',#95,#97,#2718,.T.);
#2716=LINE('',#96,#2719);
#2717=LINE('',#178,#2720);
#2718=LINE('',#94,#2721);
#2719=VECTOR('',#2722,1.0);
#2720=VECTOR('',#2723,1.0);
#2721=VECTOR('',#2724,1.0);
#2722=DIRECTION('',(-1,0,0));
#2723=DIRECTION('',(0.9999601426891569,0,0.008928215559724615));
#2724=DIRECTION('',(0,0,-1));
#2725=FACE_SURFACE('',(#2730),#2726,.T.);
#2726=PLANE('',#2727);
#2727=AXIS2_PLACEMENT_3D('',#94,#2728,#2729);
#2728=DIRECTION('',(0,1,0));
#2729=DIRECTION('',(-0.9999601426891569,0,-0.008928215559724615));
#2730=FACE_BOUND('',#2731,.T.);
#2731=EDGE_LOOP('',(#2732,#2733,#2734));
#2732=ORIENTED_EDGE('',*,*,#2735,.T.);
#2733=ORIENTED_EDGE('',*,*,#2736,.T.);
#2734=ORIENTED_EDGE('',*,*,#2737,.T.);
#2735=EDGE_CURVE('',#95,#179,#2738,.F.);
#2736=EDGE_CURVE('',#179,#181,#2739,.T.);
#2737=EDGE_CURVE('',#181,#95,#2740,.T.);
#2738=LINE('',#94,#2741);
#2739=LINE('',#178,#2742);
#2740=LINE('',#180,#2743);
#2741=VECTOR('',#2744,1.0);
#2742=VECTOR('',#2745,1.0);
#2743=VECTOR('',#2746,1.0);
#2744=DIRECTION('',(-0.9999601426891569,0,-0.008928215559724615));
#2745=DIRECTION('',(0,0,1));
#2746=DIRECTION('',(1,0,0));
#2747=FACE_SURFACE('',(#2752),#2748,.T.);
#2748=PLANE('',#2749);
#2749=AXIS2_PLACEMENT_3D('',#94,#2750,#2751);
#2750=DIRECTION('',(0,1,0));
#2751=DIRECTION('',(-1,0,0));
#2752=FACE_BOUND('',#2753,.T.);
#2753=EDGE_LOOP('',(#2754,#2755,#2756));
#2754=ORIENTED_EDGE('',*,*,#2757,.T.);
#2755=ORIENTED_EDGE('',*,*,#2758,.T.);
#2756=ORIENTED_EDGE('',*,*,#2759,.T.);
#2757=EDGE_CURVE('',#95,#181,#2760,.F.);
#2758=EDGE_CURVE('',#181,#183,#2761,.T.);
#2759=EDGE_CURVE('',#183,#95,#2762,.T.);
#2760=LINE('',#94,#2763);
#2761=LINE('',#180,#2764);
#2762=LINE('',#182,#2765);
#2763=VECTOR('',#2766,1.0);
#2764=VECTOR('',#2767,1.0);
#2765=VECTOR('',#2768,1.0);
#2766=DIRECTION('',(-1,0,0));
#2767=DIRECTION('',(-0.23470819626531392,0,0.9720658735939056));
#2768=DIRECTION('',(0.9349194707452376,0,-0.35485994874238047));
#2769=FACE_SURFACE('',(#2774),#2770,.T.);
#2770=PLANE('',#2771);
#2771=AXIS2_PLACEMENT_3D('',#182,#2772,#2773);
#2772=DIRECTION('',(0,1,0));
#2773=DIRECTION('',(0.23470819626531392,0,-0.9720658735939056));
#2774=FACE_BOUND('',#2775,.T.);
#2775=EDGE_LOOP('',(#2776,#2777,#2778));
#2776=ORIENTED_EDGE('',*,*,#2779,.T.);
#2777=ORIENTED_EDGE('',*,*,#2780,.T.);
#2778=ORIENTED_EDGE('',*,*,#2781,.T.);
#2779=EDGE_CURVE('',#183,#181,#2782,.F.);
#2780=EDGE_CURVE('',#181,#185,#2783,.T.);
#2781=EDGE_CURVE('',#185,#183,#2784,.T.);
#2782=LINE('',#182,#2785);
#2783=LINE('',#180,#2786);
#2784=LINE('',#184,#2787);
#2785=VECTOR('',#2788,1.0);
#2786=VECTOR('',#2789,1.0);
#2787=VECTOR('',#2790,1.0);
#2788=DIRECTION('',(0.23470819626531392,0,-0.9720658735939056));
#2789=DIRECTION('',(-1,0,0));
#2790=DIRECTION('',(-0.15411924523381762,0,0.9880522548167978));
#2791=FACE_SURFACE('',(#2796),#2792,.T.);
#2792=PLANE('',#2793);
#2793=AXIS2_PLACEMENT_3D('',#182,#2794,#2795);
#2794=DIRECTION('',(0,1,0));
#2795=DIRECTION('',(0.15411924523381762,0,-0.9880522548167978));
#2796=FACE_BOUND('',#2797,.T.);
#2797=EDGE_LOOP('',(#2798,#2799,#2800));
#2798=ORIENTED_EDGE('',*,*,#2801,.T.);
#2799=ORIENTED_EDGE('',*,*,#2802,.T.);
#2800=ORIENTED_EDGE('',*,*,#2803,.T.);
#2801=EDGE_CURVE('',#183,#185,#2804,.F.);
#2802=EDGE_CURVE('',#185,#187,#2805,.T.);
#2803=EDGE_CURVE('',#187,#183,#2806,.T.);
#2804=LINE('',#182,#2807);
#2805=LINE('',#184,#2808);
#2806=LINE('',#186,#2809);
#2807=VECTOR('',#2810,1.0);
#2808=VECTOR('',#2811,1.0);
#2809=VECTOR('',#2812,1.0);
#2810=DIRECTION('',(0.15411924523381762,0,-0.9880522548167978));
#2811=DIRECTION('',(-0.9946657606133701,0,0.10315049521658093));
#2812=DIRECTION('',(0.40863895155768526,0,0.9126961198941494));
#2813=FACE_SURFACE('',(#2818),#2814,.T.);
#2814=PLANE('',#2815);
#2815=AXIS2_PLACEMENT_3D('',#186,#2816,#2817);
#2816=DIRECTION('',(0,1,0));
#2817=DIRECTION('',(0.9946657606133701,0,-0.10315049521658093));
#2818=FACE_BOUND('',#2819,.T.);
#2819=EDGE_LOOP('',(#2820,#2821,#2822));
#2820=ORIENTED_EDGE('',*,*,#2823,.T.);
#2821=ORIENTED_EDGE('',*,*,#2824,.T.);
#2822=ORIENTED_EDGE('',*,*,#2825,.T.);
#2823=EDGE_CURVE('',#187,#185,#2826,.F.);
#2824=EDGE_CURVE('',#185,#189,#2827,.T.);
#2825=EDGE_CURVE('',#189,#187,#2828,.T.);
#2826=LINE('',#186,#2829);
#2827=LINE('',#184,#2830);
#2828=LINE('',#188,#2831);
#2829=VECTOR('',#2832,1.0);
#2830=VECTOR('',#2833,1.0);
#2831=VECTOR('',#2834,1.0);
#2832=DIRECTION('',(0.9946657606133701,0,-0.10315049521658093));
#2833=DIRECTION('',(-0.9990723385610537,0,-0.04306346853363492));
#2834=DIRECTION('',(-0.7071071361071811,0,0.7071064262657358));
#2835=FACE_SURFACE('',(#2840),#2836,.T.);
#2836=PLANE('',#2837);
#2837=AXIS2_PLACEMENT_3D('',#186,#2838,#2839);
#2838=DIRECTION('',(0,1,0));
#2839=DIRECTION('',(0.7071071361071811,0,-0.7071064262657358));
#2840=FACE_BOUND('',#2841,.T.);
#2841=EDGE_LOOP('',(#2842,#2843,#2844));
#2842=ORIENTED_EDGE('',*,*,#2845,.T.);
#2843=ORIENTED_EDGE('',*,*,#2846,.T.);
#2844=ORIENTED_EDGE('',*,*,#2847,.T.);
#2845=EDGE_CURVE('',#187,#189,#2848,.F.);
#2846=EDGE_CURVE('',#189,#191,#2849,.T.);
#2847=EDGE_CURVE('',#191,#187,#2850,.T.);
#2848=LINE('',#186,#2851);
#2849=LINE('',#188,#2852);
#2850=LINE('',#190,#2853);
#2851=VECTOR('',#2854,1.0);
#2852=VECTOR('',#2855,1.0);
#2853=VECTOR('',#2856,1.0);
#2854=DIRECTION('',(0.7071071361071811,0,-0.7071064262657358));
#2855=DIRECTION('',(-0.7818489586928742,0,0.6234678867358515));
#2856=DIRECTION('',(-0.11179969779340239,0,0.9937307621148215));
#2857=FACE_SURFACE('',(#2862),#2858,.T.);
#2858=PLANE('',#2859);
#2859=AXIS2_PLACEMENT_3D('',#190,#2860,#2861);
#2860=DIRECTION('',(0,1,0));
#2861=DIRECTION('',(0.7818489586928742,0,-0.6234678867358515));
#2862=FACE_BOUND('',#2863,.T.);
#2863=EDGE_LOOP('',(#2864,#2865,#2866));
#2864=ORIENTED_EDGE('',*,*,#2867,.T.);
#2865=ORIENTED_EDGE('',*,*,#2868,.T.);
#2866=ORIENTED_EDGE('',*,*,#2869,.T.);
#2867=EDGE_CURVE('',#191,#189,#2870,.F.);
#2868=EDGE_CURVE('',#189,#193,#2871,.T.);
#2869=EDGE_CURVE('',#193,#191,#2872,.T.);
#2870=LINE('',#190,#2873);
#2871=LINE('',#188,#2874);
#2872=LINE('',#192,#2875);
#2873=VECTOR('',#2876,1.0);
#2874=VECTOR('',#2877,1.0);
#2875=VECTOR('',#2878,1.0);
#2876=DIRECTION('',(0.7818489586928742,0,-0.6234678867358515));
#2877=DIRECTION('',(-0.8467532248777877,0,0.5319858796613559));
#2878=DIRECTION('',(-0.33018089385292376,0,0.9439176750832057));
#2879=FACE_SURFACE('',(#2884),#2880,.T.);
#2880=PLANE('',#2881);
#2881=AXIS2_PLACEMENT_3D('',#192,#2882,#2883);
#2882=DIRECTION('',(0,1,0));
#2883=DIRECTION('',(0.8467532248777877,0,-0.5319858796613559));
#2884=FACE_BOUND('',#2885,.T.);
#2885=EDGE_LOOP('',(#2886,#2887,#2888));
#2886=ORIENTED_EDGE('',*,*,#2889,.T.);
#2887=ORIENTED_EDGE('',*,*,#2890,.T.);
#2888=ORIENTED_EDGE('',*,*,#2891,.T.);
#2889=EDGE_CURVE('',#193,#189,#2892,.F.);
#2890=EDGE_CURVE('',#189,#195,#2893,.T.);
#2891=EDGE_CURVE('',#195,#193,#2894,.T.);
#2892=LINE('',#192,#2895);
#2893=LINE('',#188,#2896);
#2894=LINE('',#194,#2897);
#2895=VECTOR('',#2898,1.0);
#2896=VECTOR('',#2899,1.0);
#2897=VECTOR('',#2900,1.0);
#2898=DIRECTION('',(0.8467532248777877,0,-0.5319858796613559));
#2899=DIRECTION('',(-0.9010045333942727,0,0.4338096711727033));
#2900=DIRECTION('',(-0.5319847994901221,0,0.8467539035112));
#2901=FACE_SURFACE('',(#2906),#2902,.T.);
#2902=PLANE('',#2903);
#2903=AXIS2_PLACEMENT_3D('',#194,#2904,#2905);
#2904=DIRECTION('',(0,1,0));
#2905=DIRECTION('',(0.9010045333942727,0,-0.4338096711727033));
#2906=FACE_BOUND('',#2907,.T.);
#2907=EDGE_LOOP('',(#2908,#2909,#2910));
#2908=ORIENTED_EDGE('',*,*,#2911,.T.);
#2909=ORIENTED_EDGE('',*,*,#2912,.T.);
#2910=ORIENTED_EDGE('',*,*,#2913,.T.);
#2911=EDGE_CURVE('',#195,#189,#2914,.F.);
#2912=EDGE_CURVE('',#189,#197,#2915,.T.);
#2913=EDGE_CURVE('',#197,#195,#2916,.T.);
#2914=LINE('',#194,#2917);
#2915=LINE('',#188,#2918);
#2916=LINE('',#196,#2919);
#2917=VECTOR('',#2920,1.0);
#2918=VECTOR('',#2921,1.0);
#2919=VECTOR('',#2922,1.0);
#2920=DIRECTION('',(0.9010045333942727,0,-0.4338096711727033));
#2921=DIRECTION('',(-0.9439191335889812,0,0.3301767242623667));
#2922=DIRECTION('',(-0.7071090225581143,0,0.7071045398078761));
#2923=FACE_SURFACE('',(#2928),#2924,.T.);
#2924=PLANE('',#2925);
#2925=AXIS2_PLACEMENT_3D('',#196,#2926,#2927);
#2926=DIRECTION('',(0,1,0));
#2927=DIRECTION('',(0.9439191335889812,0,-0.3301767242623667));
#2928=FACE_BOUND('',#2929,.T.);
#2929=EDGE_LOOP('',(#2930,#2931,#2932));
#2930=ORIENTED_EDGE('',*,*,#2933,.T.);
#2931=ORIENTED_EDGE('',*,*,#2934,.T.);
#2932=ORIENTED_EDGE('',*,*,#2935,.T.);
#2933=EDGE_CURVE('',#197,#189,#2936,.F.);
#2934=EDGE_CURVE('',#189,#199,#2937,.T.);
#2935=EDGE_CURVE('',#199,#197,#2938,.T.);
#2936=LINE('',#196,#2939);
#2937=LINE('',#188,#2940);
#2938=LINE('',#198,#2941);
#2939=VECTOR('',#2942,1.0);
#2940=VECTOR('',#2943,1.0);
#2941=VECTOR('',#2944,1.0);
#2942=DIRECTION('',(0.9439191335889812,0,-0.3301767242623667));
#2943=DIRECTION('',(-0.9749579131055669,0,0.22238945045311345));
#2944=DIRECTION('',(-0.8467539035112,0,0.5319847994901221));
#2945=FACE_SURFACE('',(#2950),#2946,.T.);
#2946=PLANE('',#2947);
#2947=AXIS2_PLACEMENT_3D('',#198,#2948,#2949);
#2948=DIRECTION('',(0,1,0));
#2949=DIRECTION('',(0.9749579131055669,0,-0.22238945045311345));
#2950=FACE_BOUND('',#2951,.T.);
#2951=EDGE_LOOP('',(#2952,#2953,#2954));
#2952=ORIENTED_EDGE('',*,*,#2955,.T.);
#2953=ORIENTED_EDGE('',*,*,#2956,.T.);
#2954=ORIENTED_EDGE('',*,*,#2957,.T.);
#2955=EDGE_CURVE('',#199,#189,#2958,.F.);
#2956=EDGE_CURVE('',#189,#201,#2959,.T.);
#2957=EDGE_CURVE('',#201,#199,#2960,.T.);
#2958=LINE('',#198,#2961);
#2959=LINE('',#188,#2962);
#2960=LINE('',#200,#2963);
#2961=VECTOR('',#2964,1.0);
#2962=VECTOR('',#2965,1.0);
#2963=VECTOR('',#2966,1.0);
#2964=DIRECTION('',(0.9749579131055669,0,-0.22238945045311345));
#2965=DIRECTION('',(-0.9937303201121152,0,0.1118036264611885));
#2966=DIRECTION('',(-0.9439185834864393,0,0.3301782969078279));
#2967=FACE_SURFACE('',(#2972),#2968,.T.);
#2968=PLANE('',#2969);
#2969=AXIS2_PLACEMENT_3D('',#184,#2970,#2971);
#2970=DIRECTION('',(0,1,0));
#2971=DIRECTION('',(0,0,-1));
#2972=FACE_BOUND('',#2973,.T.);
#2973=EDGE_LOOP('',(#2974,#2975,#2976));
#2974=ORIENTED_EDGE('',*,*,#2977,.T.);
#2975=ORIENTED_EDGE('',*,*,#2978,.T.);
#2976=ORIENTED_EDGE('',*,*,#2979,.T.);
#2977=EDGE_CURVE('',#185,#203,#2980,.F.);
#2978=EDGE_CURVE('',#203,#189,#2981,.T.);
#2979=EDGE_CURVE('',#189,#185,#2982,.T.);
#2980=LINE('',#184,#2983);
#2981=LINE('',#202,#2984);
#2982=LINE('',#188,#2985);
#2983=VECTOR('',#2986,1.0);
#2984=VECTOR('',#2987,1.0);
#2985=VECTOR('',#2988,1.0);
#2986=DIRECTION('',(0,0,-1));
#2987=DIRECTION('',(-1,0,0));
#2988=DIRECTION('',(0.9990723385610537,0,0.04306346853363492));
#2989=FACE_SURFACE('',(#2994),#2990,.T.);
#2990=PLANE('',#2991);
#2991=AXIS2_PLACEMENT_3D('',#204,#2992,#2993);
#2992=DIRECTION('',(0,1,0));
#2993=DIRECTION('',(0.15367411102322548,0,-0.9881215854343135));
#2994=FACE_BOUND('',#2995,.T.);
#2995=EDGE_LOOP('',(#2996,#2997,#2998));
#2996=ORIENTED_EDGE('',*,*,#2999,.T.);
#2997=ORIENTED_EDGE('',*,*,#3000,.T.);
#2998=ORIENTED_EDGE('',*,*,#3001,.T.);
#2999=EDGE_CURVE('',#205,#207,#3002,.F.);
#3000=EDGE_CURVE('',#207,#187,#3003,.T.);
#3001=EDGE_CURVE('',#187,#205,#3004,.T.);
#3002=LINE('',#204,#3005);
#3003=LINE('',#206,#3006);
#3004=LINE('',#186,#3007);
#3005=VECTOR('',#3008,1.0);
#3006=VECTOR('',#3009,1.0);
#3007=VECTOR('',#3010,1.0);
#3008=DIRECTION('',(0.15367411102322548,0,-0.9881215854343135));
#3009=DIRECTION('',(-0.2416401488765426,0,-0.9703659301783644));
#3010=DIRECTION('',(0.00018869075255870555,0,0.9999999821978999));
#3011=FACE_SURFACE('',(#3016),#3012,.T.);
#3012=PLANE('',#3013);
#3013=AXIS2_PLACEMENT_3D('',#186,#3014,#3015);
#3014=DIRECTION('',(0,1,0));
#3015=DIRECTION('',(0.2416401488765426,0,0.9703659301783644));
#3016=FACE_BOUND('',#3017,.T.);
#3017=EDGE_LOOP('',(#3018,#3019,#3020));
#3018=ORIENTED_EDGE('',*,*,#3021,.T.);
#3019=ORIENTED_EDGE('',*,*,#3022,.T.);
#3020=ORIENTED_EDGE('',*,*,#3023,.T.);
#3021=EDGE_CURVE('',#187,#207,#3024,.F.);
#3022=EDGE_CURVE('',#207,#209,#3025,.T.);
#3023=EDGE_CURVE('',#209,#187,#3026,.T.);
#3024=LINE('',#186,#3027);
#3025=LINE('',#206,#3028);
#3026=LINE('',#208,#3029);
#3027=VECTOR('',#3030,1.0);
#3028=VECTOR('',#3031,1.0);
#3029=VECTOR('',#3032,1.0);
#3030=DIRECTION('',(0.2416401488765426,0,0.9703659301783644));
#3031=DIRECTION('',(0.09801663452237483,0,-0.9951847764897267));
#3032=DIRECTION('',(-0.2503467762799691,0,-0.9681562330565389));
#3033=FACE_SURFACE('',(#3038),#3034,.T.);
#3034=PLANE('',#3035);
#3035=AXIS2_PLACEMENT_3D('',#186,#3036,#3037);
#3036=DIRECTION('',(0,1,0));
#3037=DIRECTION('',(0.2503467762799691,0,0.9681562330565389));
#3038=FACE_BOUND('',#3039,.T.);
#3039=EDGE_LOOP('',(#3040,#3041,#3042));
#3040=ORIENTED_EDGE('',*,*,#3043,.T.);
#3041=ORIENTED_EDGE('',*,*,#3044,.T.);
#3042=ORIENTED_EDGE('',*,*,#3045,.T.);
#3043=EDGE_CURVE('',#187,#209,#3046,.F.);
#3044=EDGE_CURVE('',#209,#211,#3047,.T.);
#3045=EDGE_CURVE('',#211,#187,#3048,.T.);
#3046=LINE('',#186,#3049);
#3047=LINE('',#208,#3050);
#3048=LINE('',#210,#3051);
#3049=VECTOR('',#3052,1.0);
#3050=VECTOR('',#3053,1.0);
#3051=VECTOR('',#3054,1.0);
#3052=DIRECTION('',(0.2503467762799691,0,0.9681562330565389));
#3053=DIRECTION('',(0.2902832882637639,0,-0.9569407570768301));
#3054=DIRECTION('',(-0.26412656986554917,0,-0.9644880274482722));
#3055=FACE_SURFACE('',(#3060),#3056,.T.);
#3056=PLANE('',#3057);
#3057=AXIS2_PLACEMENT_3D('',#212,#3058,#3059);
#3058=DIRECTION('',(-0,1,0));
#3059=DIRECTION('',(0.9985917589965866,0,0.05305185071327085));
#3060=FACE_BOUND('',#3061,.T.);
#3061=EDGE_LOOP('',(#3062,#3063,#3064));
#3062=ORIENTED_EDGE('',*,*,#3065,.T.);
#3063=ORIENTED_EDGE('',*,*,#3066,.T.);
#3064=ORIENTED_EDGE('',*,*,#3067,.T.);
#3065=EDGE_CURVE('',#213,#113,#3068,.F.);
#3066=EDGE_CURVE('',#113,#205,#3069,.T.);
#3067=EDGE_CURVE('',#205,#213,#3070,.T.);
#3068=LINE('',#212,#3071);
#3069=LINE('',#112,#3072);
#3070=LINE('',#204,#3073);
#3071=VECTOR('',#3074,1.0);
#3072=VECTOR('',#3075,1.0);
#3073=VECTOR('',#3076,1.0);
#3074=DIRECTION('',(0.9985917589965866,0,0.05305185071327085));
#3075=DIRECTION('',(-0.9780262569021706,0,-0.2084817517432385));
#3076=DIRECTION('',(0.1023267255437314,0,0.9947508437993395));
#3077=FACE_SURFACE('',(#3082),#3078,.T.);
#3078=PLANE('',#3079);
#3079=AXIS2_PLACEMENT_3D('',#204,#3080,#3081);
#3080=DIRECTION('',(-0,1,0));
#3081=DIRECTION('',(0.9780262569021706,0,0.2084817517432385));
#3082=FACE_BOUND('',#3083,.T.);
#3083=EDGE_LOOP('',(#3084,#3085,#3086));
#3084=ORIENTED_EDGE('',*,*,#3087,.T.);
#3085=ORIENTED_EDGE('',*,*,#3088,.T.);
#3086=ORIENTED_EDGE('',*,*,#3089,.T.);
#3087=EDGE_CURVE('',#205,#113,#3090,.F.);
#3088=EDGE_CURVE('',#113,#215,#3091,.T.);
#3089=EDGE_CURVE('',#215,#205,#3092,.T.);
#3090=LINE('',#204,#3093);
#3091=LINE('',#112,#3094);
#3092=LINE('',#214,#3095);
#3093=VECTOR('',#3096,1.0);
#3094=VECTOR('',#3097,1.0);
#3095=VECTOR('',#3098,1.0);
#3096=DIRECTION('',(0.9780262569021706,0,0.2084817517432385));
#3097=DIRECTION('',(0,0,-1));
#3098=DIRECTION('',(-0.9869729502432603,0,0.1608862812302988));
#3099=FACE_SURFACE('',(#3104),#3100,.T.);
#3100=PLANE('',#3101);
#3101=AXIS2_PLACEMENT_3D('',#204,#3102,#3103);
#3102=DIRECTION('',(0,1,0));
#3103=DIRECTION('',(0.9869729502432603,0,-0.1608862812302988));
#3104=FACE_BOUND('',#3105,.T.);
#3105=EDGE_LOOP('',(#3106,#3107,#3108));
#3106=ORIENTED_EDGE('',*,*,#3109,.T.);
#3107=ORIENTED_EDGE('',*,*,#3110,.T.);
#3108=ORIENTED_EDGE('',*,*,#3111,.T.);
#3109=EDGE_CURVE('',#205,#215,#3112,.F.);
#3110=EDGE_CURVE('',#215,#217,#3113,.T.);
#3111=EDGE_CURVE('',#217,#205,#3114,.T.);
#3112=LINE('',#204,#3115);
#3113=LINE('',#214,#3116);
#3114=LINE('',#216,#3117);
#3115=VECTOR('',#3118,1.0);
#3116=VECTOR('',#3119,1.0);
#3117=VECTOR('',#3120,1.0);
#3118=DIRECTION('',(0.9869729502432603,0,-0.1608862812302988));
#3119=DIRECTION('',(0,0,-1));
#3120=DIRECTION('',(-0.8802049822654711,0,0.4745937096033213));
#3121=FACE_SURFACE('',(#3126),#3122,.T.);
#3122=PLANE('',#3123);
#3123=AXIS2_PLACEMENT_3D('',#216,#3124,#3125);
#3124=DIRECTION('',(0,1,0));
#3125=DIRECTION('',(0,0,1));
#3126=FACE_BOUND('',#3127,.T.);
#3127=EDGE_LOOP('',(#3128,#3129,#3130));
#3128=ORIENTED_EDGE('',*,*,#3131,.T.);
#3129=ORIENTED_EDGE('',*,*,#3132,.T.);
#3130=ORIENTED_EDGE('',*,*,#3133,.T.);
#3131=EDGE_CURVE('',#217,#215,#3134,.F.);
#3132=EDGE_CURVE('',#215,#131,#3135,.T.);
#3133=EDGE_CURVE('',#131,#217,#3136,.T.);
#3134=LINE('',#216,#3137);
#3135=LINE('',#214,#3138);
#3136=LINE('',#130,#3139);
#3137=VECTOR('',#3140,1.0);
#3138=VECTOR('',#3141,1.0);
#3139=VECTOR('',#3142,1.0);
#3140=DIRECTION('',(0,0,1));
#3141=DIRECTION('',(1,0,0));
#3142=DIRECTION('',(-0.9998202545614954,0,-0.018959392621776566));
#3143=FACE_SURFACE('',(#3148),#3144,.T.);
#3144=PLANE('',#3145);
#3145=AXIS2_PLACEMENT_3D('',#216,#3146,#3147);
#3146=DIRECTION('',(0,1,0));
#3147=DIRECTION('',(0.9998202545614954,0,0.018959392621776566));
#3148=FACE_BOUND('',#3149,.T.);
#3149=EDGE_LOOP('',(#3150,#3151,#3152));
#3150=ORIENTED_EDGE('',*,*,#3153,.T.);
#3151=ORIENTED_EDGE('',*,*,#3154,.T.);
#3152=ORIENTED_EDGE('',*,*,#3155,.T.);
#3153=EDGE_CURVE('',#217,#131,#3156,.F.);
#3154=EDGE_CURVE('',#131,#135,#3157,.T.);
#3155=EDGE_CURVE('',#135,#217,#3158,.T.);
#3156=LINE('',#216,#3159);
#3157=LINE('',#130,#3160);
#3158=LINE('',#134,#3161);
#3159=VECTOR('',#3162,1.0);
#3160=VECTOR('',#3163,1.0);
#3161=VECTOR('',#3164,1.0);
#3162=DIRECTION('',(0.9998202545614954,0,0.018959392621776566));
#3163=DIRECTION('',(0,0,-1));
#3164=DIRECTION('',(-1,0,0));
#3165=FACE_SURFACE('',(#3170),#3166,.T.);
#3166=PLANE('',#3167);
#3167=AXIS2_PLACEMENT_3D('',#212,#3168,#3169);
#3168=DIRECTION('',(0,1,0));
#3169=DIRECTION('',(0.30234504002862883,0,0.9531985505497198));
#3170=FACE_BOUND('',#3171,.T.);
#3171=EDGE_LOOP('',(#3172,#3173,#3174));
#3172=ORIENTED_EDGE('',*,*,#3175,.T.);
#3173=ORIENTED_EDGE('',*,*,#3176,.T.);
#3174=ORIENTED_EDGE('',*,*,#3177,.T.);
#3175=EDGE_CURVE('',#213,#219,#3178,.F.);
#3176=EDGE_CURVE('',#219,#113,#3179,.T.);
#3177=EDGE_CURVE('',#113,#213,#3180,.T.);
#3178=LINE('',#212,#3181);
#3179=LINE('',#218,#3182);
#3180=LINE('',#112,#3183);
#3181=VECTOR('',#3184,1.0);
#3182=VECTOR('',#3185,1.0);
#3183=VECTOR('',#3186,1.0);
#3184=DIRECTION('',(0.30234504002862883,0,0.9531985505497198));
#3185=DIRECTION('',(0.9941022583911986,0,-0.10844676049342734));
#3186=DIRECTION('',(-0.9985917589965866,0,-0.05305185071327085));
#3187=FACE_SURFACE('',(#3192),#3188,.T.);
#3188=PLANE('',#3189);
#3189=AXIS2_PLACEMENT_3D('',#112,#3190,#3191);
#3190=DIRECTION('',(0,1,0));
#3191=DIRECTION('',(-0.9941022583911986,0,0.10844676049342734));
#3192=FACE_BOUND('',#3193,.T.);
#3193=EDGE_LOOP('',(#3194,#3195,#3196));
#3194=ORIENTED_EDGE('',*,*,#3197,.T.);
#3195=ORIENTED_EDGE('',*,*,#3198,.T.);
#3196=ORIENTED_EDGE('',*,*,#3199,.T.);
#3197=EDGE_CURVE('',#113,#219,#3200,.F.);
#3198=EDGE_CURVE('',#219,#221,#3201,.T.);
#3199=EDGE_CURVE('',#221,#113,#3202,.T.);
#3200=LINE('',#112,#3203);
#3201=LINE('',#218,#3204);
#3202=LINE('',#220,#3205);
#3203=VECTOR('',#3206,1.0);
#3204=VECTOR('',#3207,1.0);
#3205=VECTOR('',#3208,1.0);
#3206=DIRECTION('',(-0.9941022583911986,0,0.10844676049342734));
#3207=DIRECTION('',(0.4897453722200968,0,0.8718655116409864));
#3208=DIRECTION('',(0.9619346407557486,0,-0.2732796130597905));
#3209=FACE_SURFACE('',(#3214),#3210,.T.);
#3210=PLANE('',#3211);
#3211=AXIS2_PLACEMENT_3D('',#112,#3212,#3213);
#3212=DIRECTION('',(0,1,0));
#3213=DIRECTION('',(-0.9619346407557486,0,0.2732796130597905));
#3214=FACE_BOUND('',#3215,.T.);
#3215=EDGE_LOOP('',(#3216,#3217,#3218));
#3216=ORIENTED_EDGE('',*,*,#3219,.T.);
#3217=ORIENTED_EDGE('',*,*,#3220,.T.);
#3218=ORIENTED_EDGE('',*,*,#3221,.T.);
#3219=EDGE_CURVE('',#113,#221,#3222,.F.);
#3220=EDGE_CURVE('',#221,#223,#3223,.T.);
#3221=EDGE_CURVE('',#223,#113,#3224,.T.);
#3222=LINE('',#112,#3225);
#3223=LINE('',#220,#3226);
#3224=LINE('',#222,#3227);
#3225=VECTOR('',#3228,1.0);
#3226=VECTOR('',#3229,1.0);
#3227=VECTOR('',#3230,1.0);
#3228=DIRECTION('',(-0.9619346407557486,0,0.2732796130597905));
#3229=DIRECTION('',(0.6567019857154117,0,0.7541501852797194));
#3230=DIRECTION('',(0.8989665355134315,0,-0.4380173147570521));
#3231=FACE_SURFACE('',(#3236),#3232,.T.);
#3232=PLANE('',#3233);
#3233=AXIS2_PLACEMENT_3D('',#222,#3234,#3235);
#3234=DIRECTION('',(-0,1,0));
#3235=DIRECTION('',(0.7962524397661312,0,0.6049645048814712));
#3236=FACE_BOUND('',#3237,.T.);
#3237=EDGE_LOOP('',(#3238,#3239,#3240));
#3238=ORIENTED_EDGE('',*,*,#3241,.T.);
#3239=ORIENTED_EDGE('',*,*,#3242,.T.);
#3240=ORIENTED_EDGE('',*,*,#3243,.T.);
#3241=EDGE_CURVE('',#223,#225,#3244,.F.);
#3242=EDGE_CURVE('',#225,#113,#3245,.T.);
#3243=EDGE_CURVE('',#113,#223,#3246,.T.);
#3244=LINE('',#222,#3247);
#3245=LINE('',#224,#3248);
#3246=LINE('',#112,#3249);
#3247=VECTOR('',#3250,1.0);
#3248=VECTOR('',#3251,1.0);
#3249=VECTOR('',#3252,1.0);
#3250=DIRECTION('',(0.7962524397661312,0,0.6049645048814712));
#3251=DIRECTION('',(0.8014576792282607,0,-0.598051493105778));
#3252=DIRECTION('',(-0.8989665355134315,0,0.4380173147570521));
#3253=FACE_SURFACE('',(#3258),#3254,.T.);
#3254=PLANE('',#3255);
#3255=AXIS2_PLACEMENT_3D('',#112,#3256,#3257);
#3256=DIRECTION('',(0,1,0));
#3257=DIRECTION('',(-0.8014576792282607,0,0.598051493105778));
#3258=FACE_BOUND('',#3259,.T.);
#3259=EDGE_LOOP('',(#3260,#3261,#3262));
#3260=ORIENTED_EDGE('',*,*,#3263,.T.);
#3261=ORIENTED_EDGE('',*,*,#3264,.T.);
#3262=ORIENTED_EDGE('',*,*,#3265,.T.);
#3263=EDGE_CURVE('',#113,#225,#3266,.F.);
#3264=EDGE_CURVE('',#225,#227,#3267,.T.);
#3265=EDGE_CURVE('',#227,#113,#3268,.T.);
#3266=LINE('',#112,#3269);
#3267=LINE('',#224,#3270);
#3268=LINE('',#226,#3271);
#3269=VECTOR('',#3272,1.0);
#3270=VECTOR('',#3273,1.0);
#3271=VECTOR('',#3274,1.0);
#3272=DIRECTION('',(-0.8014576792282607,0,0.598051493105778));
#3273=DIRECTION('',(0.902580047836455,0,0.4305220752151308));
#3274=DIRECTION('',(0.6650969369843532,0,-0.7467570317138175));
#3275=FACE_SURFACE('',(#3280),#3276,.T.);
#3276=PLANE('',#3277);
#3277=AXIS2_PLACEMENT_3D('',#112,#3278,#3279);
#3278=DIRECTION('',(0,1,0));
#3279=DIRECTION('',(-0.6650969369843532,0,0.7467570317138175));
#3280=FACE_BOUND('',#3281,.T.);
#3281=EDGE_LOOP('',(#3282,#3283,#3284));
#3282=ORIENTED_EDGE('',*,*,#3285,.T.);
#3283=ORIENTED_EDGE('',*,*,#3286,.T.);
#3284=ORIENTED_EDGE('',*,*,#3287,.T.);
#3285=EDGE_CURVE('',#113,#227,#3288,.F.);
#3286=EDGE_CURVE('',#227,#229,#3289,.T.);
#3287=EDGE_CURVE('',#229,#113,#3290,.T.);
#3288=LINE('',#112,#3291);
#3289=LINE('',#226,#3292);
#3290=LINE('',#228,#3293);
#3291=VECTOR('',#3294,1.0);
#3292=VECTOR('',#3295,1.0);
#3293=VECTOR('',#3296,1.0);
#3294=DIRECTION('',(-0.6650969369843532,0,0.7467570317138175));
#3295=DIRECTION('',(0.9712342028285884,0,0.23812627586202326));
#3296=DIRECTION('',(0.48554885355398736,0,-0.8742095348441405));
#3297=FACE_SURFACE('',(#3302),#3298,.T.);
#3298=PLANE('',#3299);
#3299=AXIS2_PLACEMENT_3D('',#228,#3300,#3301);
#3300=DIRECTION('',(-0,1,0));
#3301=DIRECTION('',(0.9993595277291598,0,0.03578455444672753));
#3302=FACE_BOUND('',#3303,.T.);
#3303=EDGE_LOOP('',(#3304,#3305,#3306));
#3304=ORIENTED_EDGE('',*,*,#3307,.T.);
#3305=ORIENTED_EDGE('',*,*,#3308,.T.);
#3306=ORIENTED_EDGE('',*,*,#3309,.T.);
#3307=EDGE_CURVE('',#229,#115,#3310,.F.);
#3308=EDGE_CURVE('',#115,#113,#3311,.T.);
#3309=EDGE_CURVE('',#113,#229,#3312,.T.);
#3310=LINE('',#228,#3313);
#3311=LINE('',#114,#3314);
#3312=LINE('',#112,#3315);
#3313=VECTOR('',#3316,1.0);
#3314=VECTOR('',#3317,1.0);
#3315=VECTOR('',#3318,1.0);
#3316=DIRECTION('',(0.9993595277291598,0,0.03578455444672753));
#3317=DIRECTION('',(0.2602745635619434,0,-0.9655346454491626));
#3318=DIRECTION('',(-0.48554885355398736,0,0.8742095348441405));
#3319=FACE_SURFACE('',(#3324),#3320,.T.);
#3320=PLANE('',#3321);
#3321=AXIS2_PLACEMENT_3D('',#86,#3322,#3323);
#3322=DIRECTION('',(0,1,0));
#3323=DIRECTION('',(0.9999999509485321,0,-0.0003132138779818229));
#3324=FACE_BOUND('',#3325,.T.);
#3325=EDGE_LOOP('',(#3326,#3327,#3328));
#3326=ORIENTED_EDGE('',*,*,#3329,.T.);
#3327=ORIENTED_EDGE('',*,*,#3330,.T.);
#3328=ORIENTED_EDGE('',*,*,#3331,.T.);
#3329=EDGE_CURVE('',#87,#55,#3332,.F.);
#3330=EDGE_CURVE('',#55,#81,#3333,.T.);
#3331=EDGE_CURVE('',#81,#87,#3334,.T.);
#3332=LINE('',#86,#3335);
#3333=LINE('',#54,#3336);
#3334=LINE('',#80,#3337);
#3335=VECTOR('',#3338,1.0);
#3336=VECTOR('',#3339,1.0);
#3337=VECTOR('',#3340,1.0);
#3338=DIRECTION('',(0.9999999509485321,0,-0.0003132138779818229));
#3339=DIRECTION('',(-0.9999634708699621,0,-0.008547334420664843));
#3340=DIRECTION('',(0,0,1));
#3341=FACE_SURFACE('',(#3346),#3342,.T.);
#3342=PLANE('',#3343);
#3343=AXIS2_PLACEMENT_3D('',#80,#3344,#3345);
#3344=DIRECTION('',(0,1,0));
#3345=DIRECTION('',(0.9999634708699621,0,0.008547334420664843));
#3346=FACE_BOUND('',#3347,.T.);
#3347=EDGE_LOOP('',(#3348,#3349,#3350));
#3348=ORIENTED_EDGE('',*,*,#3351,.T.);
#3349=ORIENTED_EDGE('',*,*,#3352,.T.);
#3350=ORIENTED_EDGE('',*,*,#3353,.T.);
#3351=EDGE_CURVE('',#81,#55,#3354,.F.);
#3352=EDGE_CURVE('',#55,#53,#3355,.T.);
#3353=EDGE_CURVE('',#53,#81,#3356,.T.);
#3354=LINE('',#80,#3357);
#3355=LINE('',#54,#3358);
#3356=LINE('',#52,#3359);
#3357=VECTOR('',#3360,1.0);
#3358=VECTOR('',#3361,1.0);
#3359=VECTOR('',#3362,1.0);
#3360=DIRECTION('',(0.9999634708699621,0,0.008547334420664843));
#3361=DIRECTION('',(0,0,-1));
#3362=DIRECTION('',(-1,0,0));
#3363=FACE_SURFACE('',(#3368),#3364,.T.);
#3364=PLANE('',#3365);
#3365=AXIS2_PLACEMENT_3D('',#216,#3366,#3367);
#3366=DIRECTION('',(0,1,0));
#3367=DIRECTION('',(0,0,-1));
#3368=FACE_BOUND('',#3369,.T.);
#3369=EDGE_LOOP('',(#3370,#3371,#3372));
#3370=ORIENTED_EDGE('',*,*,#3373,.T.);
#3371=ORIENTED_EDGE('',*,*,#3374,.T.);
#3372=ORIENTED_EDGE('',*,*,#3375,.T.);
#3373=EDGE_CURVE('',#217,#231,#3376,.F.);
#3374=EDGE_CURVE('',#231,#205,#3377,.T.);
#3375=EDGE_CURVE('',#205,#217,#3378,.T.);
#3376=LINE('',#216,#3379);
#3377=LINE('',#230,#3380);
#3378=LINE('',#204,#3381);
#3379=VECTOR('',#3382,1.0);
#3380=VECTOR('',#3383,1.0);
#3381=VECTOR('',#3384,1.0);
#3382=DIRECTION('',(0,0,-1));
#3383=DIRECTION('',(-0.7376336672954403,0,0.6752011351236603));
#3384=DIRECTION('',(0.8802049822654711,0,-0.4745937096033213));
#3385=FACE_SURFACE('',(#3390),#3386,.T.);
#3386=PLANE('',#3387);
#3387=AXIS2_PLACEMENT_3D('',#204,#3388,#3389);
#3388=DIRECTION('',(0,1,0));
#3389=DIRECTION('',(0.7376336672954403,0,-0.6752011351236603));
#3390=FACE_BOUND('',#3391,.T.);
#3391=EDGE_LOOP('',(#3392,#3393,#3394));
#3392=ORIENTED_EDGE('',*,*,#3395,.T.);
#3393=ORIENTED_EDGE('',*,*,#3396,.T.);
#3394=ORIENTED_EDGE('',*,*,#3397,.T.);
#3395=EDGE_CURVE('',#205,#231,#3398,.F.);
#3396=EDGE_CURVE('',#231,#233,#3399,.T.);
#3397=EDGE_CURVE('',#233,#205,#3400,.T.);
#3398=LINE('',#204,#3401);
#3399=LINE('',#230,#3402);
#3400=LINE('',#232,#3403);
#3401=VECTOR('',#3404,1.0);
#3402=VECTOR('',#3405,1.0);
#3403=VECTOR('',#3406,1.0);
#3404=DIRECTION('',(0.7376336672954403,0,-0.6752011351236603));
#3405=DIRECTION('',(0.43272874972117686,0,-0.9015241700391328));
#3406=DIRECTION('',(-0.5956660751414259,0,0.803232174981561));
#3407=FACE_SURFACE('',(#3412),#3408,.T.);
#3408=PLANE('',#3409);
#3409=AXIS2_PLACEMENT_3D('',#204,#3410,#3411);
#3410=DIRECTION('',(0,1,0));
#3411=DIRECTION('',(0.5956660751414259,0,-0.803232174981561));
#3412=FACE_BOUND('',#3413,.T.);
#3413=EDGE_LOOP('',(#3414,#3415,#3416));
#3414=ORIENTED_EDGE('',*,*,#3417,.T.);
#3415=ORIENTED_EDGE('',*,*,#3418,.T.);
#3416=ORIENTED_EDGE('',*,*,#3419,.T.);
#3417=EDGE_CURVE('',#205,#233,#3420,.F.);
#3418=EDGE_CURVE('',#233,#207,#3421,.T.);
#3419=EDGE_CURVE('',#207,#205,#3422,.T.);
#3420=LINE('',#204,#3423);
#3421=LINE('',#232,#3424);
#3422=LINE('',#206,#3425);
#3423=VECTOR('',#3426,1.0);
#3424=VECTOR('',#3427,1.0);
#3425=VECTOR('',#3428,1.0);
#3426=DIRECTION('',(0.5956660751414259,0,-0.803232174981561));
#3427=DIRECTION('',(0,0,-1));
#3428=DIRECTION('',(-0.15367411102322548,0,0.9881215854343135));
#3429=FACE_SURFACE('',(#3434),#3430,.T.);
#3430=PLANE('',#3431);
#3431=AXIS2_PLACEMENT_3D('',#136,#3432,#3433);
#3432=DIRECTION('',(0,1,0));
#3433=DIRECTION('',(-0.9998173404628478,0,-0.019112449079016144));
#3434=FACE_BOUND('',#3435,.T.);
#3435=EDGE_LOOP('',(#3436,#3437,#3438));
#3436=ORIENTED_EDGE('',*,*,#3439,.T.);
#3437=ORIENTED_EDGE('',*,*,#3440,.T.);
#3438=ORIENTED_EDGE('',*,*,#3441,.T.);
#3439=EDGE_CURVE('',#137,#235,#3442,.F.);
#3440=EDGE_CURVE('',#235,#231,#3443,.T.);
#3441=EDGE_CURVE('',#231,#137,#3444,.T.);
#3442=LINE('',#136,#3445);
#3443=LINE('',#234,#3446);
#3444=LINE('',#230,#3447);
#3445=VECTOR('',#3448,1.0);
#3446=VECTOR('',#3449,1.0);
#3447=VECTOR('',#3450,1.0);
#3448=DIRECTION('',(-0.9998173404628478,0,-0.019112449079016144));
#3449=DIRECTION('',(-0.972483387547712,0,0.23297223213019744));
#3450=DIRECTION('',(1,0,0));
#3451=FACE_SURFACE('',(#3456),#3452,.T.);
#3452=PLANE('',#3453);
#3453=AXIS2_PLACEMENT_3D('',#230,#3454,#3455);
#3454=DIRECTION('',(0,1,0));
#3455=DIRECTION('',(0.972483387547712,0,-0.23297223213019744));
#3456=FACE_BOUND('',#3457,.T.);
#3457=EDGE_LOOP('',(#3458,#3459,#3460));
#3458=ORIENTED_EDGE('',*,*,#3461,.T.);
#3459=ORIENTED_EDGE('',*,*,#3462,.T.);
#3460=ORIENTED_EDGE('',*,*,#3463,.T.);
#3461=EDGE_CURVE('',#231,#235,#3464,.F.);
#3462=EDGE_CURVE('',#235,#237,#3465,.T.);
#3463=EDGE_CURVE('',#237,#231,#3466,.T.);
#3464=LINE('',#230,#3467);
#3465=LINE('',#234,#3468);
#3466=LINE('',#236,#3469);
#3467=VECTOR('',#3470,1.0);
#3468=VECTOR('',#3471,1.0);
#3469=VECTOR('',#3472,1.0);
#3470=DIRECTION('',(0.972483387547712,0,-0.23297223213019744));
#3471=DIRECTION('',(-0.9951846533445486,0,-0.09801788483481136));
#3472=DIRECTION('',(-0.9619051483709059,0,0.27338340391754834));
#3473=FACE_SURFACE('',(#3478),#3474,.T.);
#3474=PLANE('',#3475);
#3475=AXIS2_PLACEMENT_3D('',#230,#3476,#3477);
#3476=DIRECTION('',(0,1,0));
#3477=DIRECTION('',(0.9619051483709059,0,-0.27338340391754834));
#3478=FACE_BOUND('',#3479,.T.);
#3479=EDGE_LOOP('',(#3480,#3481,#3482));
#3480=ORIENTED_EDGE('',*,*,#3483,.T.);
#3481=ORIENTED_EDGE('',*,*,#3484,.T.);
#3482=ORIENTED_EDGE('',*,*,#3485,.T.);
#3483=EDGE_CURVE('',#231,#237,#3486,.F.);
#3484=EDGE_CURVE('',#237,#239,#3487,.T.);
#3485=EDGE_CURVE('',#239,#231,#3488,.T.);
#3486=LINE('',#230,#3489);
#3487=LINE('',#236,#3490);
#3488=LINE('',#238,#3491);
#3489=VECTOR('',#3492,1.0);
#3490=VECTOR('',#3493,1.0);
#3491=VECTOR('',#3494,1.0);
#3492=DIRECTION('',(0.9619051483709059,0,-0.27338340391754834));
#3493=DIRECTION('',(-0.9569404618047701,0,-0.29028426164860105));
#3494=DIRECTION('',(-0.9379597082677947,0,0.34674426551306264));
#3495=FACE_SURFACE('',(#3500),#3496,.T.);
#3496=PLANE('',#3497);
#3497=AXIS2_PLACEMENT_3D('',#238,#3498,#3499);
#3498=DIRECTION('',(0,1,0));
#3499=DIRECTION('',(-0.8819201567144915,0,-0.4713988090573487));
#3500=FACE_BOUND('',#3501,.T.);
#3501=EDGE_LOOP('',(#3502,#3503,#3504));
#3502=ORIENTED_EDGE('',*,*,#3505,.T.);
#3503=ORIENTED_EDGE('',*,*,#3506,.T.);
#3504=ORIENTED_EDGE('',*,*,#3507,.T.);
#3505=EDGE_CURVE('',#239,#241,#3508,.F.);
#3506=EDGE_CURVE('',#241,#231,#3509,.T.);
#3507=EDGE_CURVE('',#231,#239,#3510,.T.);
#3508=LINE('',#238,#3511);
#3509=LINE('',#240,#3512);
#3510=LINE('',#230,#3513);
#3511=VECTOR('',#3514,1.0);
#3512=VECTOR('',#3515,1.0);
#3513=VECTOR('',#3516,1.0);
#3514=DIRECTION('',(-0.8819201567144915,0,-0.4713988090573487));
#3515=DIRECTION('',(-0.8909568399772725,0,0.4540879973063732));
#3516=DIRECTION('',(0.9379597082677947,0,-0.34674426551306264));
#3517=FACE_SURFACE('',(#3522),#3518,.T.);
#3518=PLANE('',#3519);
#3519=AXIS2_PLACEMENT_3D('',#230,#3520,#3521);
#3520=DIRECTION('',(0,1,0));
#3521=DIRECTION('',(0.8909568399772725,0,-0.4540879973063732));
#3522=FACE_BOUND('',#3523,.T.);
#3523=EDGE_LOOP('',(#3524,#3525,#3526));
#3524=ORIENTED_EDGE('',*,*,#3527,.T.);
#3525=ORIENTED_EDGE('',*,*,#3528,.T.);
#3526=ORIENTED_EDGE('',*,*,#3529,.T.);
#3527=EDGE_CURVE('',#231,#241,#3530,.F.);
#3528=EDGE_CURVE('',#241,#243,#3531,.T.);
#3529=EDGE_CURVE('',#243,#231,#3532,.T.);
#3530=LINE('',#230,#3533);
#3531=LINE('',#240,#3534);
#3532=LINE('',#242,#3535);
#3533=VECTOR('',#3536,1.0);
#3534=VECTOR('',#3537,1.0);
#3535=VECTOR('',#3538,1.0);
#3536=DIRECTION('',(0.8909568399772725,0,-0.4540879973063732));
#3537=DIRECTION('',(-0.7730120491012868,0,-0.6343913397456097));
#3538=DIRECTION('',(-0.8121002339234181,0,0.5835179603590018));
#3539=FACE_SURFACE('',(#3544),#3540,.T.);
#3540=PLANE('',#3541);
#3541=AXIS2_PLACEMENT_3D('',#230,#3542,#3543);
#3542=DIRECTION('',(0,1,0));
#3543=DIRECTION('',(0.8121002339234181,0,-0.5835179603590018));
#3544=FACE_BOUND('',#3545,.T.);
#3545=EDGE_LOOP('',(#3546,#3547,#3548));
#3546=ORIENTED_EDGE('',*,*,#3549,.T.);
#3547=ORIENTED_EDGE('',*,*,#3550,.T.);
#3548=ORIENTED_EDGE('',*,*,#3551,.T.);
#3549=EDGE_CURVE('',#231,#243,#3552,.F.);
#3550=EDGE_CURVE('',#243,#245,#3553,.T.);
#3551=EDGE_CURVE('',#245,#231,#3554,.T.);
#3552=LINE('',#230,#3555);
#3553=LINE('',#242,#3556);
#3554=LINE('',#244,#3557);
#3555=VECTOR('',#3558,1.0);
#3556=VECTOR('',#3559,1.0);
#3557=VECTOR('',#3560,1.0);
#3558=DIRECTION('',(0.8121002339234181,0,-0.5835179603590018));
#3559=DIRECTION('',(-0.6343943680141074,0,-0.7730095638683787));
#3560=DIRECTION('',(-0.7053315404728304,0,0.7088775761823928));
#3561=FACE_SURFACE('',(#3566),#3562,.T.);
#3562=PLANE('',#3563);
#3563=AXIS2_PLACEMENT_3D('',#244,#3564,#3565);
#3564=DIRECTION('',(0,1,0));
#3565=DIRECTION('',(-0.4713933219690623,0,-0.8819230896189145));
#3566=FACE_BOUND('',#3567,.T.);
#3567=EDGE_LOOP('',(#3568,#3569,#3570));
#3568=ORIENTED_EDGE('',*,*,#3571,.T.);
#3569=ORIENTED_EDGE('',*,*,#3572,.T.);
#3570=ORIENTED_EDGE('',*,*,#3573,.T.);
#3571=EDGE_CURVE('',#245,#247,#3574,.F.);
#3572=EDGE_CURVE('',#247,#231,#3575,.T.);
#3573=EDGE_CURVE('',#231,#245,#3576,.T.);
#3574=LINE('',#244,#3577);
#3575=LINE('',#246,#3578);
#3576=LINE('',#230,#3579);
#3577=VECTOR('',#3580,1.0);
#3578=VECTOR('',#3581,1.0);
#3579=VECTOR('',#3582,1.0);
#3580=DIRECTION('',(-0.4713933219690623,0,-0.8819230896189145));
#3581=DIRECTION('',(-0.5923544699345348,0,0.8056774676932303));
#3582=DIRECTION('',(0.7053315404728304,0,-0.7088775761823928));
#3583=FACE_SURFACE('',(#3588),#3584,.T.);
#3584=PLANE('',#3585);
#3585=AXIS2_PLACEMENT_3D('',#230,#3586,#3587);
#3586=DIRECTION('',(0,1,0));
#3587=DIRECTION('',(0.5923544699345348,0,-0.8056774676932303));
#3588=FACE_BOUND('',#3589,.T.);
#3589=EDGE_LOOP('',(#3590,#3591,#3592));
#3590=ORIENTED_EDGE('',*,*,#3593,.T.);
#3591=ORIENTED_EDGE('',*,*,#3594,.T.);
#3592=ORIENTED_EDGE('',*,*,#3595,.T.);
#3593=EDGE_CURVE('',#231,#247,#3596,.F.);
#3594=EDGE_CURVE('',#247,#249,#3597,.T.);
#3595=EDGE_CURVE('',#249,#231,#3598,.T.);
#3596=LINE('',#230,#3599);
#3597=LINE('',#246,#3600);
#3598=LINE('',#248,#3601);
#3599=VECTOR('',#3602,1.0);
#3600=VECTOR('',#3603,1.0);
#3601=VECTOR('',#3604,1.0);
#3602=DIRECTION('',(0.5923544699345348,0,-0.8056774676932303));
#3603=DIRECTION('',(-0.29028426164860105,0,-0.9569404618047701));
#3604=DIRECTION('',(-0.49756660852065826,0,0.8674257720896066));
#3605=FACE_SURFACE('',(#3610),#3606,.T.);
#3606=PLANE('',#3607);
#3607=AXIS2_PLACEMENT_3D('',#230,#3608,#3609);
#3608=DIRECTION('',(0,1,0));
#3609=DIRECTION('',(0.49756660852065826,0,-0.8674257720896066));
#3610=FACE_BOUND('',#3611,.T.);
#3611=EDGE_LOOP('',(#3612,#3613,#3614));
#3612=ORIENTED_EDGE('',*,*,#3615,.T.);
#3613=ORIENTED_EDGE('',*,*,#3616,.T.);
#3614=ORIENTED_EDGE('',*,*,#3617,.T.);
#3615=EDGE_CURVE('',#231,#249,#3618,.F.);
#3616=EDGE_CURVE('',#249,#233,#3619,.T.);
#3617=EDGE_CURVE('',#233,#231,#3620,.T.);
#3618=LINE('',#230,#3621);
#3619=LINE('',#248,#3622);
#3620=LINE('',#232,#3623);
#3621=VECTOR('',#3624,1.0);
#3622=VECTOR('',#3625,1.0);
#3623=VECTOR('',#3626,1.0);
#3624=DIRECTION('',(0.49756660852065826,0,-0.8674257720896066));
#3625=DIRECTION('',(-0.09801815635377069,0,-0.9951846266020229));
#3626=DIRECTION('',(-0.43272874972117686,0,0.9015241700391328));
#3627=FACE_SURFACE('',(#3632),#3628,.T.);
#3628=PLANE('',#3629);
#3629=AXIS2_PLACEMENT_3D('',#210,#3630,#3631);
#3630=DIRECTION('',(0,1,0));
#3631=DIRECTION('',(0.47139704793260395,0,-0.8819210980583388));
#3632=FACE_BOUND('',#3633,.T.);
#3633=EDGE_LOOP('',(#3634,#3635,#3636));
#3634=ORIENTED_EDGE('',*,*,#3637,.T.);
#3635=ORIENTED_EDGE('',*,*,#3638,.T.);
#3636=ORIENTED_EDGE('',*,*,#3639,.T.);
#3637=EDGE_CURVE('',#211,#251,#3640,.F.);
#3638=EDGE_CURVE('',#251,#187,#3641,.T.);
#3639=EDGE_CURVE('',#187,#211,#3642,.T.);
#3640=LINE('',#210,#3643);
#3641=LINE('',#250,#3644);
#3642=LINE('',#186,#3645);
#3643=VECTOR('',#3646,1.0);
#3644=VECTOR('',#3647,1.0);
#3645=VECTOR('',#3648,1.0);
#3646=DIRECTION('',(0.47139704793260395,0,-0.8819210980583388));
#3647=DIRECTION('',(-0.2826072827469926,0,-0.9592356976981004));
#3648=DIRECTION('',(0.26412656986554917,0,0.9644880274482722));
#3649=FACE_SURFACE('',(#3654),#3650,.T.);
#3650=PLANE('',#3651);
#3651=AXIS2_PLACEMENT_3D('',#186,#3652,#3653);
#3652=DIRECTION('',(0,1,0));
#3653=DIRECTION('',(0.2826072827469926,0,0.9592356976981004));
#3654=FACE_BOUND('',#3655,.T.);
#3655=EDGE_LOOP('',(#3656,#3657,#3658));
#3656=ORIENTED_EDGE('',*,*,#3659,.T.);
#3657=ORIENTED_EDGE('',*,*,#3660,.T.);
#3658=ORIENTED_EDGE('',*,*,#3661,.T.);
#3659=EDGE_CURVE('',#187,#251,#3662,.F.);
#3660=EDGE_CURVE('',#251,#253,#3663,.T.);
#3661=EDGE_CURVE('',#253,#187,#3664,.T.);
#3662=LINE('',#186,#3665);
#3663=LINE('',#250,#3666);
#3664=LINE('',#252,#3667);
#3665=VECTOR('',#3668,1.0);
#3666=VECTOR('',#3669,1.0);
#3667=VECTOR('',#3670,1.0);
#3668=DIRECTION('',(0.2826072827469926,0,0.9592356976981004));
#3669=DIRECTION('',(0.6343933306009902,0,-0.7730104152525907));
#3670=DIRECTION('',(-0.30504155250880116,0,-0.9523390421709175));
#3671=FACE_SURFACE('',(#3676),#3672,.T.);
#3672=PLANE('',#3673);
#3673=AXIS2_PLACEMENT_3D('',#186,#3674,#3675);
#3674=DIRECTION('',(0,1,0));
#3675=DIRECTION('',(0.30504155250880116,0,0.9523390421709175));
#3676=FACE_BOUND('',#3677,.T.);
#3677=EDGE_LOOP('',(#3678,#3679,#3680));
#3678=ORIENTED_EDGE('',*,*,#3681,.T.);
#3679=ORIENTED_EDGE('',*,*,#3682,.T.);
#3680=ORIENTED_EDGE('',*,*,#3683,.T.);
#3681=EDGE_CURVE('',#187,#253,#3684,.F.);
#3682=EDGE_CURVE('',#253,#255,#3685,.T.);
#3683=EDGE_CURVE('',#255,#187,#3686,.T.);
#3684=LINE('',#186,#3687);
#3685=LINE('',#252,#3688);
#3686=LINE('',#254,#3689);
#3687=VECTOR('',#3690,1.0);
#3688=VECTOR('',#3691,1.0);
#3689=VECTOR('',#3692,1.0);
#3690=DIRECTION('',(0.30504155250880116,0,0.9523390421709175));
#3691=DIRECTION('',(0.7730107560636341,0,-0.6343929153213558));
#3692=DIRECTION('',(-0.33031522662502555,0,-0.9438706749654097));
#3693=FACE_SURFACE('',(#3698),#3694,.T.);
#3694=PLANE('',#3695);
#3695=AXIS2_PLACEMENT_3D('',#254,#3696,#3697);
#3696=DIRECTION('',(0,1,0));
#3697=DIRECTION('',(0.8819214069264539,0,-0.4713964700810391));
#3698=FACE_BOUND('',#3699,.T.);
#3699=EDGE_LOOP('',(#3700,#3701,#3702));
#3700=ORIENTED_EDGE('',*,*,#3703,.T.);
#3701=ORIENTED_EDGE('',*,*,#3704,.T.);
#3702=ORIENTED_EDGE('',*,*,#3705,.T.);
#3703=EDGE_CURVE('',#255,#257,#3706,.F.);
#3704=EDGE_CURVE('',#257,#187,#3707,.T.);
#3705=EDGE_CURVE('',#187,#255,#3708,.T.);
#3706=LINE('',#254,#3709);
#3707=LINE('',#256,#3710);
#3708=LINE('',#186,#3711);
#3709=VECTOR('',#3712,1.0);
#3710=VECTOR('',#3713,1.0);
#3711=VECTOR('',#3714,1.0);
#3712=DIRECTION('',(0.8819214069264539,0,-0.4713964700810391));
#3713=DIRECTION('',(-0.3570268147430769,0,-0.9340941352746053));
#3714=DIRECTION('',(0.33031522662502555,0,0.9438706749654097));
#3715=FACE_SURFACE('',(#3720),#3716,.T.);
#3716=PLANE('',#3717);
#3717=AXIS2_PLACEMENT_3D('',#186,#3718,#3719);
#3718=DIRECTION('',(0,1,0));
#3719=DIRECTION('',(0.3570268147430769,0,0.9340941352746053));
#3720=FACE_BOUND('',#3721,.T.);
#3721=EDGE_LOOP('',(#3722,#3723,#3724));
#3722=ORIENTED_EDGE('',*,*,#3725,.T.);
#3723=ORIENTED_EDGE('',*,*,#3726,.T.);
#3724=ORIENTED_EDGE('',*,*,#3727,.T.);
#3725=EDGE_CURVE('',#187,#257,#3728,.F.);
#3726=EDGE_CURVE('',#257,#259,#3729,.T.);
#3727=EDGE_CURVE('',#259,#187,#3730,.T.);
#3728=LINE('',#186,#3731);
#3729=LINE('',#256,#3732);
#3730=LINE('',#258,#3733);
#3731=VECTOR('',#3734,1.0);
#3732=VECTOR('',#3735,1.0);
#3733=VECTOR('',#3736,1.0);
#3734=DIRECTION('',(0.3570268147430769,0,0.9340941352746053));
#3735=DIRECTION('',(0.9569403709696352,0,-0.2902845610922095));
#3736=DIRECTION('',(-0.38363445138106445,0,-0.9234850338330067));
#3737=FACE_SURFACE('',(#3742),#3738,.T.);
#3738=PLANE('',#3739);
#3739=AXIS2_PLACEMENT_3D('',#186,#3740,#3741);
#3740=DIRECTION('',(0,1,0));
#3741=DIRECTION('',(0.38363445138106445,0,0.9234850338330067));
#3742=FACE_BOUND('',#3743,.T.);
#3743=EDGE_LOOP('',(#3744,#3745,#3746));
#3744=ORIENTED_EDGE('',*,*,#3747,.T.);
#3745=ORIENTED_EDGE('',*,*,#3748,.T.);
#3746=ORIENTED_EDGE('',*,*,#3749,.T.);
#3747=EDGE_CURVE('',#187,#259,#3750,.F.);
#3748=EDGE_CURVE('',#259,#183,#3751,.T.);
#3749=EDGE_CURVE('',#183,#187,#3752,.T.);
#3750=LINE('',#186,#3753);
#3751=LINE('',#258,#3754);
#3752=LINE('',#182,#3755);
#3753=VECTOR('',#3756,1.0);
#3754=VECTOR('',#3757,1.0);
#3755=VECTOR('',#3758,1.0);
#3756=DIRECTION('',(0.38363445138106445,0,0.9234850338330067));
#3757=DIRECTION('',(0.995184763136068,0,-0.09801677010495939));
#3758=DIRECTION('',(-0.40863895155768526,0,-0.9126961198941494));
#3759=FACE_SURFACE('',(#3764),#3760,.T.);
#3760=PLANE('',#3761);
#3761=AXIS2_PLACEMENT_3D('',#182,#3762,#3763);
#3762=DIRECTION('',(-0,1,0));
#3763=DIRECTION('',(1,0,0));
#3764=FACE_BOUND('',#3765,.T.);
#3765=EDGE_LOOP('',(#3766,#3767,#3768));
#3766=ORIENTED_EDGE('',*,*,#3769,.T.);
#3767=ORIENTED_EDGE('',*,*,#3770,.T.);
#3768=ORIENTED_EDGE('',*,*,#3771,.T.);
#3769=EDGE_CURVE('',#183,#161,#3772,.F.);
#3770=EDGE_CURVE('',#161,#95,#3773,.T.);
#3771=EDGE_CURVE('',#95,#183,#3774,.T.);
#3772=LINE('',#182,#3775);
#3773=LINE('',#160,#3776);
#3774=LINE('',#94,#3777);
#3775=VECTOR('',#3778,1.0);
#3776=VECTOR('',#3779,1.0);
#3777=VECTOR('',#3780,1.0);
#3778=DIRECTION('',(1,0,0));
#3779=DIRECTION('',(-0.24279736641062868,0,-0.9700770272839487));
#3780=DIRECTION('',(-0.9349194707452376,0,0.35485994874238047));
#3781=FACE_SURFACE('',(#3786),#3782,.T.);
#3782=PLANE('',#3783);
#3783=AXIS2_PLACEMENT_3D('',#140,#3784,#3785);
#3784=DIRECTION('',(0,1,-0));
#3785=DIRECTION('',(-0.290280657331635,0,0.9569415551532465));
#3786=FACE_BOUND('',#3787,.T.);
#3787=EDGE_LOOP('',(#3788,#3789,#3790));
#3788=ORIENTED_EDGE('',*,*,#3791,.T.);
#3789=ORIENTED_EDGE('',*,*,#3792,.T.);
#3790=ORIENTED_EDGE('',*,*,#3793,.T.);
#3791=EDGE_CURVE('',#141,#261,#3794,.F.);
#3792=EDGE_CURVE('',#261,#137,#3795,.T.);
#3793=EDGE_CURVE('',#137,#141,#3796,.T.);
#3794=LINE('',#140,#3797);
#3795=LINE('',#260,#3798);
#3796=LINE('',#136,#3799);
#3797=VECTOR('',#3800,1.0);
#3798=VECTOR('',#3801,1.0);
#3799=VECTOR('',#3802,1.0);
#3800=DIRECTION('',(-0.290280657331635,0,0.9569415551532465));
#3801=DIRECTION('',(0.5772283106079849,0,0.8165828050067255));
#3802=DIRECTION('',(-0.48161825661933755,0,-0.8763811128104882));
#3803=FACE_SURFACE('',(#3808),#3804,.T.);
#3804=PLANE('',#3805);
#3805=AXIS2_PLACEMENT_3D('',#136,#3806,#3807);
#3806=DIRECTION('',(0,1,0));
#3807=DIRECTION('',(-0.5772283106079849,0,-0.8165828050067255));
#3808=FACE_BOUND('',#3809,.T.);
#3809=EDGE_LOOP('',(#3810,#3811,#3812));
#3810=ORIENTED_EDGE('',*,*,#3813,.T.);
#3811=ORIENTED_EDGE('',*,*,#3814,.T.);
#3812=ORIENTED_EDGE('',*,*,#3815,.T.);
#3813=EDGE_CURVE('',#137,#261,#3816,.F.);
#3814=EDGE_CURVE('',#261,#263,#3817,.T.);
#3815=EDGE_CURVE('',#263,#137,#3818,.T.);
#3816=LINE('',#136,#3819);
#3817=LINE('',#260,#3820);
#3818=LINE('',#262,#3821);
#3819=VECTOR('',#3822,1.0);
#3820=VECTOR('',#3823,1.0);
#3821=VECTOR('',#3824,1.0);
#3822=DIRECTION('',(-0.5772283106079849,0,-0.8165828050067255));
#3823=DIRECTION('',(-0.4713982724427834,0,0.8819204435423637));
#3824=DIRECTION('',(0.6929635847300416,0,0.720972586329113));
#3825=FACE_SURFACE('',(#3830),#3826,.T.);
#3826=PLANE('',#3827);
#3827=AXIS2_PLACEMENT_3D('',#136,#3828,#3829);
#3828=DIRECTION('',(0,1,0));
#3829=DIRECTION('',(-0.6929635847300416,0,-0.720972586329113));
#3830=FACE_BOUND('',#3831,.T.);
#3831=EDGE_LOOP('',(#3832,#3833,#3834));
#3832=ORIENTED_EDGE('',*,*,#3835,.T.);
#3833=ORIENTED_EDGE('',*,*,#3836,.T.);
#3834=ORIENTED_EDGE('',*,*,#3837,.T.);
#3835=EDGE_CURVE('',#137,#263,#3838,.F.);
#3836=EDGE_CURVE('',#263,#265,#3839,.T.);
#3837=EDGE_CURVE('',#265,#137,#3840,.T.);
#3838=LINE('',#136,#3841);
#3839=LINE('',#262,#3842);
#3840=LINE('',#264,#3843);
#3841=VECTOR('',#3844,1.0);
#3842=VECTOR('',#3845,1.0);
#3843=VECTOR('',#3846,1.0);
#3844=DIRECTION('',(-0.6929635847300416,0,-0.720972586329113));
#3845=DIRECTION('',(-0.6343959223898413,0,0.7730082882189183));
#3846=DIRECTION('',(0.8037763728739217,0,0.5949315443054288));
#3847=FACE_SURFACE('',(#3852),#3848,.T.);
#3848=PLANE('',#3849);
#3849=AXIS2_PLACEMENT_3D('',#264,#3850,#3851);
#3850=DIRECTION('',(0,1,-0));
#3851=DIRECTION('',(-0.7730110115617882,0,0.6343926039955234));
#3852=FACE_BOUND('',#3853,.T.);
#3853=EDGE_LOOP('',(#3854,#3855,#3856));
#3854=ORIENTED_EDGE('',*,*,#3857,.T.);
#3855=ORIENTED_EDGE('',*,*,#3858,.T.);
#3856=ORIENTED_EDGE('',*,*,#3859,.T.);
#3857=EDGE_CURVE('',#265,#267,#3860,.F.);
#3858=EDGE_CURVE('',#267,#137,#3861,.T.);
#3859=EDGE_CURVE('',#137,#265,#3862,.T.);
#3860=LINE('',#264,#3863);
#3861=LINE('',#266,#3864);
#3862=LINE('',#136,#3865);
#3863=VECTOR('',#3866,1.0);
#3864=VECTOR('',#3867,1.0);
#3865=VECTOR('',#3868,1.0);
#3866=DIRECTION('',(-0.7730110115617882,0,0.6343926039955234));
#3867=DIRECTION('',(0.8862671747176638,0,0.46317436783350796));
#3868=DIRECTION('',(-0.8037763728739217,0,-0.5949315443054288));
#3869=FACE_SURFACE('',(#3874),#3870,.T.);
#3870=PLANE('',#3871);
#3871=AXIS2_PLACEMENT_3D('',#136,#3872,#3873);
#3872=DIRECTION('',(0,1,0));
#3873=DIRECTION('',(-0.8862671747176638,0,-0.46317436783350796));
#3874=FACE_BOUND('',#3875,.T.);
#3875=EDGE_LOOP('',(#3876,#3877,#3878));
#3876=ORIENTED_EDGE('',*,*,#3879,.T.);
#3877=ORIENTED_EDGE('',*,*,#3880,.T.);
#3878=ORIENTED_EDGE('',*,*,#3881,.T.);
#3879=EDGE_CURVE('',#137,#267,#3882,.F.);
#3880=EDGE_CURVE('',#267,#269,#3883,.T.);
#3881=EDGE_CURVE('',#269,#137,#3884,.T.);
#3882=LINE('',#136,#3885);
#3883=LINE('',#266,#3886);
#3884=LINE('',#268,#3887);
#3885=VECTOR('',#3888,1.0);
#3886=VECTOR('',#3889,1.0);
#3887=VECTOR('',#3890,1.0);
#3888=DIRECTION('',(-0.8862671747176638,0,-0.46317436783350796));
#3889=DIRECTION('',(-0.8819204435423637,0,0.4713982724427834));
#3890=DIRECTION('',(0.9355362504322609,0,0.35323069533542273));
#3891=FACE_SURFACE('',(#3896),#3892,.T.);
#3892=PLANE('',#3893);
#3893=AXIS2_PLACEMENT_3D('',#136,#3894,#3895);
#3894=DIRECTION('',(0,1,0));
#3895=DIRECTION('',(-0.9355362504322609,0,-0.35323069533542273));
#3896=FACE_BOUND('',#3897,.T.);
#3897=EDGE_LOOP('',(#3898,#3899,#3900));
#3898=ORIENTED_EDGE('',*,*,#3901,.T.);
#3899=ORIENTED_EDGE('',*,*,#3902,.T.);
#3900=ORIENTED_EDGE('',*,*,#3903,.T.);
#3901=EDGE_CURVE('',#137,#269,#3904,.F.);
#3902=EDGE_CURVE('',#269,#271,#3905,.T.);
#3903=EDGE_CURVE('',#271,#137,#3906,.T.);
#3904=LINE('',#136,#3907);
#3905=LINE('',#268,#3908);
#3906=LINE('',#270,#3909);
#3907=VECTOR('',#3910,1.0);
#3908=VECTOR('',#3911,1.0);
#3909=VECTOR('',#3912,1.0);
#3910=DIRECTION('',(-0.9355362504322609,0,-0.35323069533542273));
#3911=DIRECTION('',(-0.9569395445527296,0,0.2902872854108747));
#3912=DIRECTION('',(0.9605999508144296,0,0.2779347666185639));
#3913=FACE_SURFACE('',(#3918),#3914,.T.);
#3914=PLANE('',#3915);
#3915=AXIS2_PLACEMENT_3D('',#270,#3916,#3917);
#3916=DIRECTION('',(0,1,-0));
#3917=DIRECTION('',(-0.9951847556247051,0,0.098016846369367));
#3918=FACE_BOUND('',#3919,.T.);
#3919=EDGE_LOOP('',(#3920,#3921,#3922));
#3920=ORIENTED_EDGE('',*,*,#3923,.T.);
#3921=ORIENTED_EDGE('',*,*,#3924,.T.);
#3922=ORIENTED_EDGE('',*,*,#3925,.T.);
#3923=EDGE_CURVE('',#271,#273,#3926,.F.);
#3924=EDGE_CURVE('',#273,#137,#3927,.T.);
#3925=EDGE_CURVE('',#137,#271,#3928,.T.);
#3926=LINE('',#270,#3929);
#3927=LINE('',#272,#3930);
#3928=LINE('',#136,#3931);
#3929=VECTOR('',#3932,1.0);
#3930=VECTOR('',#3933,1.0);
#3931=VECTOR('',#3934,1.0);
#3932=DIRECTION('',(-0.9951847556247051,0,0.098016846369367));
#3933=DIRECTION('',(0.9716600927858552,0,0.23638245300229735));
#3934=DIRECTION('',(-0.9605999508144296,0,-0.2779347666185639));
#3935=FACE_SURFACE('',(#3940),#3936,.T.);
#3936=PLANE('',#3937);
#3937=AXIS2_PLACEMENT_3D('',#136,#3938,#3939);
#3938=DIRECTION('',(0,1,0));
#3939=DIRECTION('',(-0.9716600927858552,0,-0.23638245300229735));
#3940=FACE_BOUND('',#3941,.T.);
#3941=EDGE_LOOP('',(#3942,#3943,#3944));
#3942=ORIENTED_EDGE('',*,*,#3945,.T.);
#3943=ORIENTED_EDGE('',*,*,#3946,.T.);
#3944=ORIENTED_EDGE('',*,*,#3947,.T.);
#3945=EDGE_CURVE('',#137,#273,#3948,.F.);
#3946=EDGE_CURVE('',#273,#235,#3949,.T.);
#3947=EDGE_CURVE('',#235,#137,#3950,.T.);
#3948=LINE('',#136,#3951);
#3949=LINE('',#272,#3952);
#3950=LINE('',#234,#3953);
#3951=VECTOR('',#3954,1.0);
#3952=VECTOR('',#3955,1.0);
#3953=VECTOR('',#3956,1.0);
#3954=DIRECTION('',(-0.9716600927858552,0,-0.23638245300229735));
#3955=DIRECTION('',(-1,0,0));
#3956=DIRECTION('',(0.9998173404628478,0,0.019112449079016144));
#3957=FACE_SURFACE('',(#3962),#3958,.T.);
#3958=PLANE('',#3959);
#3959=AXIS2_PLACEMENT_3D('',#274,#3960,#3961);
#3960=DIRECTION('',(-1,0,0));
#3961=DIRECTION('',(0,0,1));
#3962=FACE_BOUND('',#3963,.T.);
#3963=EDGE_LOOP('',(#3964,#3965,#3966));
#3964=ORIENTED_EDGE('',*,*,#3967,.T.);
#3965=ORIENTED_EDGE('',*,*,#3968,.T.);
#3966=ORIENTED_EDGE('',*,*,#3969,.T.);
#3967=EDGE_CURVE('',#275,#277,#3970,.F.);
#3968=EDGE_CURVE('',#277,#279,#3971,.T.);
#3969=EDGE_CURVE('',#279,#275,#3972,.T.);
#3970=LINE('',#274,#3973);
#3971=LINE('',#276,#3974);
#3972=LINE('',#278,#3975);
#3973=VECTOR('',#3976,1.0);
#3974=VECTOR('',#3977,1.0);
#3975=VECTOR('',#3978,1.0);
#3976=DIRECTION('',(0,0,1));
#3977=DIRECTION('',(0,0.8944271909999159,0.4472135954999579));
#3978=DIRECTION('',(0,-0.7071067811865475,-0.7071067811865475));
#3979=FACE_SURFACE('',(#3984),#3980,.T.);
#3980=PLANE('',#3981);
#3981=AXIS2_PLACEMENT_3D('',#278,#3982,#3983);
#3982=DIRECTION('',(-1,-0,0));
#3983=DIRECTION('',(0,-0.8944271909999159,-0.4472135954999579));
#3984=FACE_BOUND('',#3985,.T.);
#3985=EDGE_LOOP('',(#3986,#3987,#3988));
#3986=ORIENTED_EDGE('',*,*,#3989,.T.);
#3987=ORIENTED_EDGE('',*,*,#3990,.T.);
#3988=ORIENTED_EDGE('',*,*,#3991,.T.);
#3989=EDGE_CURVE('',#279,#277,#3992,.F.);
#3990=EDGE_CURVE('',#277,#185,#3993,.T.);
#3991=EDGE_CURVE('',#185,#279,#3994,.T.);
#3992=LINE('',#278,#3995);
#3993=LINE('',#276,#3996);
#3994=LINE('',#184,#3997);
#3995=VECTOR('',#3998,1.0);
#3996=VECTOR('',#3999,1.0);
#3997=VECTOR('',#4000,1.0);
#3998=DIRECTION('',(0,-0.8944271909999159,-0.4472135954999579));
#3999=DIRECTION('',(0,-0.9805806756909202,0.19611613513818404));
#4000=DIRECTION('',(0,1,0));
#4001=FACE_SURFACE('',(#4006),#4002,.T.);
#4002=PLANE('',#4003);
#4003=AXIS2_PLACEMENT_3D('',#184,#4004,#4005);
#4004=DIRECTION('',(-1,0,0));
#4005=DIRECTION('',(0,0.9805806756909202,-0.19611613513818404));
#4006=FACE_BOUND('',#4007,.T.);
#4007=EDGE_LOOP('',(#4008,#4009,#4010));
#4008=ORIENTED_EDGE('',*,*,#4011,.T.);
#4009=ORIENTED_EDGE('',*,*,#4012,.T.);
#4010=ORIENTED_EDGE('',*,*,#4013,.T.);
#4011=EDGE_CURVE('',#185,#277,#4014,.F.);
#4012=EDGE_CURVE('',#277,#203,#4015,.T.);
#4013=EDGE_CURVE('',#203,#185,#4016,.T.);
#4014=LINE('',#184,#4017);
#4015=LINE('',#276,#4018);
#4016=LINE('',#202,#4019);
#4017=VECTOR('',#4020,1.0);
#4018=VECTOR('',#4021,1.0);
#4019=VECTOR('',#4022,1.0);
#4020=DIRECTION('',(0,0.9805806756909202,-0.19611613513818404));
#4021=DIRECTION('',(0,-1,0));
#4022=DIRECTION('',(0,0,1));
#4023=FACE_SURFACE('',(#4028),#4024,.T.);
#4024=PLANE('',#4025);
#4025=AXIS2_PLACEMENT_3D('',#180,#4026,#4027);
#4026=DIRECTION('',(0,-0,1));
#4027=DIRECTION('',(0,1,0));
#4028=FACE_BOUND('',#4029,.T.);
#4029=EDGE_LOOP('',(#4030,#4031,#4032));
#4030=ORIENTED_EDGE('',*,*,#4033,.T.);
#4031=ORIENTED_EDGE('',*,*,#4034,.T.);
#4032=ORIENTED_EDGE('',*,*,#4035,.T.);
#4033=EDGE_CURVE('',#181,#281,#4036,.F.);
#4034=EDGE_CURVE('',#281,#185,#4037,.T.);
#4035=EDGE_CURVE('',#185,#181,#4038,.T.);
#4036=LINE('',#180,#4039);
#4037=LINE('',#280,#4040);
#4038=LINE('',#184,#4041);
#4039=VECTOR('',#4042,1.0);
#4040=VECTOR('',#4043,1.0);
#4041=VECTOR('',#4044,1.0);
#4042=DIRECTION('',(0,1,0));
#4043=DIRECTION('',(-0.49613893835683387,-0.8682431421244593,0));
#4044=DIRECTION('',(1,0,0));
#4045=FACE_SURFACE('',(#4050),#4046,.T.);
#4046=PLANE('',#4047);
#4047=AXIS2_PLACEMENT_3D('',#184,#4048,#4049);
#4048=DIRECTION('',(0,0,1));
#4049=DIRECTION('',(0.49613893835683387,0.8682431421244593,0));
#4050=FACE_BOUND('',#4051,.T.);
#4051=EDGE_LOOP('',(#4052,#4053,#4054));
#4052=ORIENTED_EDGE('',*,*,#4055,.T.);
#4053=ORIENTED_EDGE('',*,*,#4056,.T.);
#4054=ORIENTED_EDGE('',*,*,#4057,.T.);
#4055=EDGE_CURVE('',#185,#281,#4058,.F.);
#4056=EDGE_CURVE('',#281,#279,#4059,.T.);
#4057=EDGE_CURVE('',#279,#185,#4060,.T.);
#4058=LINE('',#184,#4061);
#4059=LINE('',#280,#4062);
#4060=LINE('',#278,#4063);
#4061=VECTOR('',#4064,1.0);
#4062=VECTOR('',#4065,1.0);
#4063=VECTOR('',#4066,1.0);
#4064=DIRECTION('',(0.49613893835683387,0.8682431421244593,0));
#4065=DIRECTION('',(-1,0,0));
#4066=DIRECTION('',(0,-1,0));
#4067=FACE_SURFACE('',(#4072),#4068,.T.);
#4068=PLANE('',#4069);
#4069=AXIS2_PLACEMENT_3D('',#282,#4070,#4071);
#4070=DIRECTION('',(-0,-1,-0));
#4071=DIRECTION('',(-1,0,0));
#4072=FACE_BOUND('',#4073,.T.);
#4073=EDGE_LOOP('',(#4074,#4075,#4076));
#4074=ORIENTED_EDGE('',*,*,#4077,.T.);
#4075=ORIENTED_EDGE('',*,*,#4078,.T.);
#4076=ORIENTED_EDGE('',*,*,#4079,.T.);
#4077=EDGE_CURVE('',#283,#277,#4080,.F.);
#4078=EDGE_CURVE('',#277,#285,#4081,.T.);
#4079=EDGE_CURVE('',#285,#283,#4082,.T.);
#4080=LINE('',#282,#4083);
#4081=LINE('',#276,#4084);
#4082=LINE('',#284,#4085);
#4083=VECTOR('',#4086,1.0);
#4084=VECTOR('',#4087,1.0);
#4085=VECTOR('',#4088,1.0);
#4086=DIRECTION('',(-1,0,0));
#4087=DIRECTION('',(0.9701425001453319,0,-0.24253562503633297));
#4088=DIRECTION('',(0,0,1));
#4089=FACE_SURFACE('',(#4094),#4090,.T.);
#4090=PLANE('',#4091);
#4091=AXIS2_PLACEMENT_3D('',#284,#4092,#4093);
#4092=DIRECTION('',(0,-1,0));
#4093=DIRECTION('',(-0.9701425001453319,0,0.24253562503633297));
#4094=FACE_BOUND('',#4095,.T.);
#4095=EDGE_LOOP('',(#4096,#4097,#4098));
#4096=ORIENTED_EDGE('',*,*,#4099,.T.);
#4097=ORIENTED_EDGE('',*,*,#4100,.T.);
#4098=ORIENTED_EDGE('',*,*,#4101,.T.);
#4099=EDGE_CURVE('',#285,#277,#4102,.F.);
#4100=EDGE_CURVE('',#277,#275,#4103,.T.);
#4101=EDGE_CURVE('',#275,#285,#4104,.T.);
#4102=LINE('',#284,#4105);
#4103=LINE('',#276,#4106);
#4104=LINE('',#274,#4107);
#4105=VECTOR('',#4108,1.0);
#4106=VECTOR('',#4109,1.0);
#4107=VECTOR('',#4110,1.0);
#4108=DIRECTION('',(-0.9701425001453319,0,0.24253562503633297));
#4109=DIRECTION('',(0,0,-1));
#4110=DIRECTION('',(1,0,0));
#4111=FACE_SURFACE('',(#4116),#4112,.T.);
#4112=PLANE('',#4113);
#4113=AXIS2_PLACEMENT_3D('',#284,#4114,#4115);
#4114=DIRECTION('',(1,0,0));
#4115=DIRECTION('',(0,0.7071067811865475,0.7071067811865475));
#4116=FACE_BOUND('',#4117,.T.);
#4117=EDGE_LOOP('',(#4118,#4119,#4120));
#4118=ORIENTED_EDGE('',*,*,#4121,.T.);
#4119=ORIENTED_EDGE('',*,*,#4122,.T.);
#4120=ORIENTED_EDGE('',*,*,#4123,.T.);
#4121=EDGE_CURVE('',#285,#281,#4124,.F.);
#4122=EDGE_CURVE('',#281,#283,#4125,.T.);
#4123=EDGE_CURVE('',#283,#285,#4126,.T.);
#4124=LINE('',#284,#4127);
#4125=LINE('',#280,#4128);
#4126=LINE('',#282,#4129);
#4127=VECTOR('',#4130,1.0);
#4128=VECTOR('',#4131,1.0);
#4129=VECTOR('',#4132,1.0);
#4130=DIRECTION('',(0,0.7071067811865475,0.7071067811865475));
#4131=DIRECTION('',(0,-0.8944271909999159,-0.4472135954999579));
#4132=DIRECTION('',(0,0,-1));
#4133=FACE_SURFACE('',(#4138),#4134,.T.);
#4134=PLANE('',#4135);
#4135=AXIS2_PLACEMENT_3D('',#282,#4136,#4137);
#4136=DIRECTION('',(1,0,-0));
#4137=DIRECTION('',(0,0.8944271909999159,0.4472135954999579));
#4138=FACE_BOUND('',#4139,.T.);
#4139=EDGE_LOOP('',(#4140,#4141,#4142));
#4140=ORIENTED_EDGE('',*,*,#4143,.T.);
#4141=ORIENTED_EDGE('',*,*,#4144,.T.);
#4142=ORIENTED_EDGE('',*,*,#4145,.T.);
#4143=EDGE_CURVE('',#283,#281,#4146,.F.);
#4144=EDGE_CURVE('',#281,#181,#4147,.T.);
#4145=EDGE_CURVE('',#181,#283,#4148,.T.);
#4146=LINE('',#282,#4149);
#4147=LINE('',#280,#4150);
#4148=LINE('',#180,#4151);
#4149=VECTOR('',#4152,1.0);
#4150=VECTOR('',#4153,1.0);
#4151=VECTOR('',#4154,1.0);
#4152=DIRECTION('',(0,0.8944271909999159,0.4472135954999579));
#4153=DIRECTION('',(0,-1,0));
#4154=DIRECTION('',(0,0.9805806756909202,-0.19611613513818404));
#4155=FACE_SURFACE('',(#4160),#4156,.T.);
#4156=PLANE('',#4157);
#4157=AXIS2_PLACEMENT_3D('',#282,#4158,#4159);
#4158=DIRECTION('',(1,0,0));
#4159=DIRECTION('',(0,-0.9805806756909202,0.19611613513818404));
#4160=FACE_BOUND('',#4161,.T.);
#4161=EDGE_LOOP('',(#4162,#4163,#4164));
#4162=ORIENTED_EDGE('',*,*,#4165,.T.);
#4163=ORIENTED_EDGE('',*,*,#4166,.T.);
#4164=ORIENTED_EDGE('',*,*,#4167,.T.);
#4165=EDGE_CURVE('',#283,#181,#4168,.F.);
#4166=EDGE_CURVE('',#181,#179,#4169,.T.);
#4167=EDGE_CURVE('',#179,#283,#4170,.T.);
#4168=LINE('',#282,#4171);
#4169=LINE('',#180,#4172);
#4170=LINE('',#178,#4173);
#4171=VECTOR('',#4174,1.0);
#4172=VECTOR('',#4175,1.0);
#4173=VECTOR('',#4176,1.0);
#4174=DIRECTION('',(0,-0.9805806756909202,0.19611613513818404));
#4175=DIRECTION('',(0,0,-1));
#4176=DIRECTION('',(0,1,0));
#4177=FACE_SURFACE('',(#4182),#4178,.T.);
#4178=PLANE('',#4179);
#4179=AXIS2_PLACEMENT_3D('',#278,#4180,#4181);
#4180=DIRECTION('',(0,0.7071067811865475,-0.7071067811865475));
#4181=DIRECTION('',(1,0,0));
#4182=FACE_BOUND('',#4183,.T.);
#4183=EDGE_LOOP('',(#4184,#4185,#4186));
#4184=ORIENTED_EDGE('',*,*,#4187,.T.);
#4185=ORIENTED_EDGE('',*,*,#4188,.T.);
#4186=ORIENTED_EDGE('',*,*,#4189,.T.);
#4187=EDGE_CURVE('',#279,#281,#4190,.F.);
#4188=EDGE_CURVE('',#281,#275,#4191,.T.);
#4189=EDGE_CURVE('',#275,#279,#4192,.T.);
#4190=LINE('',#278,#4193);
#4191=LINE('',#280,#4194);
#4192=LINE('',#274,#4195);
#4193=VECTOR('',#4196,1.0);
#4194=VECTOR('',#4197,1.0);
#4195=VECTOR('',#4198,1.0);
#4196=DIRECTION('',(1,0,0));
#4197=DIRECTION('',(-0.8164965809277261,-0.4082482904638631,-0.4082482904638631));
#4198=DIRECTION('',(0,0.7071067811865475,0.7071067811865475));
#4199=FACE_SURFACE('',(#4204),#4200,.T.);
#4200=PLANE('',#4201);
#4201=AXIS2_PLACEMENT_3D('',#274,#4202,#4203);
#4202=DIRECTION('',(0,0.7071067811865475,-0.7071067811865475));
#4203=DIRECTION('',(0.8164965809277261,0.4082482904638631,0.4082482904638631));
#4204=FACE_BOUND('',#4205,.T.);
#4205=EDGE_LOOP('',(#4206,#4207,#4208));
#4206=ORIENTED_EDGE('',*,*,#4209,.T.);
#4207=ORIENTED_EDGE('',*,*,#4210,.T.);
#4208=ORIENTED_EDGE('',*,*,#4211,.T.);
#4209=EDGE_CURVE('',#275,#281,#4212,.F.);
#4210=EDGE_CURVE('',#281,#285,#4213,.T.);
#4211=EDGE_CURVE('',#285,#275,#4214,.T.);
#4212=LINE('',#274,#4215);
#4213=LINE('',#280,#4216);
#4214=LINE('',#284,#4217);
#4215=VECTOR('',#4218,1.0);
#4216=VECTOR('',#4219,1.0);
#4217=VECTOR('',#4220,1.0);
#4218=DIRECTION('',(0.8164965809277261,0.4082482904638631,0.4082482904638631));
#4219=DIRECTION('',(0,-0.7071067811865475,-0.7071067811865475));
#4220=DIRECTION('',(-1,0,0));
#4221=FACE_SURFACE('',(#4226),#4222,.T.);
#4222=PLANE('',#4223);
#4223=AXIS2_PLACEMENT_3D('',#286,#4224,#4225);
#4224=DIRECTION('',(-0.03578455444672753,0,0.9993595277291598));
#4225=DIRECTION('',(0,1,0));
#4226=FACE_BOUND('',#4227,.T.);
#4227=EDGE_LOOP('',(#4228,#4229,#4230));
#4228=ORIENTED_EDGE('',*,*,#4231,.T.);
#4229=ORIENTED_EDGE('',*,*,#4232,.T.);
#4230=ORIENTED_EDGE('',*,*,#4233,.T.);
#4231=EDGE_CURVE('',#287,#115,#4234,.F.);
#4232=EDGE_CURVE('',#115,#289,#4235,.T.);
#4233=EDGE_CURVE('',#289,#287,#4236,.T.);
#4234=LINE('',#286,#4237);
#4235=LINE('',#114,#4238);
#4236=LINE('',#288,#4239);
#4237=VECTOR('',#4240,1.0);
#4238=VECTOR('',#4241,1.0);
#4239=VECTOR('',#4242,1.0);
#4240=DIRECTION('',(0,1,0));
#4241=DIRECTION('',(-0.3067570882601639,-0.9517244538913929,-0.01098420080279697));
#4242=DIRECTION('',(0.9993595277291598,0,0.03578455444672753));
#4243=FACE_SURFACE('',(#4248),#4244,.T.);
#4244=PLANE('',#4245);
#4245=AXIS2_PLACEMENT_3D('',#288,#4246,#4247);
#4246=DIRECTION('',(-0.03578455444672753,0,0.9993595277291598));
#4247=DIRECTION('',(0.3067570882601639,0.9517244538913929,0.01098420080279697));
#4248=FACE_BOUND('',#4249,.T.);
#4249=EDGE_LOOP('',(#4250,#4251,#4252));
#4250=ORIENTED_EDGE('',*,*,#4253,.T.);
#4251=ORIENTED_EDGE('',*,*,#4254,.T.);
#4252=ORIENTED_EDGE('',*,*,#4255,.T.);
#4253=EDGE_CURVE('',#289,#115,#4256,.F.);
#4254=EDGE_CURVE('',#115,#229,#4257,.T.);
#4255=EDGE_CURVE('',#229,#289,#4258,.T.);
#4256=LINE('',#288,#4259);
#4257=LINE('',#114,#4260);
#4258=LINE('',#228,#4261);
#4259=VECTOR('',#4262,1.0);
#4260=VECTOR('',#4263,1.0);
#4261=VECTOR('',#4264,1.0);
#4262=DIRECTION('',(0.3067570882601639,0.9517244538913929,0.01098420080279697));
#4263=DIRECTION('',(-0.9993595277291598,0,-0.03578455444672753));
#4264=DIRECTION('',(0,-1,0));
#4265=FACE_SURFACE('',(#4270),#4266,.T.);
#4266=PLANE('',#4267);
#4267=AXIS2_PLACEMENT_3D('',#288,#4268,#4269);
#4268=DIRECTION('',(-0.23812627586202326,0,0.9712342028285884));
#4269=DIRECTION('',(0,1,0));
#4270=FACE_BOUND('',#4271,.T.);
#4271=EDGE_LOOP('',(#4272,#4273,#4274));
#4272=ORIENTED_EDGE('',*,*,#4275,.T.);
#4273=ORIENTED_EDGE('',*,*,#4276,.T.);
#4274=ORIENTED_EDGE('',*,*,#4277,.T.);
#4275=EDGE_CURVE('',#289,#229,#4278,.F.);
#4276=EDGE_CURVE('',#229,#291,#4279,.T.);
#4277=EDGE_CURVE('',#291,#289,#4280,.T.);
#4278=LINE('',#288,#4281);
#4279=LINE('',#228,#4282);
#4280=LINE('',#290,#4283);
#4281=VECTOR('',#4284,1.0);
#4282=VECTOR('',#4285,1.0);
#4283=VECTOR('',#4286,1.0);
#4284=DIRECTION('',(0,1,0));
#4285=DIRECTION('',(-0.29812368644025994,-0.9517245301824321,-0.07309368120637094));
#4286=DIRECTION('',(0.9712342028285884,0,0.23812627586202326));
#4287=FACE_SURFACE('',(#4292),#4288,.T.);
#4288=PLANE('',#4289);
#4289=AXIS2_PLACEMENT_3D('',#290,#4290,#4291);
#4290=DIRECTION('',(-0.23812627586202326,0,0.9712342028285884));
#4291=DIRECTION('',(0.29812368644025994,0.9517245301824321,0.07309368120637094));
#4292=FACE_BOUND('',#4293,.T.);
#4293=EDGE_LOOP('',(#4294,#4295,#4296));
#4294=ORIENTED_EDGE('',*,*,#4297,.T.);
#4295=ORIENTED_EDGE('',*,*,#4298,.T.);
#4296=ORIENTED_EDGE('',*,*,#4299,.T.);
#4297=EDGE_CURVE('',#291,#229,#4300,.F.);
#4298=EDGE_CURVE('',#229,#227,#4301,.T.);
#4299=EDGE_CURVE('',#227,#291,#4302,.T.);
#4300=LINE('',#290,#4303);
#4301=LINE('',#228,#4304);
#4302=LINE('',#226,#4305);
#4303=VECTOR('',#4306,1.0);
#4304=VECTOR('',#4307,1.0);
#4305=VECTOR('',#4308,1.0);
#4306=DIRECTION('',(0.29812368644025994,0.9517245301824321,0.07309368120637094));
#4307=DIRECTION('',(-0.9712342028285884,0,-0.23812627586202326));
#4308=DIRECTION('',(0,-1,0));
#4309=FACE_SURFACE('',(#4314),#4310,.T.);
#4310=PLANE('',#4311);
#4311=AXIS2_PLACEMENT_3D('',#290,#4312,#4313);
#4312=DIRECTION('',(-0.4305220752151308,0,0.902580047836455));
#4313=DIRECTION('',(0,1,0));
#4314=FACE_BOUND('',#4315,.T.);
#4315=EDGE_LOOP('',(#4316,#4317,#4318));
#4316=ORIENTED_EDGE('',*,*,#4319,.T.);
#4317=ORIENTED_EDGE('',*,*,#4320,.T.);
#4318=ORIENTED_EDGE('',*,*,#4321,.T.);
#4319=EDGE_CURVE('',#291,#227,#4322,.F.);
#4320=EDGE_CURVE('',#227,#293,#4323,.T.);
#4321=EDGE_CURVE('',#293,#291,#4324,.T.);
#4322=LINE('',#290,#4325);
#4323=LINE('',#226,#4326);
#4324=LINE('',#292,#4327);
#4325=VECTOR('',#4328,1.0);
#4326=VECTOR('',#4329,1.0);
#4327=VECTOR('',#4330,1.0);
#4328=DIRECTION('',(0,1,0));
#4329=DIRECTION('',(-0.2770493747453732,-0.9517247739440526,-0.13214990962668055));
#4330=DIRECTION('',(0.902580047836455,0,0.4305220752151308));
#4331=FACE_SURFACE('',(#4336),#4332,.T.);
#4332=PLANE('',#4333);
#4333=AXIS2_PLACEMENT_3D('',#292,#4334,#4335);
#4334=DIRECTION('',(-0.4305220752151308,0,0.902580047836455));
#4335=DIRECTION('',(0.2770493747453732,0.9517247739440526,0.13214990962668055));
#4336=FACE_BOUND('',#4337,.T.);
#4337=EDGE_LOOP('',(#4338,#4339,#4340));
#4338=ORIENTED_EDGE('',*,*,#4341,.T.);
#4339=ORIENTED_EDGE('',*,*,#4342,.T.);
#4340=ORIENTED_EDGE('',*,*,#4343,.T.);
#4341=EDGE_CURVE('',#293,#227,#4344,.F.);
#4342=EDGE_CURVE('',#227,#225,#4345,.T.);
#4343=EDGE_CURVE('',#225,#293,#4346,.T.);
#4344=LINE('',#292,#4347);
#4345=LINE('',#226,#4348);
#4346=LINE('',#224,#4349);
#4347=VECTOR('',#4350,1.0);
#4348=VECTOR('',#4351,1.0);
#4349=VECTOR('',#4352,1.0);
#4350=DIRECTION('',(0.2770493747453732,0.9517247739440526,0.13214990962668055));
#4351=DIRECTION('',(-0.902580047836455,0,-0.4305220752151308));
#4352=DIRECTION('',(0,-1,0));
#4353=FACE_SURFACE('',(#4358),#4354,.T.);
#4354=PLANE('',#4355);
#4355=AXIS2_PLACEMENT_3D('',#292,#4356,#4357);
#4356=DIRECTION('',(-0.6049645048814712,0,0.7962524397661312));
#4357=DIRECTION('',(0,1,0));
#4358=FACE_BOUND('',#4359,.T.);
#4359=EDGE_LOOP('',(#4360,#4361,#4362));
#4360=ORIENTED_EDGE('',*,*,#4363,.T.);
#4361=ORIENTED_EDGE('',*,*,#4364,.T.);
#4362=ORIENTED_EDGE('',*,*,#4365,.T.);
#4363=EDGE_CURVE('',#293,#225,#4366,.F.);
#4364=EDGE_CURVE('',#225,#295,#4367,.T.);
#4365=EDGE_CURVE('',#295,#293,#4368,.T.);
#4366=LINE('',#292,#4369);
#4367=LINE('',#224,#4370);
#4368=LINE('',#294,#4371);
#4369=VECTOR('',#4372,1.0);
#4370=VECTOR('',#4373,1.0);
#4371=VECTOR('',#4374,1.0);
#4372=DIRECTION('',(0,1,0));
#4373=DIRECTION('',(-0.24441336616724346,-0.9517241514307594,-0.18569665054113846));
#4374=DIRECTION('',(0.7962524397661312,0,0.6049645048814712));
#4375=FACE_SURFACE('',(#4380),#4376,.T.);
#4376=PLANE('',#4377);
#4377=AXIS2_PLACEMENT_3D('',#294,#4378,#4379);
#4378=DIRECTION('',(-0.6049645048814712,0,0.7962524397661312));
#4379=DIRECTION('',(0.24441336616724346,0.9517241514307594,0.18569665054113846));
#4380=FACE_BOUND('',#4381,.T.);
#4381=EDGE_LOOP('',(#4382,#4383,#4384));
#4382=ORIENTED_EDGE('',*,*,#4385,.T.);
#4383=ORIENTED_EDGE('',*,*,#4386,.T.);
#4384=ORIENTED_EDGE('',*,*,#4387,.T.);
#4385=EDGE_CURVE('',#295,#225,#4388,.F.);
#4386=EDGE_CURVE('',#225,#223,#4389,.T.);
#4387=EDGE_CURVE('',#223,#295,#4390,.T.);
#4388=LINE('',#294,#4391);
#4389=LINE('',#224,#4392);
#4390=LINE('',#222,#4393);
#4391=VECTOR('',#4394,1.0);
#4392=VECTOR('',#4395,1.0);
#4393=VECTOR('',#4396,1.0);
#4394=DIRECTION('',(0.24441336616724346,0.9517241514307594,0.18569665054113846));
#4395=DIRECTION('',(-0.7962524397661312,0,-0.6049645048814712));
#4396=DIRECTION('',(0,-1,0));
#4397=FACE_SURFACE('',(#4402),#4398,.T.);
#4398=PLANE('',#4399);
#4399=AXIS2_PLACEMENT_3D('',#294,#4400,#4401);
#4400=DIRECTION('',(-0.7541501852797194,0,0.6567019857154117));
#4401=DIRECTION('',(0,1,0));
#4402=FACE_BOUND('',#4403,.T.);
#4403=EDGE_LOOP('',(#4404,#4405,#4406));
#4404=ORIENTED_EDGE('',*,*,#4407,.T.);
#4405=ORIENTED_EDGE('',*,*,#4408,.T.);
#4406=ORIENTED_EDGE('',*,*,#4409,.T.);
#4407=EDGE_CURVE('',#295,#223,#4410,.F.);
#4408=EDGE_CURVE('',#223,#297,#4411,.T.);
#4409=EDGE_CURVE('',#297,#295,#4412,.T.);
#4410=LINE('',#294,#4413);
#4411=LINE('',#222,#4414);
#4412=LINE('',#296,#4415);
#4413=VECTOR('',#4416,1.0);
#4414=VECTOR('',#4417,1.0);
#4415=VECTOR('',#4418,1.0);
#4416=DIRECTION('',(0,1,0));
#4417=DIRECTION('',(-0.20157673205602628,-0.951724631421405,-0.23148876223135342));
#4418=DIRECTION('',(0.6567019857154117,0,0.7541501852797194));
#4419=FACE_SURFACE('',(#4424),#4420,.T.);
#4420=PLANE('',#4421);
#4421=AXIS2_PLACEMENT_3D('',#296,#4422,#4423);
#4422=DIRECTION('',(-0.7541501852797194,0,0.6567019857154117));
#4423=DIRECTION('',(0.20157673205602628,0.951724631421405,0.23148876223135342));
#4424=FACE_BOUND('',#4425,.T.);
#4425=EDGE_LOOP('',(#4426,#4427,#4428));
#4426=ORIENTED_EDGE('',*,*,#4429,.T.);
#4427=ORIENTED_EDGE('',*,*,#4430,.T.);
#4428=ORIENTED_EDGE('',*,*,#4431,.T.);
#4429=EDGE_CURVE('',#297,#223,#4432,.F.);
#4430=EDGE_CURVE('',#223,#221,#4433,.T.);
#4431=EDGE_CURVE('',#221,#297,#4434,.T.);
#4432=LINE('',#296,#4435);
#4433=LINE('',#222,#4436);
#4434=LINE('',#220,#4437);
#4435=VECTOR('',#4438,1.0);
#4436=VECTOR('',#4439,1.0);
#4437=VECTOR('',#4440,1.0);
#4438=DIRECTION('',(0.20157673205602628,0.951724631421405,0.23148876223135342));
#4439=DIRECTION('',(-0.6567019857154117,0,-0.7541501852797194));
#4440=DIRECTION('',(0,-1,0));
#4441=FACE_SURFACE('',(#4446),#4442,.T.);
#4442=PLANE('',#4443);
#4443=AXIS2_PLACEMENT_3D('',#296,#4444,#4445);
#4444=DIRECTION('',(-0.8718655116409864,0,0.4897453722200968));
#4445=DIRECTION('',(0,1,0));
#4446=FACE_BOUND('',#4447,.T.);
#4447=EDGE_LOOP('',(#4448,#4449,#4450));
#4448=ORIENTED_EDGE('',*,*,#4451,.T.);
#4449=ORIENTED_EDGE('',*,*,#4452,.T.);
#4450=ORIENTED_EDGE('',*,*,#4453,.T.);
#4451=EDGE_CURVE('',#297,#221,#4454,.F.);
#4452=EDGE_CURVE('',#221,#299,#4455,.T.);
#4453=EDGE_CURVE('',#299,#297,#4456,.T.);
#4454=LINE('',#296,#4457);
#4455=LINE('',#220,#4458);
#4456=LINE('',#298,#4459);
#4457=VECTOR('',#4460,1.0);
#4458=VECTOR('',#4461,1.0);
#4459=VECTOR('',#4462,1.0);
#4460=DIRECTION('',(0,1,0));
#4461=DIRECTION('',(-0.15032973620824755,-0.9517240652202489,-0.26762338106414046));
#4462=DIRECTION('',(0.4897453722200968,0,0.8718655116409864));
#4463=FACE_SURFACE('',(#4468),#4464,.T.);
#4464=PLANE('',#4465);
#4465=AXIS2_PLACEMENT_3D('',#298,#4466,#4467);
#4466=DIRECTION('',(-0.8718655116409864,0,0.4897453722200968));
#4467=DIRECTION('',(0.15032973620824755,0.9517240652202489,0.26762338106414046));
#4468=FACE_BOUND('',#4469,.T.);
#4469=EDGE_LOOP('',(#4470,#4471,#4472));
#4470=ORIENTED_EDGE('',*,*,#4473,.T.);
#4471=ORIENTED_EDGE('',*,*,#4474,.T.);
#4472=ORIENTED_EDGE('',*,*,#4475,.T.);
#4473=EDGE_CURVE('',#299,#221,#4476,.F.);
#4474=EDGE_CURVE('',#221,#219,#4477,.T.);
#4475=EDGE_CURVE('',#219,#299,#4478,.T.);
#4476=LINE('',#298,#4479);
#4477=LINE('',#220,#4480);
#4478=LINE('',#218,#4481);
#4479=VECTOR('',#4482,1.0);
#4480=VECTOR('',#4483,1.0);
#4481=VECTOR('',#4484,1.0);
#4482=DIRECTION('',(0.15032973620824755,0.9517240652202489,0.26762338106414046));
#4483=DIRECTION('',(-0.4897453722200968,0,-0.8718655116409864));
#4484=DIRECTION('',(0,-1,0));
#4485=FACE_SURFACE('',(#4490),#4486,.T.);
#4486=PLANE('',#4487);
#4487=AXIS2_PLACEMENT_3D('',#298,#4488,#4489);
#4488=DIRECTION('',(-0.9531985505497198,0,0.30234504002862883));
#4489=DIRECTION('',(0,1,0));
#4490=FACE_BOUND('',#4491,.T.);
#4491=EDGE_LOOP('',(#4492,#4493,#4494));
#4492=ORIENTED_EDGE('',*,*,#4495,.T.);
#4493=ORIENTED_EDGE('',*,*,#4496,.T.);
#4494=ORIENTED_EDGE('',*,*,#4497,.T.);
#4495=EDGE_CURVE('',#299,#219,#4498,.F.);
#4496=EDGE_CURVE('',#219,#301,#4499,.T.);
#4497=EDGE_CURVE('',#301,#299,#4500,.T.);
#4498=LINE('',#298,#4501);
#4499=LINE('',#218,#4502);
#4500=LINE('',#300,#4503);
#4501=VECTOR('',#4504,1.0);
#4502=VECTOR('',#4505,1.0);
#4503=VECTOR('',#4506,1.0);
#4504=DIRECTION('',(0,1,0));
#4505=DIRECTION('',(-0.09280571739083382,-0.9517246740226012,-0.2925871556923616));
#4506=DIRECTION('',(0.30234504002862883,0,0.9531985505497198));
#4507=FACE_SURFACE('',(#4512),#4508,.T.);
#4508=PLANE('',#4509);
#4509=AXIS2_PLACEMENT_3D('',#300,#4510,#4511);
#4510=DIRECTION('',(-0.9531985505497198,0,0.30234504002862883));
#4511=DIRECTION('',(0.09280571739083382,0.9517246740226012,0.2925871556923616));
#4512=FACE_BOUND('',#4513,.T.);
#4513=EDGE_LOOP('',(#4514,#4515,#4516));
#4514=ORIENTED_EDGE('',*,*,#4517,.T.);
#4515=ORIENTED_EDGE('',*,*,#4518,.T.);
#4516=ORIENTED_EDGE('',*,*,#4519,.T.);
#4517=EDGE_CURVE('',#301,#219,#4520,.F.);
#4518=EDGE_CURVE('',#219,#213,#4521,.T.);
#4519=EDGE_CURVE('',#213,#301,#4522,.T.);
#4520=LINE('',#300,#4523);
#4521=LINE('',#218,#4524);
#4522=LINE('',#212,#4525);
#4523=VECTOR('',#4526,1.0);
#4524=VECTOR('',#4527,1.0);
#4525=VECTOR('',#4528,1.0);
#4526=DIRECTION('',(0.09280571739083382,0.9517246740226012,0.2925871556923616));
#4527=DIRECTION('',(-0.30234504002862883,0,-0.9531985505497198));
#4528=DIRECTION('',(0,-1,0));
#4529=FACE_SURFACE('',(#4534),#4530,.T.);
#4530=PLANE('',#4531);
#4531=AXIS2_PLACEMENT_3D('',#300,#4532,#4533);
#4532=DIRECTION('',(-0.9947508437993395,0,0.1023267255437314));
#4533=DIRECTION('',(0,1,0));
#4534=FACE_BOUND('',#4535,.T.);
#4535=EDGE_LOOP('',(#4536,#4537,#4538));
#4536=ORIENTED_EDGE('',*,*,#4539,.T.);
#4537=ORIENTED_EDGE('',*,*,#4540,.T.);
#4538=ORIENTED_EDGE('',*,*,#4541,.T.);
#4539=EDGE_CURVE('',#301,#213,#4542,.F.);
#4540=EDGE_CURVE('',#213,#303,#4543,.T.);
#4541=EDGE_CURVE('',#303,#301,#4544,.T.);
#4542=LINE('',#300,#4545);
#4543=LINE('',#212,#4546);
#4544=LINE('',#302,#4547);
#4545=VECTOR('',#4548,1.0);
#4546=VECTOR('',#4549,1.0);
#4547=VECTOR('',#4550,1.0);
#4548=DIRECTION('',(0,1,0));
#4549=DIRECTION('',(-0.03140961722509765,-0.9517242903376292,-0.3053429401952971));
#4550=DIRECTION('',(0.1023267255437314,0,0.9947508437993395));
#4551=FACE_SURFACE('',(#4556),#4552,.T.);
#4552=PLANE('',#4553);
#4553=AXIS2_PLACEMENT_3D('',#302,#4554,#4555);
#4554=DIRECTION('',(-0.9947508437993395,0,0.1023267255437314));
#4555=DIRECTION('',(0.03140961722509765,0.9517242903376292,0.3053429401952971));
#4556=FACE_BOUND('',#4557,.T.);
#4557=EDGE_LOOP('',(#4558,#4559,#4560));
#4558=ORIENTED_EDGE('',*,*,#4561,.T.);
#4559=ORIENTED_EDGE('',*,*,#4562,.T.);
#4560=ORIENTED_EDGE('',*,*,#4563,.T.);
#4561=EDGE_CURVE('',#303,#213,#4564,.F.);
#4562=EDGE_CURVE('',#213,#205,#4565,.T.);
#4563=EDGE_CURVE('',#205,#303,#4566,.T.);
#4564=LINE('',#302,#4567);
#4565=LINE('',#212,#4568);
#4566=LINE('',#204,#4569);
#4567=VECTOR('',#4570,1.0);
#4568=VECTOR('',#4571,1.0);
#4569=VECTOR('',#4572,1.0);
#4570=DIRECTION('',(0.03140961722509765,0.9517242903376292,0.3053429401952971));
#4571=DIRECTION('',(-0.1023267255437314,0,-0.9947508437993395));
#4572=DIRECTION('',(0,-1,0));
#4573=FACE_SURFACE('',(#4578),#4574,.T.);
#4574=PLANE('',#4575);
#4575=AXIS2_PLACEMENT_3D('',#204,#4576,#4577);
#4576=DIRECTION('',(-0.9999999821978999,0,0.00018869075255870555));
#4577=DIRECTION('',(-0.00018869075255870555,0,-0.9999999821978999));
#4578=FACE_BOUND('',#4579,.T.);
#4579=EDGE_LOOP('',(#4580,#4581,#4582));
#4580=ORIENTED_EDGE('',*,*,#4583,.T.);
#4581=ORIENTED_EDGE('',*,*,#4584,.T.);
#4582=ORIENTED_EDGE('',*,*,#4585,.T.);
#4583=EDGE_CURVE('',#205,#187,#4586,.F.);
#4584=EDGE_CURVE('',#187,#303,#4587,.T.);
#4585=EDGE_CURVE('',#303,#205,#4588,.T.);
#4586=LINE('',#204,#4589);
#4587=LINE('',#186,#4590);
#4588=LINE('',#302,#4591);
#4589=VECTOR('',#4592,1.0);
#4590=VECTOR('',#4593,1.0);
#4591=VECTOR('',#4594,1.0);
#4592=DIRECTION('',(-0.00018869075255870555,0,-0.9999999821978999));
#4593=DIRECTION('',(0.00018860482903426952,-0.030174930913859966,0.999544615298668));
#4594=DIRECTION('',(0,1,0));
#4595=FACE_SURFACE('',(#4600),#4596,.T.);
#4596=PLANE('',#4597);
#4597=AXIS2_PLACEMENT_3D('',#302,#4598,#4599);
#4598=DIRECTION('',(-0.9999999821978999,0,0.00018869075255870555));
#4599=DIRECTION('',(-0.00018860482903426952,0.030174930913859966,-0.999544615298668));
#4600=FACE_BOUND('',#4601,.T.);
#4601=EDGE_LOOP('',(#4602,#4603,#4604));
#4602=ORIENTED_EDGE('',*,*,#4605,.T.);
#4603=ORIENTED_EDGE('',*,*,#4606,.T.);
#4604=ORIENTED_EDGE('',*,*,#4607,.T.);
#4605=EDGE_CURVE('',#303,#187,#4608,.F.);
#4606=EDGE_CURVE('',#187,#305,#4609,.T.);
#4607=EDGE_CURVE('',#305,#303,#4610,.T.);
#4608=LINE('',#302,#4611);
#4609=LINE('',#186,#4612);
#4610=LINE('',#304,#4613);
#4611=VECTOR('',#4614,1.0);
#4612=VECTOR('',#4615,1.0);
#4613=VECTOR('',#4616,1.0);
#4614=DIRECTION('',(-0.00018860482903426952,0.030174930913859966,-0.999544615298668));
#4615=DIRECTION('',(0,-1,0));
#4616=DIRECTION('',(0.00018869075255870555,0,0.9999999821978999));
#4617=FACE_SURFACE('',(#4622),#4618,.T.);
#4618=PLANE('',#4619);
#4619=AXIS2_PLACEMENT_3D('',#304,#4620,#4621);
#4620=DIRECTION('',(-0.9937307621148215,0,-0.11179969779340239));
#4621=DIRECTION('',(0,1,0));
#4622=FACE_BOUND('',#4623,.T.);
#4623=EDGE_LOOP('',(#4624,#4625,#4626));
#4624=ORIENTED_EDGE('',*,*,#4627,.T.);
#4625=ORIENTED_EDGE('',*,*,#4628,.T.);
#4626=ORIENTED_EDGE('',*,*,#4629,.T.);
#4627=EDGE_CURVE('',#305,#187,#4630,.F.);
#4628=EDGE_CURVE('',#187,#307,#4631,.T.);
#4629=EDGE_CURVE('',#307,#305,#4632,.T.);
#4630=LINE('',#304,#4633);
#4631=LINE('',#186,#4634);
#4632=LINE('',#306,#4635);
#4633=VECTOR('',#4636,1.0);
#4634=VECTOR('',#4637,1.0);
#4635=VECTOR('',#4638,1.0);
#4636=DIRECTION('',(0,1,0));
#4637=DIRECTION('',(0.02326400216273635,-0.9781104383237141,-0.20678190599170934));
#4638=DIRECTION('',(-0.11179969779340239,0,0.9937307621148215));
#4639=FACE_SURFACE('',(#4644),#4640,.T.);
#4640=PLANE('',#4641);
#4641=AXIS2_PLACEMENT_3D('',#306,#4642,#4643);
#4642=DIRECTION('',(-0.9937307621148215,0,-0.11179969779340239));
#4643=DIRECTION('',(-0.02326400216273635,0.9781104383237141,0.20678190599170934));
#4644=FACE_BOUND('',#4645,.T.);
#4645=EDGE_LOOP('',(#4646,#4647,#4648));
#4646=ORIENTED_EDGE('',*,*,#4649,.T.);
#4647=ORIENTED_EDGE('',*,*,#4650,.T.);
#4648=ORIENTED_EDGE('',*,*,#4651,.T.);
#4649=EDGE_CURVE('',#307,#187,#4652,.F.);
#4650=EDGE_CURVE('',#187,#191,#4653,.T.);
#4651=EDGE_CURVE('',#191,#307,#4654,.T.);
#4652=LINE('',#306,#4655);
#4653=LINE('',#186,#4656);
#4654=LINE('',#190,#4657);
#4655=VECTOR('',#4658,1.0);
#4656=VECTOR('',#4659,1.0);
#4657=VECTOR('',#4660,1.0);
#4658=DIRECTION('',(-0.02326400216273635,0.9781104383237141,0.20678190599170934));
#4659=DIRECTION('',(0.11179969779340239,0,-0.9937307621148215));
#4660=DIRECTION('',(0,-1,0));
#4661=FACE_SURFACE('',(#4666),#4662,.T.);
#4662=PLANE('',#4663);
#4663=AXIS2_PLACEMENT_3D('',#306,#4664,#4665);
#4664=DIRECTION('',(-0.9439176750832057,0,-0.33018089385292376));
#4665=DIRECTION('',(0,1,0));
#4666=FACE_BOUND('',#4667,.T.);
#4667=EDGE_LOOP('',(#4668,#4669,#4670));
#4668=ORIENTED_EDGE('',*,*,#4671,.T.);
#4669=ORIENTED_EDGE('',*,*,#4672,.T.);
#4670=ORIENTED_EDGE('',*,*,#4673,.T.);
#4671=EDGE_CURVE('',#307,#191,#4674,.F.);
#4672=EDGE_CURVE('',#191,#193,#4675,.T.);
#4673=EDGE_CURVE('',#193,#307,#4676,.T.);
#4674=LINE('',#306,#4677);
#4675=LINE('',#190,#4678);
#4676=LINE('',#192,#4679);
#4677=VECTOR('',#4680,1.0);
#4678=VECTOR('',#4681,1.0);
#4679=VECTOR('',#4682,1.0);
#4680=DIRECTION('',(0,1,0));
#4681=DIRECTION('',(0.33018089385292376,0,-0.9439176750832057));
#4682=DIRECTION('',(-0.06870622613452984,-0.978110402075062,0.19641663840650517));
#4683=FACE_SURFACE('',(#4688),#4684,.T.);
#4684=PLANE('',#4685);
#4685=AXIS2_PLACEMENT_3D('',#306,#4686,#4687);
#4686=DIRECTION('',(-0.9439176750832057,0,-0.33018089385292376));
#4687=DIRECTION('',(0.06870622613452984,0.978110402075062,-0.19641663840650517));
#4688=FACE_BOUND('',#4689,.T.);
#4689=EDGE_LOOP('',(#4690,#4691,#4692));
#4690=ORIENTED_EDGE('',*,*,#4693,.T.);
#4691=ORIENTED_EDGE('',*,*,#4694,.T.);
#4692=ORIENTED_EDGE('',*,*,#4695,.T.);
#4693=EDGE_CURVE('',#307,#193,#4696,.F.);
#4694=EDGE_CURVE('',#193,#309,#4697,.T.);
#4695=EDGE_CURVE('',#309,#307,#4698,.T.);
#4696=LINE('',#306,#4699);
#4697=LINE('',#192,#4700);
#4698=LINE('',#308,#4701);
#4699=VECTOR('',#4702,1.0);
#4700=VECTOR('',#4703,1.0);
#4701=VECTOR('',#4704,1.0);
#4702=DIRECTION('',(0.06870622613452984,0.978110402075062,-0.19641663840650517));
#4703=DIRECTION('',(0,-1,0));
#4704=DIRECTION('',(-0.33018089385292376,0,0.9439176750832057));
#4705=FACE_SURFACE('',(#4710),#4706,.T.);
#4706=PLANE('',#4707);
#4707=AXIS2_PLACEMENT_3D('',#308,#4708,#4709);
#4708=DIRECTION('',(-0.8467539035112,0,-0.5319847994901221));
#4709=DIRECTION('',(0,1,0));
#4710=FACE_BOUND('',#4711,.T.);
#4711=EDGE_LOOP('',(#4712,#4713,#4714));
#4712=ORIENTED_EDGE('',*,*,#4715,.T.);
#4713=ORIENTED_EDGE('',*,*,#4716,.T.);
#4714=ORIENTED_EDGE('',*,*,#4717,.T.);
#4715=EDGE_CURVE('',#309,#193,#4718,.F.);
#4716=EDGE_CURVE('',#193,#195,#4719,.T.);
#4717=EDGE_CURVE('',#195,#309,#4720,.T.);
#4718=LINE('',#308,#4721);
#4719=LINE('',#192,#4722);
#4720=LINE('',#194,#4723);
#4721=VECTOR('',#4724,1.0);
#4722=VECTOR('',#4725,1.0);
#4723=VECTOR('',#4726,1.0);
#4724=DIRECTION('',(0,1,0));
#4725=DIRECTION('',(0.5319847994901221,0,-0.8467539035112));
#4726=DIRECTION('',(-0.110698959284837,-0.9781103858558509,0.17619822216518724));
#4727=FACE_SURFACE('',(#4732),#4728,.T.);
#4728=PLANE('',#4729);
#4729=AXIS2_PLACEMENT_3D('',#308,#4730,#4731);
#4730=DIRECTION('',(-0.8467539035112,0,-0.5319847994901221));
#4731=DIRECTION('',(0.110698959284837,0.9781103858558509,-0.17619822216518724));
#4732=FACE_BOUND('',#4733,.T.);
#4733=EDGE_LOOP('',(#4734,#4735,#4736));
#4734=ORIENTED_EDGE('',*,*,#4737,.T.);
#4735=ORIENTED_EDGE('',*,*,#4738,.T.);
#4736=ORIENTED_EDGE('',*,*,#4739,.T.);
#4737=EDGE_CURVE('',#309,#195,#4740,.F.);
#4738=EDGE_CURVE('',#195,#311,#4741,.T.);
#4739=EDGE_CURVE('',#311,#309,#4742,.T.);
#4740=LINE('',#308,#4743);
#4741=LINE('',#194,#4744);
#4742=LINE('',#310,#4745);
#4743=VECTOR('',#4746,1.0);
#4744=VECTOR('',#4747,1.0);
#4745=VECTOR('',#4748,1.0);
#4746=DIRECTION('',(0.110698959284837,0.9781103858558509,-0.17619822216518724));
#4747=DIRECTION('',(0,-1,0));
#4748=DIRECTION('',(-0.5319847994901221,0,0.8467539035112));
#4749=FACE_SURFACE('',(#4754),#4750,.T.);
#4750=PLANE('',#4751);
#4751=AXIS2_PLACEMENT_3D('',#310,#4752,#4753);
#4752=DIRECTION('',(-0.7071045398078761,0,-0.7071090225581143));
#4753=DIRECTION('',(0,1,0));
#4754=FACE_BOUND('',#4755,.T.);
#4755=EDGE_LOOP('',(#4756,#4757,#4758));
#4756=ORIENTED_EDGE('',*,*,#4759,.T.);
#4757=ORIENTED_EDGE('',*,*,#4760,.T.);
#4758=ORIENTED_EDGE('',*,*,#4761,.T.);
#4759=EDGE_CURVE('',#311,#195,#4762,.F.);
#4760=EDGE_CURVE('',#195,#197,#4763,.T.);
#4761=EDGE_CURVE('',#197,#311,#4764,.T.);
#4762=LINE('',#310,#4765);
#4763=LINE('',#194,#4766);
#4764=LINE('',#196,#4767);
#4765=VECTOR('',#4768,1.0);
#4766=VECTOR('',#4769,1.0);
#4767=VECTOR('',#4770,1.0);
#4768=DIRECTION('',(0,1,0));
#4769=DIRECTION('',(0.7071090225581143,0,-0.7071045398078761));
#4770=DIRECTION('',(-0.14713968859393856,-0.9781104736089622,0.14713875579510124));
#4771=FACE_SURFACE('',(#4776),#4772,.T.);
#4772=PLANE('',#4773);
#4773=AXIS2_PLACEMENT_3D('',#310,#4774,#4775);
#4774=DIRECTION('',(-0.7071045398078761,0,-0.7071090225581143));
#4775=DIRECTION('',(0.14713968859393856,0.9781104736089622,-0.14713875579510124));
#4776=FACE_BOUND('',#4777,.T.);
#4777=EDGE_LOOP('',(#4778,#4779,#4780));
#4778=ORIENTED_EDGE('',*,*,#4781,.T.);
#4779=ORIENTED_EDGE('',*,*,#4782,.T.);
#4780=ORIENTED_EDGE('',*,*,#4783,.T.);
#4781=EDGE_CURVE('',#311,#197,#4784,.F.);
#4782=EDGE_CURVE('',#197,#313,#4785,.T.);
#4783=EDGE_CURVE('',#313,#311,#4786,.T.);
#4784=LINE('',#310,#4787);
#4785=LINE('',#196,#4788);
#4786=LINE('',#312,#4789);
#4787=VECTOR('',#4790,1.0);
#4788=VECTOR('',#4791,1.0);
#4789=VECTOR('',#4792,1.0);
#4790=DIRECTION('',(0.14713968859393856,0.9781104736089622,-0.14713875579510124));
#4791=DIRECTION('',(0,-1,0));
#4792=DIRECTION('',(-0.7071090225581143,0,0.7071045398078761));
#4793=FACE_SURFACE('',(#4798),#4794,.T.);
#4794=PLANE('',#4795);
#4795=AXIS2_PLACEMENT_3D('',#312,#4796,#4797);
#4796=DIRECTION('',(-0.5319847994901221,0,-0.8467539035112));
#4797=DIRECTION('',(0,1,0));
#4798=FACE_BOUND('',#4799,.T.);
#4799=EDGE_LOOP('',(#4800,#4801,#4802));
#4800=ORIENTED_EDGE('',*,*,#4803,.T.);
#4801=ORIENTED_EDGE('',*,*,#4804,.T.);
#4802=ORIENTED_EDGE('',*,*,#4805,.T.);
#4803=EDGE_CURVE('',#313,#197,#4806,.F.);
#4804=EDGE_CURVE('',#197,#199,#4807,.T.);
#4805=EDGE_CURVE('',#199,#313,#4808,.T.);
#4806=LINE('',#312,#4809);
#4807=LINE('',#196,#4810);
#4808=LINE('',#198,#4811);
#4809=VECTOR('',#4812,1.0);
#4810=VECTOR('',#4813,1.0);
#4811=VECTOR('',#4814,1.0);
#4812=DIRECTION('',(0,1,0));
#4813=DIRECTION('',(0.8467539035112,0,-0.5319847994901221));
#4814=DIRECTION('',(-0.17619822216518724,-0.9781103858558509,0.110698959284837));
#4815=FACE_SURFACE('',(#4820),#4816,.T.);
#4816=PLANE('',#4817);
#4817=AXIS2_PLACEMENT_3D('',#312,#4818,#4819);
#4818=DIRECTION('',(-0.5319847994901221,0,-0.8467539035112));
#4819=DIRECTION('',(0.17619822216518724,0.9781103858558509,-0.110698959284837));
#4820=FACE_BOUND('',#4821,.T.);
#4821=EDGE_LOOP('',(#4822,#4823,#4824));
#4822=ORIENTED_EDGE('',*,*,#4825,.T.);
#4823=ORIENTED_EDGE('',*,*,#4826,.T.);
#4824=ORIENTED_EDGE('',*,*,#4827,.T.);
#4825=EDGE_CURVE('',#313,#199,#4828,.F.);
#4826=EDGE_CURVE('',#199,#315,#4829,.T.);
#4827=EDGE_CURVE('',#315,#313,#4830,.T.);
#4828=LINE('',#312,#4831);
#4829=LINE('',#198,#4832);
#4830=LINE('',#314,#4833);
#4831=VECTOR('',#4834,1.0);
#4832=VECTOR('',#4835,1.0);
#4833=VECTOR('',#4836,1.0);
#4834=DIRECTION('',(0.17619822216518724,0.9781103858558509,-0.110698959284837));
#4835=DIRECTION('',(0,-1,0));
#4836=DIRECTION('',(-0.8467539035112,0,0.5319847994901221));
#4837=FACE_SURFACE('',(#4842),#4838,.T.);
#4838=PLANE('',#4839);
#4839=AXIS2_PLACEMENT_3D('',#314,#4840,#4841);
#4840=DIRECTION('',(-0.3301782969078279,0,-0.9439185834864393));
#4841=DIRECTION('',(0,1,0));
#4842=FACE_BOUND('',#4843,.T.);
#4843=EDGE_LOOP('',(#4844,#4845,#4846));
#4844=ORIENTED_EDGE('',*,*,#4847,.T.);
#4845=ORIENTED_EDGE('',*,*,#4848,.T.);
#4846=ORIENTED_EDGE('',*,*,#4849,.T.);
#4847=EDGE_CURVE('',#315,#199,#4850,.F.);
#4848=EDGE_CURVE('',#199,#201,#4851,.T.);
#4849=EDGE_CURVE('',#201,#315,#4852,.T.);
#4850=LINE('',#314,#4853);
#4851=LINE('',#198,#4854);
#4852=LINE('',#200,#4855);
#4853=VECTOR('',#4856,1.0);
#4854=VECTOR('',#4857,1.0);
#4855=VECTOR('',#4858,1.0);
#4856=DIRECTION('',(0,1,0));
#4857=DIRECTION('',(0.9439185834864393,0,-0.3301782969078279));
#4858=DIRECTION('',(-0.19641575418242102,-0.9781106439671472,0.06870531032695791));
#4859=FACE_SURFACE('',(#4864),#4860,.T.);
#4860=PLANE('',#4861);
#4861=AXIS2_PLACEMENT_3D('',#314,#4862,#4863);
#4862=DIRECTION('',(-0.3301782969078279,0,-0.9439185834864393));
#4863=DIRECTION('',(0.19641575418242102,0.9781106439671472,-0.06870531032695791));
#4864=FACE_BOUND('',#4865,.T.);
#4865=EDGE_LOOP('',(#4866,#4867,#4868));
#4866=ORIENTED_EDGE('',*,*,#4869,.T.);
#4867=ORIENTED_EDGE('',*,*,#4870,.T.);
#4868=ORIENTED_EDGE('',*,*,#4871,.T.);
#4869=EDGE_CURVE('',#315,#201,#4872,.F.);
#4870=EDGE_CURVE('',#201,#317,#4873,.T.);
#4871=EDGE_CURVE('',#317,#315,#4874,.T.);
#4872=LINE('',#314,#4875);
#4873=LINE('',#200,#4876);
#4874=LINE('',#316,#4877);
#4875=VECTOR('',#4878,1.0);
#4876=VECTOR('',#4879,1.0);
#4877=VECTOR('',#4880,1.0);
#4878=DIRECTION('',(0.19641575418242102,0.9781106439671472,-0.06870531032695791));
#4879=DIRECTION('',(0,-1,0));
#4880=DIRECTION('',(-0.9439185834864393,0,0.3301782969078279));
#4881=FACE_SURFACE('',(#4886),#4882,.T.);
#4882=PLANE('',#4883);
#4883=AXIS2_PLACEMENT_3D('',#316,#4884,#4885);
#4884=DIRECTION('',(-0.1118036264611885,0,-0.9937303201121152));
#4885=DIRECTION('',(0,1,0));
#4886=FACE_BOUND('',#4887,.T.);
#4887=EDGE_LOOP('',(#4888,#4889,#4890));
#4888=ORIENTED_EDGE('',*,*,#4891,.T.);
#4889=ORIENTED_EDGE('',*,*,#4892,.T.);
#4890=ORIENTED_EDGE('',*,*,#4893,.T.);
#4891=EDGE_CURVE('',#317,#201,#4894,.F.);
#4892=EDGE_CURVE('',#201,#319,#4895,.T.);
#4893=EDGE_CURVE('',#319,#317,#4896,.T.);
#4894=LINE('',#316,#4897);
#4895=LINE('',#200,#4898);
#4896=LINE('',#318,#4899);
#4897=VECTOR('',#4900,1.0);
#4898=VECTOR('',#4901,1.0);
#4899=VECTOR('',#4902,1.0);
#4900=DIRECTION('',(0,1,0));
#4901=DIRECTION('',(0.20678279441753178,-0.9781102284335881,-0.023264929969179268));
#4902=DIRECTION('',(-0.9937303201121152,0,0.1118036264611885));
#4903=FACE_SURFACE('',(#4908),#4904,.T.);
#4904=PLANE('',#4905);
#4905=AXIS2_PLACEMENT_3D('',#318,#4906,#4907);
#4906=DIRECTION('',(-0.1118036264611885,0,-0.9937303201121152));
#4907=DIRECTION('',(-0.20678279441753178,0.9781102284335881,0.023264929969179268));
#4908=FACE_BOUND('',#4909,.T.);
#4909=EDGE_LOOP('',(#4910,#4911,#4912));
#4910=ORIENTED_EDGE('',*,*,#4913,.T.);
#4911=ORIENTED_EDGE('',*,*,#4914,.T.);
#4912=ORIENTED_EDGE('',*,*,#4915,.T.);
#4913=EDGE_CURVE('',#319,#201,#4916,.F.);
#4914=EDGE_CURVE('',#201,#189,#4917,.T.);
#4915=EDGE_CURVE('',#189,#319,#4918,.T.);
#4916=LINE('',#318,#4919);
#4917=LINE('',#200,#4920);
#4918=LINE('',#188,#4921);
#4919=VECTOR('',#4922,1.0);
#4920=VECTOR('',#4923,1.0);
#4921=VECTOR('',#4924,1.0);
#4922=DIRECTION('',(-0.20678279441753178,0.9781102284335881,0.023264929969179268));
#4923=DIRECTION('',(0.9937303201121152,0,-0.1118036264611885));
#4924=DIRECTION('',(0,-1,0));
#4925=FACE_SURFACE('',(#4930),#4926,.T.);
#4926=PLANE('',#4927);
#4927=AXIS2_PLACEMENT_3D('',#320,#4928,#4929);
#4928=DIRECTION('',(0.09400613644529496,0,-0.9955716178711749));
#4929=DIRECTION('',(0,1,0));
#4930=FACE_BOUND('',#4931,.T.);
#4931=EDGE_LOOP('',(#4932,#4933,#4934));
#4932=ORIENTED_EDGE('',*,*,#4935,.T.);
#4933=ORIENTED_EDGE('',*,*,#4936,.T.);
#4934=ORIENTED_EDGE('',*,*,#4937,.T.);
#4935=EDGE_CURVE('',#321,#163,#4938,.F.);
#4936=EDGE_CURVE('',#163,#323,#4939,.T.);
#4937=EDGE_CURVE('',#323,#321,#4940,.T.);
#4938=LINE('',#320,#4941);
#4939=LINE('',#162,#4942);
#4940=LINE('',#322,#4943);
#4941=VECTOR('',#4944,1.0);
#4942=VECTOR('',#4945,1.0);
#4943=VECTOR('',#4946,1.0);
#4944=DIRECTION('',(0,1,0));
#4945=DIRECTION('',(0.2873369304414008,-0.9574452284960954,0.02713158370927141));
#4946=DIRECTION('',(-0.9955716178711749,0,-0.09400613644529496));
#4947=FACE_SURFACE('',(#4952),#4948,.T.);
#4948=PLANE('',#4949);
#4949=AXIS2_PLACEMENT_3D('',#322,#4950,#4951);
#4950=DIRECTION('',(0.09400613644529496,0,-0.9955716178711749));
#4951=DIRECTION('',(-0.2873369304414008,0.9574452284960954,-0.02713158370927141));
#4952=FACE_BOUND('',#4953,.T.);
#4953=EDGE_LOOP('',(#4954,#4955,#4956));
#4954=ORIENTED_EDGE('',*,*,#4957,.T.);
#4955=ORIENTED_EDGE('',*,*,#4958,.T.);
#4956=ORIENTED_EDGE('',*,*,#4959,.T.);
#4957=EDGE_CURVE('',#323,#163,#4960,.F.);
#4958=EDGE_CURVE('',#163,#177,#4961,.T.);
#4959=EDGE_CURVE('',#177,#323,#4962,.T.);
#4960=LINE('',#322,#4963);
#4961=LINE('',#162,#4964);
#4962=LINE('',#176,#4965);
#4963=VECTOR('',#4966,1.0);
#4964=VECTOR('',#4967,1.0);
#4965=VECTOR('',#4968,1.0);
#4966=DIRECTION('',(-0.2873369304414008,0.9574452284960954,-0.02713158370927141));
#4967=DIRECTION('',(0.9955716178711749,0,0.09400613644529496));
#4968=DIRECTION('',(0,-1,0));
#4969=FACE_SURFACE('',(#4974),#4970,.T.);
#4970=PLANE('',#4971);
#4971=AXIS2_PLACEMENT_3D('',#322,#4972,#4973);
#4972=DIRECTION('',(0.27869084631110885,0,-0.9603808682925737));
#4973=DIRECTION('',(0,1,0));
#4974=FACE_BOUND('',#4975,.T.);
#4975=EDGE_LOOP('',(#4976,#4977,#4978));
#4976=ORIENTED_EDGE('',*,*,#4979,.T.);
#4977=ORIENTED_EDGE('',*,*,#4980,.T.);
#4978=ORIENTED_EDGE('',*,*,#4981,.T.);
#4979=EDGE_CURVE('',#323,#177,#4982,.F.);
#4980=EDGE_CURVE('',#177,#325,#4983,.T.);
#4981=EDGE_CURVE('',#325,#323,#4984,.T.);
#4982=LINE('',#322,#4985);
#4983=LINE('',#176,#4986);
#4984=LINE('',#324,#4987);
#4985=VECTOR('',#4988,1.0);
#4986=VECTOR('',#4989,1.0);
#4987=VECTOR('',#4990,1.0);
#4988=DIRECTION('',(0,1,0));
#4989=DIRECTION('',(0.2771797606709341,-0.957445413870265,0.08043419504912533));
#4990=DIRECTION('',(-0.9603808682925737,0,-0.27869084631110885));
#4991=FACE_SURFACE('',(#4996),#4992,.T.);
#4992=PLANE('',#4993);
#4993=AXIS2_PLACEMENT_3D('',#324,#4994,#4995);
#4994=DIRECTION('',(0.27869084631110885,0,-0.9603808682925737));
#4995=DIRECTION('',(-0.2771797606709341,0.957445413870265,-0.08043419504912533));
#4996=FACE_BOUND('',#4997,.T.);
#4997=EDGE_LOOP('',(#4998,#4999,#5000));
#4998=ORIENTED_EDGE('',*,*,#5001,.T.);
#4999=ORIENTED_EDGE('',*,*,#5002,.T.);
#5000=ORIENTED_EDGE('',*,*,#5003,.T.);
#5001=EDGE_CURVE('',#325,#177,#5004,.F.);
#5002=EDGE_CURVE('',#177,#175,#5005,.T.);
#5003=EDGE_CURVE('',#175,#325,#5006,.T.);
#5004=LINE('',#324,#5007);
#5005=LINE('',#176,#5008);
#5006=LINE('',#174,#5009);
#5007=VECTOR('',#5010,1.0);
#5008=VECTOR('',#5011,1.0);
#5009=VECTOR('',#5012,1.0);
#5010=DIRECTION('',(-0.2771797606709341,0.957445413870265,-0.08043419504912533));
#5011=DIRECTION('',(0.9603808682925737,0,0.27869084631110885));
#5012=DIRECTION('',(0,-1,0));
#5013=FACE_SURFACE('',(#5018),#5014,.T.);
#5014=PLANE('',#5015);
#5015=AXIS2_PLACEMENT_3D('',#324,#5016,#5017);
#5016=DIRECTION('',(0.4535298156066799,0,-0.8912411045030245));
#5017=DIRECTION('',(0,1,0));
#5018=FACE_BOUND('',#5019,.T.);
#5019=EDGE_LOOP('',(#5020,#5021,#5022));
#5020=ORIENTED_EDGE('',*,*,#5023,.T.);
#5021=ORIENTED_EDGE('',*,*,#5024,.T.);
#5022=ORIENTED_EDGE('',*,*,#5025,.T.);
#5023=EDGE_CURVE('',#325,#175,#5026,.F.);
#5024=EDGE_CURVE('',#175,#327,#5027,.T.);
#5025=EDGE_CURVE('',#327,#325,#5028,.T.);
#5026=LINE('',#324,#5029);
#5027=LINE('',#174,#5030);
#5028=LINE('',#326,#5031);
#5029=VECTOR('',#5032,1.0);
#5030=VECTOR('',#5033,1.0);
#5031=VECTOR('',#5034,1.0);
#5032=DIRECTION('',(0,1,0));
#5033=DIRECTION('',(0.25722506447403665,-0.9574454016425783,0.1308952599592878));
#5034=DIRECTION('',(-0.8912411045030245,0,-0.4535298156066799));
#5035=FACE_SURFACE('',(#5040),#5036,.T.);
#5036=PLANE('',#5037);
#5037=AXIS2_PLACEMENT_3D('',#326,#5038,#5039);
#5038=DIRECTION('',(0.4535298156066799,0,-0.8912411045030245));
#5039=DIRECTION('',(-0.25722506447403665,0.9574454016425783,-0.1308952599592878));
#5040=FACE_BOUND('',#5041,.T.);
#5041=EDGE_LOOP('',(#5042,#5043,#5044));
#5042=ORIENTED_EDGE('',*,*,#5045,.T.);
#5043=ORIENTED_EDGE('',*,*,#5046,.T.);
#5044=ORIENTED_EDGE('',*,*,#5047,.T.);
#5045=EDGE_CURVE('',#327,#175,#5048,.F.);
#5046=EDGE_CURVE('',#175,#173,#5049,.T.);
#5047=EDGE_CURVE('',#173,#327,#5050,.T.);
#5048=LINE('',#326,#5051);
#5049=LINE('',#174,#5052);
#5050=LINE('',#172,#5053);
#5051=VECTOR('',#5054,1.0);
#5052=VECTOR('',#5055,1.0);
#5053=VECTOR('',#5056,1.0);
#5054=DIRECTION('',(-0.25722506447403665,0.9574454016425783,-0.1308952599592878));
#5055=DIRECTION('',(0.8912411045030245,0,0.4535298156066799));
#5056=DIRECTION('',(0,-1,0));
#5057=FACE_SURFACE('',(#5062),#5058,.T.);
#5058=PLANE('',#5059);
#5059=AXIS2_PLACEMENT_3D('',#326,#5060,#5061);
#5060=DIRECTION('',(0.6123336611604262,0,-0.7905994481467011));
#5061=DIRECTION('',(0,1,0));
#5062=FACE_BOUND('',#5063,.T.);
#5063=EDGE_LOOP('',(#5064,#5065,#5066));
#5064=ORIENTED_EDGE('',*,*,#5067,.T.);
#5065=ORIENTED_EDGE('',*,*,#5068,.T.);
#5066=ORIENTED_EDGE('',*,*,#5069,.T.);
#5067=EDGE_CURVE('',#327,#173,#5070,.F.);
#5068=EDGE_CURVE('',#173,#329,#5071,.T.);
#5069=EDGE_CURVE('',#329,#327,#5072,.T.);
#5070=LINE('',#326,#5073);
#5071=LINE('',#172,#5074);
#5072=LINE('',#328,#5075);
#5073=VECTOR('',#5076,1.0);
#5074=VECTOR('',#5077,1.0);
#5075=VECTOR('',#5078,1.0);
#5076=DIRECTION('',(0,1,0));
#5077=DIRECTION('',(0.22817786215302188,-0.957445617316672,0.17672790697672325));
#5078=DIRECTION('',(-0.7905994481467011,0,-0.6123336611604262));
#5079=FACE_SURFACE('',(#5084),#5080,.T.);
#5080=PLANE('',#5081);
#5081=AXIS2_PLACEMENT_3D('',#328,#5082,#5083);
#5082=DIRECTION('',(0.6123336611604262,0,-0.7905994481467011));
#5083=DIRECTION('',(-0.22817786215302188,0.957445617316672,-0.17672790697672325));
#5084=FACE_BOUND('',#5085,.T.);
#5085=EDGE_LOOP('',(#5086,#5087,#5088));
#5086=ORIENTED_EDGE('',*,*,#5089,.T.);
#5087=ORIENTED_EDGE('',*,*,#5090,.T.);
#5088=ORIENTED_EDGE('',*,*,#5091,.T.);
#5089=EDGE_CURVE('',#329,#173,#5092,.F.);
#5090=EDGE_CURVE('',#173,#171,#5093,.T.);
#5091=EDGE_CURVE('',#171,#329,#5094,.T.);
#5092=LINE('',#328,#5095);
#5093=LINE('',#172,#5096);
#5094=LINE('',#170,#5097);
#5095=VECTOR('',#5098,1.0);
#5096=VECTOR('',#5099,1.0);
#5097=VECTOR('',#5100,1.0);
#5098=DIRECTION('',(-0.22817786215302188,0.957445617316672,-0.17672790697672325));
#5099=DIRECTION('',(0.7905994481467011,0,0.6123336611604262));
#5100=DIRECTION('',(0,-1,0));
#5101=FACE_SURFACE('',(#5106),#5102,.T.);
#5102=PLANE('',#5103);
#5103=AXIS2_PLACEMENT_3D('',#328,#5104,#5105);
#5104=DIRECTION('',(0.7494925456884104,0,-0.6620127823218417));
#5105=DIRECTION('',(0,1,0));
#5106=FACE_BOUND('',#5107,.T.);
#5107=EDGE_LOOP('',(#5108,#5109,#5110));
#5108=ORIENTED_EDGE('',*,*,#5111,.T.);
#5109=ORIENTED_EDGE('',*,*,#5112,.T.);
#5110=ORIENTED_EDGE('',*,*,#5113,.T.);
#5111=EDGE_CURVE('',#329,#171,#5114,.F.);
#5112=EDGE_CURVE('',#171,#331,#5115,.T.);
#5113=EDGE_CURVE('',#331,#329,#5116,.T.);
#5114=LINE('',#328,#5117);
#5115=LINE('',#170,#5118);
#5116=LINE('',#330,#5119);
#5117=VECTOR('',#5120,1.0);
#5118=VECTOR('',#5121,1.0);
#5119=VECTOR('',#5122,1.0);
#5120=DIRECTION('',(0,1,0));
#5121=DIRECTION('',(0.19106616327177903,-0.9574455356167155,0.21631404850407293));
#5122=DIRECTION('',(-0.6620127823218417,0,-0.7494925456884104));
#5123=FACE_SURFACE('',(#5128),#5124,.T.);
#5124=PLANE('',#5125);
#5125=AXIS2_PLACEMENT_3D('',#330,#5126,#5127);
#5126=DIRECTION('',(0.7494925456884104,0,-0.6620127823218417));
#5127=DIRECTION('',(-0.19106616327177903,0.9574455356167155,-0.21631404850407293));
#5128=FACE_BOUND('',#5129,.T.);
#5129=EDGE_LOOP('',(#5130,#5131,#5132));
#5130=ORIENTED_EDGE('',*,*,#5133,.T.);
#5131=ORIENTED_EDGE('',*,*,#5134,.T.);
#5132=ORIENTED_EDGE('',*,*,#5135,.T.);
#5133=EDGE_CURVE('',#331,#171,#5136,.F.);
#5134=EDGE_CURVE('',#171,#169,#5137,.T.);
#5135=EDGE_CURVE('',#169,#331,#5138,.T.);
#5136=LINE('',#330,#5139);
#5137=LINE('',#170,#5140);
#5138=LINE('',#168,#5141);
#5139=VECTOR('',#5142,1.0);
#5140=VECTOR('',#5143,1.0);
#5141=VECTOR('',#5144,1.0);
#5142=DIRECTION('',(-0.19106616327177903,0.9574455356167155,-0.21631404850407293));
#5143=DIRECTION('',(0.6620127823218417,0,0.7494925456884104));
#5144=DIRECTION('',(0,-1,0));
#5145=FACE_SURFACE('',(#5150),#5146,.T.);
#5146=PLANE('',#5147);
#5147=AXIS2_PLACEMENT_3D('',#330,#5148,#5149);
#5148=DIRECTION('',(0.8601589182847584,0,-0.5100261123660181));
#5149=DIRECTION('',(0,1,0));
#5150=FACE_BOUND('',#5151,.T.);
#5151=EDGE_LOOP('',(#5152,#5153,#5154));
#5152=ORIENTED_EDGE('',*,*,#5155,.T.);
#5153=ORIENTED_EDGE('',*,*,#5156,.T.);
#5154=ORIENTED_EDGE('',*,*,#5157,.T.);
#5155=EDGE_CURVE('',#331,#169,#5158,.F.);
#5156=EDGE_CURVE('',#169,#333,#5159,.T.);
#5157=EDGE_CURVE('',#333,#331,#5160,.T.);
#5158=LINE('',#330,#5161);
#5159=LINE('',#168,#5162);
#5160=LINE('',#332,#5163);
#5161=VECTOR('',#5164,1.0);
#5162=VECTOR('',#5165,1.0);
#5163=VECTOR('',#5166,1.0);
#5164=DIRECTION('',(0,1,0));
#5165=DIRECTION('',(0.1472012128997825,-0.9574452213086019,0.2482548108580283));
#5166=DIRECTION('',(-0.5100261123660181,0,-0.8601589182847584));
#5167=FACE_SURFACE('',(#5172),#5168,.T.);
#5168=PLANE('',#5169);
#5169=AXIS2_PLACEMENT_3D('',#332,#5170,#5171);
#5170=DIRECTION('',(0.8601589182847584,0,-0.5100261123660181));
#5171=DIRECTION('',(-0.1472012128997825,0.9574452213086019,-0.2482548108580283));
#5172=FACE_BOUND('',#5173,.T.);
#5173=EDGE_LOOP('',(#5174,#5175,#5176));
#5174=ORIENTED_EDGE('',*,*,#5177,.T.);
#5175=ORIENTED_EDGE('',*,*,#5178,.T.);
#5176=ORIENTED_EDGE('',*,*,#5179,.T.);
#5177=EDGE_CURVE('',#333,#169,#5180,.F.);
#5178=EDGE_CURVE('',#169,#167,#5181,.T.);
#5179=EDGE_CURVE('',#167,#333,#5182,.T.);
#5180=LINE('',#332,#5183);
#5181=LINE('',#168,#5184);
#5182=LINE('',#166,#5185);
#5183=VECTOR('',#5186,1.0);
#5184=VECTOR('',#5187,1.0);
#5185=VECTOR('',#5188,1.0);
#5186=DIRECTION('',(-0.1472012128997825,0.9574452213086019,-0.2482548108580283));
#5187=DIRECTION('',(0.5100261123660181,0,0.8601589182847584));
#5188=DIRECTION('',(0,-1,0));
#5189=FACE_SURFACE('',(#5194),#5190,.T.);
#5190=PLANE('',#5191);
#5191=AXIS2_PLACEMENT_3D('',#332,#5192,#5193);
#5192=DIRECTION('',(0.9404221629957114,0,-0.3400090518596052));
#5193=DIRECTION('',(0,1,0));
#5194=FACE_BOUND('',#5195,.T.);
#5195=EDGE_LOOP('',(#5196,#5197,#5198));
#5196=ORIENTED_EDGE('',*,*,#5199,.T.);
#5197=ORIENTED_EDGE('',*,*,#5200,.T.);
#5198=ORIENTED_EDGE('',*,*,#5201,.T.);
#5199=EDGE_CURVE('',#333,#167,#5202,.F.);
#5200=EDGE_CURVE('',#167,#335,#5203,.T.);
#5201=EDGE_CURVE('',#335,#333,#5204,.T.);
#5202=LINE('',#332,#5205);
#5203=LINE('',#166,#5206);
#5204=LINE('',#334,#5207);
#5205=VECTOR('',#5208,1.0);
#5206=VECTOR('',#5209,1.0);
#5207=VECTOR('',#5210,1.0);
#5208=DIRECTION('',(0,1,0));
#5209=DIRECTION('',(0.09813170895083963,-0.9574452401075221,0.27141993274967324));
#5210=DIRECTION('',(-0.3400090518596052,0,-0.9404221629957114));
#5211=FACE_SURFACE('',(#5216),#5212,.T.);
#5212=PLANE('',#5213);
#5213=AXIS2_PLACEMENT_3D('',#334,#5214,#5215);
#5214=DIRECTION('',(0.9404221629957114,0,-0.3400090518596052));
#5215=DIRECTION('',(-0.09813170895083963,0.9574452401075221,-0.27141993274967324));
#5216=FACE_BOUND('',#5217,.T.);
#5217=EDGE_LOOP('',(#5218,#5219,#5220));
#5218=ORIENTED_EDGE('',*,*,#5221,.T.);
#5219=ORIENTED_EDGE('',*,*,#5222,.T.);
#5220=ORIENTED_EDGE('',*,*,#5223,.T.);
#5221=EDGE_CURVE('',#335,#167,#5224,.F.);
#5222=EDGE_CURVE('',#167,#165,#5225,.T.);
#5223=EDGE_CURVE('',#165,#335,#5226,.T.);
#5224=LINE('',#334,#5227);
#5225=LINE('',#166,#5228);
#5226=LINE('',#164,#5229);
#5227=VECTOR('',#5230,1.0);
#5228=VECTOR('',#5231,1.0);
#5229=VECTOR('',#5232,1.0);
#5230=DIRECTION('',(-0.09813170895083963,0.9574452401075221,-0.27141993274967324));
#5231=DIRECTION('',(0.3400090518596052,0,0.9404221629957114));
#5232=DIRECTION('',(0,-1,0));
#5233=FACE_SURFACE('',(#5238),#5234,.T.);
#5234=PLANE('',#5235);
#5235=AXIS2_PLACEMENT_3D('',#334,#5236,#5237);
#5236=DIRECTION('',(0.9874438694510296,0,-0.15797026518803525));
#5237=DIRECTION('',(0,1,0));
#5238=FACE_BOUND('',#5239,.T.);
#5239=EDGE_LOOP('',(#5240,#5241,#5242));
#5240=ORIENTED_EDGE('',*,*,#5243,.T.);
#5241=ORIENTED_EDGE('',*,*,#5244,.T.);
#5242=ORIENTED_EDGE('',*,*,#5245,.T.);
#5243=EDGE_CURVE('',#335,#165,#5246,.F.);
#5244=EDGE_CURVE('',#165,#337,#5247,.T.);
#5245=EDGE_CURVE('',#337,#335,#5248,.T.);
#5246=LINE('',#334,#5249);
#5247=LINE('',#164,#5250);
#5248=LINE('',#336,#5251);
#5249=VECTOR('',#5252,1.0);
#5250=VECTOR('',#5253,1.0);
#5251=VECTOR('',#5254,1.0);
#5252=DIRECTION('',(0,1,0));
#5253=DIRECTION('',(0.04559246737783525,-0.9574454672991463,0.2849903578486827));
#5254=DIRECTION('',(-0.15797026518803525,0,-0.9874438694510296));
#5255=FACE_SURFACE('',(#5260),#5256,.T.);
#5256=PLANE('',#5257);
#5257=AXIS2_PLACEMENT_3D('',#336,#5258,#5259);
#5258=DIRECTION('',(0.9874438694510296,0,-0.15797026518803525));
#5259=DIRECTION('',(-0.04559246737783525,0.9574454672991463,-0.2849903578486827));
#5260=FACE_BOUND('',#5261,.T.);
#5261=EDGE_LOOP('',(#5262,#5263,#5264));
#5262=ORIENTED_EDGE('',*,*,#5265,.T.);
#5263=ORIENTED_EDGE('',*,*,#5266,.T.);
#5264=ORIENTED_EDGE('',*,*,#5267,.T.);
#5265=EDGE_CURVE('',#337,#165,#5268,.F.);
#5266=EDGE_CURVE('',#165,#145,#5269,.T.);
#5267=EDGE_CURVE('',#145,#337,#5270,.T.);
#5268=LINE('',#336,#5271);
#5269=LINE('',#164,#5272);
#5270=LINE('',#144,#5273);
#5271=VECTOR('',#5274,1.0);
#5272=VECTOR('',#5275,1.0);
#5273=VECTOR('',#5276,1.0);
#5274=DIRECTION('',(-0.04559246737783525,0.9574454672991463,-0.2849903578486827));
#5275=DIRECTION('',(0.15797026518803525,0,0.9874438694510296));
#5276=DIRECTION('',(0,-1,0));
#5277=FACE_SURFACE('',(#5282),#5278,.T.);
#5278=PLANE('',#5279);
#5279=AXIS2_PLACEMENT_3D('',#144,#5280,#5281);
#5280=DIRECTION('',(0.9999893496076115,0,-0.004615265035297206));
#5281=DIRECTION('',(0.004615265035297206,0,0.9999893496076115));
#5282=FACE_BOUND('',#5283,.T.);
#5283=EDGE_LOOP('',(#5284,#5285,#5286));
#5284=ORIENTED_EDGE('',*,*,#5287,.T.);
#5285=ORIENTED_EDGE('',*,*,#5288,.T.);
#5286=ORIENTED_EDGE('',*,*,#5289,.T.);
#5287=EDGE_CURVE('',#145,#133,#5290,.F.);
#5288=EDGE_CURVE('',#133,#337,#5291,.T.);
#5289=EDGE_CURVE('',#337,#145,#5292,.T.);
#5290=LINE('',#144,#5293);
#5291=LINE('',#132,#5294);
#5292=LINE('',#336,#5295);
#5293=VECTOR('',#5296,1.0);
#5294=VECTOR('',#5297,1.0);
#5295=VECTOR('',#5298,1.0);
#5296=DIRECTION('',(0.004615265035297206,0,0.9999893496076115));
#5297=DIRECTION('',(-0.004613081890994918,-0.030754348547416693,-0.9995163277910426));
#5298=DIRECTION('',(0,1,0));
#5299=FACE_SURFACE('',(#5304),#5300,.T.);
#5300=PLANE('',#5301);
#5301=AXIS2_PLACEMENT_3D('',#336,#5302,#5303);
#5302=DIRECTION('',(0.9999893496076115,0,-0.004615265035297206));
#5303=DIRECTION('',(0.004613081890994918,0.030754348547416693,0.9995163277910426));
#5304=FACE_BOUND('',#5305,.T.);
#5305=EDGE_LOOP('',(#5306,#5307,#5308));
#5306=ORIENTED_EDGE('',*,*,#5309,.T.);
#5307=ORIENTED_EDGE('',*,*,#5310,.T.);
#5308=ORIENTED_EDGE('',*,*,#5311,.T.);
#5309=EDGE_CURVE('',#337,#133,#5312,.F.);
#5310=EDGE_CURVE('',#133,#339,#5313,.T.);
#5311=EDGE_CURVE('',#339,#337,#5314,.T.);
#5312=LINE('',#336,#5315);
#5313=LINE('',#132,#5316);
#5314=LINE('',#338,#5317);
#5315=VECTOR('',#5318,1.0);
#5316=VECTOR('',#5319,1.0);
#5317=VECTOR('',#5320,1.0);
#5318=DIRECTION('',(0.004613081890994918,0.030754348547416693,0.9995163277910426));
#5319=DIRECTION('',(0,-1,0));
#5320=DIRECTION('',(-0.004615265035297206,0,-0.9999893496076115));
#5321=FACE_SURFACE('',(#5326),#5322,.T.);
#5322=PLANE('',#5323);
#5323=AXIS2_PLACEMENT_3D('',#338,#5324,#5325);
#5324=DIRECTION('',(0.9937412030039516,-0,0.11170685499224792));
#5325=DIRECTION('',(0,1,0));
#5326=FACE_BOUND('',#5327,.T.);
#5327=EDGE_LOOP('',(#5328,#5329,#5330));
#5328=ORIENTED_EDGE('',*,*,#5331,.T.);
#5329=ORIENTED_EDGE('',*,*,#5332,.T.);
#5330=ORIENTED_EDGE('',*,*,#5333,.T.);
#5331=EDGE_CURVE('',#339,#133,#5334,.F.);
#5332=EDGE_CURVE('',#133,#341,#5335,.T.);
#5333=EDGE_CURVE('',#341,#339,#5336,.T.);
#5334=LINE('',#338,#5337);
#5335=LINE('',#132,#5338);
#5336=LINE('',#340,#5339);
#5337=VECTOR('',#5340,1.0);
#5338=VECTOR('',#5341,1.0);
#5339=VECTOR('',#5342,1.0);
#5340=DIRECTION('',(0,1,0));
#5341=DIRECTION('',(-0.03430510034706185,-0.9516774671019823,0.3051772578363815));
#5342=DIRECTION('',(0.11170685499224792,0,-0.9937412030039516));
#5343=FACE_SURFACE('',(#5348),#5344,.T.);
#5344=PLANE('',#5345);
#5345=AXIS2_PLACEMENT_3D('',#340,#5346,#5347);
#5346=DIRECTION('',(0.9937412030039516,-0,0.11170685499224792));
#5347=DIRECTION('',(0.03430510034706185,0.9516774671019823,-0.3051772578363815));
#5348=FACE_BOUND('',#5349,.T.);
#5349=EDGE_LOOP('',(#5350,#5351,#5352));
#5350=ORIENTED_EDGE('',*,*,#5353,.T.);
#5351=ORIENTED_EDGE('',*,*,#5354,.T.);
#5352=ORIENTED_EDGE('',*,*,#5355,.T.);
#5353=EDGE_CURVE('',#341,#133,#5356,.F.);
#5354=EDGE_CURVE('',#133,#129,#5357,.T.);
#5355=EDGE_CURVE('',#129,#341,#5358,.T.);
#5356=LINE('',#340,#5359);
#5357=LINE('',#132,#5360);
#5358=LINE('',#128,#5361);
#5359=VECTOR('',#5362,1.0);
#5360=VECTOR('',#5363,1.0);
#5361=VECTOR('',#5364,1.0);
#5362=DIRECTION('',(0.03430510034706185,0.9516774671019823,-0.3051772578363815));
#5363=DIRECTION('',(-0.11170685499224792,0,0.9937412030039516));
#5364=DIRECTION('',(0,-1,0));
#5365=FACE_SURFACE('',(#5370),#5366,.T.);
#5366=PLANE('',#5367);
#5367=AXIS2_PLACEMENT_3D('',#340,#5368,#5369);
#5368=DIRECTION('',(0.9534192278544535,-0,0.3016484310541291));
#5369=DIRECTION('',(0,1,0));
#5370=FACE_BOUND('',#5371,.T.);
#5371=EDGE_LOOP('',(#5372,#5373,#5374));
#5372=ORIENTED_EDGE('',*,*,#5375,.T.);
#5373=ORIENTED_EDGE('',*,*,#5376,.T.);
#5374=ORIENTED_EDGE('',*,*,#5377,.T.);
#5375=EDGE_CURVE('',#341,#129,#5378,.F.);
#5376=EDGE_CURVE('',#129,#343,#5379,.T.);
#5377=EDGE_CURVE('',#343,#341,#5380,.T.);
#5378=LINE('',#340,#5381);
#5379=LINE('',#128,#5382);
#5380=LINE('',#342,#5383);
#5381=VECTOR('',#5384,1.0);
#5382=VECTOR('',#5385,1.0);
#5383=VECTOR('',#5386,1.0);
#5384=DIRECTION('',(0,1,0));
#5385=DIRECTION('',(-0.09263594193599438,-0.9516775625218211,0.29279412435046637));
#5386=DIRECTION('',(0.3016484310541291,0,-0.9534192278544535));
#5387=FACE_SURFACE('',(#5392),#5388,.T.);
#5388=PLANE('',#5389);
#5389=AXIS2_PLACEMENT_3D('',#342,#5390,#5391);
#5390=DIRECTION('',(0.9534192278544535,-0,0.3016484310541291));
#5391=DIRECTION('',(0.09263594193599438,0.9516775625218211,-0.29279412435046637));
#5392=FACE_BOUND('',#5393,.T.);
#5393=EDGE_LOOP('',(#5394,#5395,#5396));
#5394=ORIENTED_EDGE('',*,*,#5397,.T.);
#5395=ORIENTED_EDGE('',*,*,#5398,.T.);
#5396=ORIENTED_EDGE('',*,*,#5399,.T.);
#5397=EDGE_CURVE('',#343,#129,#5400,.F.);
#5398=EDGE_CURVE('',#129,#127,#5401,.T.);
#5399=EDGE_CURVE('',#127,#343,#5402,.T.);
#5400=LINE('',#342,#5403);
#5401=LINE('',#128,#5404);
#5402=LINE('',#126,#5405);
#5403=VECTOR('',#5406,1.0);
#5404=VECTOR('',#5407,1.0);
#5405=VECTOR('',#5408,1.0);
#5406=DIRECTION('',(0.09263594193599438,0.9516775625218211,-0.29279412435046637));
#5407=DIRECTION('',(-0.3016484310541291,0,0.9534192278544535));
#5408=DIRECTION('',(0,-1,0));
#5409=FACE_SURFACE('',(#5414),#5410,.T.);
#5410=PLANE('',#5411);
#5411=AXIS2_PLACEMENT_3D('',#342,#5412,#5413);
#5412=DIRECTION('',(0.8771565564472168,-0,0.4802045142245755));
#5413=DIRECTION('',(0,1,0));
#5414=FACE_BOUND('',#5415,.T.);
#5415=EDGE_LOOP('',(#5416,#5417,#5418));
#5416=ORIENTED_EDGE('',*,*,#5419,.T.);
#5417=ORIENTED_EDGE('',*,*,#5420,.T.);
#5418=ORIENTED_EDGE('',*,*,#5421,.T.);
#5419=EDGE_CURVE('',#343,#127,#5422,.F.);
#5420=EDGE_CURVE('',#127,#345,#5423,.T.);
#5421=EDGE_CURVE('',#345,#343,#5424,.T.);
#5422=LINE('',#342,#5425);
#5423=LINE('',#126,#5426);
#5424=LINE('',#344,#5427);
#5425=VECTOR('',#5428,1.0);
#5426=VECTOR('',#5429,1.0);
#5427=VECTOR('',#5430,1.0);
#5428=DIRECTION('',(0,1,0));
#5429=DIRECTION('',(-0.14747070404706333,-0.9516773196881791,0.26937459167298405));
#5430=DIRECTION('',(0.4802045142245755,0,-0.8771565564472168));
#5431=FACE_SURFACE('',(#5436),#5432,.T.);
#5432=PLANE('',#5433);
#5433=AXIS2_PLACEMENT_3D('',#344,#5434,#5435);
#5434=DIRECTION('',(0.8771565564472168,-0,0.4802045142245755));
#5435=DIRECTION('',(0.14747070404706333,0.9516773196881791,-0.26937459167298405));
#5436=FACE_BOUND('',#5437,.T.);
#5437=EDGE_LOOP('',(#5438,#5439,#5440));
#5438=ORIENTED_EDGE('',*,*,#5441,.T.);
#5439=ORIENTED_EDGE('',*,*,#5442,.T.);
#5440=ORIENTED_EDGE('',*,*,#5443,.T.);
#5441=EDGE_CURVE('',#345,#127,#5444,.F.);
#5442=EDGE_CURVE('',#127,#125,#5445,.T.);
#5443=EDGE_CURVE('',#125,#345,#5446,.T.);
#5444=LINE('',#344,#5447);
#5445=LINE('',#126,#5448);
#5446=LINE('',#124,#5449);
#5447=VECTOR('',#5450,1.0);
#5448=VECTOR('',#5451,1.0);
#5449=VECTOR('',#5452,1.0);
#5450=DIRECTION('',(0.14747070404706333,0.9516773196881791,-0.26937459167298405));
#5451=DIRECTION('',(-0.4802045142245755,0,0.8771565564472168));
#5452=DIRECTION('',(0,-1,0));
#5453=FACE_SURFACE('',(#5458),#5454,.T.);
#5454=PLANE('',#5455);
#5455=AXIS2_PLACEMENT_3D('',#344,#5456,#5457);
#5456=DIRECTION('',(0.7678214289284281,-0,0.6406639160108105));
#5457=DIRECTION('',(0,1,0));
#5458=FACE_BOUND('',#5459,.T.);
#5459=EDGE_LOOP('',(#5460,#5461,#5462));
#5460=ORIENTED_EDGE('',*,*,#5463,.T.);
#5461=ORIENTED_EDGE('',*,*,#5464,.T.);
#5462=ORIENTED_EDGE('',*,*,#5465,.T.);
#5463=EDGE_CURVE('',#345,#125,#5466,.F.);
#5464=EDGE_CURVE('',#125,#347,#5467,.T.);
#5465=EDGE_CURVE('',#347,#345,#5468,.T.);
#5466=LINE('',#344,#5469);
#5467=LINE('',#124,#5470);
#5468=LINE('',#346,#5471);
#5469=VECTOR('',#5472,1.0);
#5470=VECTOR('',#5473,1.0);
#5471=VECTOR('',#5474,1.0);
#5472=DIRECTION('',(0,1,0));
#5473=DIRECTION('',(-0.1967474398282583,-0.9516774770059773,0.23579742297269338));
#5474=DIRECTION('',(0.6406639160108105,0,-0.7678214289284281));
#5475=FACE_SURFACE('',(#5480),#5476,.T.);
#5476=PLANE('',#5477);
#5477=AXIS2_PLACEMENT_3D('',#346,#5478,#5479);
#5478=DIRECTION('',(0.7678214289284281,-0,0.6406639160108105));
#5479=DIRECTION('',(0.1967474398282583,0.9516774770059773,-0.23579742297269338));
#5480=FACE_BOUND('',#5481,.T.);
#5481=EDGE_LOOP('',(#5482,#5483,#5484));
#5482=ORIENTED_EDGE('',*,*,#5485,.T.);
#5483=ORIENTED_EDGE('',*,*,#5486,.T.);
#5484=ORIENTED_EDGE('',*,*,#5487,.T.);
#5485=EDGE_CURVE('',#347,#125,#5488,.F.);
#5486=EDGE_CURVE('',#125,#123,#5489,.T.);
#5487=EDGE_CURVE('',#123,#347,#5490,.T.);
#5488=LINE('',#346,#5491);
#5489=LINE('',#124,#5492);
#5490=LINE('',#122,#5493);
#5491=VECTOR('',#5494,1.0);
#5492=VECTOR('',#5495,1.0);
#5493=VECTOR('',#5496,1.0);
#5494=DIRECTION('',(0.1967474398282583,0.9516774770059773,-0.23579742297269338));
#5495=DIRECTION('',(-0.6406639160108105,0,0.7678214289284281));
#5496=DIRECTION('',(0,-1,0));
#5497=FACE_SURFACE('',(#5502),#5498,.T.);
#5498=PLANE('',#5499);
#5499=AXIS2_PLACEMENT_3D('',#346,#5500,#5501);
#5500=DIRECTION('',(0.6295412980663135,-0,0.7769670224848548));
#5501=DIRECTION('',(0,1,0));
#5502=FACE_BOUND('',#5503,.T.);
#5503=EDGE_LOOP('',(#5504,#5505,#5506));
#5504=ORIENTED_EDGE('',*,*,#5507,.T.);
#5505=ORIENTED_EDGE('',*,*,#5508,.T.);
#5506=ORIENTED_EDGE('',*,*,#5509,.T.);
#5507=EDGE_CURVE('',#347,#123,#5510,.F.);
#5508=EDGE_CURVE('',#123,#349,#5511,.T.);
#5509=EDGE_CURVE('',#349,#347,#5512,.T.);
#5510=LINE('',#346,#5513);
#5511=LINE('',#122,#5514);
#5512=LINE('',#348,#5515);
#5513=VECTOR('',#5516,1.0);
#5514=VECTOR('',#5517,1.0);
#5515=VECTOR('',#5518,1.0);
#5516=DIRECTION('',(0,1,0));
#5517=DIRECTION('',(-0.2386055566836343,-0.9516776728988152,0.19333130948087124));
#5518=DIRECTION('',(0.7769670224848548,0,-0.6295412980663135));
#5519=FACE_SURFACE('',(#5524),#5520,.T.);
#5520=PLANE('',#5521);
#5521=AXIS2_PLACEMENT_3D('',#348,#5522,#5523);
#5522=DIRECTION('',(0.6295412980663135,-0,0.7769670224848548));
#5523=DIRECTION('',(0.2386055566836343,0.9516776728988152,-0.19333130948087124));
#5524=FACE_BOUND('',#5525,.T.);
#5525=EDGE_LOOP('',(#5526,#5527,#5528));
#5526=ORIENTED_EDGE('',*,*,#5529,.T.);
#5527=ORIENTED_EDGE('',*,*,#5530,.T.);
#5528=ORIENTED_EDGE('',*,*,#5531,.T.);
#5529=EDGE_CURVE('',#349,#123,#5532,.F.);
#5530=EDGE_CURVE('',#123,#121,#5533,.T.);
#5531=EDGE_CURVE('',#121,#349,#5534,.T.);
#5532=LINE('',#348,#5535);
#5533=LINE('',#122,#5536);
#5534=LINE('',#120,#5537);
#5535=VECTOR('',#5538,1.0);
#5536=VECTOR('',#5539,1.0);
#5537=VECTOR('',#5540,1.0);
#5538=DIRECTION('',(0.2386055566836343,0.9516776728988152,-0.19333130948087124));
#5539=DIRECTION('',(-0.7769670224848548,0,0.6295412980663135));
#5540=DIRECTION('',(0,-1,0));
#5541=FACE_SURFACE('',(#5546),#5542,.T.);
#5542=PLANE('',#5543);
#5543=AXIS2_PLACEMENT_3D('',#348,#5544,#5545);
#5544=DIRECTION('',(0.46753137830876973,-0,0.8839764760991675));
#5545=DIRECTION('',(0,1,0));
#5546=FACE_BOUND('',#5547,.T.);
#5547=EDGE_LOOP('',(#5548,#5549,#5550));
#5548=ORIENTED_EDGE('',*,*,#5551,.T.);
#5549=ORIENTED_EDGE('',*,*,#5552,.T.);
#5550=ORIENTED_EDGE('',*,*,#5553,.T.);
#5551=EDGE_CURVE('',#349,#121,#5554,.F.);
#5552=EDGE_CURVE('',#121,#351,#5555,.T.);
#5553=EDGE_CURVE('',#351,#349,#5556,.T.);
#5554=LINE('',#348,#5557);
#5555=LINE('',#120,#5558);
#5556=LINE('',#350,#5559);
#5557=VECTOR('',#5560,1.0);
#5558=VECTOR('',#5561,1.0);
#5559=VECTOR('',#5562,1.0);
#5560=DIRECTION('',(0,1,0));
#5561=DIRECTION('',(-0.27146927949363553,-0.9516772131132973,0.1435789411164259));
#5562=DIRECTION('',(0.8839764760991675,0,-0.46753137830876973));
#5563=FACE_SURFACE('',(#5568),#5564,.T.);
#5564=PLANE('',#5565);
#5565=AXIS2_PLACEMENT_3D('',#350,#5566,#5567);
#5566=DIRECTION('',(0.46753137830876973,-0,0.8839764760991675));
#5567=DIRECTION('',(0.27146927949363553,0.9516772131132973,-0.1435789411164259));
#5568=FACE_BOUND('',#5569,.T.);
#5569=EDGE_LOOP('',(#5570,#5571,#5572));
#5570=ORIENTED_EDGE('',*,*,#5573,.T.);
#5571=ORIENTED_EDGE('',*,*,#5574,.T.);
#5572=ORIENTED_EDGE('',*,*,#5575,.T.);
#5573=EDGE_CURVE('',#351,#121,#5576,.F.);
#5574=EDGE_CURVE('',#121,#119,#5577,.T.);
#5575=EDGE_CURVE('',#119,#351,#5578,.T.);
#5576=LINE('',#350,#5579);
#5577=LINE('',#120,#5580);
#5578=LINE('',#118,#5581);
#5579=VECTOR('',#5582,1.0);
#5580=VECTOR('',#5583,1.0);
#5581=VECTOR('',#5584,1.0);
#5582=DIRECTION('',(0.27146927949363553,0.9516772131132973,-0.1435789411164259));
#5583=DIRECTION('',(-0.8839764760991675,0,0.46753137830876973));
#5584=DIRECTION('',(0,-1,0));
#5585=FACE_SURFACE('',(#5590),#5586,.T.);
#5586=PLANE('',#5587);
#5587=AXIS2_PLACEMENT_3D('',#350,#5588,#5589);
#5588=DIRECTION('',(0.28788848267011374,-0,0.9576639397752741));
#5589=DIRECTION('',(0,1,0));
#5590=FACE_BOUND('',#5591,.T.);
#5591=EDGE_LOOP('',(#5592,#5593,#5594));
#5592=ORIENTED_EDGE('',*,*,#5595,.T.);
#5593=ORIENTED_EDGE('',*,*,#5596,.T.);
#5594=ORIENTED_EDGE('',*,*,#5597,.T.);
#5595=EDGE_CURVE('',#351,#119,#5598,.F.);
#5596=EDGE_CURVE('',#119,#353,#5599,.T.);
#5597=EDGE_CURVE('',#353,#351,#5600,.T.);
#5598=LINE('',#350,#5601);
#5599=LINE('',#118,#5602);
#5600=LINE('',#352,#5603);
#5601=VECTOR('',#5604,1.0);
#5602=VECTOR('',#5605,1.0);
#5603=VECTOR('',#5606,1.0);
#5604=DIRECTION('',(0,1,0));
#5605=DIRECTION('',(-0.29409744753408273,-0.9516776379157589,0.08841020781006803));
#5606=DIRECTION('',(0.9576639397752741,0,-0.28788848267011374));
#5607=FACE_SURFACE('',(#5612),#5608,.T.);
#5608=PLANE('',#5609);
#5609=AXIS2_PLACEMENT_3D('',#352,#5610,#5611);
#5610=DIRECTION('',(0.28788848267011374,-0,0.9576639397752741));
#5611=DIRECTION('',(0.29409744753408273,0.9516776379157589,-0.08841020781006803));
#5612=FACE_BOUND('',#5613,.T.);
#5613=EDGE_LOOP('',(#5614,#5615,#5616));
#5614=ORIENTED_EDGE('',*,*,#5617,.T.);
#5615=ORIENTED_EDGE('',*,*,#5618,.T.);
#5616=ORIENTED_EDGE('',*,*,#5619,.T.);
#5617=EDGE_CURVE('',#353,#119,#5620,.F.);
#5618=EDGE_CURVE('',#119,#117,#5621,.T.);
#5619=EDGE_CURVE('',#117,#353,#5622,.T.);
#5620=LINE('',#352,#5623);
#5621=LINE('',#118,#5624);
#5622=LINE('',#116,#5625);
#5623=VECTOR('',#5626,1.0);
#5624=VECTOR('',#5627,1.0);
#5625=VECTOR('',#5628,1.0);
#5626=DIRECTION('',(0.29409744753408273,0.9516776379157589,-0.08841020781006803));
#5627=DIRECTION('',(-0.9576639397752741,0,0.28788848267011374));
#5628=DIRECTION('',(0,-1,0));
#5629=FACE_SURFACE('',(#5634),#5630,.T.);
#5630=PLANE('',#5631);
#5631=AXIS2_PLACEMENT_3D('',#352,#5632,#5633);
#5632=DIRECTION('',(0.09739085300463973,-0,0.9952462116235503));
#5633=DIRECTION('',(0,1,0));
#5634=FACE_BOUND('',#5635,.T.);
#5635=EDGE_LOOP('',(#5636,#5637,#5638));
#5636=ORIENTED_EDGE('',*,*,#5639,.T.);
#5637=ORIENTED_EDGE('',*,*,#5640,.T.);
#5638=ORIENTED_EDGE('',*,*,#5641,.T.);
#5639=EDGE_CURVE('',#353,#117,#5642,.F.);
#5640=EDGE_CURVE('',#117,#355,#5643,.T.);
#5641=EDGE_CURVE('',#355,#353,#5644,.T.);
#5642=LINE('',#352,#5645);
#5643=LINE('',#116,#5646);
#5644=LINE('',#354,#5647);
#5645=VECTOR('',#5648,1.0);
#5646=VECTOR('',#5649,1.0);
#5647=VECTOR('',#5650,1.0);
#5648=DIRECTION('',(0,1,0));
#5649=DIRECTION('',(-0.30564006441599334,-0.951677266258061,0.02990872634150328));
#5650=DIRECTION('',(0.9952462116235503,0,-0.09739085300463973));
#5651=FACE_SURFACE('',(#5656),#5652,.T.);
#5652=PLANE('',#5653);
#5653=AXIS2_PLACEMENT_3D('',#354,#5654,#5655);
#5654=DIRECTION('',(0.09739085300463973,-0,0.9952462116235503));
#5655=DIRECTION('',(0.30564006441599334,0.951677266258061,-0.02990872634150328));
#5656=FACE_BOUND('',#5657,.T.);
#5657=EDGE_LOOP('',(#5658,#5659,#5660));
#5658=ORIENTED_EDGE('',*,*,#5661,.T.);
#5659=ORIENTED_EDGE('',*,*,#5662,.T.);
#5660=ORIENTED_EDGE('',*,*,#5663,.T.);
#5661=EDGE_CURVE('',#355,#117,#5664,.F.);
#5662=EDGE_CURVE('',#117,#109,#5665,.T.);
#5663=EDGE_CURVE('',#109,#355,#5666,.T.);
#5664=LINE('',#354,#5667);
#5665=LINE('',#116,#5668);
#5666=LINE('',#108,#5669);
#5667=VECTOR('',#5670,1.0);
#5668=VECTOR('',#5671,1.0);
#5669=VECTOR('',#5672,1.0);
#5670=DIRECTION('',(0.30564006441599334,0.951677266258061,-0.02990872634150328));
#5671=DIRECTION('',(-0.9952462116235503,0,0.09739085300463973));
#5672=DIRECTION('',(0,-1,0));
#5673=FACE_SURFACE('',(#5678),#5674,.T.);
#5674=PLANE('',#5675);
#5675=AXIS2_PLACEMENT_3D('',#114,#5676,#5677);
#5676=DIRECTION('',(0.00031324239222616337,0,0.9999999509396007));
#5677=DIRECTION('',(0,-1,0));
#5678=FACE_BOUND('',#5679,.T.);
#5679=EDGE_LOOP('',(#5680,#5681,#5682));
#5680=ORIENTED_EDGE('',*,*,#5683,.T.);
#5681=ORIENTED_EDGE('',*,*,#5684,.T.);
#5682=ORIENTED_EDGE('',*,*,#5685,.T.);
#5683=EDGE_CURVE('',#115,#287,#5686,.F.);
#5684=EDGE_CURVE('',#287,#79,#5687,.T.);
#5685=EDGE_CURVE('',#79,#115,#5688,.T.);
#5686=LINE('',#114,#5689);
#5687=LINE('',#286,#5690);
#5688=LINE('',#78,#5691);
#5689=VECTOR('',#5692,1.0);
#5690=VECTOR('',#5693,1.0);
#5691=VECTOR('',#5694,1.0);
#5692=DIRECTION('',(0,-1,0));
#5693=DIRECTION('',(0.9810254927237739,0.19387853979626501,-0.0003072987872518468));
#5694=DIRECTION('',(-0.9999999509396007,0,0.00031324239222616337));
#5695=FACE_SURFACE('',(#5700),#5696,.T.);
#5696=PLANE('',#5697);
#5697=AXIS2_PLACEMENT_3D('',#78,#5698,#5699);
#5698=DIRECTION('',(0.0003128051604769493,2.2123930475436305E-06,0.9999999510740172));
#5699=DIRECTION('',(-0.9810254927237739,-0.19387853979626501,0.0003072987872518468));
#5700=FACE_BOUND('',#5701,.T.);
#5701=EDGE_LOOP('',(#5702,#5703,#5704));
#5702=ORIENTED_EDGE('',*,*,#5705,.T.);
#5703=ORIENTED_EDGE('',*,*,#5706,.T.);
#5704=ORIENTED_EDGE('',*,*,#5707,.T.);
#5705=EDGE_CURVE('',#79,#287,#5708,.F.);
#5706=EDGE_CURVE('',#287,#87,#5709,.T.);
#5707=EDGE_CURVE('',#87,#79,#5710,.T.);
#5708=LINE('',#78,#5711);
#5709=LINE('',#286,#5712);
#5710=LINE('',#86,#5713);
#5711=VECTOR('',#5714,1.0);
#5712=VECTOR('',#5715,1.0);
#5713=VECTOR('',#5716,1.0);
#5714=DIRECTION('',(-0.9810254927237739,-0.19387853979626501,0.0003072987872518468));
#5715=DIRECTION('',(0.9866566302092546,0.16281461417318874,-0.0003089915105864006));
#5716=DIRECTION('',(-0.9999999510764646,0,0.00031280516047771487));
#5717=FACE_SURFACE('',(#5722),#5718,.T.);
#5718=PLANE('',#5719);
#5719=AXIS2_PLACEMENT_3D('',#86,#5720,#5721);
#5720=DIRECTION('',(0.0003132336106790246,-3.840156068340169E-07,0.9999999509422777));
#5721=DIRECTION('',(-0.9866566302092546,-0.16281461417318874,0.0003089915105864006));
#5722=FACE_BOUND('',#5723,.T.);
#5723=EDGE_LOOP('',(#5724,#5725,#5726));
#5724=ORIENTED_EDGE('',*,*,#5727,.T.);
#5725=ORIENTED_EDGE('',*,*,#5728,.T.);
#5726=ORIENTED_EDGE('',*,*,#5729,.T.);
#5727=EDGE_CURVE('',#87,#287,#5730,.F.);
#5728=EDGE_CURVE('',#287,#355,#5731,.T.);
#5729=EDGE_CURVE('',#355,#87,#5732,.T.);
#5730=LINE('',#86,#5733);
#5731=LINE('',#286,#5734);
#5732=LINE('',#354,#5735);
#5733=VECTOR('',#5736,1.0);
#5734=VECTOR('',#5737,1.0);
#5735=VECTOR('',#5738,1.0);
#5736=DIRECTION('',(-0.9866566302092546,-0.16281461417318874,0.0003089915105864006));
#5737=DIRECTION('',(0.9999999509423514,0,-0.0003132336106790477));
#5738=DIRECTION('',(-0.9995638364984216,0.029530301856247464,0.00031310834506774834));
#5739=FACE_SURFACE('',(#5744),#5740,.T.);
#5740=PLANE('',#5741);
#5741=AXIS2_PLACEMENT_3D('',#86,#5742,#5743);
#5742=DIRECTION('',(0.0003132138779816496,-1.0519428286322288E-06,0.9999999509479789));
#5743=DIRECTION('',(0.9995638364984216,-0.029530301856247464,-0.00031310834506774834));
#5744=FACE_BOUND('',#5745,.T.);
#5745=EDGE_LOOP('',(#5746,#5747,#5748));
#5746=ORIENTED_EDGE('',*,*,#5749,.T.);
#5747=ORIENTED_EDGE('',*,*,#5750,.T.);
#5748=ORIENTED_EDGE('',*,*,#5751,.T.);
#5749=EDGE_CURVE('',#87,#355,#5752,.F.);
#5750=EDGE_CURVE('',#355,#55,#5753,.T.);
#5751=EDGE_CURVE('',#55,#87,#5754,.T.);
#5752=LINE('',#86,#5755);
#5753=LINE('',#354,#5756);
#5754=LINE('',#54,#5757);
#5755=VECTOR('',#5758,1.0);
#5756=VECTOR('',#5759,1.0);
#5757=VECTOR('',#5760,1.0);
#5758=DIRECTION('',(0.9995638364984216,-0.029530301856247464,-0.00031310834506774834));
#5759=DIRECTION('',(-0.9856962929931623,0.16853107296132605,0.0003089110586468398));
#5760=DIRECTION('',(-0.9999999509485321,0,0.0003132138779818229));
#5761=FACE_SURFACE('',(#5766),#5762,.T.);
#5762=PLANE('',#5763);
#5763=AXIS2_PLACEMENT_3D('',#54,#5764,#5765);
#5764=DIRECTION('',(0.00031471250881951265,7.713176800976055E-06,0.9999999504482706));
#5765=DIRECTION('',(0.9856962929931623,-0.16853107296132605,-0.0003089110586468398));
#5766=FACE_BOUND('',#5767,.T.);
#5767=EDGE_LOOP('',(#5768,#5769,#5770));
#5768=ORIENTED_EDGE('',*,*,#5771,.T.);
#5769=ORIENTED_EDGE('',*,*,#5772,.T.);
#5770=ORIENTED_EDGE('',*,*,#5773,.T.);
#5771=EDGE_CURVE('',#55,#355,#5774,.F.);
#5772=EDGE_CURVE('',#355,#63,#5775,.T.);
#5773=EDGE_CURVE('',#63,#55,#5776,.T.);
#5774=LINE('',#54,#5777);
#5775=LINE('',#354,#5778);
#5776=LINE('',#62,#5779);
#5777=VECTOR('',#5780,1.0);
#5778=VECTOR('',#5781,1.0);
#5779=VECTOR('',#5782,1.0);
#5780=DIRECTION('',(0.9856962929931623,-0.16853107296132605,-0.0003089110586468398));
#5781=DIRECTION('',(-0.9793880131246266,0.20198768700768258,0.0003066677071726138));
#5782=DIRECTION('',(-0.9999999504780173,0,0.0003147125088288743));
#5783=FACE_SURFACE('',(#5788),#5784,.T.);
#5784=PLANE('',#5785);
#5785=AXIS2_PLACEMENT_3D('',#62,#5786,#5787);
#5786=DIRECTION('',(0.0003131217536148636,0,0.9999999509773825));
#5787=DIRECTION('',(0.9793880131246266,-0.20198768700768258,-0.0003066677071726138));
#5788=FACE_BOUND('',#5789,.T.);
#5789=EDGE_LOOP('',(#5790,#5791,#5792));
#5790=ORIENTED_EDGE('',*,*,#5793,.T.);
#5791=ORIENTED_EDGE('',*,*,#5794,.T.);
#5792=ORIENTED_EDGE('',*,*,#5795,.T.);
#5793=EDGE_CURVE('',#63,#355,#5796,.F.);
#5794=EDGE_CURVE('',#355,#109,#5797,.T.);
#5795=EDGE_CURVE('',#109,#63,#5798,.T.);
#5796=LINE('',#62,#5799);
#5797=LINE('',#354,#5800);
#5798=LINE('',#108,#5801);
#5799=VECTOR('',#5802,1.0);
#5800=VECTOR('',#5803,1.0);
#5801=VECTOR('',#5804,1.0);
#5802=DIRECTION('',(0.9793880131246266,-0.20198768700768258,-0.0003066677071726138));
#5803=DIRECTION('',(0,1,0));
#5804=DIRECTION('',(-0.9999999509773825,0,0.0003131217536148636));
#5805=FACE_SURFACE('',(#5810),#5806,.T.);
#5806=PLANE('',#5807);
#5807=AXIS2_PLACEMENT_3D('',#216,#5808,#5809);
#5808=DIRECTION('',(0,0,-1));
#5809=DIRECTION('',(1,0,0));
#5810=FACE_BOUND('',#5811,.T.);
#5811=EDGE_LOOP('',(#5812,#5813,#5814));
#5812=ORIENTED_EDGE('',*,*,#5815,.T.);
#5813=ORIENTED_EDGE('',*,*,#5816,.T.);
#5814=ORIENTED_EDGE('',*,*,#5817,.T.);
#5815=EDGE_CURVE('',#217,#135,#5818,.F.);
#5816=EDGE_CURVE('',#135,#357,#5819,.T.);
#5817=EDGE_CURVE('',#357,#217,#5820,.T.);
#5818=LINE('',#216,#5821);
#5819=LINE('',#134,#5822);
#5820=LINE('',#356,#5823);
#5821=VECTOR('',#5824,1.0);
#5822=VECTOR('',#5825,1.0);
#5823=VECTOR('',#5826,1.0);
#5824=DIRECTION('',(1,0,0));
#5825=DIRECTION('',(-0.9996805195442087,-0.025275657139249636,0));
#5826=DIRECTION('',(0,1,0));
#5827=FACE_SURFACE('',(#5832),#5828,.T.);
#5828=PLANE('',#5829);
#5829=AXIS2_PLACEMENT_3D('',#356,#5830,#5831);
#5830=DIRECTION('',(0,0,-1));
#5831=DIRECTION('',(0.9996805195442087,0.025275657139249636,0));
#5832=FACE_BOUND('',#5833,.T.);
#5833=EDGE_LOOP('',(#5834,#5835,#5836));
#5834=ORIENTED_EDGE('',*,*,#5837,.T.);
#5835=ORIENTED_EDGE('',*,*,#5838,.T.);
#5836=ORIENTED_EDGE('',*,*,#5839,.T.);
#5837=EDGE_CURVE('',#357,#135,#5840,.F.);
#5838=EDGE_CURVE('',#135,#359,#5841,.T.);
#5839=EDGE_CURVE('',#359,#357,#5842,.T.);
#5840=LINE('',#356,#5843);
#5841=LINE('',#134,#5844);
#5842=LINE('',#358,#5845);
#5843=VECTOR('',#5846,1.0);
#5844=VECTOR('',#5847,1.0);
#5845=VECTOR('',#5848,1.0);
#5846=DIRECTION('',(0.9996805195442087,0.025275657139249636,0));
#5847=DIRECTION('',(0,-1,0));
#5848=DIRECTION('',(-1,0,0));
#5849=FACE_SURFACE('',(#5854),#5850,.T.);
#5850=PLANE('',#5851);
#5851=AXIS2_PLACEMENT_3D('',#134,#5852,#5853);
#5852=DIRECTION('',(-1,-0,-0));
#5853=DIRECTION('',(0,0,-1));
#5854=FACE_BOUND('',#5855,.T.);
#5855=EDGE_LOOP('',(#5856,#5857,#5858));
#5856=ORIENTED_EDGE('',*,*,#5859,.T.);
#5857=ORIENTED_EDGE('',*,*,#5860,.T.);
#5858=ORIENTED_EDGE('',*,*,#5861,.T.);
#5859=EDGE_CURVE('',#135,#137,#5862,.F.);
#5860=EDGE_CURVE('',#137,#359,#5863,.T.);
#5861=EDGE_CURVE('',#359,#135,#5864,.T.);
#5862=LINE('',#134,#5865);
#5863=LINE('',#136,#5866);
#5864=LINE('',#358,#5867);
#5865=VECTOR('',#5868,1.0);
#5866=VECTOR('',#5869,1.0);
#5867=VECTOR('',#5870,1.0);
#5868=DIRECTION('',(0,0,-1));
#5869=DIRECTION('',(0,-0.8,0.6));
#5870=DIRECTION('',(0,1,0));
#5871=FACE_SURFACE('',(#5876),#5872,.T.);
#5872=PLANE('',#5873);
#5873=AXIS2_PLACEMENT_3D('',#358,#5874,#5875);
#5874=DIRECTION('',(-1,0,0));
#5875=DIRECTION('',(0,0.8,-0.6));
#5876=FACE_BOUND('',#5877,.T.);
#5877=EDGE_LOOP('',(#5878,#5879,#5880));
#5878=ORIENTED_EDGE('',*,*,#5881,.T.);
#5879=ORIENTED_EDGE('',*,*,#5882,.T.);
#5880=ORIENTED_EDGE('',*,*,#5883,.T.);
#5881=EDGE_CURVE('',#359,#137,#5884,.F.);
#5882=EDGE_CURVE('',#137,#361,#5885,.T.);
#5883=EDGE_CURVE('',#361,#359,#5886,.T.);
#5884=LINE('',#358,#5887);
#5885=LINE('',#136,#5888);
#5886=LINE('',#360,#5889);
#5887=VECTOR('',#5890,1.0);
#5888=VECTOR('',#5891,1.0);
#5889=VECTOR('',#5892,1.0);
#5890=DIRECTION('',(0,0.8,-0.6));
#5891=DIRECTION('',(0,-1,0));
#5892=DIRECTION('',(0,0,1));
#5893=FACE_SURFACE('',(#5898),#5894,.T.);
#5894=PLANE('',#5895);
#5895=AXIS2_PLACEMENT_3D('',#136,#5896,#5897);
#5896=DIRECTION('',(0,0,1));
#5897=DIRECTION('',(-1,0,0));
#5898=FACE_BOUND('',#5899,.T.);
#5899=EDGE_LOOP('',(#5900,#5901,#5902));
#5900=ORIENTED_EDGE('',*,*,#5903,.T.);
#5901=ORIENTED_EDGE('',*,*,#5904,.T.);
#5902=ORIENTED_EDGE('',*,*,#5905,.T.);
#5903=EDGE_CURVE('',#137,#231,#5906,.F.);
#5904=EDGE_CURVE('',#231,#361,#5907,.T.);
#5905=EDGE_CURVE('',#361,#137,#5908,.T.);
#5906=LINE('',#136,#5909);
#5907=LINE('',#230,#5910);
#5908=LINE('',#360,#5911);
#5909=VECTOR('',#5912,1.0);
#5910=VECTOR('',#5913,1.0);
#5911=VECTOR('',#5914,1.0);
#5912=DIRECTION('',(-1,0,0));
#5913=DIRECTION('',(0.9996805195442087,-0.025275657139249636,0));
#5914=DIRECTION('',(0,1,0));
#5915=FACE_SURFACE('',(#5920),#5916,.T.);
#5916=PLANE('',#5917);
#5917=AXIS2_PLACEMENT_3D('',#360,#5918,#5919);
#5918=DIRECTION('',(0,0,1));
#5919=DIRECTION('',(-0.9996805195442087,0.025275657139249636,0));
#5920=FACE_BOUND('',#5921,.T.);
#5921=EDGE_LOOP('',(#5922,#5923,#5924));
#5922=ORIENTED_EDGE('',*,*,#5925,.T.);
#5923=ORIENTED_EDGE('',*,*,#5926,.T.);
#5924=ORIENTED_EDGE('',*,*,#5927,.T.);
#5925=EDGE_CURVE('',#361,#231,#5928,.F.);
#5926=EDGE_CURVE('',#231,#363,#5929,.T.);
#5927=EDGE_CURVE('',#363,#361,#5930,.T.);
#5928=LINE('',#360,#5931);
#5929=LINE('',#230,#5932);
#5930=LINE('',#362,#5933);
#5931=VECTOR('',#5934,1.0);
#5932=VECTOR('',#5935,1.0);
#5933=VECTOR('',#5936,1.0);
#5934=DIRECTION('',(-0.9996805195442087,0.025275657139249636,0));
#5935=DIRECTION('',(0,-1,0));
#5936=DIRECTION('',(1,0,0));
#5937=FACE_SURFACE('',(#5942),#5938,.T.);
#5938=PLANE('',#5939);
#5939=AXIS2_PLACEMENT_3D('',#230,#5940,#5941);
#5940=DIRECTION('',(1,0,-0));
#5941=DIRECTION('',(0,0,1));
#5942=FACE_BOUND('',#5943,.T.);
#5943=EDGE_LOOP('',(#5944,#5945,#5946));
#5944=ORIENTED_EDGE('',*,*,#5947,.T.);
#5945=ORIENTED_EDGE('',*,*,#5948,.T.);
#5946=ORIENTED_EDGE('',*,*,#5949,.T.);
#5947=EDGE_CURVE('',#231,#217,#5950,.F.);
#5948=EDGE_CURVE('',#217,#363,#5951,.T.);
#5949=EDGE_CURVE('',#363,#231,#5952,.T.);
#5950=LINE('',#230,#5953);
#5951=LINE('',#216,#5954);
#5952=LINE('',#362,#5955);
#5953=VECTOR('',#5956,1.0);
#5954=VECTOR('',#5957,1.0);
#5955=VECTOR('',#5958,1.0);
#5956=DIRECTION('',(0,0,1));
#5957=DIRECTION('',(0,-0.8,-0.6));
#5958=DIRECTION('',(0,1,0));
#5959=FACE_SURFACE('',(#5964),#5960,.T.);
#5960=PLANE('',#5961);
#5961=AXIS2_PLACEMENT_3D('',#362,#5962,#5963);
#5962=DIRECTION('',(1,0,0));
#5963=DIRECTION('',(0,0.8,0.6));
#5964=FACE_BOUND('',#5965,.T.);
#5965=EDGE_LOOP('',(#5966,#5967,#5968));
#5966=ORIENTED_EDGE('',*,*,#5969,.T.);
#5967=ORIENTED_EDGE('',*,*,#5970,.T.);
#5968=ORIENTED_EDGE('',*,*,#5971,.T.);
#5969=EDGE_CURVE('',#363,#217,#5972,.F.);
#5970=EDGE_CURVE('',#217,#357,#5973,.T.);
#5971=EDGE_CURVE('',#357,#363,#5974,.T.);
#5972=LINE('',#362,#5975);
#5973=LINE('',#216,#5976);
#5974=LINE('',#356,#5977);
#5975=VECTOR('',#5978,1.0);
#5976=VECTOR('',#5979,1.0);
#5977=VECTOR('',#5980,1.0);
#5978=DIRECTION('',(0,0.8,0.6));
#5979=DIRECTION('',(0,-1,0));
#5980=DIRECTION('',(0,0,-1));
#5981=FACE_SURFACE('',(#5986),#5982,.T.);
#5982=PLANE('',#5983);
#5983=AXIS2_PLACEMENT_3D('',#112,#5984,#5985);
#5984=DIRECTION('',(0,0,-1));
#5985=DIRECTION('',(1,0,0));
#5986=FACE_BOUND('',#5987,.T.);
#5987=EDGE_LOOP('',(#5988,#5989,#5990));
#5988=ORIENTED_EDGE('',*,*,#5991,.T.);
#5989=ORIENTED_EDGE('',*,*,#5992,.T.);
#5990=ORIENTED_EDGE('',*,*,#5993,.T.);
#5991=EDGE_CURVE('',#113,#111,#5994,.F.);
#5992=EDGE_CURVE('',#111,#365,#5995,.T.);
#5993=EDGE_CURVE('',#365,#113,#5996,.T.);
#5994=LINE('',#112,#5997);
#5995=LINE('',#110,#5998);
#5996=LINE('',#364,#5999);
#5997=VECTOR('',#6000,1.0);
#5998=VECTOR('',#6001,1.0);
#5999=VECTOR('',#6002,1.0);
#6000=DIRECTION('',(1,0,0));
#6001=DIRECTION('',(-0.9996805195442087,-0.025275657139249636,0));
#6002=DIRECTION('',(0,1,0));
#6003=FACE_SURFACE('',(#6008),#6004,.T.);
#6004=PLANE('',#6005);
#6005=AXIS2_PLACEMENT_3D('',#364,#6006,#6007);
#6006=DIRECTION('',(0,0,-1));
#6007=DIRECTION('',(0.9996805195442087,0.025275657139249636,0));
#6008=FACE_BOUND('',#6009,.T.);
#6009=EDGE_LOOP('',(#6010,#6011,#6012));
#6010=ORIENTED_EDGE('',*,*,#6013,.T.);
#6011=ORIENTED_EDGE('',*,*,#6014,.T.);
#6012=ORIENTED_EDGE('',*,*,#6015,.T.);
#6013=EDGE_CURVE('',#365,#111,#6016,.F.);
#6014=EDGE_CURVE('',#111,#367,#6017,.T.);
#6015=EDGE_CURVE('',#367,#365,#6018,.T.);
#6016=LINE('',#364,#6019);
#6017=LINE('',#110,#6020);
#6018=LINE('',#366,#6021);
#6019=VECTOR('',#6022,1.0);
#6020=VECTOR('',#6023,1.0);
#6021=VECTOR('',#6024,1.0);
#6022=DIRECTION('',(0.9996805195442087,0.025275657139249636,0));
#6023=DIRECTION('',(0,-1,0));
#6024=DIRECTION('',(-1,0,0));
#6025=FACE_SURFACE('',(#6030),#6026,.T.);
#6026=PLANE('',#6027);
#6027=AXIS2_PLACEMENT_3D('',#110,#6028,#6029);
#6028=DIRECTION('',(-1,-0,-0));
#6029=DIRECTION('',(0,0,-1));
#6030=FACE_BOUND('',#6031,.T.);
#6031=EDGE_LOOP('',(#6032,#6033,#6034));
#6032=ORIENTED_EDGE('',*,*,#6035,.T.);
#6033=ORIENTED_EDGE('',*,*,#6036,.T.);
#6034=ORIENTED_EDGE('',*,*,#6037,.T.);
#6035=EDGE_CURVE('',#111,#131,#6038,.F.);
#6036=EDGE_CURVE('',#131,#367,#6039,.T.);
#6037=EDGE_CURVE('',#367,#111,#6040,.T.);
#6038=LINE('',#110,#6041);
#6039=LINE('',#130,#6042);
#6040=LINE('',#366,#6043);
#6041=VECTOR('',#6044,1.0);
#6042=VECTOR('',#6045,1.0);
#6043=VECTOR('',#6046,1.0);
#6044=DIRECTION('',(0,0,-1));
#6045=DIRECTION('',(0,-0.8,0.6));
#6046=DIRECTION('',(0,1,0));
#6047=FACE_SURFACE('',(#6052),#6048,.T.);
#6048=PLANE('',#6049);
#6049=AXIS2_PLACEMENT_3D('',#366,#6050,#6051);
#6050=DIRECTION('',(-1,0,0));
#6051=DIRECTION('',(0,0.8,-0.6));
#6052=FACE_BOUND('',#6053,.T.);
#6053=EDGE_LOOP('',(#6054,#6055,#6056));
#6054=ORIENTED_EDGE('',*,*,#6057,.T.);
#6055=ORIENTED_EDGE('',*,*,#6058,.T.);
#6056=ORIENTED_EDGE('',*,*,#6059,.T.);
#6057=EDGE_CURVE('',#367,#131,#6060,.F.);
#6058=EDGE_CURVE('',#131,#369,#6061,.T.);
#6059=EDGE_CURVE('',#369,#367,#6062,.T.);
#6060=LINE('',#366,#6063);
#6061=LINE('',#130,#6064);
#6062=LINE('',#368,#6065);
#6063=VECTOR('',#6066,1.0);
#6064=VECTOR('',#6067,1.0);
#6065=VECTOR('',#6068,1.0);
#6066=DIRECTION('',(0,0.8,-0.6));
#6067=DIRECTION('',(0,-1,0));
#6068=DIRECTION('',(0,0,1));
#6069=FACE_SURFACE('',(#6074),#6070,.T.);
#6070=PLANE('',#6071);
#6071=AXIS2_PLACEMENT_3D('',#130,#6072,#6073);
#6072=DIRECTION('',(0,0,1));
#6073=DIRECTION('',(-1,0,0));
#6074=FACE_BOUND('',#6075,.T.);
#6075=EDGE_LOOP('',(#6076,#6077,#6078));
#6076=ORIENTED_EDGE('',*,*,#6079,.T.);
#6077=ORIENTED_EDGE('',*,*,#6080,.T.);
#6078=ORIENTED_EDGE('',*,*,#6081,.T.);
#6079=EDGE_CURVE('',#131,#215,#6082,.F.);
#6080=EDGE_CURVE('',#215,#369,#6083,.T.);
#6081=EDGE_CURVE('',#369,#131,#6084,.T.);
#6082=LINE('',#130,#6085);
#6083=LINE('',#214,#6086);
#6084=LINE('',#368,#6087);
#6085=VECTOR('',#6088,1.0);
#6086=VECTOR('',#6089,1.0);
#6087=VECTOR('',#6090,1.0);
#6088=DIRECTION('',(-1,0,0));
#6089=DIRECTION('',(0.9996805195442087,-0.025275657139249636,0));
#6090=DIRECTION('',(0,1,0));
#6091=FACE_SURFACE('',(#6096),#6092,.T.);
#6092=PLANE('',#6093);
#6093=AXIS2_PLACEMENT_3D('',#368,#6094,#6095);
#6094=DIRECTION('',(0,0,1));
#6095=DIRECTION('',(-0.9996805195442087,0.025275657139249636,0));
#6096=FACE_BOUND('',#6097,.T.);
#6097=EDGE_LOOP('',(#6098,#6099,#6100));
#6098=ORIENTED_EDGE('',*,*,#6101,.T.);
#6099=ORIENTED_EDGE('',*,*,#6102,.T.);
#6100=ORIENTED_EDGE('',*,*,#6103,.T.);
#6101=EDGE_CURVE('',#369,#215,#6104,.F.);
#6102=EDGE_CURVE('',#215,#371,#6105,.T.);
#6103=EDGE_CURVE('',#371,#369,#6106,.T.);
#6104=LINE('',#368,#6107);
#6105=LINE('',#214,#6108);
#6106=LINE('',#370,#6109);
#6107=VECTOR('',#6110,1.0);
#6108=VECTOR('',#6111,1.0);
#6109=VECTOR('',#6112,1.0);
#6110=DIRECTION('',(-0.9996805195442087,0.025275657139249636,0));
#6111=DIRECTION('',(0,-1,0));
#6112=DIRECTION('',(1,0,0));
#6113=FACE_SURFACE('',(#6118),#6114,.T.);
#6114=PLANE('',#6115);
#6115=AXIS2_PLACEMENT_3D('',#214,#6116,#6117);
#6116=DIRECTION('',(1,0,-0));
#6117=DIRECTION('',(0,0,1));
#6118=FACE_BOUND('',#6119,.T.);
#6119=EDGE_LOOP('',(#6120,#6121,#6122));
#6120=ORIENTED_EDGE('',*,*,#6123,.T.);
#6121=ORIENTED_EDGE('',*,*,#6124,.T.);
#6122=ORIENTED_EDGE('',*,*,#6125,.T.);
#6123=EDGE_CURVE('',#215,#113,#6126,.F.);
#6124=EDGE_CURVE('',#113,#371,#6127,.T.);
#6125=EDGE_CURVE('',#371,#215,#6128,.T.);
#6126=LINE('',#214,#6129);
#6127=LINE('',#112,#6130);
#6128=LINE('',#370,#6131);
#6129=VECTOR('',#6132,1.0);
#6130=VECTOR('',#6133,1.0);
#6131=VECTOR('',#6134,1.0);
#6132=DIRECTION('',(0,0,1));
#6133=DIRECTION('',(0,-0.8,-0.6));
#6134=DIRECTION('',(0,1,0));
#6135=FACE_SURFACE('',(#6140),#6136,.T.);
#6136=PLANE('',#6137);
#6137=AXIS2_PLACEMENT_3D('',#370,#6138,#6139);
#6138=DIRECTION('',(1,0,0));
#6139=DIRECTION('',(0,0.8,0.6));
#6140=FACE_BOUND('',#6141,.T.);
#6141=EDGE_LOOP('',(#6142,#6143,#6144));
#6142=ORIENTED_EDGE('',*,*,#6145,.T.);
#6143=ORIENTED_EDGE('',*,*,#6146,.T.);
#6144=ORIENTED_EDGE('',*,*,#6147,.T.);
#6145=EDGE_CURVE('',#371,#113,#6148,.F.);
#6146=EDGE_CURVE('',#113,#365,#6149,.T.);
#6147=EDGE_CURVE('',#365,#371,#6150,.T.);
#6148=LINE('',#370,#6151);
#6149=LINE('',#112,#6152);
#6150=LINE('',#364,#6153);
#6151=VECTOR('',#6154,1.0);
#6152=VECTOR('',#6155,1.0);
#6153=VECTOR('',#6156,1.0);
#6154=DIRECTION('',(0,0.8,0.6));
#6155=DIRECTION('',(0,-1,0));
#6156=DIRECTION('',(0,0,-1));
#6157=FACE_SURFACE('',(#6162),#6158,.T.);
#6158=PLANE('',#6159);
#6159=AXIS2_PLACEMENT_3D('',#188,#6160,#6161);
#6160=DIRECTION('',(0,0,-1));
#6161=DIRECTION('',(1,0,0));
#6162=FACE_BOUND('',#6163,.T.);
#6163=EDGE_LOOP('',(#6164,#6165,#6166));
#6164=ORIENTED_EDGE('',*,*,#6167,.T.);
#6165=ORIENTED_EDGE('',*,*,#6168,.T.);
#6166=ORIENTED_EDGE('',*,*,#6169,.T.);
#6167=EDGE_CURVE('',#189,#203,#6170,.F.);
#6168=EDGE_CURVE('',#203,#319,#6171,.T.);
#6169=EDGE_CURVE('',#319,#189,#6172,.T.);
#6170=LINE('',#188,#6173);
#6171=LINE('',#202,#6174);
#6172=LINE('',#318,#6175);
#6173=VECTOR('',#6176,1.0);
#6174=VECTOR('',#6177,1.0);
#6175=VECTOR('',#6178,1.0);
#6176=DIRECTION('',(1,0,0));
#6177=DIRECTION('',(-0.9854601120021795,-0.16990693821222172,0));
#6178=DIRECTION('',(0,1,0));
#6179=FACE_SURFACE('',(#6184),#6180,.T.);
#6180=PLANE('',#6181);
#6181=AXIS2_PLACEMENT_3D('',#318,#6182,#6183);
#6182=DIRECTION('',(0,0,-1));
#6183=DIRECTION('',(0.9854601120021795,0.16990693821222172,0));
#6184=FACE_BOUND('',#6185,.T.);
#6185=EDGE_LOOP('',(#6186,#6187,#6188));
#6186=ORIENTED_EDGE('',*,*,#6189,.T.);
#6187=ORIENTED_EDGE('',*,*,#6190,.T.);
#6188=ORIENTED_EDGE('',*,*,#6191,.T.);
#6189=EDGE_CURVE('',#319,#203,#6192,.F.);
#6190=EDGE_CURVE('',#203,#179,#6193,.T.);
#6191=EDGE_CURVE('',#179,#319,#6194,.T.);
#6192=LINE('',#318,#6195);
#6193=LINE('',#202,#6196);
#6194=LINE('',#178,#6197);
#6195=VECTOR('',#6198,1.0);
#6196=VECTOR('',#6199,1.0);
#6197=VECTOR('',#6200,1.0);
#6198=DIRECTION('',(0.9854601120021795,0.16990693821222172,0));
#6199=DIRECTION('',(1,0,0));
#6200=DIRECTION('',(-0.9893591330150835,-0.14549400647326488,0));
#6201=FACE_SURFACE('',(#6206),#6202,.T.);
#6202=PLANE('',#6203);
#6203=AXIS2_PLACEMENT_3D('',#318,#6204,#6205);
#6204=DIRECTION('',(0,0,-1));
#6205=DIRECTION('',(0.9893591330150835,0.14549400647326488,0));
#6206=FACE_BOUND('',#6207,.T.);
#6207=EDGE_LOOP('',(#6208,#6209,#6210));
#6208=ORIENTED_EDGE('',*,*,#6211,.T.);
#6209=ORIENTED_EDGE('',*,*,#6212,.T.);
#6210=ORIENTED_EDGE('',*,*,#6213,.T.);
#6211=EDGE_CURVE('',#319,#179,#6214,.F.);
#6212=EDGE_CURVE('',#179,#321,#6215,.T.);
#6213=EDGE_CURVE('',#321,#319,#6216,.T.);
#6214=LINE('',#318,#6217);
#6215=LINE('',#178,#6218);
#6216=LINE('',#320,#6219);
#6217=VECTOR('',#6220,1.0);
#6218=VECTOR('',#6221,1.0);
#6219=VECTOR('',#6222,1.0);
#6220=DIRECTION('',(0.9893591330150835,0.14549400647326488,0));
#6221=DIRECTION('',(0.9995615910591266,-0.029607865160245942,0));
#6222=DIRECTION('',(-1,0,0));
#6223=FACE_SURFACE('',(#6228),#6224,.T.);
#6224=PLANE('',#6225);
#6225=AXIS2_PLACEMENT_3D('',#320,#6226,#6227);
#6226=DIRECTION('',(0,0,-1));
#6227=DIRECTION('',(-0.9995615910591266,0.029607865160245942,0));
#6228=FACE_BOUND('',#6229,.T.);
#6229=EDGE_LOOP('',(#6230,#6231,#6232));
#6230=ORIENTED_EDGE('',*,*,#6233,.T.);
#6231=ORIENTED_EDGE('',*,*,#6234,.T.);
#6232=ORIENTED_EDGE('',*,*,#6235,.T.);
#6233=EDGE_CURVE('',#321,#179,#6236,.F.);
#6234=EDGE_CURVE('',#179,#97,#6237,.T.);
#6235=EDGE_CURVE('',#97,#321,#6238,.T.);
#6236=LINE('',#320,#6239);
#6237=LINE('',#178,#6240);
#6238=LINE('',#96,#6241);
#6239=VECTOR('',#6242,1.0);
#6240=VECTOR('',#6243,1.0);
#6241=VECTOR('',#6244,1.0);
#6242=DIRECTION('',(-0.9995615910591266,0.029607865160245942,0));
#6243=DIRECTION('',(1,0,0));
#6244=DIRECTION('',(0.9852619404210853,-0.1710523567732342,0));
#6245=FACE_SURFACE('',(#6250),#6246,.T.);
#6246=PLANE('',#6247);
#6247=AXIS2_PLACEMENT_3D('',#320,#6248,#6249);
#6248=DIRECTION('',(0,0,-1));
#6249=DIRECTION('',(-0.9852619404210853,0.1710523567732342,0));
#6250=FACE_BOUND('',#6251,.T.);
#6251=EDGE_LOOP('',(#6252,#6253,#6254));
#6252=ORIENTED_EDGE('',*,*,#6255,.T.);
#6253=ORIENTED_EDGE('',*,*,#6256,.T.);
#6254=ORIENTED_EDGE('',*,*,#6257,.T.);
#6255=EDGE_CURVE('',#321,#97,#6258,.F.);
#6256=EDGE_CURVE('',#97,#107,#6259,.T.);
#6257=EDGE_CURVE('',#107,#321,#6260,.T.);
#6258=LINE('',#320,#6261);
#6259=LINE('',#96,#6262);
#6260=LINE('',#106,#6263);
#6261=VECTOR('',#6264,1.0);
#6262=VECTOR('',#6265,1.0);
#6263=VECTOR('',#6266,1.0);
#6264=DIRECTION('',(-0.9852619404210853,0.1710523567732342,0));
#6265=DIRECTION('',(1,0,0));
#6266=DIRECTION('',(0.978636971374799,-0.2055959101207041,0));
#6267=FACE_SURFACE('',(#6272),#6268,.T.);
#6268=PLANE('',#6269);
#6269=AXIS2_PLACEMENT_3D('',#106,#6270,#6271);
#6270=DIRECTION('',(0,0,-1));
#6271=DIRECTION('',(-1,0,0));
#6272=FACE_BOUND('',#6273,.T.);
#6273=EDGE_LOOP('',(#6274,#6275,#6276));
#6274=ORIENTED_EDGE('',*,*,#6277,.T.);
#6275=ORIENTED_EDGE('',*,*,#6278,.T.);
#6276=ORIENTED_EDGE('',*,*,#6279,.T.);
#6277=EDGE_CURVE('',#107,#97,#6280,.F.);
#6278=EDGE_CURVE('',#97,#103,#6281,.T.);
#6279=EDGE_CURVE('',#103,#107,#6282,.T.);
#6280=LINE('',#106,#6283);
#6281=LINE('',#96,#6284);
#6282=LINE('',#102,#6285);
#6283=VECTOR('',#6286,1.0);
#6284=VECTOR('',#6287,1.0);
#6285=VECTOR('',#6288,1.0);
#6286=DIRECTION('',(-1,0,0));
#6287=DIRECTION('',(0.6246950475544243,0.7808688094430304,0));
#6288=DIRECTION('',(0,-1,0));
#6289=FACE_SURFACE('',(#6294),#6290,.T.);
#6290=PLANE('',#6291);
#6291=AXIS2_PLACEMENT_3D('',#102,#6292,#6293);
#6292=DIRECTION('',(-0,0,-1));
#6293=DIRECTION('',(-0.6246950475544243,-0.7808688094430304,0));
#6294=FACE_BOUND('',#6295,.T.);
#6295=EDGE_LOOP('',(#6296,#6297,#6298));
#6296=ORIENTED_EDGE('',*,*,#6299,.T.);
#6297=ORIENTED_EDGE('',*,*,#6300,.T.);
#6298=ORIENTED_EDGE('',*,*,#6301,.T.);
#6299=EDGE_CURVE('',#103,#97,#6302,.F.);
#6300=EDGE_CURVE('',#97,#91,#6303,.T.);
#6301=EDGE_CURVE('',#91,#103,#6304,.T.);
#6302=LINE('',#102,#6305);
#6303=LINE('',#96,#6306);
#6304=LINE('',#90,#6307);
#6305=VECTOR('',#6308,1.0);
#6306=VECTOR('',#6309,1.0);
#6307=VECTOR('',#6310,1.0);
#6308=DIRECTION('',(-0.6246950475544243,-0.7808688094430304,0));
#6309=DIRECTION('',(0,1,0));
#6310=DIRECTION('',(1,0,0));
#6311=FACE_SURFACE('',(#6316),#6312,.T.);
#6312=PLANE('',#6313);
#6313=AXIS2_PLACEMENT_3D('',#276,#6314,#6315);
#6314=DIRECTION('',(0,0,-1));
#6315=DIRECTION('',(1,0,0));
#6316=FACE_BOUND('',#6317,.T.);
#6317=EDGE_LOOP('',(#6318,#6319,#6320));
#6318=ORIENTED_EDGE('',*,*,#6321,.T.);
#6319=ORIENTED_EDGE('',*,*,#6322,.T.);
#6320=ORIENTED_EDGE('',*,*,#6323,.T.);
#6321=EDGE_CURVE('',#277,#283,#6324,.F.);
#6322=EDGE_CURVE('',#283,#203,#6325,.T.);
#6323=EDGE_CURVE('',#203,#277,#6326,.T.);
#6324=LINE('',#276,#6327);
#6325=LINE('',#282,#6328);
#6326=LINE('',#202,#6329);
#6327=VECTOR('',#6330,1.0);
#6328=VECTOR('',#6331,1.0);
#6329=VECTOR('',#6332,1.0);
#6330=DIRECTION('',(1,0,0));
#6331=DIRECTION('',(-0.6246950475544243,-0.7808688094430304,0));
#6332=DIRECTION('',(0,1,0));
#6333=FACE_SURFACE('',(#6338),#6334,.T.);
#6334=PLANE('',#6335);
#6335=AXIS2_PLACEMENT_3D('',#202,#6336,#6337);
#6336=DIRECTION('',(0,0,-1));
#6337=DIRECTION('',(0.6246950475544243,0.7808688094430304,0));
#6338=FACE_BOUND('',#6339,.T.);
#6339=EDGE_LOOP('',(#6340,#6341,#6342));
#6340=ORIENTED_EDGE('',*,*,#6343,.T.);
#6341=ORIENTED_EDGE('',*,*,#6344,.T.);
#6342=ORIENTED_EDGE('',*,*,#6345,.T.);
#6343=EDGE_CURVE('',#203,#283,#6346,.F.);
#6344=EDGE_CURVE('',#283,#179,#6347,.T.);
#6345=EDGE_CURVE('',#179,#203,#6348,.T.);
#6346=LINE('',#202,#6349);
#6347=LINE('',#282,#6350);
#6348=LINE('',#178,#6351);
#6349=VECTOR('',#6352,1.0);
#6350=VECTOR('',#6353,1.0);
#6351=VECTOR('',#6354,1.0);
#6352=DIRECTION('',(0.6246950475544243,0.7808688094430304,0));
#6353=DIRECTION('',(0,-1,0));
#6354=DIRECTION('',(-1,0,0));
#6355=FACE_SURFACE('',(#6360),#6356,.T.);
#6356=PLANE('',#6357);
#6357=AXIS2_PLACEMENT_3D('',#106,#6358,#6359);
#6358=DIRECTION('',(0,0,-1));
#6359=DIRECTION('',(1,0,0));
#6360=FACE_BOUND('',#6361,.T.);
#6361=EDGE_LOOP('',(#6362,#6363,#6364));
#6362=ORIENTED_EDGE('',*,*,#6365,.T.);
#6363=ORIENTED_EDGE('',*,*,#6366,.T.);
#6364=ORIENTED_EDGE('',*,*,#6367,.T.);
#6365=EDGE_CURVE('',#107,#163,#6368,.F.);
#6366=EDGE_CURVE('',#163,#321,#6369,.T.);
#6367=EDGE_CURVE('',#321,#107,#6370,.T.);
#6368=LINE('',#106,#6371);
#6369=LINE('',#162,#6372);
#6370=LINE('',#320,#6373);
#6371=VECTOR('',#6374,1.0);
#6372=VECTOR('',#6375,1.0);
#6373=VECTOR('',#6376,1.0);
#6374=DIRECTION('',(1,0,0));
#6375=DIRECTION('',(0,-1,0));
#6376=DIRECTION('',(-0.978636971374799,0.2055959101207041,0));
#6377=FACE_SURFACE('',(#6382),#6378,.T.);
#6378=PLANE('',#6379);
#6379=AXIS2_PLACEMENT_3D('',#372,#6380,#6381);
#6380=DIRECTION('',(0.9951846230540164,0,-0.09801819237690036));
#6381=DIRECTION('',(0,-1,0));
#6382=FACE_BOUND('',#6383,.T.);
#6383=EDGE_LOOP('',(#6384,#6385,#6386));
#6384=ORIENTED_EDGE('',*,*,#6387,.T.);
#6385=ORIENTED_EDGE('',*,*,#6388,.T.);
#6386=ORIENTED_EDGE('',*,*,#6389,.T.);
#6387=EDGE_CURVE('',#373,#143,#6390,.F.);
#6388=EDGE_CURVE('',#143,#375,#6391,.T.);
#6389=EDGE_CURVE('',#375,#373,#6392,.T.);
#6390=LINE('',#372,#6393);
#6391=LINE('',#142,#6394);
#6392=LINE('',#374,#6395);
#6393=VECTOR('',#6396,1.0);
#6394=VECTOR('',#6397,1.0);
#6395=VECTOR('',#6398,1.0);
#6396=DIRECTION('',(0,-1,0));
#6397=DIRECTION('',(-0.021813377637854545,0.974922607552468,-0.22147253969538744));
#6398=DIRECTION('',(0.09801819237690036,0,0.9951846230540164));
#6399=FACE_SURFACE('',(#6404),#6400,.T.);
#6400=PLANE('',#6401);
#6401=AXIS2_PLACEMENT_3D('',#374,#6402,#6403);
#6402=DIRECTION('',(0.9951846230540164,0,-0.09801819237690036));
#6403=DIRECTION('',(0.021813377637854545,-0.974922607552468,0.22147253969538744));
#6404=FACE_BOUND('',#6405,.T.);
#6405=EDGE_LOOP('',(#6406,#6407,#6408));
#6406=ORIENTED_EDGE('',*,*,#6409,.T.);
#6407=ORIENTED_EDGE('',*,*,#6410,.T.);
#6408=ORIENTED_EDGE('',*,*,#6411,.T.);
#6409=EDGE_CURVE('',#375,#143,#6412,.F.);
#6410=EDGE_CURVE('',#143,#147,#6413,.T.);
#6411=EDGE_CURVE('',#147,#375,#6414,.T.);
#6412=LINE('',#374,#6415);
#6413=LINE('',#142,#6416);
#6414=LINE('',#146,#6417);
#6415=VECTOR('',#6418,1.0);
#6416=VECTOR('',#6419,1.0);
#6417=VECTOR('',#6420,1.0);
#6418=DIRECTION('',(0.021813377637854545,-0.974922607552468,0.22147253969538744));
#6419=DIRECTION('',(-0.09801819237690036,0,-0.9951846230540164));
#6420=DIRECTION('',(0,1,0));
#6421=FACE_SURFACE('',(#6426),#6422,.T.);
#6422=PLANE('',#6423);
#6423=AXIS2_PLACEMENT_3D('',#374,#6424,#6425);
#6424=DIRECTION('',(0.9569406550040404,0,-0.2902836247542019));
#6425=DIRECTION('',(0,-1,0));
#6426=FACE_BOUND('',#6427,.T.);
#6427=EDGE_LOOP('',(#6428,#6429,#6430));
#6428=ORIENTED_EDGE('',*,*,#6431,.T.);
#6429=ORIENTED_EDGE('',*,*,#6432,.T.);
#6430=ORIENTED_EDGE('',*,*,#6433,.T.);
#6431=EDGE_CURVE('',#375,#147,#6434,.F.);
#6432=EDGE_CURVE('',#147,#377,#6435,.T.);
#6433=EDGE_CURVE('',#377,#375,#6436,.T.);
#6434=LINE('',#374,#6437);
#6435=LINE('',#146,#6438);
#6436=LINE('',#376,#6439);
#6437=VECTOR('',#6440,1.0);
#6438=VECTOR('',#6441,1.0);
#6439=VECTOR('',#6442,1.0);
#6440=DIRECTION('',(0,-1,0));
#6441=DIRECTION('',(-0.06460087367624905,0.9749226513972078,-0.21296138361896422));
#6442=DIRECTION('',(0.2902836247542019,0,0.9569406550040404));
#6443=FACE_SURFACE('',(#6448),#6444,.T.);
#6444=PLANE('',#6445);
#6445=AXIS2_PLACEMENT_3D('',#376,#6446,#6447);
#6446=DIRECTION('',(0.9569406550040404,0,-0.2902836247542019));
#6447=DIRECTION('',(0.06460087367624905,-0.9749226513972078,0.21296138361896422));
#6448=FACE_BOUND('',#6449,.T.);
#6449=EDGE_LOOP('',(#6450,#6451,#6452));
#6450=ORIENTED_EDGE('',*,*,#6453,.T.);
#6451=ORIENTED_EDGE('',*,*,#6454,.T.);
#6452=ORIENTED_EDGE('',*,*,#6455,.T.);
#6453=EDGE_CURVE('',#377,#147,#6456,.F.);
#6454=EDGE_CURVE('',#147,#149,#6457,.T.);
#6455=EDGE_CURVE('',#149,#377,#6458,.T.);
#6456=LINE('',#376,#6459);
#6457=LINE('',#146,#6460);
#6458=LINE('',#148,#6461);
#6459=VECTOR('',#6462,1.0);
#6460=VECTOR('',#6463,1.0);
#6461=VECTOR('',#6464,1.0);
#6462=DIRECTION('',(0.06460087367624905,-0.9749226513972078,0.21296138361896422));
#6463=DIRECTION('',(-0.2902836247542019,0,-0.9569406550040404));
#6464=DIRECTION('',(0,1,0));
#6465=FACE_SURFACE('',(#6470),#6466,.T.);
#6466=PLANE('',#6467);
#6467=AXIS2_PLACEMENT_3D('',#376,#6468,#6469);
#6468=DIRECTION('',(0.8819214271504432,0,-0.4713964322445868));
#6469=DIRECTION('',(0,-1,0));
#6470=FACE_BOUND('',#6471,.T.);
#6471=EDGE_LOOP('',(#6472,#6473,#6474));
#6472=ORIENTED_EDGE('',*,*,#6475,.T.);
#6473=ORIENTED_EDGE('',*,*,#6476,.T.);
#6474=ORIENTED_EDGE('',*,*,#6477,.T.);
#6475=EDGE_CURVE('',#377,#149,#6478,.F.);
#6476=EDGE_CURVE('',#149,#379,#6479,.T.);
#6477=EDGE_CURVE('',#379,#377,#6480,.T.);
#6478=LINE('',#376,#6481);
#6479=LINE('',#148,#6482);
#6480=LINE('',#378,#6483);
#6481=VECTOR('',#6484,1.0);
#6482=VECTOR('',#6485,1.0);
#6483=VECTOR('',#6486,1.0);
#6484=DIRECTION('',(0,-1,0));
#6485=DIRECTION('',(-0.10490652821317312,0.9749226081932095,-0.19626647286790597));
#6486=DIRECTION('',(0.4713964322445869,0,0.8819214271504433));
#6487=FACE_SURFACE('',(#6492),#6488,.T.);
#6488=PLANE('',#6489);
#6489=AXIS2_PLACEMENT_3D('',#378,#6490,#6491);
#6490=DIRECTION('',(0.8819214271504432,0,-0.4713964322445868));
#6491=DIRECTION('',(0.10490652821317312,-0.9749226081932095,0.19626647286790597));
#6492=FACE_BOUND('',#6493,.T.);
#6493=EDGE_LOOP('',(#6494,#6495,#6496));
#6494=ORIENTED_EDGE('',*,*,#6497,.T.);
#6495=ORIENTED_EDGE('',*,*,#6498,.T.);
#6496=ORIENTED_EDGE('',*,*,#6499,.T.);
#6497=EDGE_CURVE('',#379,#149,#6500,.F.);
#6498=EDGE_CURVE('',#149,#151,#6501,.T.);
#6499=EDGE_CURVE('',#151,#379,#6502,.T.);
#6500=LINE('',#378,#6503);
#6501=LINE('',#148,#6504);
#6502=LINE('',#150,#6505);
#6503=VECTOR('',#6506,1.0);
#6504=VECTOR('',#6507,1.0);
#6505=VECTOR('',#6508,1.0);
#6506=DIRECTION('',(0.10490652821317312,-0.9749226081932095,0.19626647286790597));
#6507=DIRECTION('',(-0.4713964322445869,0,-0.8819214271504433));
#6508=DIRECTION('',(0,1,0));
#6509=FACE_SURFACE('',(#6514),#6510,.T.);
#6510=PLANE('',#6511);
#6511=AXIS2_PLACEMENT_3D('',#378,#6512,#6513);
#6512=DIRECTION('',(0.7730101192987489,0,-0.6343936912215741));
#6513=DIRECTION('',(0,-1,0));
#6514=FACE_BOUND('',#6515,.T.);
#6515=EDGE_LOOP('',(#6516,#6517,#6518));
#6516=ORIENTED_EDGE('',*,*,#6519,.T.);
#6517=ORIENTED_EDGE('',*,*,#6520,.T.);
#6518=ORIENTED_EDGE('',*,*,#6521,.T.);
#6519=EDGE_CURVE('',#379,#151,#6522,.F.);
#6520=EDGE_CURVE('',#151,#381,#6523,.T.);
#6521=EDGE_CURVE('',#381,#379,#6524,.T.);
#6522=LINE('',#378,#6525);
#6523=LINE('',#150,#6526);
#6524=LINE('',#380,#6527);
#6525=VECTOR('',#6528,1.0);
#6526=VECTOR('',#6529,1.0);
#6527=VECTOR('',#6530,1.0);
#6528=DIRECTION('',(0,-1,0));
#6529=DIRECTION('',(-0.1411807454609552,0.9749225623598358,-0.1720290513629053));
#6530=DIRECTION('',(0.6343936912215741,0,0.7730101192987489));
#6531=FACE_SURFACE('',(#6536),#6532,.T.);
#6532=PLANE('',#6533);
#6533=AXIS2_PLACEMENT_3D('',#380,#6534,#6535);
#6534=DIRECTION('',(0.7730101192987489,0,-0.6343936912215741));
#6535=DIRECTION('',(0.1411807454609552,-0.9749225623598358,0.1720290513629053));
#6536=FACE_BOUND('',#6537,.T.);
#6537=EDGE_LOOP('',(#6538,#6539,#6540));
#6538=ORIENTED_EDGE('',*,*,#6541,.T.);
#6539=ORIENTED_EDGE('',*,*,#6542,.T.);
#6540=ORIENTED_EDGE('',*,*,#6543,.T.);
#6541=EDGE_CURVE('',#381,#151,#6544,.F.);
#6542=EDGE_CURVE('',#151,#153,#6545,.T.);
#6543=EDGE_CURVE('',#153,#381,#6546,.T.);
#6544=LINE('',#380,#6547);
#6545=LINE('',#150,#6548);
#6546=LINE('',#152,#6549);
#6547=VECTOR('',#6550,1.0);
#6548=VECTOR('',#6551,1.0);
#6549=VECTOR('',#6552,1.0);
#6550=DIRECTION('',(0.1411807454609552,-0.9749225623598358,0.1720290513629053));
#6551=DIRECTION('',(-0.6343936912215741,0,-0.7730101192987489));
#6552=DIRECTION('',(0,1,0));
#6553=FACE_SURFACE('',(#6558),#6554,.T.);
#6554=PLANE('',#6555);
#6555=AXIS2_PLACEMENT_3D('',#380,#6556,#6557);
#6556=DIRECTION('',(0.6343932005338242,0,-0.7730105219959499));
#6557=DIRECTION('',(0,-1,0));
#6558=FACE_BOUND('',#6559,.T.);
#6559=EDGE_LOOP('',(#6560,#6561,#6562));
#6560=ORIENTED_EDGE('',*,*,#6563,.T.);
#6561=ORIENTED_EDGE('',*,*,#6564,.T.);
#6562=ORIENTED_EDGE('',*,*,#6565,.T.);
#6563=EDGE_CURVE('',#381,#153,#6566,.F.);
#6564=EDGE_CURVE('',#153,#383,#6567,.T.);
#6565=EDGE_CURVE('',#383,#381,#6568,.T.);
#6566=LINE('',#380,#6569);
#6567=LINE('',#152,#6570);
#6568=LINE('',#382,#6571);
#6569=VECTOR('',#6572,1.0);
#6570=VECTOR('',#6573,1.0);
#6571=VECTOR('',#6574,1.0);
#6572=DIRECTION('',(0,-1,0));
#6573=DIRECTION('',(-0.17202890851607042,0.9749226310062787,-0.14118044548224423));
#6574=DIRECTION('',(0.77301052199595,0,0.6343932005338243));
#6575=FACE_SURFACE('',(#6580),#6576,.T.);
#6576=PLANE('',#6577);
#6577=AXIS2_PLACEMENT_3D('',#382,#6578,#6579);
#6578=DIRECTION('',(0.6343932005338242,0,-0.7730105219959499));
#6579=DIRECTION('',(0.17202890851607042,-0.9749226310062787,0.14118044548224423));
#6580=FACE_BOUND('',#6581,.T.);
#6581=EDGE_LOOP('',(#6582,#6583,#6584));
#6582=ORIENTED_EDGE('',*,*,#6585,.T.);
#6583=ORIENTED_EDGE('',*,*,#6586,.T.);
#6584=ORIENTED_EDGE('',*,*,#6587,.T.);
#6585=EDGE_CURVE('',#383,#153,#6588,.F.);
#6586=EDGE_CURVE('',#153,#155,#6589,.T.);
#6587=EDGE_CURVE('',#155,#383,#6590,.T.);
#6588=LINE('',#382,#6591);
#6589=LINE('',#152,#6592);
#6590=LINE('',#154,#6593);
#6591=VECTOR('',#6594,1.0);
#6592=VECTOR('',#6595,1.0);
#6593=VECTOR('',#6596,1.0);
#6594=DIRECTION('',(0.17202890851607042,-0.9749226310062787,0.14118044548224423));
#6595=DIRECTION('',(-0.77301052199595,0,-0.6343932005338243));
#6596=DIRECTION('',(0,1,0));
#6597=FACE_SURFACE('',(#6602),#6598,.T.);
#6598=PLANE('',#6599);
#6599=AXIS2_PLACEMENT_3D('',#382,#6600,#6601);
#6600=DIRECTION('',(0.4713981317482384,0,-0.8819205187454653));
#6601=DIRECTION('',(0,-1,0));
#6602=FACE_BOUND('',#6603,.T.);
#6603=EDGE_LOOP('',(#6604,#6605,#6606));
#6604=ORIENTED_EDGE('',*,*,#6607,.T.);
#6605=ORIENTED_EDGE('',*,*,#6608,.T.);
#6606=ORIENTED_EDGE('',*,*,#6609,.T.);
#6607=EDGE_CURVE('',#383,#155,#6610,.F.);
#6608=EDGE_CURVE('',#155,#385,#6611,.T.);
#6609=EDGE_CURVE('',#385,#383,#6612,.T.);
#6610=LINE('',#382,#6613);
#6611=LINE('',#154,#6614);
#6612=LINE('',#384,#6615);
#6613=VECTOR('',#6616,1.0);
#6614=VECTOR('',#6617,1.0);
#6615=VECTOR('',#6618,1.0);
#6616=DIRECTION('',(0,-1,0));
#6617=DIRECTION('',(-0.19626587371466714,0.9749227109472784,-0.10490669422981434));
#6618=DIRECTION('',(0.8819205187454653,0,0.47139813174823836));
#6619=FACE_SURFACE('',(#6624),#6620,.T.);
#6620=PLANE('',#6621);
#6621=AXIS2_PLACEMENT_3D('',#384,#6622,#6623);
#6622=DIRECTION('',(0.4713981317482384,0,-0.8819205187454653));
#6623=DIRECTION('',(0.19626587371466714,-0.9749227109472784,0.10490669422981434));
#6624=FACE_BOUND('',#6625,.T.);
#6625=EDGE_LOOP('',(#6626,#6627,#6628));
#6626=ORIENTED_EDGE('',*,*,#6629,.T.);
#6627=ORIENTED_EDGE('',*,*,#6630,.T.);
#6628=ORIENTED_EDGE('',*,*,#6631,.T.);
#6629=EDGE_CURVE('',#385,#155,#6632,.F.);
#6630=EDGE_CURVE('',#155,#157,#6633,.T.);
#6631=EDGE_CURVE('',#157,#385,#6634,.T.);
#6632=LINE('',#384,#6635);
#6633=LINE('',#154,#6636);
#6634=LINE('',#156,#6637);
#6635=VECTOR('',#6638,1.0);
#6636=VECTOR('',#6639,1.0);
#6637=VECTOR('',#6640,1.0);
#6638=DIRECTION('',(0.19626587371466714,-0.9749227109472784,0.10490669422981434));
#6639=DIRECTION('',(-0.8819205187454653,0,-0.47139813174823836));
#6640=DIRECTION('',(0,1,0));
#6641=FACE_SURFACE('',(#6646),#6642,.T.);
#6642=PLANE('',#6643);
#6643=AXIS2_PLACEMENT_3D('',#384,#6644,#6645);
#6644=DIRECTION('',(0.2902843197529762,0,-0.9569404441790261));
#6645=DIRECTION('',(0,-1,0));
#6646=FACE_BOUND('',#6647,.T.);
#6647=EDGE_LOOP('',(#6648,#6649,#6650));
#6648=ORIENTED_EDGE('',*,*,#6651,.T.);
#6649=ORIENTED_EDGE('',*,*,#6652,.T.);
#6650=ORIENTED_EDGE('',*,*,#6653,.T.);
#6651=EDGE_CURVE('',#385,#157,#6654,.F.);
#6652=EDGE_CURVE('',#157,#387,#6655,.T.);
#6653=EDGE_CURVE('',#387,#385,#6656,.T.);
#6654=LINE('',#384,#6657);
#6655=LINE('',#156,#6658);
#6656=LINE('',#386,#6659);
#6657=VECTOR('',#6660,1.0);
#6658=VECTOR('',#6661,1.0);
#6659=VECTOR('',#6662,1.0);
#6660=DIRECTION('',(0,-1,0));
#6661=DIRECTION('',(-0.21296182315104675,0.9749225353594198,-0.06460117590681529));
#6662=DIRECTION('',(0.9569404441790261,0,0.2902843197529762));
#6663=FACE_SURFACE('',(#6668),#6664,.T.);
#6664=PLANE('',#6665);
#6665=AXIS2_PLACEMENT_3D('',#386,#6666,#6667);
#6666=DIRECTION('',(0.2902843197529762,0,-0.9569404441790261));
#6667=DIRECTION('',(0.21296182315104675,-0.9749225353594198,0.06460117590681529));
#6668=FACE_BOUND('',#6669,.T.);
#6669=EDGE_LOOP('',(#6670,#6671,#6672));
#6670=ORIENTED_EDGE('',*,*,#6673,.T.);
#6671=ORIENTED_EDGE('',*,*,#6674,.T.);
#6672=ORIENTED_EDGE('',*,*,#6675,.T.);
#6673=EDGE_CURVE('',#387,#157,#6676,.F.);
#6674=EDGE_CURVE('',#157,#159,#6677,.T.);
#6675=EDGE_CURVE('',#159,#387,#6678,.T.);
#6676=LINE('',#386,#6679);
#6677=LINE('',#156,#6680);
#6678=LINE('',#158,#6681);
#6679=VECTOR('',#6682,1.0);
#6680=VECTOR('',#6683,1.0);
#6681=VECTOR('',#6684,1.0);
#6682=DIRECTION('',(0.21296182315104675,-0.9749225353594198,0.06460117590681529));
#6683=DIRECTION('',(-0.9569404441790261,0,-0.2902843197529762));
#6684=DIRECTION('',(0,1,0));
#6685=FACE_SURFACE('',(#6690),#6686,.T.);
#6686=PLANE('',#6687);
#6687=AXIS2_PLACEMENT_3D('',#386,#6688,#6689);
#6688=DIRECTION('',(0.09801694897907196,0,-0.9951847455185565));
#6689=DIRECTION('',(0,-1,0));
#6690=FACE_BOUND('',#6691,.T.);
#6691=EDGE_LOOP('',(#6692,#6693,#6694));
#6692=ORIENTED_EDGE('',*,*,#6695,.T.);
#6693=ORIENTED_EDGE('',*,*,#6696,.T.);
#6694=ORIENTED_EDGE('',*,*,#6697,.T.);
#6695=EDGE_CURVE('',#387,#159,#6698,.F.);
#6696=EDGE_CURVE('',#159,#389,#6699,.T.);
#6697=EDGE_CURVE('',#389,#387,#6700,.T.);
#6698=LINE('',#386,#6701);
#6699=LINE('',#158,#6702);
#6700=LINE('',#388,#6703);
#6701=VECTOR('',#6704,1.0);
#6702=VECTOR('',#6705,1.0);
#6703=VECTOR('',#6706,1.0);
#6704=DIRECTION('',(0,-1,0));
#6705=DIRECTION('',(-0.22147224647461602,0.9749226810606327,-0.021813069362987048));
#6706=DIRECTION('',(0.9951847455185564,0,0.09801694897907194));
#6707=FACE_SURFACE('',(#6712),#6708,.T.);
#6708=PLANE('',#6709);
#6709=AXIS2_PLACEMENT_3D('',#388,#6710,#6711);
#6710=DIRECTION('',(0.09801694897907196,0,-0.9951847455185565));
#6711=DIRECTION('',(0.22147224647461602,-0.9749226810606327,0.021813069362987048));
#6712=FACE_BOUND('',#6713,.T.);
#6713=EDGE_LOOP('',(#6714,#6715,#6716));
#6714=ORIENTED_EDGE('',*,*,#6717,.T.);
#6715=ORIENTED_EDGE('',*,*,#6718,.T.);
#6716=ORIENTED_EDGE('',*,*,#6719,.T.);
#6717=EDGE_CURVE('',#389,#159,#6720,.F.);
#6718=EDGE_CURVE('',#159,#161,#6721,.T.);
#6719=EDGE_CURVE('',#161,#389,#6722,.T.);
#6720=LINE('',#388,#6723);
#6721=LINE('',#158,#6724);
#6722=LINE('',#160,#6725);
#6723=VECTOR('',#6726,1.0);
#6724=VECTOR('',#6727,1.0);
#6725=VECTOR('',#6728,1.0);
#6726=DIRECTION('',(0.22147224647461602,-0.9749226810606327,0.021813069362987048));
#6727=DIRECTION('',(-0.9951847455185564,0,-0.09801694897907194));
#6728=DIRECTION('',(0,1,0));
#6729=FACE_SURFACE('',(#6734),#6730,.T.);
#6730=PLANE('',#6731);
#6731=AXIS2_PLACEMENT_3D('',#160,#6732,#6733);
#6732=DIRECTION('',(0,0,-1));
#6733=DIRECTION('',(-1,0,0));
#6734=FACE_BOUND('',#6735,.T.);
#6735=EDGE_LOOP('',(#6736,#6737,#6738));
#6736=ORIENTED_EDGE('',*,*,#6739,.T.);
#6737=ORIENTED_EDGE('',*,*,#6740,.T.);
#6738=ORIENTED_EDGE('',*,*,#6741,.T.);
#6739=EDGE_CURVE('',#161,#183,#6742,.F.);
#6740=EDGE_CURVE('',#183,#389,#6743,.T.);
#6741=EDGE_CURVE('',#389,#161,#6744,.T.);
#6742=LINE('',#160,#6745);
#6743=LINE('',#182,#6746);
#6744=LINE('',#388,#6747);
#6745=VECTOR('',#6748,1.0);
#6746=VECTOR('',#6749,1.0);
#6747=VECTOR('',#6750,1.0);
#6748=DIRECTION('',(-1,0,0));
#6749=DIRECTION('',(0.9990140021629093,0.044396210226174716,0));
#6750=DIRECTION('',(0,-1,0));
#6751=FACE_SURFACE('',(#6756),#6752,.T.);
#6752=PLANE('',#6753);
#6753=AXIS2_PLACEMENT_3D('',#388,#6754,#6755);
#6754=DIRECTION('',(-0,0,-1));
#6755=DIRECTION('',(-0.9990140021629093,-0.044396210226174716,0));
#6756=FACE_BOUND('',#6757,.T.);
#6757=EDGE_LOOP('',(#6758,#6759,#6760));
#6758=ORIENTED_EDGE('',*,*,#6761,.T.);
#6759=ORIENTED_EDGE('',*,*,#6762,.T.);
#6760=ORIENTED_EDGE('',*,*,#6763,.T.);
#6761=EDGE_CURVE('',#389,#183,#6764,.F.);
#6762=EDGE_CURVE('',#183,#391,#6765,.T.);
#6763=EDGE_CURVE('',#391,#389,#6766,.T.);
#6764=LINE('',#388,#6767);
#6765=LINE('',#182,#6768);
#6766=LINE('',#390,#6769);
#6767=VECTOR('',#6770,1.0);
#6768=VECTOR('',#6771,1.0);
#6769=VECTOR('',#6772,1.0);
#6770=DIRECTION('',(-0.9990140021629093,-0.044396210226174716,0));
#6771=DIRECTION('',(0,1,0));
#6772=DIRECTION('',(1,0,0));
#6773=FACE_SURFACE('',(#6778),#6774,.T.);
#6774=PLANE('',#6775);
#6775=AXIS2_PLACEMENT_3D('',#390,#6776,#6777);
#6776=DIRECTION('',(-0.09801677010495938,-0,-0.995184763136068));
#6777=DIRECTION('',(0,-1,0));
#6778=FACE_BOUND('',#6779,.T.);
#6779=EDGE_LOOP('',(#6780,#6781,#6782));
#6780=ORIENTED_EDGE('',*,*,#6783,.T.);
#6781=ORIENTED_EDGE('',*,*,#6784,.T.);
#6782=ORIENTED_EDGE('',*,*,#6785,.T.);
#6783=EDGE_CURVE('',#391,#183,#6786,.F.);
#6784=EDGE_CURVE('',#183,#393,#6787,.T.);
#6785=EDGE_CURVE('',#393,#391,#6788,.T.);
#6786=LINE('',#390,#6789);
#6787=LINE('',#182,#6790);
#6788=LINE('',#392,#6791);
#6789=VECTOR('',#6792,1.0);
#6790=VECTOR('',#6793,1.0);
#6791=VECTOR('',#6794,1.0);
#6792=DIRECTION('',(0,-1,0));
#6793=DIRECTION('',(-0.2218763398200828,0.9748299050112146,0.021852828738397227));
#6794=DIRECTION('',(0.995184763136068,0,-0.09801677010495939));
#6795=FACE_SURFACE('',(#6800),#6796,.T.);
#6796=PLANE('',#6797);
#6797=AXIS2_PLACEMENT_3D('',#392,#6798,#6799);
#6798=DIRECTION('',(-0.09801677010495938,-0,-0.995184763136068));
#6799=DIRECTION('',(0.2218763398200828,-0.9748299050112146,-0.021852828738397227));
#6800=FACE_BOUND('',#6801,.T.);
#6801=EDGE_LOOP('',(#6802,#6803,#6804));
#6802=ORIENTED_EDGE('',*,*,#6805,.T.);
#6803=ORIENTED_EDGE('',*,*,#6806,.T.);
#6804=ORIENTED_EDGE('',*,*,#6807,.T.);
#6805=EDGE_CURVE('',#393,#183,#6808,.F.);
#6806=EDGE_CURVE('',#183,#259,#6809,.T.);
#6807=EDGE_CURVE('',#259,#393,#6810,.T.);
#6808=LINE('',#392,#6811);
#6809=LINE('',#182,#6812);
#6810=LINE('',#258,#6813);
#6811=VECTOR('',#6814,1.0);
#6812=VECTOR('',#6815,1.0);
#6813=VECTOR('',#6816,1.0);
#6814=DIRECTION('',(0.2218763398200828,-0.9748299050112146,-0.021852828738397227));
#6815=DIRECTION('',(-0.995184763136068,0,0.09801677010495939));
#6816=DIRECTION('',(0,1,0));
#6817=FACE_SURFACE('',(#6822),#6818,.T.);
#6818=PLANE('',#6819);
#6819=AXIS2_PLACEMENT_3D('',#392,#6820,#6821);
#6820=DIRECTION('',(-0.2902845610922095,-0,-0.9569403709696352));
#6821=DIRECTION('',(0,-1,0));
#6822=FACE_BOUND('',#6823,.T.);
#6823=EDGE_LOOP('',(#6824,#6825,#6826));
#6824=ORIENTED_EDGE('',*,*,#6827,.T.);
#6825=ORIENTED_EDGE('',*,*,#6828,.T.);
#6826=ORIENTED_EDGE('',*,*,#6829,.T.);
#6827=EDGE_CURVE('',#393,#259,#6830,.F.);
#6828=EDGE_CURVE('',#259,#395,#6831,.T.);
#6829=EDGE_CURVE('',#395,#393,#6832,.T.);
#6830=LINE('',#392,#6833);
#6831=LINE('',#258,#6834);
#6832=LINE('',#394,#6835);
#6833=VECTOR('',#6836,1.0);
#6834=VECTOR('',#6837,1.0);
#6835=VECTOR('',#6838,1.0);
#6836=DIRECTION('',(0,-1,0));
#6837=DIRECTION('',(-0.2133500108284317,0.974829844239111,0.06471898995085308));
#6838=DIRECTION('',(0.9569403709696352,0,-0.2902845610922095));
#6839=FACE_SURFACE('',(#6844),#6840,.T.);
#6840=PLANE('',#6841);
#6841=AXIS2_PLACEMENT_3D('',#394,#6842,#6843);
#6842=DIRECTION('',(-0.2902845610922095,-0,-0.9569403709696352));
#6843=DIRECTION('',(0.2133500108284317,-0.974829844239111,-0.06471898995085308));
#6844=FACE_BOUND('',#6845,.T.);
#6845=EDGE_LOOP('',(#6846,#6847,#6848));
#6846=ORIENTED_EDGE('',*,*,#6849,.T.);
#6847=ORIENTED_EDGE('',*,*,#6850,.T.);
#6848=ORIENTED_EDGE('',*,*,#6851,.T.);
#6849=EDGE_CURVE('',#395,#259,#6852,.F.);
#6850=EDGE_CURVE('',#259,#257,#6853,.T.);
#6851=EDGE_CURVE('',#257,#395,#6854,.T.);
#6852=LINE('',#394,#6855);
#6853=LINE('',#258,#6856);
#6854=LINE('',#256,#6857);
#6855=VECTOR('',#6858,1.0);
#6856=VECTOR('',#6859,1.0);
#6857=VECTOR('',#6860,1.0);
#6858=DIRECTION('',(0.2133500108284317,-0.974829844239111,-0.06471898995085308));
#6859=DIRECTION('',(-0.9569403709696352,0,0.2902845610922095));
#6860=DIRECTION('',(0,1,0));
#6861=FACE_SURFACE('',(#6866),#6862,.T.);
#6862=PLANE('',#6863);
#6863=AXIS2_PLACEMENT_3D('',#394,#6864,#6865);
#6864=DIRECTION('',(-0.47139647008103913,-0,-0.8819214069264539));
#6865=DIRECTION('',(0,-1,0));
#6866=FACE_BOUND('',#6867,.T.);
#6867=EDGE_LOOP('',(#6868,#6869,#6870));
#6868=ORIENTED_EDGE('',*,*,#6871,.T.);
#6869=ORIENTED_EDGE('',*,*,#6872,.T.);
#6870=ORIENTED_EDGE('',*,*,#6873,.T.);
#6871=EDGE_CURVE('',#395,#257,#6874,.F.);
#6872=EDGE_CURVE('',#257,#397,#6875,.T.);
#6873=EDGE_CURVE('',#397,#395,#6876,.T.);
#6874=LINE('',#394,#6877);
#6875=LINE('',#256,#6878);
#6876=LINE('',#396,#6879);
#6877=VECTOR('',#6880,1.0);
#6878=VECTOR('',#6881,1.0);
#6879=VECTOR('',#6882,1.0);
#6880=DIRECTION('',(0,-1,0));
#6881=DIRECTION('',(-0.19662461925587585,0.9748298186638064,0.10509797213254142));
#6882=DIRECTION('',(0.8819214069264539,0,-0.4713964700810391));
#6883=FACE_SURFACE('',(#6888),#6884,.T.);
#6884=PLANE('',#6885);
#6885=AXIS2_PLACEMENT_3D('',#396,#6886,#6887);
#6886=DIRECTION('',(-0.47139647008103913,-0,-0.8819214069264539));
#6887=DIRECTION('',(0.19662461925587585,-0.9748298186638064,-0.10509797213254142));
#6888=FACE_BOUND('',#6889,.T.);
#6889=EDGE_LOOP('',(#6890,#6891,#6892));
#6890=ORIENTED_EDGE('',*,*,#6893,.T.);
#6891=ORIENTED_EDGE('',*,*,#6894,.T.);
#6892=ORIENTED_EDGE('',*,*,#6895,.T.);
#6893=EDGE_CURVE('',#397,#257,#6896,.F.);
#6894=EDGE_CURVE('',#257,#255,#6897,.T.);
#6895=EDGE_CURVE('',#255,#397,#6898,.T.);
#6896=LINE('',#396,#6899);
#6897=LINE('',#256,#6900);
#6898=LINE('',#254,#6901);
#6899=VECTOR('',#6902,1.0);
#6900=VECTOR('',#6903,1.0);
#6901=VECTOR('',#6904,1.0);
#6902=DIRECTION('',(0.19662461925587585,-0.9748298186638064,-0.10509797213254142));
#6903=DIRECTION('',(-0.8819214069264539,0,0.4713964700810391));
#6904=DIRECTION('',(0,1,0));
#6905=FACE_SURFACE('',(#6910),#6906,.T.);
#6906=PLANE('',#6907);
#6907=AXIS2_PLACEMENT_3D('',#396,#6908,#6909);
#6908=DIRECTION('',(-0.6343929153213558,-0,-0.773010756063634));
#6909=DIRECTION('',(0,-1,0));
#6910=FACE_BOUND('',#6911,.T.);
#6911=EDGE_LOOP('',(#6912,#6913,#6914));
#6912=ORIENTED_EDGE('',*,*,#6915,.T.);
#6913=ORIENTED_EDGE('',*,*,#6916,.T.);
#6914=ORIENTED_EDGE('',*,*,#6917,.T.);
#6915=EDGE_CURVE('',#397,#255,#6918,.F.);
#6916=EDGE_CURVE('',#255,#399,#6919,.T.);
#6917=EDGE_CURVE('',#399,#397,#6920,.T.);
#6918=LINE('',#396,#6921);
#6919=LINE('',#254,#6922);
#6920=LINE('',#398,#6923);
#6921=VECTOR('',#6924,1.0);
#6922=VECTOR('',#6925,1.0);
#6923=VECTOR('',#6926,1.0);
#6924=DIRECTION('',(0,-1,0));
#6925=DIRECTION('',(-0.17234287846757856,0.9748298427309194,0.14143800748992555));
#6926=DIRECTION('',(0.7730107560636341,0,-0.6343929153213558));
#6927=FACE_SURFACE('',(#6932),#6928,.T.);
#6928=PLANE('',#6929);
#6929=AXIS2_PLACEMENT_3D('',#398,#6930,#6931);
#6930=DIRECTION('',(-0.6343929153213558,-0,-0.773010756063634));
#6931=DIRECTION('',(0.17234287846757856,-0.9748298427309194,-0.14143800748992555));
#6932=FACE_BOUND('',#6933,.T.);
#6933=EDGE_LOOP('',(#6934,#6935,#6936));
#6934=ORIENTED_EDGE('',*,*,#6937,.T.);
#6935=ORIENTED_EDGE('',*,*,#6938,.T.);
#6936=ORIENTED_EDGE('',*,*,#6939,.T.);
#6937=EDGE_CURVE('',#399,#255,#6940,.F.);
#6938=EDGE_CURVE('',#255,#253,#6941,.T.);
#6939=EDGE_CURVE('',#253,#399,#6942,.T.);
#6940=LINE('',#398,#6943);
#6941=LINE('',#254,#6944);
#6942=LINE('',#252,#6945);
#6943=VECTOR('',#6946,1.0);
#6944=VECTOR('',#6947,1.0);
#6945=VECTOR('',#6948,1.0);
#6946=DIRECTION('',(0.17234287846757856,-0.9748298427309194,-0.14143800748992555));
#6947=DIRECTION('',(-0.7730107560636341,0,0.6343929153213558));
#6948=DIRECTION('',(0,1,0));
#6949=FACE_SURFACE('',(#6954),#6950,.T.);
#6950=PLANE('',#6951);
#6951=AXIS2_PLACEMENT_3D('',#398,#6952,#6953);
#6952=DIRECTION('',(-0.7730104152525906,-0,-0.6343933306009902));
#6953=DIRECTION('',(0,-1,0));
#6954=FACE_BOUND('',#6955,.T.);
#6955=EDGE_LOOP('',(#6956,#6957,#6958));
#6956=ORIENTED_EDGE('',*,*,#6959,.T.);
#6957=ORIENTED_EDGE('',*,*,#6960,.T.);
#6958=ORIENTED_EDGE('',*,*,#6961,.T.);
#6959=EDGE_CURVE('',#399,#253,#6962,.F.);
#6960=EDGE_CURVE('',#253,#401,#6963,.T.);
#6961=EDGE_CURVE('',#401,#399,#6964,.T.);
#6962=LINE('',#398,#6965);
#6963=LINE('',#252,#6966);
#6964=LINE('',#400,#6967);
#6965=VECTOR('',#6968,1.0);
#6966=VECTOR('',#6969,1.0);
#6967=VECTOR('',#6970,1.0);
#6968=DIRECTION('',(0,-1,0));
#6969=DIRECTION('',(-0.1414381593353208,0.974829821367399,0.1723428746906624));
#6970=DIRECTION('',(0.6343933306009902,0,-0.7730104152525907));
#6971=FACE_SURFACE('',(#6976),#6972,.T.);
#6972=PLANE('',#6973);
#6973=AXIS2_PLACEMENT_3D('',#400,#6974,#6975);
#6974=DIRECTION('',(-0.7730104152525906,-0,-0.6343933306009902));
#6975=DIRECTION('',(0.1414381593353208,-0.974829821367399,-0.1723428746906624));
#6976=FACE_BOUND('',#6977,.T.);
#6977=EDGE_LOOP('',(#6978,#6979,#6980));
#6978=ORIENTED_EDGE('',*,*,#6981,.T.);
#6979=ORIENTED_EDGE('',*,*,#6982,.T.);
#6980=ORIENTED_EDGE('',*,*,#6983,.T.);
#6981=EDGE_CURVE('',#401,#253,#6984,.F.);
#6982=EDGE_CURVE('',#253,#251,#6985,.T.);
#6983=EDGE_CURVE('',#251,#401,#6986,.T.);
#6984=LINE('',#400,#6987);
#6985=LINE('',#252,#6988);
#6986=LINE('',#250,#6989);
#6987=VECTOR('',#6990,1.0);
#6988=VECTOR('',#6991,1.0);
#6989=VECTOR('',#6992,1.0);
#6990=DIRECTION('',(0.1414381593353208,-0.974829821367399,-0.1723428746906624));
#6991=DIRECTION('',(-0.6343933306009902,0,0.7730104152525907));
#6992=DIRECTION('',(0,1,0));
#6993=FACE_SURFACE('',(#6998),#6994,.T.);
#6994=PLANE('',#6995);
#6995=AXIS2_PLACEMENT_3D('',#400,#6996,#6997);
#6996=DIRECTION('',(-0.8819210980583391,-0,-0.471397047932604));
#6997=DIRECTION('',(0,-1,0));
#6998=FACE_BOUND('',#6999,.T.);
#6999=EDGE_LOOP('',(#7000,#7001,#7002));
#7000=ORIENTED_EDGE('',*,*,#7003,.T.);
#7001=ORIENTED_EDGE('',*,*,#7004,.T.);
#7002=ORIENTED_EDGE('',*,*,#7005,.T.);
#7003=EDGE_CURVE('',#401,#251,#7006,.F.);
#7004=EDGE_CURVE('',#251,#403,#7007,.T.);
#7005=EDGE_CURVE('',#403,#401,#7008,.T.);
#7006=LINE('',#400,#7009);
#7007=LINE('',#250,#7010);
#7008=LINE('',#402,#7011);
#7009=VECTOR('',#7012,1.0);
#7010=VECTOR('',#7013,1.0);
#7011=VECTOR('',#7014,1.0);
#7012=DIRECTION('',(0,-1,0));
#7013=DIRECTION('',(-0.10509797853636804,0.9748298780621087,0.19662432134652896));
#7014=DIRECTION('',(0.47139704793260395,0,-0.8819210980583388));
#7015=FACE_SURFACE('',(#7020),#7016,.T.);
#7016=PLANE('',#7017);
#7017=AXIS2_PLACEMENT_3D('',#402,#7018,#7019);
#7018=DIRECTION('',(-0.8819210980583391,-0,-0.471397047932604));
#7019=DIRECTION('',(0.10509797853636804,-0.9748298780621087,-0.19662432134652896));
#7020=FACE_BOUND('',#7021,.T.);
#7021=EDGE_LOOP('',(#7022,#7023,#7024));
#7022=ORIENTED_EDGE('',*,*,#7025,.T.);
#7023=ORIENTED_EDGE('',*,*,#7026,.T.);
#7024=ORIENTED_EDGE('',*,*,#7027,.T.);
#7025=EDGE_CURVE('',#403,#251,#7028,.F.);
#7026=EDGE_CURVE('',#251,#211,#7029,.T.);
#7027=EDGE_CURVE('',#211,#403,#7030,.T.);
#7028=LINE('',#402,#7031);
#7029=LINE('',#250,#7032);
#7030=LINE('',#210,#7033);
#7031=VECTOR('',#7034,1.0);
#7032=VECTOR('',#7035,1.0);
#7033=VECTOR('',#7036,1.0);
#7034=DIRECTION('',(0.10509797853636804,-0.9748298780621087,-0.19662432134652896));
#7035=DIRECTION('',(-0.47139704793260395,0,0.8819210980583388));
#7036=DIRECTION('',(0,1,0));
#7037=FACE_SURFACE('',(#7042),#7038,.T.);
#7038=PLANE('',#7039);
#7039=AXIS2_PLACEMENT_3D('',#402,#7040,#7041);
#7040=DIRECTION('',(-0.95694075707683,-0,-0.2902832882637638));
#7041=DIRECTION('',(0,-1,0));
#7042=FACE_BOUND('',#7043,.T.);
#7043=EDGE_LOOP('',(#7044,#7045,#7046));
#7044=ORIENTED_EDGE('',*,*,#7047,.T.);
#7045=ORIENTED_EDGE('',*,*,#7048,.T.);
#7046=ORIENTED_EDGE('',*,*,#7049,.T.);
#7047=EDGE_CURVE('',#403,#211,#7050,.F.);
#7048=EDGE_CURVE('',#211,#405,#7051,.T.);
#7049=EDGE_CURVE('',#405,#403,#7052,.T.);
#7050=LINE('',#402,#7053);
#7051=LINE('',#210,#7054);
#7052=LINE('',#404,#7055);
#7053=VECTOR('',#7056,1.0);
#7054=VECTOR('',#7057,1.0);
#7055=VECTOR('',#7058,1.0);
#7056=DIRECTION('',(0,-1,0));
#7057=DIRECTION('',(-0.06471868135877132,0.9748298637900297,0.2133500151073207));
#7058=DIRECTION('',(0.2902832882637639,0,-0.9569407570768301));
#7059=FACE_SURFACE('',(#7064),#7060,.T.);
#7060=PLANE('',#7061);
#7061=AXIS2_PLACEMENT_3D('',#404,#7062,#7063);
#7062=DIRECTION('',(-0.95694075707683,-0,-0.2902832882637638));
#7063=DIRECTION('',(0.06471868135877132,-0.9748298637900297,-0.2133500151073207));
#7064=FACE_BOUND('',#7065,.T.);
#7065=EDGE_LOOP('',(#7066,#7067,#7068));
#7066=ORIENTED_EDGE('',*,*,#7069,.T.);
#7067=ORIENTED_EDGE('',*,*,#7070,.T.);
#7068=ORIENTED_EDGE('',*,*,#7071,.T.);
#7069=EDGE_CURVE('',#405,#211,#7072,.F.);
#7070=EDGE_CURVE('',#211,#209,#7073,.T.);
#7071=EDGE_CURVE('',#209,#405,#7074,.T.);
#7072=LINE('',#404,#7075);
#7073=LINE('',#210,#7076);
#7074=LINE('',#208,#7077);
#7075=VECTOR('',#7078,1.0);
#7076=VECTOR('',#7079,1.0);
#7077=VECTOR('',#7080,1.0);
#7078=DIRECTION('',(0.06471868135877132,-0.9748298637900297,-0.2133500151073207));
#7079=DIRECTION('',(-0.2902832882637639,0,0.9569407570768301));
#7080=DIRECTION('',(0,1,0));
#7081=FACE_SURFACE('',(#7086),#7082,.T.);
#7082=PLANE('',#7083);
#7083=AXIS2_PLACEMENT_3D('',#404,#7084,#7085);
#7084=DIRECTION('',(-0.9951847764897266,-0,-0.09801663452237483));
#7085=DIRECTION('',(0,-1,0));
#7086=FACE_BOUND('',#7087,.T.);
#7087=EDGE_LOOP('',(#7088,#7089,#7090));
#7088=ORIENTED_EDGE('',*,*,#7091,.T.);
#7089=ORIENTED_EDGE('',*,*,#7092,.T.);
#7090=ORIENTED_EDGE('',*,*,#7093,.T.);
#7091=EDGE_CURVE('',#405,#209,#7094,.F.);
#7092=EDGE_CURVE('',#209,#407,#7095,.T.);
#7093=EDGE_CURVE('',#407,#405,#7096,.T.);
#7094=LINE('',#404,#7097);
#7095=LINE('',#208,#7098);
#7096=LINE('',#406,#7099);
#7097=VECTOR('',#7100,1.0);
#7098=VECTOR('',#7101,1.0);
#7099=VECTOR('',#7102,1.0);
#7100=DIRECTION('',(0,-1,0));
#7101=DIRECTION('',(-0.021852827235855334,0.9748298379845249,0.22187663445452055));
#7102=DIRECTION('',(0.09801663452237483,0,-0.9951847764897267));
#7103=FACE_SURFACE('',(#7108),#7104,.T.);
#7104=PLANE('',#7105);
#7105=AXIS2_PLACEMENT_3D('',#406,#7106,#7107);
#7106=DIRECTION('',(-0.9951847764897266,-0,-0.09801663452237483));
#7107=DIRECTION('',(0.021852827235855334,-0.9748298379845249,-0.22187663445452055));
#7108=FACE_BOUND('',#7109,.T.);
#7109=EDGE_LOOP('',(#7110,#7111,#7112));
#7110=ORIENTED_EDGE('',*,*,#7113,.T.);
#7111=ORIENTED_EDGE('',*,*,#7114,.T.);
#7112=ORIENTED_EDGE('',*,*,#7115,.T.);
#7113=EDGE_CURVE('',#407,#209,#7116,.F.);
#7114=EDGE_CURVE('',#209,#207,#7117,.T.);
#7115=EDGE_CURVE('',#207,#407,#7118,.T.);
#7116=LINE('',#406,#7119);
#7117=LINE('',#208,#7120);
#7118=LINE('',#206,#7121);
#7119=VECTOR('',#7122,1.0);
#7120=VECTOR('',#7123,1.0);
#7121=VECTOR('',#7124,1.0);
#7122=DIRECTION('',(0.021852827235855334,-0.9748298379845249,-0.22187663445452055));
#7123=DIRECTION('',(-0.09801663452237483,0,0.9951847764897267));
#7124=DIRECTION('',(0,1,0));
#7125=FACE_SURFACE('',(#7130),#7126,.T.);
#7126=PLANE('',#7127);
#7127=AXIS2_PLACEMENT_3D('',#206,#7128,#7129);
#7128=DIRECTION('',(-1,0,0));
#7129=DIRECTION('',(0,0,1));
#7130=FACE_BOUND('',#7131,.T.);
#7131=EDGE_LOOP('',(#7132,#7133,#7134));
#7132=ORIENTED_EDGE('',*,*,#7135,.T.);
#7133=ORIENTED_EDGE('',*,*,#7136,.T.);
#7134=ORIENTED_EDGE('',*,*,#7137,.T.);
#7135=EDGE_CURVE('',#207,#233,#7138,.F.);
#7136=EDGE_CURVE('',#233,#407,#7139,.T.);
#7137=EDGE_CURVE('',#407,#207,#7140,.T.);
#7138=LINE('',#206,#7141);
#7139=LINE('',#232,#7142);
#7140=LINE('',#406,#7143);
#7141=VECTOR('',#7144,1.0);
#7142=VECTOR('',#7145,1.0);
#7143=VECTOR('',#7146,1.0);
#7144=DIRECTION('',(0,0,1));
#7145=DIRECTION('',(0,0.09275415427634764,-0.9956890412495658));
#7146=DIRECTION('',(0,-1,0));
#7147=FACE_SURFACE('',(#7152),#7148,.T.);
#7148=PLANE('',#7149);
#7149=AXIS2_PLACEMENT_3D('',#406,#7150,#7151);
#7150=DIRECTION('',(-1,0,0));
#7151=DIRECTION('',(0,-0.09275415427634764,0.9956890412495658));
#7152=FACE_BOUND('',#7153,.T.);
#7153=EDGE_LOOP('',(#7154,#7155,#7156));
#7154=ORIENTED_EDGE('',*,*,#7157,.T.);
#7155=ORIENTED_EDGE('',*,*,#7158,.T.);
#7156=ORIENTED_EDGE('',*,*,#7159,.T.);
#7157=EDGE_CURVE('',#407,#233,#7160,.F.);
#7158=EDGE_CURVE('',#233,#409,#7161,.T.);
#7159=EDGE_CURVE('',#409,#407,#7162,.T.);
#7160=LINE('',#406,#7163);
#7161=LINE('',#232,#7164);
#7162=LINE('',#408,#7165);
#7163=VECTOR('',#7166,1.0);
#7164=VECTOR('',#7167,1.0);
#7165=VECTOR('',#7168,1.0);
#7166=DIRECTION('',(0,-0.09275415427634764,0.9956890412495658));
#7167=DIRECTION('',(0,1,0));
#7168=DIRECTION('',(0,0,-1));
#7169=FACE_SURFACE('',(#7174),#7170,.T.);
#7170=PLANE('',#7171);
#7171=AXIS2_PLACEMENT_3D('',#410,#7172,#7173);
#7172=DIRECTION('',(0,0.8660260108442266,-0.49999894854012994));
#7173=DIRECTION('',(1,0,0));
#7174=FACE_BOUND('',#7175,.T.);
#7175=EDGE_LOOP('',(#7176,#7177,#7178));
#7176=ORIENTED_EDGE('',*,*,#7179,.T.);
#7177=ORIENTED_EDGE('',*,*,#7180,.T.);
#7178=ORIENTED_EDGE('',*,*,#7181,.T.);
#7179=EDGE_CURVE('',#411,#413,#7182,.F.);
#7180=EDGE_CURVE('',#413,#415,#7183,.T.);
#7181=EDGE_CURVE('',#415,#411,#7184,.T.);
#7182=LINE('',#410,#7185);
#7183=LINE('',#412,#7186);
#7184=LINE('',#414,#7187);
#7185=VECTOR('',#7188,1.0);
#7186=VECTOR('',#7189,1.0);
#7187=VECTOR('',#7190,1.0);
#7188=DIRECTION('',(1,0,0));
#7189=DIRECTION('',(-0.991227864272518,-0.06608185761816786,-0.11445745577931932));
#7190=DIRECTION('',(-0.44721284313604487,0.44721284313604487,0.7745975379952809));
#7191=FACE_SURFACE('',(#7196),#7192,.T.);
#7192=PLANE('',#7193);
#7193=AXIS2_PLACEMENT_3D('',#414,#7194,#7195);
#7194=DIRECTION('',(0,0.8660260108442266,-0.49999894854013));
#7195=DIRECTION('',(0.991227864272518,0.06608185761816786,0.11445745577931932));
#7196=FACE_BOUND('',#7197,.T.);
#7197=EDGE_LOOP('',(#7198,#7199,#7200));
#7198=ORIENTED_EDGE('',*,*,#7201,.T.);
#7199=ORIENTED_EDGE('',*,*,#7202,.T.);
#7200=ORIENTED_EDGE('',*,*,#7203,.T.);
#7201=EDGE_CURVE('',#415,#413,#7204,.F.);
#7202=EDGE_CURVE('',#413,#417,#7205,.T.);
#7203=EDGE_CURVE('',#417,#415,#7206,.T.);
#7204=LINE('',#414,#7207);
#7205=LINE('',#412,#7208);
#7206=LINE('',#416,#7209);
#7207=VECTOR('',#7210,1.0);
#7208=VECTOR('',#7211,1.0);
#7209=VECTOR('',#7212,1.0);
#7210=DIRECTION('',(0.991227864272518,0.06608185761816786,0.11445745577931932));
#7211=DIRECTION('',(-0.44721284313604487,-0.44721284313604487,-0.7745975379952809));
#7212=DIRECTION('',(-1,0,0));
#7213=FACE_SURFACE('',(#7218),#7214,.T.);
#7214=PLANE('',#7215);
#7215=AXIS2_PLACEMENT_3D('',#410,#7216,#7217);
#7216=DIRECTION('',(-0.8660260108442266,-0,-0.49999894854012994));
#7217=DIRECTION('',(0.44721284313604487,-0.44721284313604487,-0.7745975379952809));
#7218=FACE_BOUND('',#7219,.T.);
#7219=EDGE_LOOP('',(#7220,#7221,#7222));
#7220=ORIENTED_EDGE('',*,*,#7223,.T.);
#7221=ORIENTED_EDGE('',*,*,#7224,.T.);
#7222=ORIENTED_EDGE('',*,*,#7225,.T.);
#7223=EDGE_CURVE('',#411,#415,#7226,.F.);
#7224=EDGE_CURVE('',#415,#419,#7227,.T.);
#7225=EDGE_CURVE('',#419,#411,#7228,.T.);
#7226=LINE('',#410,#7229);
#7227=LINE('',#414,#7230);
#7228=LINE('',#418,#7231);
#7229=VECTOR('',#7232,1.0);
#7230=VECTOR('',#7233,1.0);
#7231=VECTOR('',#7234,1.0);
#7232=DIRECTION('',(0.44721284313604487,-0.44721284313604487,-0.7745975379952809));
#7233=DIRECTION('',(-0.44721284313604487,-0.44721284313604487,0.7745975379952809));
#7234=DIRECTION('',(0,1,0));
#7235=FACE_SURFACE('',(#7240),#7236,.T.);
#7236=PLANE('',#7237);
#7237=AXIS2_PLACEMENT_3D('',#420,#7238,#7239);
#7238=DIRECTION('',(-0,-0.8660260108442266,-0.49999894854012994));
#7239=DIRECTION('',(-1,0,0));
#7240=FACE_BOUND('',#7241,.T.);
#7241=EDGE_LOOP('',(#7242,#7243,#7244));
#7242=ORIENTED_EDGE('',*,*,#7245,.T.);
#7243=ORIENTED_EDGE('',*,*,#7246,.T.);
#7244=ORIENTED_EDGE('',*,*,#7247,.T.);
#7245=EDGE_CURVE('',#421,#419,#7248,.F.);
#7246=EDGE_CURVE('',#419,#417,#7249,.T.);
#7247=EDGE_CURVE('',#417,#421,#7250,.T.);
#7248=LINE('',#420,#7251);
#7249=LINE('',#418,#7252);
#7250=LINE('',#416,#7253);
#7251=VECTOR('',#7254,1.0);
#7252=VECTOR('',#7255,1.0);
#7253=VECTOR('',#7256,1.0);
#7254=DIRECTION('',(-1,0,0));
#7255=DIRECTION('',(0.991227864272518,0.06608185761816786,-0.11445745577931932));
#7256=DIRECTION('',(0.44721284313604487,-0.44721284313604487,0.7745975379952809));
#7257=FACE_SURFACE('',(#7262),#7258,.T.);
#7258=PLANE('',#7259);
#7259=AXIS2_PLACEMENT_3D('',#416,#7260,#7261);
#7260=DIRECTION('',(-0,-0.8660260108442266,-0.49999894854013));
#7261=DIRECTION('',(-0.991227864272518,-0.06608185761816786,0.11445745577931932));
#7262=FACE_BOUND('',#7263,.T.);
#7263=EDGE_LOOP('',(#7264,#7265,#7266));
#7264=ORIENTED_EDGE('',*,*,#7267,.T.);
#7265=ORIENTED_EDGE('',*,*,#7268,.T.);
#7266=ORIENTED_EDGE('',*,*,#7269,.T.);
#7267=EDGE_CURVE('',#417,#419,#7270,.F.);
#7268=EDGE_CURVE('',#419,#415,#7271,.T.);
#7269=EDGE_CURVE('',#415,#417,#7272,.T.);
#7270=LINE('',#416,#7273);
#7271=LINE('',#418,#7274);
#7272=LINE('',#414,#7275);
#7273=VECTOR('',#7276,1.0);
#7274=VECTOR('',#7277,1.0);
#7275=VECTOR('',#7278,1.0);
#7276=DIRECTION('',(-0.991227864272518,-0.06608185761816786,0.11445745577931932));
#7277=DIRECTION('',(0.44721284313604487,0.44721284313604487,-0.7745975379952809));
#7278=DIRECTION('',(1,0,0));
#7279=FACE_SURFACE('',(#7284),#7280,.T.);
#7280=PLANE('',#7281);
#7281=AXIS2_PLACEMENT_3D('',#420,#7282,#7283);
#7282=DIRECTION('',(0.8660260108442266,0,-0.49999894854012994));
#7283=DIRECTION('',(-0.44721284313604487,0.44721284313604487,-0.7745975379952809));
#7284=FACE_BOUND('',#7285,.T.);
#7285=EDGE_LOOP('',(#7286,#7287,#7288));
#7286=ORIENTED_EDGE('',*,*,#7289,.T.);
#7287=ORIENTED_EDGE('',*,*,#7290,.T.);
#7288=ORIENTED_EDGE('',*,*,#7291,.T.);
#7289=EDGE_CURVE('',#421,#417,#7292,.F.);
#7290=EDGE_CURVE('',#417,#413,#7293,.T.);
#7291=EDGE_CURVE('',#413,#421,#7294,.T.);
#7292=LINE('',#420,#7295);
#7293=LINE('',#416,#7296);
#7294=LINE('',#412,#7297);
#7295=VECTOR('',#7298,1.0);
#7296=VECTOR('',#7299,1.0);
#7297=VECTOR('',#7300,1.0);
#7298=DIRECTION('',(-0.44721284313604487,0.44721284313604487,-0.7745975379952809));
#7299=DIRECTION('',(0.44721284313604487,0.44721284313604487,0.7745975379952809));
#7300=DIRECTION('',(0,-1,0));
#7301=FACE_SURFACE('',(#7306),#7302,.T.);
#7302=PLANE('',#7303);
#7303=AXIS2_PLACEMENT_3D('',#422,#7304,#7305);
#7304=DIRECTION('',(0,0.8660255340088951,0.49999977444455707));
#7305=DIRECTION('',(-1,0,0));
#7306=FACE_BOUND('',#7307,.T.);
#7307=EDGE_LOOP('',(#7308,#7309,#7310));
#7308=ORIENTED_EDGE('',*,*,#7311,.T.);
#7309=ORIENTED_EDGE('',*,*,#7312,.T.);
#7310=ORIENTED_EDGE('',*,*,#7313,.T.);
#7311=EDGE_CURVE('',#423,#425,#7314,.F.);
#7312=EDGE_CURVE('',#425,#427,#7315,.T.);
#7313=EDGE_CURVE('',#427,#423,#7316,.T.);
#7314=LINE('',#422,#7317);
#7315=LINE('',#424,#7318);
#7316=LINE('',#426,#7319);
#7317=VECTOR('',#7320,1.0);
#7318=VECTOR('',#7321,1.0);
#7319=VECTOR('',#7322,1.0);
#7320=DIRECTION('',(-1,0,0));
#7321=DIRECTION('',(0.9912278950736781,-0.06608185126883663,0.11445719269966685));
#7322=DIRECTION('',(0.4472134341055991,0.4472134341055991,-0.7745968556035804));
#7323=FACE_SURFACE('',(#7328),#7324,.T.);
#7324=PLANE('',#7325);
#7325=AXIS2_PLACEMENT_3D('',#426,#7326,#7327);
#7326=DIRECTION('',(0,0.8660255340088953,0.4999997744445571));
#7327=DIRECTION('',(-0.9912278950736781,0.06608185126883663,-0.11445719269966685));
#7328=FACE_BOUND('',#7329,.T.);
#7329=EDGE_LOOP('',(#7330,#7331,#7332));
#7330=ORIENTED_EDGE('',*,*,#7333,.T.);
#7331=ORIENTED_EDGE('',*,*,#7334,.T.);
#7332=ORIENTED_EDGE('',*,*,#7335,.T.);
#7333=EDGE_CURVE('',#427,#425,#7336,.F.);
#7334=EDGE_CURVE('',#425,#429,#7337,.T.);
#7335=EDGE_CURVE('',#429,#427,#7338,.T.);
#7336=LINE('',#426,#7339);
#7337=LINE('',#424,#7340);
#7338=LINE('',#428,#7341);
#7339=VECTOR('',#7342,1.0);
#7340=VECTOR('',#7343,1.0);
#7341=VECTOR('',#7344,1.0);
#7342=DIRECTION('',(-0.9912278950736781,0.06608185126883663,-0.11445719269966685));
#7343=DIRECTION('',(0.4472134341055991,-0.4472134341055991,0.7745968556035804));
#7344=DIRECTION('',(1,0,0));
#7345=FACE_SURFACE('',(#7350),#7346,.T.);
#7346=PLANE('',#7347);
#7347=AXIS2_PLACEMENT_3D('',#422,#7348,#7349);
#7348=DIRECTION('',(0.8660255340088951,0,0.49999977444455707));
#7349=DIRECTION('',(-0.4472134341055991,-0.4472134341055991,0.7745968556035804));
#7350=FACE_BOUND('',#7351,.T.);
#7351=EDGE_LOOP('',(#7352,#7353,#7354));
#7352=ORIENTED_EDGE('',*,*,#7355,.T.);
#7353=ORIENTED_EDGE('',*,*,#7356,.T.);
#7354=ORIENTED_EDGE('',*,*,#7357,.T.);
#7355=EDGE_CURVE('',#423,#427,#7358,.F.);
#7356=EDGE_CURVE('',#427,#431,#7359,.T.);
#7357=EDGE_CURVE('',#431,#423,#7360,.T.);
#7358=LINE('',#422,#7361);
#7359=LINE('',#426,#7362);
#7360=LINE('',#430,#7363);
#7361=VECTOR('',#7364,1.0);
#7362=VECTOR('',#7365,1.0);
#7363=VECTOR('',#7366,1.0);
#7364=DIRECTION('',(-0.4472134341055991,-0.4472134341055991,0.7745968556035804));
#7365=DIRECTION('',(0.4472134341055991,-0.4472134341055991,-0.7745968556035804));
#7366=DIRECTION('',(0,1,0));
#7367=FACE_SURFACE('',(#7372),#7368,.T.);
#7368=PLANE('',#7369);
#7369=AXIS2_PLACEMENT_3D('',#432,#7370,#7371);
#7370=DIRECTION('',(0,-0.8660255340088951,0.49999977444455707));
#7371=DIRECTION('',(1,0,0));
#7372=FACE_BOUND('',#7373,.T.);
#7373=EDGE_LOOP('',(#7374,#7375,#7376));
#7374=ORIENTED_EDGE('',*,*,#7377,.T.);
#7375=ORIENTED_EDGE('',*,*,#7378,.T.);
#7376=ORIENTED_EDGE('',*,*,#7379,.T.);
#7377=EDGE_CURVE('',#433,#431,#7380,.F.);
#7378=EDGE_CURVE('',#431,#429,#7381,.T.);
#7379=EDGE_CURVE('',#429,#433,#7382,.T.);
#7380=LINE('',#432,#7383);
#7381=LINE('',#430,#7384);
#7382=LINE('',#428,#7385);
#7383=VECTOR('',#7386,1.0);
#7384=VECTOR('',#7387,1.0);
#7385=VECTOR('',#7388,1.0);
#7386=DIRECTION('',(1,0,0));
#7387=DIRECTION('',(-0.9912278950736781,0.06608185126883663,0.11445719269966685));
#7388=DIRECTION('',(-0.4472134341055991,-0.4472134341055991,-0.7745968556035804));
#7389=FACE_SURFACE('',(#7394),#7390,.T.);
#7390=PLANE('',#7391);
#7391=AXIS2_PLACEMENT_3D('',#428,#7392,#7393);
#7392=DIRECTION('',(0,-0.8660255340088953,0.4999997744445571));
#7393=DIRECTION('',(0.9912278950736781,-0.06608185126883663,-0.11445719269966685));
#7394=FACE_BOUND('',#7395,.T.);
#7395=EDGE_LOOP('',(#7396,#7397,#7398));
#7396=ORIENTED_EDGE('',*,*,#7399,.T.);
#7397=ORIENTED_EDGE('',*,*,#7400,.T.);
#7398=ORIENTED_EDGE('',*,*,#7401,.T.);
#7399=EDGE_CURVE('',#429,#431,#7402,.F.);
#7400=EDGE_CURVE('',#431,#427,#7403,.T.);
#7401=EDGE_CURVE('',#427,#429,#7404,.T.);
#7402=LINE('',#428,#7405);
#7403=LINE('',#430,#7406);
#7404=LINE('',#426,#7407);
#7405=VECTOR('',#7408,1.0);
#7406=VECTOR('',#7409,1.0);
#7407=VECTOR('',#7410,1.0);
#7408=DIRECTION('',(0.9912278950736781,-0.06608185126883663,-0.11445719269966685));
#7409=DIRECTION('',(-0.4472134341055991,0.4472134341055991,0.7745968556035804));
#7410=DIRECTION('',(-1,0,0));
#7411=FACE_SURFACE('',(#7416),#7412,.T.);
#7412=PLANE('',#7413);
#7413=AXIS2_PLACEMENT_3D('',#432,#7414,#7415);
#7414=DIRECTION('',(-0.8660255340088951,0,0.49999977444455707));
#7415=DIRECTION('',(0.4472134341055991,0.4472134341055991,0.7745968556035804));
#7416=FACE_BOUND('',#7417,.T.);
#7417=EDGE_LOOP('',(#7418,#7419,#7420));
#7418=ORIENTED_EDGE('',*,*,#7421,.T.);
#7419=ORIENTED_EDGE('',*,*,#7422,.T.);
#7420=ORIENTED_EDGE('',*,*,#7423,.T.);
#7421=EDGE_CURVE('',#433,#429,#7424,.F.);
#7422=EDGE_CURVE('',#429,#425,#7425,.T.);
#7423=EDGE_CURVE('',#425,#433,#7426,.T.);
#7424=LINE('',#432,#7427);
#7425=LINE('',#428,#7428);
#7426=LINE('',#424,#7429);
#7427=VECTOR('',#7430,1.0);
#7428=VECTOR('',#7431,1.0);
#7429=VECTOR('',#7432,1.0);
#7430=DIRECTION('',(0.4472134341055991,0.4472134341055991,0.7745968556035804));
#7431=DIRECTION('',(-0.4472134341055991,0.4472134341055991,-0.7745968556035804));
#7432=DIRECTION('',(0,-1,0));
#7433=FACE_SURFACE('',(#7438),#7434,.T.);
#7434=PLANE('',#7435);
#7435=AXIS2_PLACEMENT_3D('',#434,#7436,#7437);
#7436=DIRECTION('',(0,0.8660255340088951,0.49999977444455707));
#7437=DIRECTION('',(-1,0,0));
#7438=FACE_BOUND('',#7439,.T.);
#7439=EDGE_LOOP('',(#7440,#7441,#7442));
#7440=ORIENTED_EDGE('',*,*,#7443,.T.);
#7441=ORIENTED_EDGE('',*,*,#7444,.T.);
#7442=ORIENTED_EDGE('',*,*,#7445,.T.);
#7443=EDGE_CURVE('',#435,#437,#7446,.F.);
#7444=EDGE_CURVE('',#437,#439,#7447,.T.);
#7445=EDGE_CURVE('',#439,#435,#7448,.T.);
#7446=LINE('',#434,#7449);
#7447=LINE('',#436,#7450);
#7448=LINE('',#438,#7451);
#7449=VECTOR('',#7452,1.0);
#7450=VECTOR('',#7453,1.0);
#7451=VECTOR('',#7454,1.0);
#7452=DIRECTION('',(-1,0,0));
#7453=DIRECTION('',(0.9912278928720846,-0.06608185952480564,0.11445720699943324));
#7454=DIRECTION('',(0.4472134341055991,0.4472134341055991,-0.7745968556035804));
#7455=FACE_SURFACE('',(#7460),#7456,.T.);
#7456=PLANE('',#7457);
#7457=AXIS2_PLACEMENT_3D('',#438,#7458,#7459);
#7458=DIRECTION('',(0,0.8660255340088951,0.4999997744445571));
#7459=DIRECTION('',(-0.9912278928720846,0.06608185952480564,-0.11445720699943324));
#7460=FACE_BOUND('',#7461,.T.);
#7461=EDGE_LOOP('',(#7462,#7463,#7464));
#7462=ORIENTED_EDGE('',*,*,#7465,.T.);
#7463=ORIENTED_EDGE('',*,*,#7466,.T.);
#7464=ORIENTED_EDGE('',*,*,#7467,.T.);
#7465=EDGE_CURVE('',#439,#437,#7468,.F.);
#7466=EDGE_CURVE('',#437,#441,#7469,.T.);
#7467=EDGE_CURVE('',#441,#439,#7470,.T.);
#7468=LINE('',#438,#7471);
#7469=LINE('',#436,#7472);
#7470=LINE('',#440,#7473);
#7471=VECTOR('',#7474,1.0);
#7472=VECTOR('',#7475,1.0);
#7473=VECTOR('',#7476,1.0);
#7474=DIRECTION('',(-0.9912278928720846,0.06608185952480564,-0.11445720699943324));
#7475=DIRECTION('',(0.4472134341055991,-0.4472134341055991,0.7745968556035804));
#7476=DIRECTION('',(1,0,0));
#7477=FACE_SURFACE('',(#7482),#7478,.T.);
#7478=PLANE('',#7479);
#7479=AXIS2_PLACEMENT_3D('',#434,#7480,#7481);
#7480=DIRECTION('',(0.8660255340088951,0,0.49999977444455707));
#7481=DIRECTION('',(-0.4472134341055991,-0.4472134341055991,0.7745968556035804));
#7482=FACE_BOUND('',#7483,.T.);
#7483=EDGE_LOOP('',(#7484,#7485,#7486));
#7484=ORIENTED_EDGE('',*,*,#7487,.T.);
#7485=ORIENTED_EDGE('',*,*,#7488,.T.);
#7486=ORIENTED_EDGE('',*,*,#7489,.T.);
#7487=EDGE_CURVE('',#435,#439,#7490,.F.);
#7488=EDGE_CURVE('',#439,#443,#7491,.T.);
#7489=EDGE_CURVE('',#443,#435,#7492,.T.);
#7490=LINE('',#434,#7493);
#7491=LINE('',#438,#7494);
#7492=LINE('',#442,#7495);
#7493=VECTOR('',#7496,1.0);
#7494=VECTOR('',#7497,1.0);
#7495=VECTOR('',#7498,1.0);
#7496=DIRECTION('',(-0.4472134341055991,-0.4472134341055991,0.7745968556035804));
#7497=DIRECTION('',(0.4472134341055991,-0.4472134341055991,-0.7745968556035804));
#7498=DIRECTION('',(0,1,0));
#7499=FACE_SURFACE('',(#7504),#7500,.T.);
#7500=PLANE('',#7501);
#7501=AXIS2_PLACEMENT_3D('',#444,#7502,#7503);
#7502=DIRECTION('',(0,-0.8660255340088951,0.49999977444455707));
#7503=DIRECTION('',(1,0,0));
#7504=FACE_BOUND('',#7505,.T.);
#7505=EDGE_LOOP('',(#7506,#7507,#7508));
#7506=ORIENTED_EDGE('',*,*,#7509,.T.);
#7507=ORIENTED_EDGE('',*,*,#7510,.T.);
#7508=ORIENTED_EDGE('',*,*,#7511,.T.);
#7509=EDGE_CURVE('',#445,#443,#7512,.F.);
#7510=EDGE_CURVE('',#443,#441,#7513,.T.);
#7511=EDGE_CURVE('',#441,#445,#7514,.T.);
#7512=LINE('',#444,#7515);
#7513=LINE('',#442,#7516);
#7514=LINE('',#440,#7517);
#7515=VECTOR('',#7518,1.0);
#7516=VECTOR('',#7519,1.0);
#7517=VECTOR('',#7520,1.0);
#7518=DIRECTION('',(1,0,0));
#7519=DIRECTION('',(-0.9912278928720846,0.06608185952480564,0.11445720699943324));
#7520=DIRECTION('',(-0.4472134341055991,-0.4472134341055991,-0.7745968556035804));
#7521=FACE_SURFACE('',(#7526),#7522,.T.);
#7522=PLANE('',#7523);
#7523=AXIS2_PLACEMENT_3D('',#440,#7524,#7525);
#7524=DIRECTION('',(0,-0.8660255340088951,0.4999997744445571));
#7525=DIRECTION('',(0.9912278928720846,-0.06608185952480564,-0.11445720699943324));
#7526=FACE_BOUND('',#7527,.T.);
#7527=EDGE_LOOP('',(#7528,#7529,#7530));
#7528=ORIENTED_EDGE('',*,*,#7531,.T.);
#7529=ORIENTED_EDGE('',*,*,#7532,.T.);
#7530=ORIENTED_EDGE('',*,*,#7533,.T.);
#7531=EDGE_CURVE('',#441,#443,#7534,.F.);
#7532=EDGE_CURVE('',#443,#439,#7535,.T.);
#7533=EDGE_CURVE('',#439,#441,#7536,.T.);
#7534=LINE('',#440,#7537);
#7535=LINE('',#442,#7538);
#7536=LINE('',#438,#7539);
#7537=VECTOR('',#7540,1.0);
#7538=VECTOR('',#7541,1.0);
#7539=VECTOR('',#7542,1.0);
#7540=DIRECTION('',(0.9912278928720846,-0.06608185952480564,-0.11445720699943324));
#7541=DIRECTION('',(-0.4472134341055991,0.4472134341055991,0.7745968556035804));
#7542=DIRECTION('',(-1,0,0));
#7543=FACE_SURFACE('',(#7548),#7544,.T.);
#7544=PLANE('',#7545);
#7545=AXIS2_PLACEMENT_3D('',#444,#7546,#7547);
#7546=DIRECTION('',(-0.8660255340088951,0,0.49999977444455707));
#7547=DIRECTION('',(0.4472134341055991,0.4472134341055991,0.7745968556035804));
#7548=FACE_BOUND('',#7549,.T.);
#7549=EDGE_LOOP('',(#7550,#7551,#7552));
#7550=ORIENTED_EDGE('',*,*,#7553,.T.);
#7551=ORIENTED_EDGE('',*,*,#7554,.T.);
#7552=ORIENTED_EDGE('',*,*,#7555,.T.);
#7553=EDGE_CURVE('',#445,#441,#7556,.F.);
#7554=EDGE_CURVE('',#441,#437,#7557,.T.);
#7555=EDGE_CURVE('',#437,#445,#7558,.T.);
#7556=LINE('',#444,#7559);
#7557=LINE('',#440,#7560);
#7558=LINE('',#436,#7561);
#7559=VECTOR('',#7562,1.0);
#7560=VECTOR('',#7563,1.0);
#7561=VECTOR('',#7564,1.0);
#7562=DIRECTION('',(0.4472134341055991,0.4472134341055991,0.7745968556035804));
#7563=DIRECTION('',(-0.4472134341055991,0.4472134341055991,-0.7745968556035804));
#7564=DIRECTION('',(0,-1,0));
#7565=FACE_SURFACE('',(#7570),#7566,.T.);
#7566=PLANE('',#7567);
#7567=AXIS2_PLACEMENT_3D('',#446,#7568,#7569);
#7568=DIRECTION('',(1,0,-0));
#7569=DIRECTION('',(0,0,1));
#7570=FACE_BOUND('',#7571,.T.);
#7571=EDGE_LOOP('',(#7572,#7573,#7574));
#7572=ORIENTED_EDGE('',*,*,#7575,.T.);
#7573=ORIENTED_EDGE('',*,*,#7576,.T.);
#7574=ORIENTED_EDGE('',*,*,#7577,.T.);
#7575=EDGE_CURVE('',#447,#449,#7578,.F.);
#7576=EDGE_CURVE('',#449,#451,#7579,.T.);
#7577=EDGE_CURVE('',#451,#447,#7580,.T.);
#7578=LINE('',#446,#7581);
#7579=LINE('',#448,#7582);
#7580=LINE('',#450,#7583);
#7581=VECTOR('',#7584,1.0);
#7582=VECTOR('',#7585,1.0);
#7583=VECTOR('',#7586,1.0);
#7584=DIRECTION('',(0,0,1));
#7585=DIRECTION('',(0,-0.9138115845575171,-0.4061383851946033));
#7586=DIRECTION('',(0,1,0));
#7587=FACE_SURFACE('',(#7592),#7588,.T.);
#7588=PLANE('',#7589);
#7589=AXIS2_PLACEMENT_3D('',#450,#7590,#7591);
#7590=DIRECTION('',(1,0,0));
#7591=DIRECTION('',(0,0.9138115845575171,0.4061383851946033));
#7592=FACE_BOUND('',#7593,.T.);
#7593=EDGE_LOOP('',(#7594,#7595,#7596));
#7594=ORIENTED_EDGE('',*,*,#7597,.T.);
#7595=ORIENTED_EDGE('',*,*,#7598,.T.);
#7596=ORIENTED_EDGE('',*,*,#7599,.T.);
#7597=EDGE_CURVE('',#451,#449,#7600,.F.);
#7598=EDGE_CURVE('',#449,#453,#7601,.T.);
#7599=EDGE_CURVE('',#453,#451,#7602,.T.);
#7600=LINE('',#450,#7603);
#7601=LINE('',#448,#7604);
#7602=LINE('',#452,#7605);
#7603=VECTOR('',#7606,1.0);
#7604=VECTOR('',#7607,1.0);
#7605=VECTOR('',#7608,1.0);
#7606=DIRECTION('',(0,0.9138115845575171,0.4061383851946033));
#7607=DIRECTION('',(0,-1,0));
#7608=DIRECTION('',(0,0,-1));
#7609=FACE_SURFACE('',(#7614),#7610,.T.);
#7610=PLANE('',#7611);
#7611=AXIS2_PLACEMENT_3D('',#454,#7612,#7613);
#7612=DIRECTION('',(-1,0,0));
#7613=DIRECTION('',(0,-1,0));
#7614=FACE_BOUND('',#7615,.T.);
#7615=EDGE_LOOP('',(#7616,#7617,#7618));
#7616=ORIENTED_EDGE('',*,*,#7619,.T.);
#7617=ORIENTED_EDGE('',*,*,#7620,.T.);
#7618=ORIENTED_EDGE('',*,*,#7621,.T.);
#7619=EDGE_CURVE('',#455,#457,#7622,.F.);
#7620=EDGE_CURVE('',#457,#459,#7623,.T.);
#7621=EDGE_CURVE('',#459,#455,#7624,.T.);
#7622=LINE('',#454,#7625);
#7623=LINE('',#456,#7626);
#7624=LINE('',#458,#7627);
#7625=VECTOR('',#7628,1.0);
#7626=VECTOR('',#7629,1.0);
#7627=VECTOR('',#7630,1.0);
#7628=DIRECTION('',(0,-1,0));
#7629=DIRECTION('',(0,0.9138115845575171,0.4061383851946033));
#7630=DIRECTION('',(0,0,-1));
#7631=FACE_SURFACE('',(#7636),#7632,.T.);
#7632=PLANE('',#7633);
#7633=AXIS2_PLACEMENT_3D('',#458,#7634,#7635);
#7634=DIRECTION('',(-1,-0,0));
#7635=DIRECTION('',(0,-0.9138115845575171,-0.4061383851946033));
#7636=FACE_BOUND('',#7637,.T.);
#7637=EDGE_LOOP('',(#7638,#7639,#7640));
#7638=ORIENTED_EDGE('',*,*,#7641,.T.);
#7639=ORIENTED_EDGE('',*,*,#7642,.T.);
#7640=ORIENTED_EDGE('',*,*,#7643,.T.);
#7641=EDGE_CURVE('',#459,#457,#7644,.F.);
#7642=EDGE_CURVE('',#457,#461,#7645,.T.);
#7643=EDGE_CURVE('',#461,#459,#7646,.T.);
#7644=LINE('',#458,#7647);
#7645=LINE('',#456,#7648);
#7646=LINE('',#460,#7649);
#7647=VECTOR('',#7650,1.0);
#7648=VECTOR('',#7651,1.0);
#7649=VECTOR('',#7652,1.0);
#7650=DIRECTION('',(0,-0.9138115845575171,-0.4061383851946033));
#7651=DIRECTION('',(0,0,1));
#7652=DIRECTION('',(0,1,0));
#7653=FACE_SURFACE('',(#7658),#7654,.T.);
#7654=PLANE('',#7655);
#7655=AXIS2_PLACEMENT_3D('',#422,#7656,#7657);
#7656=DIRECTION('',(0,-0,1));
#7657=DIRECTION('',(0.9998070035425743,0.019645754432415053,0));
#7658=FACE_BOUND('',#7659,.T.);
#7659=EDGE_LOOP('',(#7660,#7661,#7662));
#7660=ORIENTED_EDGE('',*,*,#7663,.T.);
#7661=ORIENTED_EDGE('',*,*,#7664,.T.);
#7662=ORIENTED_EDGE('',*,*,#7665,.T.);
#7663=EDGE_CURVE('',#423,#449,#7666,.F.);
#7664=EDGE_CURVE('',#449,#425,#7667,.T.);
#7665=EDGE_CURVE('',#425,#423,#7668,.T.);
#7666=LINE('',#422,#7669);
#7667=LINE('',#448,#7670);
#7668=LINE('',#424,#7671);
#7669=VECTOR('',#7672,1.0);
#7670=VECTOR('',#7673,1.0);
#7671=VECTOR('',#7674,1.0);
#7672=DIRECTION('',(0.9998070035425743,0.019645754432415053,0));
#7673=DIRECTION('',(-0.9999005250520443,-0.014104609198638719,0));
#7674=DIRECTION('',(1,0,0));
#7675=FACE_SURFACE('',(#7680),#7676,.T.);
#7676=PLANE('',#7677);
#7677=AXIS2_PLACEMENT_3D('',#424,#7678,#7679);
#7678=DIRECTION('',(0,-0,1));
#7679=DIRECTION('',(0.9999005250520443,0.014104609198638719,0));
#7680=FACE_BOUND('',#7681,.T.);
#7681=EDGE_LOOP('',(#7682,#7683,#7684));
#7682=ORIENTED_EDGE('',*,*,#7685,.T.);
#7683=ORIENTED_EDGE('',*,*,#7686,.T.);
#7684=ORIENTED_EDGE('',*,*,#7687,.T.);
#7685=EDGE_CURVE('',#425,#449,#7688,.F.);
#7686=EDGE_CURVE('',#449,#459,#7689,.T.);
#7687=EDGE_CURVE('',#459,#425,#7690,.T.);
#7688=LINE('',#424,#7691);
#7689=LINE('',#448,#7692);
#7690=LINE('',#458,#7693);
#7691=VECTOR('',#7694,1.0);
#7692=VECTOR('',#7695,1.0);
#7693=VECTOR('',#7696,1.0);
#7694=DIRECTION('',(0.9999005250520443,0.014104609198638719,0));
#7695=DIRECTION('',(-1,0,0));
#7696=DIRECTION('',(0.999938788398015,-0.01106433265541571,0));
#7697=FACE_SURFACE('',(#7702),#7698,.T.);
#7698=PLANE('',#7699);
#7699=AXIS2_PLACEMENT_3D('',#424,#7700,#7701);
#7700=DIRECTION('',(0,0,1));
#7701=DIRECTION('',(-0.999938788398015,0.01106433265541571,0));
#7702=FACE_BOUND('',#7703,.T.);
#7703=EDGE_LOOP('',(#7704,#7705,#7706));
#7704=ORIENTED_EDGE('',*,*,#7707,.T.);
#7705=ORIENTED_EDGE('',*,*,#7708,.T.);
#7706=ORIENTED_EDGE('',*,*,#7709,.T.);
#7707=EDGE_CURVE('',#425,#459,#7710,.F.);
#7708=EDGE_CURVE('',#459,#435,#7711,.T.);
#7709=EDGE_CURVE('',#435,#425,#7712,.T.);
#7710=LINE('',#424,#7713);
#7711=LINE('',#458,#7714);
#7712=LINE('',#434,#7715);
#7713=VECTOR('',#7716,1.0);
#7714=VECTOR('',#7717,1.0);
#7715=VECTOR('',#7718,1.0);
#7716=DIRECTION('',(-0.999938788398015,0.01106433265541571,0));
#7717=DIRECTION('',(0.9995004446169378,-0.03160476563026298,0));
#7718=DIRECTION('',(1,0,0));
#7719=FACE_SURFACE('',(#7724),#7720,.T.);
#7720=PLANE('',#7721);
#7721=AXIS2_PLACEMENT_3D('',#434,#7722,#7723);
#7722=DIRECTION('',(0,0,1));
#7723=DIRECTION('',(-0.9995004446169378,0.03160476563026298,0));
#7724=FACE_BOUND('',#7725,.T.);
#7725=EDGE_LOOP('',(#7726,#7727,#7728));
#7726=ORIENTED_EDGE('',*,*,#7729,.T.);
#7727=ORIENTED_EDGE('',*,*,#7730,.T.);
#7728=ORIENTED_EDGE('',*,*,#7731,.T.);
#7729=EDGE_CURVE('',#435,#459,#7732,.F.);
#7730=EDGE_CURVE('',#459,#437,#7733,.T.);
#7731=EDGE_CURVE('',#437,#435,#7734,.T.);
#7732=LINE('',#434,#7735);
#7733=LINE('',#458,#7736);
#7734=LINE('',#436,#7737);
#7735=VECTOR('',#7738,1.0);
#7736=VECTOR('',#7739,1.0);
#7737=VECTOR('',#7740,1.0);
#7738=DIRECTION('',(-0.9995004446169378,0.03160476563026298,0));
#7739=DIRECTION('',(0.996320555490155,-0.0857050214852614,0));
#7740=DIRECTION('',(1,0,0));
#7741=FACE_SURFACE('',(#7746),#7742,.T.);
#7742=PLANE('',#7743);
#7743=AXIS2_PLACEMENT_3D('',#436,#7744,#7745);
#7744=DIRECTION('',(0,0,1));
#7745=DIRECTION('',(-0.996320555490155,0.0857050214852614,0));
#7746=FACE_BOUND('',#7747,.T.);
#7747=EDGE_LOOP('',(#7748,#7749,#7750));
#7748=ORIENTED_EDGE('',*,*,#7751,.T.);
#7749=ORIENTED_EDGE('',*,*,#7752,.T.);
#7750=ORIENTED_EDGE('',*,*,#7753,.T.);
#7751=EDGE_CURVE('',#437,#459,#7754,.F.);
#7752=EDGE_CURVE('',#459,#445,#7755,.T.);
#7753=EDGE_CURVE('',#445,#437,#7756,.T.);
#7754=LINE('',#436,#7757);
#7755=LINE('',#458,#7758);
#7756=LINE('',#444,#7759);
#7757=VECTOR('',#7760,1.0);
#7758=VECTOR('',#7761,1.0);
#7759=VECTOR('',#7762,1.0);
#7760=DIRECTION('',(-0.996320555490155,0.0857050214852614,0));
#7761=DIRECTION('',(0.9575424270715457,-0.2882923869232998,0));
#7762=DIRECTION('',(0,1,0));
#7763=FACE_SURFACE('',(#7768),#7764,.T.);
#7764=PLANE('',#7765);
#7765=AXIS2_PLACEMENT_3D('',#444,#7766,#7767);
#7766=DIRECTION('',(0,0,1));
#7767=DIRECTION('',(-0.9575424270715457,0.2882923869232998,0));
#7768=FACE_BOUND('',#7769,.T.);
#7769=EDGE_LOOP('',(#7770,#7771,#7772));
#7770=ORIENTED_EDGE('',*,*,#7773,.T.);
#7771=ORIENTED_EDGE('',*,*,#7774,.T.);
#7772=ORIENTED_EDGE('',*,*,#7775,.T.);
#7773=EDGE_CURVE('',#445,#459,#7776,.F.);
#7774=EDGE_CURVE('',#459,#461,#7777,.T.);
#7775=EDGE_CURVE('',#461,#445,#7778,.T.);
#7776=LINE('',#444,#7779);
#7777=LINE('',#458,#7780);
#7778=LINE('',#460,#7781);
#7779=VECTOR('',#7782,1.0);
#7780=VECTOR('',#7783,1.0);
#7781=VECTOR('',#7784,1.0);
#7782=DIRECTION('',(-0.9575424270715457,0.2882923869232998,0));
#7783=DIRECTION('',(0,-1,0));
#7784=DIRECTION('',(0.8320502812112092,0.5547002159151806,0));
#7785=FACE_SURFACE('',(#7790),#7786,.T.);
#7786=PLANE('',#7787);
#7787=AXIS2_PLACEMENT_3D('',#444,#7788,#7789);
#7788=DIRECTION('',(-0,0,1));
#7789=DIRECTION('',(-0.8320502812112092,-0.5547002159151806,0));
#7790=FACE_BOUND('',#7791,.T.);
#7791=EDGE_LOOP('',(#7792,#7793,#7794));
#7792=ORIENTED_EDGE('',*,*,#7795,.T.);
#7793=ORIENTED_EDGE('',*,*,#7796,.T.);
#7794=ORIENTED_EDGE('',*,*,#7797,.T.);
#7795=EDGE_CURVE('',#445,#461,#7798,.F.);
#7796=EDGE_CURVE('',#461,#443,#7799,.T.);
#7797=EDGE_CURVE('',#443,#445,#7800,.T.);
#7798=LINE('',#444,#7801);
#7799=LINE('',#460,#7802);
#7800=LINE('',#442,#7803);
#7801=VECTOR('',#7804,1.0);
#7802=VECTOR('',#7805,1.0);
#7803=VECTOR('',#7806,1.0);
#7804=DIRECTION('',(-0.8320502812112092,-0.5547002159151806,0));
#7805=DIRECTION('',(0.9712610978856336,0.23801655348734366,0));
#7806=DIRECTION('',(-1,0,0));
#7807=FACE_SURFACE('',(#7812),#7808,.T.);
#7808=PLANE('',#7809);
#7809=AXIS2_PLACEMENT_3D('',#442,#7810,#7811);
#7810=DIRECTION('',(-0,0,1));
#7811=DIRECTION('',(-0.9712610978856336,-0.23801655348734366,0));
#7812=FACE_BOUND('',#7813,.T.);
#7813=EDGE_LOOP('',(#7814,#7815,#7816));
#7814=ORIENTED_EDGE('',*,*,#7817,.T.);
#7815=ORIENTED_EDGE('',*,*,#7818,.T.);
#7816=ORIENTED_EDGE('',*,*,#7819,.T.);
#7817=EDGE_CURVE('',#443,#461,#7820,.F.);
#7818=EDGE_CURVE('',#461,#433,#7821,.T.);
#7819=EDGE_CURVE('',#433,#443,#7822,.T.);
#7820=LINE('',#442,#7823);
#7821=LINE('',#460,#7824);
#7822=LINE('',#432,#7825);
#7823=VECTOR('',#7826,1.0);
#7824=VECTOR('',#7827,1.0);
#7825=VECTOR('',#7828,1.0);
#7826=DIRECTION('',(-0.9712610978856336,-0.23801655348734366,0));
#7827=DIRECTION('',(0.9963432979834053,0.08544022801673212,0));
#7828=DIRECTION('',(-1,0,0));
#7829=FACE_SURFACE('',(#7834),#7830,.T.);
#7830=PLANE('',#7831);
#7831=AXIS2_PLACEMENT_3D('',#442,#7832,#7833);
#7832=DIRECTION('',(0,0,1));
#7833=DIRECTION('',(1,0,0));
#7834=FACE_BOUND('',#7835,.T.);
#7835=EDGE_LOOP('',(#7836,#7837,#7838));
#7836=ORIENTED_EDGE('',*,*,#7839,.T.);
#7837=ORIENTED_EDGE('',*,*,#7840,.T.);
#7838=ORIENTED_EDGE('',*,*,#7841,.T.);
#7839=EDGE_CURVE('',#443,#433,#7842,.F.);
#7840=EDGE_CURVE('',#433,#435,#7843,.T.);
#7841=EDGE_CURVE('',#435,#443,#7844,.T.);
#7842=LINE('',#442,#7845);
#7843=LINE('',#432,#7846);
#7844=LINE('',#434,#7847);
#7845=VECTOR('',#7848,1.0);
#7846=VECTOR('',#7849,1.0);
#7847=VECTOR('',#7850,1.0);
#7848=DIRECTION('',(1,0,0));
#7849=DIRECTION('',(-0.9990958406098353,0.04251471834702256,0));
#7850=DIRECTION('',(0,-1,0));
#7851=FACE_SURFACE('',(#7856),#7852,.T.);
#7852=PLANE('',#7853);
#7853=AXIS2_PLACEMENT_3D('',#434,#7854,#7855);
#7854=DIRECTION('',(-0,0,1));
#7855=DIRECTION('',(0.9990958406098353,-0.04251471834702256,0));
#7856=FACE_BOUND('',#7857,.T.);
#7857=EDGE_LOOP('',(#7858,#7859,#7860));
#7858=ORIENTED_EDGE('',*,*,#7861,.T.);
#7859=ORIENTED_EDGE('',*,*,#7862,.T.);
#7860=ORIENTED_EDGE('',*,*,#7863,.T.);
#7861=EDGE_CURVE('',#435,#433,#7864,.F.);
#7862=EDGE_CURVE('',#433,#425,#7865,.T.);
#7863=EDGE_CURVE('',#425,#435,#7866,.T.);
#7864=LINE('',#434,#7867);
#7865=LINE('',#432,#7868);
#7866=LINE('',#424,#7869);
#7867=VECTOR('',#7870,1.0);
#7868=VECTOR('',#7871,1.0);
#7869=VECTOR('',#7872,1.0);
#7870=DIRECTION('',(0.9990958406098353,-0.04251471834702256,0));
#7871=DIRECTION('',(0,1,0));
#7872=DIRECTION('',(-1,0,0));
#7873=FACE_SURFACE('',(#7878),#7874,.T.);
#7874=PLANE('',#7875);
#7875=AXIS2_PLACEMENT_3D('',#422,#7876,#7877);
#7876=DIRECTION('',(-0,0,1));
#7877=DIRECTION('',(0,-1,0));
#7878=FACE_BOUND('',#7879,.T.);
#7879=EDGE_LOOP('',(#7880,#7881,#7882));
#7880=ORIENTED_EDGE('',*,*,#7883,.T.);
#7881=ORIENTED_EDGE('',*,*,#7884,.T.);
#7882=ORIENTED_EDGE('',*,*,#7885,.T.);
#7883=EDGE_CURVE('',#423,#431,#7886,.F.);
#7884=EDGE_CURVE('',#431,#449,#7887,.T.);
#7885=EDGE_CURVE('',#449,#423,#7888,.T.);
#7886=LINE('',#422,#7889);
#7887=LINE('',#430,#7890);
#7888=LINE('',#448,#7891);
#7889=VECTOR('',#7892,1.0);
#7890=VECTOR('',#7893,1.0);
#7891=VECTOR('',#7894,1.0);
#7892=DIRECTION('',(0,-1,0));
#7893=DIRECTION('',(0.9976434657314184,0.06861133494841969,0));
#7894=DIRECTION('',(-0.9998070035425743,-0.019645754432415053,0));
#7895=FACE_SURFACE('',(#7900),#7896,.T.);
#7896=PLANE('',#7897);
#7897=AXIS2_PLACEMENT_3D('',#448,#7898,#7899);
#7898=DIRECTION('',(0,0,1));
#7899=DIRECTION('',(-0.9976434657314184,-0.06861133494841969,0));
#7900=FACE_BOUND('',#7901,.T.);
#7901=EDGE_LOOP('',(#7902,#7903,#7904));
#7902=ORIENTED_EDGE('',*,*,#7905,.T.);
#7903=ORIENTED_EDGE('',*,*,#7906,.T.);
#7904=ORIENTED_EDGE('',*,*,#7907,.T.);
#7905=EDGE_CURVE('',#449,#431,#7908,.F.);
#7906=EDGE_CURVE('',#431,#453,#7909,.T.);
#7907=EDGE_CURVE('',#453,#449,#7910,.T.);
#7908=LINE('',#448,#7911);
#7909=LINE('',#430,#7912);
#7910=LINE('',#452,#7913);
#7911=VECTOR('',#7914,1.0);
#7912=VECTOR('',#7915,1.0);
#7913=VECTOR('',#7916,1.0);
#7914=DIRECTION('',(-0.9976434657314184,-0.06861133494841969,0));
#7915=DIRECTION('',(0.9886026529447781,-0.1505483131441424,0));
#7916=DIRECTION('',(0,1,0));
#7917=FACE_SURFACE('',(#7922),#7918,.T.);
#7918=PLANE('',#7919);
#7919=AXIS2_PLACEMENT_3D('',#452,#7920,#7921);
#7920=DIRECTION('',(0,0,1));
#7921=DIRECTION('',(-0.9886026529447781,0.1505483131441424,0));
#7922=FACE_BOUND('',#7923,.T.);
#7923=EDGE_LOOP('',(#7924,#7925,#7926));
#7924=ORIENTED_EDGE('',*,*,#7927,.T.);
#7925=ORIENTED_EDGE('',*,*,#7928,.T.);
#7926=ORIENTED_EDGE('',*,*,#7929,.T.);
#7927=EDGE_CURVE('',#453,#431,#7930,.F.);
#7928=EDGE_CURVE('',#431,#433,#7931,.T.);
#7929=EDGE_CURVE('',#433,#453,#7932,.T.);
#7930=LINE('',#452,#7933);
#7931=LINE('',#430,#7934);
#7932=LINE('',#432,#7935);
#7933=VECTOR('',#7936,1.0);
#7934=VECTOR('',#7937,1.0);
#7935=VECTOR('',#7938,1.0);
#7936=DIRECTION('',(-0.9886026529447781,0.1505483131441424,0));
#7937=DIRECTION('',(-1,0,0));
#7938=DIRECTION('',(0.9940774313524354,-0.10867410213912083,0));
#7939=FACE_SURFACE('',(#7944),#7940,.T.);
#7940=PLANE('',#7941);
#7941=AXIS2_PLACEMENT_3D('',#452,#7942,#7943);
#7942=DIRECTION('',(0,0,1));
#7943=DIRECTION('',(-0.9940774313524354,0.10867410213912083,0));
#7944=FACE_BOUND('',#7945,.T.);
#7945=EDGE_LOOP('',(#7946,#7947,#7948));
#7946=ORIENTED_EDGE('',*,*,#7949,.T.);
#7947=ORIENTED_EDGE('',*,*,#7950,.T.);
#7948=ORIENTED_EDGE('',*,*,#7951,.T.);
#7949=EDGE_CURVE('',#453,#433,#7952,.F.);
#7950=EDGE_CURVE('',#433,#461,#7953,.T.);
#7951=EDGE_CURVE('',#461,#453,#7954,.T.);
#7952=LINE('',#452,#7955);
#7953=LINE('',#432,#7956);
#7954=LINE('',#460,#7957);
#7955=VECTOR('',#7958,1.0);
#7956=VECTOR('',#7959,1.0);
#7957=VECTOR('',#7960,1.0);
#7958=DIRECTION('',(-0.9940774313524354,0.10867410213912083,0));
#7959=DIRECTION('',(-0.9963432979834053,-0.08544022801673212,0));
#7960=DIRECTION('',(1,0,0));
#7961=FACE_SURFACE('',(#7966),#7962,.T.);
#7962=PLANE('',#7963);
#7963=AXIS2_PLACEMENT_3D('',#462,#7964,#7965);
#7964=DIRECTION('',(0,0.8660260108442266,-0.49999894854013));
#7965=DIRECTION('',(1,0,0));
#7966=FACE_BOUND('',#7967,.T.);
#7967=EDGE_LOOP('',(#7968,#7969,#7970));
#7968=ORIENTED_EDGE('',*,*,#7971,.T.);
#7969=ORIENTED_EDGE('',*,*,#7972,.T.);
#7970=ORIENTED_EDGE('',*,*,#7973,.T.);
#7971=EDGE_CURVE('',#463,#465,#7974,.F.);
#7972=EDGE_CURVE('',#465,#467,#7975,.T.);
#7973=EDGE_CURVE('',#467,#463,#7976,.T.);
#7974=LINE('',#462,#7977);
#7975=LINE('',#464,#7978);
#7976=LINE('',#466,#7979);
#7977=VECTOR('',#7980,1.0);
#7978=VECTOR('',#7981,1.0);
#7979=VECTOR('',#7982,1.0);
#7980=DIRECTION('',(1,0,0));
#7981=DIRECTION('',(-0.9606500104259861,-0.13888055387798856,-0.24054884997250728));
#7982=DIRECTION('',(-0.44721284313604487,0.44721284313604487,0.7745975379952809));
#7983=FACE_SURFACE('',(#7988),#7984,.T.);
#7984=PLANE('',#7985);
#7985=AXIS2_PLACEMENT_3D('',#466,#7986,#7987);
#7986=DIRECTION('',(0,0.8660260108442265,-0.49999894854012994));
#7987=DIRECTION('',(0.9606500104259861,0.13888055387798856,0.24054884997250728));
#7988=FACE_BOUND('',#7989,.T.);
#7989=EDGE_LOOP('',(#7990,#7991,#7992));
#7990=ORIENTED_EDGE('',*,*,#7993,.T.);
#7991=ORIENTED_EDGE('',*,*,#7994,.T.);
#7992=ORIENTED_EDGE('',*,*,#7995,.T.);
#7993=EDGE_CURVE('',#467,#465,#7996,.F.);
#7994=EDGE_CURVE('',#465,#469,#7997,.T.);
#7995=EDGE_CURVE('',#469,#467,#7998,.T.);
#7996=LINE('',#466,#7999);
#7997=LINE('',#464,#8000);
#7998=LINE('',#468,#8001);
#7999=VECTOR('',#8002,1.0);
#8000=VECTOR('',#8003,1.0);
#8001=VECTOR('',#8004,1.0);
#8002=DIRECTION('',(0.9606500104259861,0.13888055387798856,0.24054884997250728));
#8003=DIRECTION('',(-0.44721284313604487,-0.44721284313604487,-0.7745975379952809));
#8004=DIRECTION('',(-1,0,0));
#8005=FACE_SURFACE('',(#8010),#8006,.T.);
#8006=PLANE('',#8007);
#8007=AXIS2_PLACEMENT_3D('',#462,#8008,#8009);
#8008=DIRECTION('',(-0.8660260108442266,-0,-0.49999894854012994));
#8009=DIRECTION('',(0.44721284313604487,-0.44721284313604487,-0.7745975379952809));
#8010=FACE_BOUND('',#8011,.T.);
#8011=EDGE_LOOP('',(#8012,#8013,#8014));
#8012=ORIENTED_EDGE('',*,*,#8015,.T.);
#8013=ORIENTED_EDGE('',*,*,#8016,.T.);
#8014=ORIENTED_EDGE('',*,*,#8017,.T.);
#8015=EDGE_CURVE('',#463,#467,#8018,.F.);
#8016=EDGE_CURVE('',#467,#471,#8019,.T.);
#8017=EDGE_CURVE('',#471,#463,#8020,.T.);
#8018=LINE('',#462,#8021);
#8019=LINE('',#466,#8022);
#8020=LINE('',#470,#8023);
#8021=VECTOR('',#8024,1.0);
#8022=VECTOR('',#8025,1.0);
#8023=VECTOR('',#8026,1.0);
#8024=DIRECTION('',(0.44721284313604487,-0.44721284313604487,-0.7745975379952809));
#8025=DIRECTION('',(-0.44721284313604487,-0.44721284313604487,0.7745975379952809));
#8026=DIRECTION('',(0,1,0));
#8027=FACE_SURFACE('',(#8032),#8028,.T.);
#8028=PLANE('',#8029);
#8029=AXIS2_PLACEMENT_3D('',#472,#8030,#8031);
#8030=DIRECTION('',(-0,-0.8660260108442266,-0.49999894854013));
#8031=DIRECTION('',(-1,0,0));
#8032=FACE_BOUND('',#8033,.T.);
#8033=EDGE_LOOP('',(#8034,#8035,#8036));
#8034=ORIENTED_EDGE('',*,*,#8037,.T.);
#8035=ORIENTED_EDGE('',*,*,#8038,.T.);
#8036=ORIENTED_EDGE('',*,*,#8039,.T.);
#8037=EDGE_CURVE('',#473,#471,#8040,.F.);
#8038=EDGE_CURVE('',#471,#469,#8041,.T.);
#8039=EDGE_CURVE('',#469,#473,#8042,.T.);
#8040=LINE('',#472,#8043);
#8041=LINE('',#470,#8044);
#8042=LINE('',#468,#8045);
#8043=VECTOR('',#8046,1.0);
#8044=VECTOR('',#8047,1.0);
#8045=VECTOR('',#8048,1.0);
#8046=DIRECTION('',(-1,0,0));
#8047=DIRECTION('',(0.9606500104259861,0.13888055387798856,-0.24054884997250728));
#8048=DIRECTION('',(0.44721284313604487,-0.44721284313604487,0.7745975379952809));
#8049=FACE_SURFACE('',(#8054),#8050,.T.);
#8050=PLANE('',#8051);
#8051=AXIS2_PLACEMENT_3D('',#468,#8052,#8053);
#8052=DIRECTION('',(-0,-0.8660260108442265,-0.49999894854012994));
#8053=DIRECTION('',(-0.9606500104259861,-0.13888055387798856,0.24054884997250728));
#8054=FACE_BOUND('',#8055,.T.);
#8055=EDGE_LOOP('',(#8056,#8057,#8058));
#8056=ORIENTED_EDGE('',*,*,#8059,.T.);
#8057=ORIENTED_EDGE('',*,*,#8060,.T.);
#8058=ORIENTED_EDGE('',*,*,#8061,.T.);
#8059=EDGE_CURVE('',#469,#471,#8062,.F.);
#8060=EDGE_CURVE('',#471,#467,#8063,.T.);
#8061=EDGE_CURVE('',#467,#469,#8064,.T.);
#8062=LINE('',#468,#8065);
#8063=LINE('',#470,#8066);
#8064=LINE('',#466,#8067);
#8065=VECTOR('',#8068,1.0);
#8066=VECTOR('',#8069,1.0);
#8067=VECTOR('',#8070,1.0);
#8068=DIRECTION('',(-0.9606500104259861,-0.13888055387798856,0.24054884997250728));
#8069=DIRECTION('',(0.44721284313604487,0.44721284313604487,-0.7745975379952809));
#8070=DIRECTION('',(1,0,0));
#8071=FACE_SURFACE('',(#8076),#8072,.T.);
#8072=PLANE('',#8073);
#8073=AXIS2_PLACEMENT_3D('',#472,#8074,#8075);
#8074=DIRECTION('',(0.8660260108442266,0,-0.49999894854012994));
#8075=DIRECTION('',(-0.44721284313604487,0.44721284313604487,-0.7745975379952809));
#8076=FACE_BOUND('',#8077,.T.);
#8077=EDGE_LOOP('',(#8078,#8079,#8080));
#8078=ORIENTED_EDGE('',*,*,#8081,.T.);
#8079=ORIENTED_EDGE('',*,*,#8082,.T.);
#8080=ORIENTED_EDGE('',*,*,#8083,.T.);
#8081=EDGE_CURVE('',#473,#469,#8084,.F.);
#8082=EDGE_CURVE('',#469,#465,#8085,.T.);
#8083=EDGE_CURVE('',#465,#473,#8086,.T.);
#8084=LINE('',#472,#8087);
#8085=LINE('',#468,#8088);
#8086=LINE('',#464,#8089);
#8087=VECTOR('',#8090,1.0);
#8088=VECTOR('',#8091,1.0);
#8089=VECTOR('',#8092,1.0);
#8090=DIRECTION('',(-0.44721284313604487,0.44721284313604487,-0.7745975379952809));
#8091=DIRECTION('',(0.44721284313604487,0.44721284313604487,0.7745975379952809));
#8092=DIRECTION('',(0,-1,0));
#8093=FACE_SURFACE('',(#8098),#8094,.T.);
#8094=PLANE('',#8095);
#8095=AXIS2_PLACEMENT_3D('',#474,#8096,#8097);
#8096=DIRECTION('',(-0,0,1));
#8097=DIRECTION('',(0,-1,0));
#8098=FACE_BOUND('',#8099,.T.);
#8099=EDGE_LOOP('',(#8100,#8101,#8102));
#8100=ORIENTED_EDGE('',*,*,#8103,.T.);
#8101=ORIENTED_EDGE('',*,*,#8104,.T.);
#8102=ORIENTED_EDGE('',*,*,#8105,.T.);
#8103=EDGE_CURVE('',#475,#477,#8106,.F.);
#8104=EDGE_CURVE('',#477,#479,#8107,.T.);
#8105=EDGE_CURVE('',#479,#475,#8108,.T.);
#8106=LINE('',#474,#8109);
#8107=LINE('',#476,#8110);
#8108=LINE('',#478,#8111);
#8109=VECTOR('',#8112,1.0);
#8110=VECTOR('',#8113,1.0);
#8111=VECTOR('',#8114,1.0);
#8112=DIRECTION('',(0,-1,0));
#8113=DIRECTION('',(0.40613846605344767,0.9138115486202573,0));
#8114=DIRECTION('',(-1,0,0));
#8115=FACE_SURFACE('',(#8120),#8116,.T.);
#8116=PLANE('',#8117);
#8117=AXIS2_PLACEMENT_3D('',#478,#8118,#8119);
#8118=DIRECTION('',(0,0,1));
#8119=DIRECTION('',(-0.40613846605344767,-0.9138115486202573,0));
#8120=FACE_BOUND('',#8121,.T.);
#8121=EDGE_LOOP('',(#8122,#8123,#8124));
#8122=ORIENTED_EDGE('',*,*,#8125,.T.);
#8123=ORIENTED_EDGE('',*,*,#8126,.T.);
#8124=ORIENTED_EDGE('',*,*,#8127,.T.);
#8125=EDGE_CURVE('',#479,#477,#8128,.F.);
#8126=EDGE_CURVE('',#477,#481,#8129,.T.);
#8127=EDGE_CURVE('',#481,#479,#8130,.T.);
#8128=LINE('',#478,#8131);
#8129=LINE('',#476,#8132);
#8130=LINE('',#480,#8133);
#8131=VECTOR('',#8134,1.0);
#8132=VECTOR('',#8135,1.0);
#8133=VECTOR('',#8136,1.0);
#8134=DIRECTION('',(-0.40613846605344767,-0.9138115486202573,0));
#8135=DIRECTION('',(1,0,0));
#8136=DIRECTION('',(0,1,0));
#8137=FACE_SURFACE('',(#8142),#8138,.T.);
#8138=PLANE('',#8139);
#8139=AXIS2_PLACEMENT_3D('',#482,#8140,#8141);
#8140=DIRECTION('',(0,2.1192762586805078E-07,-0.9999999999999775));
#8141=DIRECTION('',(1,0,0));
#8142=FACE_BOUND('',#8143,.T.);
#8143=EDGE_LOOP('',(#8144,#8145,#8146));
#8144=ORIENTED_EDGE('',*,*,#8147,.T.);
#8145=ORIENTED_EDGE('',*,*,#8148,.T.);
#8146=ORIENTED_EDGE('',*,*,#8149,.T.);
#8147=EDGE_CURVE('',#483,#485,#8150,.F.);
#8148=EDGE_CURVE('',#485,#487,#8151,.T.);
#8149=EDGE_CURVE('',#487,#483,#8152,.T.);
#8150=LINE('',#482,#8153);
#8151=LINE('',#484,#8154);
#8152=LINE('',#486,#8155);
#8153=VECTOR('',#8156,1.0);
#8154=VECTOR('',#8157,1.0);
#8155=VECTOR('',#8158,1.0);
#8156=DIRECTION('',(1,0,0));
#8157=DIRECTION('',(-0.40613846605344,-0.91381154862024,-1.9366191198989868E-07));
#8158=DIRECTION('',(0,0.9999999999999775,2.1192762586805078E-07));
#8159=FACE_SURFACE('',(#8164),#8160,.T.);
#8160=PLANE('',#8161);
#8161=AXIS2_PLACEMENT_3D('',#486,#8162,#8163);
#8162=DIRECTION('',(0,2.1192762586805078E-07,-0.9999999999999775));
#8163=DIRECTION('',(0.40613846605344,0.91381154862024,1.9366191198989868E-07));
#8164=FACE_BOUND('',#8165,.T.);
#8165=EDGE_LOOP('',(#8166,#8167,#8168));
#8166=ORIENTED_EDGE('',*,*,#8169,.T.);
#8167=ORIENTED_EDGE('',*,*,#8170,.T.);
#8168=ORIENTED_EDGE('',*,*,#8171,.T.);
#8169=EDGE_CURVE('',#487,#485,#8172,.F.);
#8170=EDGE_CURVE('',#485,#489,#8173,.T.);
#8171=EDGE_CURVE('',#489,#487,#8174,.T.);
#8172=LINE('',#486,#8175);
#8173=LINE('',#484,#8176);
#8174=LINE('',#488,#8177);
#8175=VECTOR('',#8178,1.0);
#8176=VECTOR('',#8179,1.0);
#8177=VECTOR('',#8180,1.0);
#8178=DIRECTION('',(0.40613846605344,0.91381154862024,1.9366191198989868E-07));
#8179=DIRECTION('',(0,-0.9999999999999775,-2.1192762586805078E-07));
#8180=DIRECTION('',(-1,0,0));
#8181=FACE_SURFACE('',(#8186),#8182,.T.);
#8182=PLANE('',#8183);
#8183=AXIS2_PLACEMENT_3D('',#488,#8184,#8185);
#8184=DIRECTION('',(1,0,0));
#8185=DIRECTION('',(0,0.9999999999999775,2.1192762586805078E-07));
#8186=FACE_BOUND('',#8187,.T.);
#8187=EDGE_LOOP('',(#8188,#8189,#8190));
#8188=ORIENTED_EDGE('',*,*,#8191,.T.);
#8189=ORIENTED_EDGE('',*,*,#8192,.T.);
#8190=ORIENTED_EDGE('',*,*,#8193,.T.);
#8191=EDGE_CURVE('',#489,#485,#8194,.F.);
#8192=EDGE_CURVE('',#485,#481,#8195,.T.);
#8193=EDGE_CURVE('',#481,#489,#8196,.T.);
#8194=LINE('',#488,#8197);
#8195=LINE('',#484,#8198);
#8196=LINE('',#480,#8199);
#8197=VECTOR('',#8200,1.0);
#8198=VECTOR('',#8201,1.0);
#8199=VECTOR('',#8202,1.0);
#8200=DIRECTION('',(0,0.9999999999999775,2.1192762586805078E-07));
#8201=DIRECTION('',(0,-0.15229046536520152,0.9883357800660919));
#8202=DIRECTION('',(0,0,-1));
#8203=FACE_SURFACE('',(#8208),#8204,.T.);
#8204=PLANE('',#8205);
#8205=AXIS2_PLACEMENT_3D('',#480,#8206,#8207);
#8206=DIRECTION('',(1,-0,0));
#8207=DIRECTION('',(0,0.15229046536520152,-0.9883357800660919));
#8208=FACE_BOUND('',#8209,.T.);
#8209=EDGE_LOOP('',(#8210,#8211,#8212));
#8210=ORIENTED_EDGE('',*,*,#8213,.T.);
#8211=ORIENTED_EDGE('',*,*,#8214,.T.);
#8212=ORIENTED_EDGE('',*,*,#8215,.T.);
#8213=EDGE_CURVE('',#481,#485,#8216,.F.);
#8214=EDGE_CURVE('',#485,#479,#8217,.T.);
#8215=EDGE_CURVE('',#479,#481,#8218,.T.);
#8216=LINE('',#480,#8219);
#8217=LINE('',#484,#8220);
#8218=LINE('',#478,#8221);
#8219=VECTOR('',#8222,1.0);
#8220=VECTOR('',#8223,1.0);
#8221=VECTOR('',#8224,1.0);
#8222=DIRECTION('',(0,0.15229046536520152,-0.9883357800660919));
#8223=DIRECTION('',(0,0,1));
#8224=DIRECTION('',(0,-1,0));
#8225=FACE_SURFACE('',(#8230),#8226,.T.);
#8226=PLANE('',#8227);
#8227=AXIS2_PLACEMENT_3D('',#490,#8228,#8229);
#8228=DIRECTION('',(1,0,0));
#8229=DIRECTION('',(0,-1,0));
#8230=FACE_BOUND('',#8231,.T.);
#8231=EDGE_LOOP('',(#8232,#8233,#8234));
#8232=ORIENTED_EDGE('',*,*,#8235,.T.);
#8233=ORIENTED_EDGE('',*,*,#8236,.T.);
#8234=ORIENTED_EDGE('',*,*,#8237,.T.);
#8235=EDGE_CURVE('',#491,#493,#8238,.F.);
#8236=EDGE_CURVE('',#493,#495,#8239,.T.);
#8237=EDGE_CURVE('',#495,#491,#8240,.T.);
#8238=LINE('',#490,#8241);
#8239=LINE('',#492,#8242);
#8240=LINE('',#494,#8243);
#8241=VECTOR('',#8244,1.0);
#8242=VECTOR('',#8245,1.0);
#8243=VECTOR('',#8246,1.0);
#8244=DIRECTION('',(0,-1,0));
#8245=DIRECTION('',(0,0.9138115486202573,-0.40613846605344767));
#8246=DIRECTION('',(0,0,1));
#8247=FACE_SURFACE('',(#8252),#8248,.T.);
#8248=PLANE('',#8249);
#8249=AXIS2_PLACEMENT_3D('',#494,#8250,#8251);
#8250=DIRECTION('',(1,0,0));
#8251=DIRECTION('',(0,-0.9138115486202573,0.40613846605344767));
#8252=FACE_BOUND('',#8253,.T.);
#8253=EDGE_LOOP('',(#8254,#8255,#8256));
#8254=ORIENTED_EDGE('',*,*,#8257,.T.);
#8255=ORIENTED_EDGE('',*,*,#8258,.T.);
#8256=ORIENTED_EDGE('',*,*,#8259,.T.);
#8257=EDGE_CURVE('',#495,#493,#8260,.F.);
#8258=EDGE_CURVE('',#493,#497,#8261,.T.);
#8259=EDGE_CURVE('',#497,#495,#8262,.T.);
#8260=LINE('',#494,#8263);
#8261=LINE('',#492,#8264);
#8262=LINE('',#496,#8265);
#8263=VECTOR('',#8266,1.0);
#8264=VECTOR('',#8267,1.0);
#8265=VECTOR('',#8268,1.0);
#8266=DIRECTION('',(0,-0.9138115486202573,0.40613846605344767));
#8267=DIRECTION('',(0,0,-1));
#8268=DIRECTION('',(0,1,0));
#8269=FACE_SURFACE('',(#8274),#8270,.T.);
#8270=PLANE('',#8271);
#8271=AXIS2_PLACEMENT_3D('',#498,#8272,#8273);
#8272=DIRECTION('',(-1,0,0));
#8273=DIRECTION('',(0,1,0));
#8274=FACE_BOUND('',#8275,.T.);
#8275=EDGE_LOOP('',(#8276,#8277,#8278));
#8276=ORIENTED_EDGE('',*,*,#8279,.T.);
#8277=ORIENTED_EDGE('',*,*,#8280,.T.);
#8278=ORIENTED_EDGE('',*,*,#8281,.T.);
#8279=EDGE_CURVE('',#499,#501,#8282,.F.);
#8280=EDGE_CURVE('',#501,#503,#8283,.T.);
#8281=EDGE_CURVE('',#503,#499,#8284,.T.);
#8282=LINE('',#498,#8285);
#8283=LINE('',#500,#8286);
#8284=LINE('',#502,#8287);
#8285=VECTOR('',#8288,1.0);
#8286=VECTOR('',#8289,1.0);
#8287=VECTOR('',#8290,1.0);
#8288=DIRECTION('',(0,1,0));
#8289=DIRECTION('',(0,-0.9138115486202573,-0.40613846605344767));
#8290=DIRECTION('',(0,0,1));
#8291=FACE_SURFACE('',(#8296),#8292,.T.);
#8292=PLANE('',#8293);
#8293=AXIS2_PLACEMENT_3D('',#502,#8294,#8295);
#8294=DIRECTION('',(-1,0,0));
#8295=DIRECTION('',(0,0.9138115486202573,0.40613846605344767));
#8296=FACE_BOUND('',#8297,.T.);
#8297=EDGE_LOOP('',(#8298,#8299,#8300));
#8298=ORIENTED_EDGE('',*,*,#8301,.T.);
#8299=ORIENTED_EDGE('',*,*,#8302,.T.);
#8300=ORIENTED_EDGE('',*,*,#8303,.T.);
#8301=EDGE_CURVE('',#503,#501,#8304,.F.);
#8302=EDGE_CURVE('',#501,#505,#8305,.T.);
#8303=EDGE_CURVE('',#505,#503,#8306,.T.);
#8304=LINE('',#502,#8307);
#8305=LINE('',#500,#8308);
#8306=LINE('',#504,#8309);
#8307=VECTOR('',#8310,1.0);
#8308=VECTOR('',#8311,1.0);
#8309=VECTOR('',#8312,1.0);
#8310=DIRECTION('',(0,0.9138115486202573,0.40613846605344767));
#8311=DIRECTION('',(0,0,-1));
#8312=DIRECTION('',(0,-1,0));
#8313=FACE_SURFACE('',(#8318),#8314,.T.);
#8314=PLANE('',#8315);
#8315=AXIS2_PLACEMENT_3D('',#410,#8316,#8317);
#8316=DIRECTION('',(0,0,-1));
#8317=DIRECTION('',(-0.999254674813517,0.038601746894826094,0));
#8318=FACE_BOUND('',#8319,.T.);
#8319=EDGE_LOOP('',(#8320,#8321,#8322));
#8320=ORIENTED_EDGE('',*,*,#8323,.T.);
#8321=ORIENTED_EDGE('',*,*,#8324,.T.);
#8322=ORIENTED_EDGE('',*,*,#8325,.T.);
#8323=EDGE_CURVE('',#411,#505,#8326,.F.);
#8324=EDGE_CURVE('',#505,#413,#8327,.T.);
#8325=EDGE_CURVE('',#413,#411,#8328,.T.);
#8326=LINE('',#410,#8329);
#8327=LINE('',#504,#8330);
#8328=LINE('',#412,#8331);
#8329=VECTOR('',#8332,1.0);
#8330=VECTOR('',#8333,1.0);
#8331=VECTOR('',#8334,1.0);
#8332=DIRECTION('',(-0.999254674813517,0.038601746894826094,0));
#8333=DIRECTION('',(0.9997626166809653,-0.02178784723714084,0));
#8334=DIRECTION('',(-1,0,0));
#8335=FACE_SURFACE('',(#8340),#8336,.T.);
#8336=PLANE('',#8337);
#8337=AXIS2_PLACEMENT_3D('',#412,#8338,#8339);
#8338=DIRECTION('',(0,0,-1));
#8339=DIRECTION('',(-0.9997626166809653,0.02178784723714084,0));
#8340=FACE_BOUND('',#8341,.T.);
#8341=EDGE_LOOP('',(#8342,#8343,#8344));
#8342=ORIENTED_EDGE('',*,*,#8345,.T.);
#8343=ORIENTED_EDGE('',*,*,#8346,.T.);
#8344=ORIENTED_EDGE('',*,*,#8347,.T.);
#8345=EDGE_CURVE('',#413,#505,#8348,.F.);
#8346=EDGE_CURVE('',#505,#463,#8349,.T.);
#8347=EDGE_CURVE('',#463,#413,#8350,.T.);
#8348=LINE('',#412,#8351);
#8349=LINE('',#504,#8352);
#8350=LINE('',#462,#8353);
#8351=VECTOR('',#8354,1.0);
#8352=VECTOR('',#8355,1.0);
#8353=VECTOR('',#8356,1.0);
#8354=DIRECTION('',(-0.9997626166809653,0.02178784723714084,0));
#8355=DIRECTION('',(0.9999571277675333,-0.00925973147046153,0));
#8356=DIRECTION('',(-1,0,0));
#8357=FACE_SURFACE('',(#8362),#8358,.T.);
#8358=PLANE('',#8359);
#8359=AXIS2_PLACEMENT_3D('',#412,#8360,#8361);
#8360=DIRECTION('',(0,0,-1));
#8361=DIRECTION('',(1,0,0));
#8362=FACE_BOUND('',#8363,.T.);
#8363=EDGE_LOOP('',(#8364,#8365,#8366));
#8364=ORIENTED_EDGE('',*,*,#8367,.T.);
#8365=ORIENTED_EDGE('',*,*,#8368,.T.);
#8366=ORIENTED_EDGE('',*,*,#8369,.T.);
#8367=EDGE_CURVE('',#413,#463,#8370,.F.);
#8368=EDGE_CURVE('',#463,#421,#8371,.T.);
#8369=EDGE_CURVE('',#421,#413,#8372,.T.);
#8370=LINE('',#412,#8373);
#8371=LINE('',#462,#8374);
#8372=LINE('',#420,#8375);
#8373=VECTOR('',#8376,1.0);
#8374=VECTOR('',#8377,1.0);
#8375=VECTOR('',#8378,1.0);
#8376=DIRECTION('',(1,0,0));
#8377=DIRECTION('',(-0.9991907389083172,-0.04022272094042182,0));
#8378=DIRECTION('',(0,1,0));
#8379=FACE_SURFACE('',(#8384),#8380,.T.);
#8380=PLANE('',#8381);
#8381=AXIS2_PLACEMENT_3D('',#420,#8382,#8383);
#8382=DIRECTION('',(0,0,-1));
#8383=DIRECTION('',(0.9991907389083172,0.04022272094042182,0));
#8384=FACE_BOUND('',#8385,.T.);
#8385=EDGE_LOOP('',(#8386,#8387,#8388));
#8386=ORIENTED_EDGE('',*,*,#8389,.T.);
#8387=ORIENTED_EDGE('',*,*,#8390,.T.);
#8388=ORIENTED_EDGE('',*,*,#8391,.T.);
#8389=EDGE_CURVE('',#421,#463,#8392,.F.);
#8390=EDGE_CURVE('',#463,#471,#8393,.T.);
#8391=EDGE_CURVE('',#471,#421,#8394,.T.);
#8392=LINE('',#420,#8395);
#8393=LINE('',#462,#8396);
#8394=LINE('',#470,#8397);
#8395=VECTOR('',#8398,1.0);
#8396=VECTOR('',#8399,1.0);
#8397=VECTOR('',#8400,1.0);
#8398=DIRECTION('',(0.9991907389083172,0.04022272094042182,0));
#8399=DIRECTION('',(0,-1,0));
#8400=DIRECTION('',(-1,0,0));
#8401=FACE_SURFACE('',(#8406),#8402,.T.);
#8402=PLANE('',#8403);
#8403=AXIS2_PLACEMENT_3D('',#420,#8404,#8405);
#8404=DIRECTION('',(0,-0,-1));
#8405=DIRECTION('',(1,0,0));
#8406=FACE_BOUND('',#8407,.T.);
#8407=EDGE_LOOP('',(#8408,#8409,#8410));
#8408=ORIENTED_EDGE('',*,*,#8411,.T.);
#8409=ORIENTED_EDGE('',*,*,#8412,.T.);
#8410=ORIENTED_EDGE('',*,*,#8413,.T.);
#8411=EDGE_CURVE('',#421,#471,#8414,.F.);
#8412=EDGE_CURVE('',#471,#503,#8415,.T.);
#8413=EDGE_CURVE('',#503,#421,#8416,.T.);
#8414=LINE('',#420,#8417);
#8415=LINE('',#470,#8418);
#8416=LINE('',#502,#8419);
#8417=VECTOR('',#8420,1.0);
#8418=VECTOR('',#8421,1.0);
#8419=VECTOR('',#8422,1.0);
#8420=DIRECTION('',(1,0,0));
#8421=DIRECTION('',(-0.9974347271276813,-0.07158187703412053,0));
#8422=DIRECTION('',(0.9860351621107727,0.16653726033888683,0));
#8423=FACE_SURFACE('',(#8428),#8424,.T.);
#8424=PLANE('',#8425);
#8425=AXIS2_PLACEMENT_3D('',#502,#8426,#8427);
#8426=DIRECTION('',(0,0,-1));
#8427=DIRECTION('',(0.9974347271276813,0.07158187703412053,0));
#8428=FACE_BOUND('',#8429,.T.);
#8429=EDGE_LOOP('',(#8430,#8431,#8432));
#8430=ORIENTED_EDGE('',*,*,#8433,.T.);
#8431=ORIENTED_EDGE('',*,*,#8434,.T.);
#8432=ORIENTED_EDGE('',*,*,#8435,.T.);
#8433=EDGE_CURVE('',#503,#471,#8436,.F.);
#8434=EDGE_CURVE('',#471,#497,#8437,.T.);
#8435=EDGE_CURVE('',#497,#503,#8438,.T.);
#8436=LINE('',#502,#8439);
#8437=LINE('',#470,#8440);
#8438=LINE('',#496,#8441);
#8439=VECTOR('',#8442,1.0);
#8440=VECTOR('',#8443,1.0);
#8441=VECTOR('',#8444,1.0);
#8442=DIRECTION('',(0.9974347271276813,0.07158187703412053,0));
#8443=DIRECTION('',(0.9867833852198397,-0.16204490320301157,0));
#8444=DIRECTION('',(-1,0,0));
#8445=FACE_SURFACE('',(#8450),#8446,.T.);
#8446=PLANE('',#8447);
#8447=AXIS2_PLACEMENT_3D('',#496,#8448,#8449);
#8448=DIRECTION('',(0,0,-1));
#8449=DIRECTION('',(-0.9867833852198397,0.16204490320301157,0));
#8450=FACE_BOUND('',#8451,.T.);
#8451=EDGE_LOOP('',(#8452,#8453,#8454));
#8452=ORIENTED_EDGE('',*,*,#8455,.T.);
#8453=ORIENTED_EDGE('',*,*,#8456,.T.);
#8454=ORIENTED_EDGE('',*,*,#8457,.T.);
#8455=EDGE_CURVE('',#497,#471,#8458,.F.);
#8456=EDGE_CURVE('',#471,#473,#8459,.T.);
#8457=EDGE_CURVE('',#473,#497,#8460,.T.);
#8458=LINE('',#496,#8461);
#8459=LINE('',#470,#8462);
#8460=LINE('',#472,#8463);
#8461=VECTOR('',#8464,1.0);
#8462=VECTOR('',#8465,1.0);
#8463=VECTOR('',#8466,1.0);
#8464=DIRECTION('',(-0.9867833852198397,0.16204490320301157,0));
#8465=DIRECTION('',(1,0,0));
#8466=DIRECTION('',(0.9790870559474334,-0.2034417284535976,0));
#8467=FACE_SURFACE('',(#8472),#8468,.T.);
#8468=PLANE('',#8469);
#8469=AXIS2_PLACEMENT_3D('',#496,#8470,#8471);
#8470=DIRECTION('',(0,0,-1));
#8471=DIRECTION('',(-0.9790870559474334,0.2034417284535976,0));
#8472=FACE_BOUND('',#8473,.T.);
#8473=EDGE_LOOP('',(#8474,#8475,#8476));
#8474=ORIENTED_EDGE('',*,*,#8477,.T.);
#8475=ORIENTED_EDGE('',*,*,#8478,.T.);
#8476=ORIENTED_EDGE('',*,*,#8479,.T.);
#8477=EDGE_CURVE('',#497,#473,#8480,.F.);
#8478=EDGE_CURVE('',#473,#495,#8481,.T.);
#8479=EDGE_CURVE('',#495,#497,#8482,.T.);
#8480=LINE('',#496,#8483);
#8481=LINE('',#472,#8484);
#8482=LINE('',#494,#8485);
#8483=VECTOR('',#8486,1.0);
#8484=VECTOR('',#8487,1.0);
#8485=VECTOR('',#8488,1.0);
#8486=DIRECTION('',(-0.9790870559474334,0.2034417284535976,0));
#8487=DIRECTION('',(0.995625952453343,0.09342891844270527,0));
#8488=DIRECTION('',(0,-1,0));
#8489=FACE_SURFACE('',(#8494),#8490,.T.);
#8490=PLANE('',#8491);
#8491=AXIS2_PLACEMENT_3D('',#494,#8492,#8493);
#8492=DIRECTION('',(0,0,-1));
#8493=DIRECTION('',(-0.995625952453343,-0.09342891844270527,0));
#8494=FACE_BOUND('',#8495,.T.);
#8495=EDGE_LOOP('',(#8496,#8497,#8498));
#8496=ORIENTED_EDGE('',*,*,#8499,.T.);
#8497=ORIENTED_EDGE('',*,*,#8500,.T.);
#8498=ORIENTED_EDGE('',*,*,#8501,.T.);
#8499=EDGE_CURVE('',#495,#473,#8502,.F.);
#8500=EDGE_CURVE('',#473,#465,#8503,.T.);
#8501=EDGE_CURVE('',#465,#495,#8504,.T.);
#8502=LINE('',#494,#8505);
#8503=LINE('',#472,#8506);
#8504=LINE('',#464,#8507);
#8505=VECTOR('',#8508,1.0);
#8506=VECTOR('',#8509,1.0);
#8507=VECTOR('',#8510,1.0);
#8508=DIRECTION('',(-0.995625952453343,-0.09342891844270527,0));
#8509=DIRECTION('',(0,1,0));
#8510=DIRECTION('',(0.9996407719639895,0.026801623593341966,0));
#8511=FACE_SURFACE('',(#8516),#8512,.T.);
#8512=PLANE('',#8513);
#8513=AXIS2_PLACEMENT_3D('',#494,#8514,#8515);
#8514=DIRECTION('',(0,0,-1));
#8515=DIRECTION('',(-0.9996407719639895,-0.026801623593341966,0));
#8516=FACE_BOUND('',#8517,.T.);
#8517=EDGE_LOOP('',(#8518,#8519,#8520));
#8518=ORIENTED_EDGE('',*,*,#8521,.T.);
#8519=ORIENTED_EDGE('',*,*,#8522,.T.);
#8520=ORIENTED_EDGE('',*,*,#8523,.T.);
#8521=EDGE_CURVE('',#495,#465,#8524,.F.);
#8522=EDGE_CURVE('',#465,#463,#8525,.T.);
#8523=EDGE_CURVE('',#463,#495,#8526,.T.);
#8524=LINE('',#494,#8527);
#8525=LINE('',#464,#8528);
#8526=LINE('',#462,#8529);
#8527=VECTOR('',#8530,1.0);
#8528=VECTOR('',#8531,1.0);
#8529=VECTOR('',#8532,1.0);
#8530=DIRECTION('',(-0.9996407719639895,-0.026801623593341966,0));
#8531=DIRECTION('',(-1,0,0));
#8532=DIRECTION('',(0.9997755871524501,0.021184318114438223,0));
#8533=FACE_SURFACE('',(#8538),#8534,.T.);
#8534=PLANE('',#8535);
#8535=AXIS2_PLACEMENT_3D('',#410,#8536,#8537);
#8536=DIRECTION('',(-0,-0,-1));
#8537=DIRECTION('',(0,-1,0));
#8538=FACE_BOUND('',#8539,.T.);
#8539=EDGE_LOOP('',(#8540,#8541,#8542));
#8540=ORIENTED_EDGE('',*,*,#8543,.T.);
#8541=ORIENTED_EDGE('',*,*,#8544,.T.);
#8542=ORIENTED_EDGE('',*,*,#8545,.T.);
#8543=EDGE_CURVE('',#411,#419,#8546,.F.);
#8544=EDGE_CURVE('',#419,#505,#8547,.T.);
#8545=EDGE_CURVE('',#505,#411,#8548,.T.);
#8546=LINE('',#410,#8549);
#8547=LINE('',#418,#8550);
#8548=LINE('',#504,#8551);
#8549=VECTOR('',#8552,1.0);
#8550=VECTOR('',#8553,1.0);
#8551=VECTOR('',#8554,1.0);
#8552=DIRECTION('',(0,-1,0));
#8553=DIRECTION('',(-0.9909829945059264,0.13398770316736927,0));
#8554=DIRECTION('',(0.999254674813517,-0.038601746894826094,0));
#8555=FACE_SURFACE('',(#8560),#8556,.T.);
#8556=PLANE('',#8557);
#8557=AXIS2_PLACEMENT_3D('',#504,#8558,#8559);
#8558=DIRECTION('',(0,0,-1));
#8559=DIRECTION('',(0.9909829945059264,-0.13398770316736927,0));
#8560=FACE_BOUND('',#8561,.T.);
#8561=EDGE_LOOP('',(#8562,#8563,#8564));
#8562=ORIENTED_EDGE('',*,*,#8565,.T.);
#8563=ORIENTED_EDGE('',*,*,#8566,.T.);
#8564=ORIENTED_EDGE('',*,*,#8567,.T.);
#8565=EDGE_CURVE('',#505,#419,#8568,.F.);
#8566=EDGE_CURVE('',#419,#503,#8569,.T.);
#8567=EDGE_CURVE('',#503,#505,#8570,.T.);
#8568=LINE('',#504,#8571);
#8569=LINE('',#418,#8572);
#8570=LINE('',#502,#8573);
#8571=VECTOR('',#8574,1.0);
#8572=VECTOR('',#8575,1.0);
#8573=VECTOR('',#8576,1.0);
#8574=DIRECTION('',(0.9909829945059264,-0.13398770316736927,0));
#8575=DIRECTION('',(-0.9579878669169786,-0.2868087286674824,0));
#8576=DIRECTION('',(0,1,0));
#8577=FACE_SURFACE('',(#8582),#8578,.T.);
#8578=PLANE('',#8579);
#8579=AXIS2_PLACEMENT_3D('',#502,#8580,#8581);
#8580=DIRECTION('',(0,0,-1));
#8581=DIRECTION('',(0.9579878669169786,0.2868087286674824,0));
#8582=FACE_BOUND('',#8583,.T.);
#8583=EDGE_LOOP('',(#8584,#8585,#8586));
#8584=ORIENTED_EDGE('',*,*,#8587,.T.);
#8585=ORIENTED_EDGE('',*,*,#8588,.T.);
#8586=ORIENTED_EDGE('',*,*,#8589,.T.);
#8587=EDGE_CURVE('',#503,#419,#8590,.F.);
#8588=EDGE_CURVE('',#419,#421,#8591,.T.);
#8589=EDGE_CURVE('',#421,#503,#8592,.T.);
#8590=LINE('',#502,#8593);
#8591=LINE('',#418,#8594);
#8592=LINE('',#420,#8595);
#8593=VECTOR('',#8596,1.0);
#8594=VECTOR('',#8597,1.0);
#8595=VECTOR('',#8598,1.0);
#8596=DIRECTION('',(0.9579878669169786,0.2868087286674824,0));
#8597=DIRECTION('',(1,0,0));
#8598=DIRECTION('',(-0.9860351621107727,-0.16653726033888683,0));
#8599=FACE_SURFACE('',(#8604),#8600,.T.);
#8600=PLANE('',#8601);
#8601=AXIS2_PLACEMENT_3D('',#504,#8602,#8603);
#8602=DIRECTION('',(0,0,-1));
#8603=DIRECTION('',(1,0,0));
#8604=FACE_BOUND('',#8605,.T.);
#8605=EDGE_LOOP('',(#8606,#8607,#8608));
#8606=ORIENTED_EDGE('',*,*,#8609,.T.);
#8607=ORIENTED_EDGE('',*,*,#8610,.T.);
#8608=ORIENTED_EDGE('',*,*,#8611,.T.);
#8609=EDGE_CURVE('',#505,#495,#8612,.F.);
#8610=EDGE_CURVE('',#495,#463,#8613,.T.);
#8611=EDGE_CURVE('',#463,#505,#8614,.T.);
#8612=LINE('',#504,#8615);
#8613=LINE('',#494,#8616);
#8614=LINE('',#462,#8617);
#8615=VECTOR('',#8618,1.0);
#8616=VECTOR('',#8619,1.0);
#8617=VECTOR('',#8620,1.0);
#8618=DIRECTION('',(1,0,0));
#8619=DIRECTION('',(-0.9997755871524501,-0.021184318114438223,0));
#8620=DIRECTION('',(-0.9999571277675333,0.00925973147046153,0));
#8621=FACE_SURFACE('',(#8626),#8622,.T.);
#8622=PLANE('',#8623);
#8623=AXIS2_PLACEMENT_3D('',#506,#8624,#8625);
#8624=DIRECTION('',(1,0,-0));
#8625=DIRECTION('',(0,0,1));
#8626=FACE_BOUND('',#8627,.T.);
#8627=EDGE_LOOP('',(#8628,#8629,#8630));
#8628=ORIENTED_EDGE('',*,*,#8631,.T.);
#8629=ORIENTED_EDGE('',*,*,#8632,.T.);
#8630=ORIENTED_EDGE('',*,*,#8633,.T.);
#8631=EDGE_CURVE('',#507,#509,#8634,.F.);
#8632=EDGE_CURVE('',#509,#511,#8635,.T.);
#8633=EDGE_CURVE('',#511,#507,#8636,.T.);
#8634=LINE('',#506,#8637);
#8635=LINE('',#508,#8638);
#8636=LINE('',#510,#8639);
#8637=VECTOR('',#8640,1.0);
#8638=VECTOR('',#8641,1.0);
#8639=VECTOR('',#8642,1.0);
#8640=DIRECTION('',(0,0,1));
#8641=DIRECTION('',(0,-0.017004343473457167,-0.9998554156992083));
#8642=DIRECTION('',(0,1,0));
#8643=FACE_SURFACE('',(#8648),#8644,.T.);
#8644=PLANE('',#8645);
#8645=AXIS2_PLACEMENT_3D('',#510,#8646,#8647);
#8646=DIRECTION('',(1,0,0));
#8647=DIRECTION('',(0,0.017004343473457167,0.9998554156992083));
#8648=FACE_BOUND('',#8649,.T.);
#8649=EDGE_LOOP('',(#8650,#8651,#8652));
#8650=ORIENTED_EDGE('',*,*,#8653,.T.);
#8651=ORIENTED_EDGE('',*,*,#8654,.T.);
#8652=ORIENTED_EDGE('',*,*,#8655,.T.);
#8653=EDGE_CURVE('',#511,#509,#8656,.F.);
#8654=EDGE_CURVE('',#509,#513,#8657,.T.);
#8655=EDGE_CURVE('',#513,#511,#8658,.T.);
#8656=LINE('',#510,#8659);
#8657=LINE('',#508,#8660);
#8658=LINE('',#512,#8661);
#8659=VECTOR('',#8662,1.0);
#8660=VECTOR('',#8663,1.0);
#8661=VECTOR('',#8664,1.0);
#8662=DIRECTION('',(0,0.017004343473457167,0.9998554156992083));
#8663=DIRECTION('',(0,-1,0));
#8664=DIRECTION('',(0,0,-1));
#8665=FACE_SURFACE('',(#8670),#8666,.T.);
#8666=PLANE('',#8667);
#8667=AXIS2_PLACEMENT_3D('',#514,#8668,#8669);
#8668=DIRECTION('',(0,0,1));
#8669=DIRECTION('',(-1,0,0));
#8670=FACE_BOUND('',#8671,.T.);
#8671=EDGE_LOOP('',(#8672,#8673,#8674));
#8672=ORIENTED_EDGE('',*,*,#8675,.T.);
#8673=ORIENTED_EDGE('',*,*,#8676,.T.);
#8674=ORIENTED_EDGE('',*,*,#8677,.T.);
#8675=EDGE_CURVE('',#515,#507,#8678,.F.);
#8676=EDGE_CURVE('',#507,#517,#8679,.T.);
#8677=EDGE_CURVE('',#517,#515,#8680,.T.);
#8678=LINE('',#514,#8681);
#8679=LINE('',#506,#8682);
#8680=LINE('',#516,#8683);
#8681=VECTOR('',#8684,1.0);
#8682=VECTOR('',#8685,1.0);
#8683=VECTOR('',#8686,1.0);
#8684=DIRECTION('',(-1,0,0));
#8685=DIRECTION('',(0.9999617305149497,-0.008748571628955207,0));
#8686=DIRECTION('',(0,1,0));
#8687=FACE_SURFACE('',(#8692),#8688,.T.);
#8688=PLANE('',#8689);
#8689=AXIS2_PLACEMENT_3D('',#516,#8690,#8691);
#8690=DIRECTION('',(0,0,1));
#8691=DIRECTION('',(-0.9999617305149497,0.008748571628955207,0));
#8692=FACE_BOUND('',#8693,.T.);
#8693=EDGE_LOOP('',(#8694,#8695,#8696));
#8694=ORIENTED_EDGE('',*,*,#8697,.T.);
#8695=ORIENTED_EDGE('',*,*,#8698,.T.);
#8696=ORIENTED_EDGE('',*,*,#8699,.T.);
#8697=EDGE_CURVE('',#517,#507,#8700,.F.);
#8698=EDGE_CURVE('',#507,#511,#8701,.T.);
#8699=EDGE_CURVE('',#511,#517,#8702,.T.);
#8700=LINE('',#516,#8703);
#8701=LINE('',#506,#8704);
#8702=LINE('',#510,#8705);
#8703=VECTOR('',#8706,1.0);
#8704=VECTOR('',#8707,1.0);
#8705=VECTOR('',#8708,1.0);
#8706=DIRECTION('',(-0.9999617305149497,0.008748571628955207,0));
#8707=DIRECTION('',(0,-1,0));
#8708=DIRECTION('',(1,0,0));
#8709=FACE_SURFACE('',(#8714),#8710,.T.);
#8710=PLANE('',#8711);
#8711=AXIS2_PLACEMENT_3D('',#518,#8712,#8713);
#8712=DIRECTION('',(-1,-0,-0));
#8713=DIRECTION('',(0,0,-1));
#8714=FACE_BOUND('',#8715,.T.);
#8715=EDGE_LOOP('',(#8716,#8717,#8718));
#8716=ORIENTED_EDGE('',*,*,#8719,.T.);
#8717=ORIENTED_EDGE('',*,*,#8720,.T.);
#8718=ORIENTED_EDGE('',*,*,#8721,.T.);
#8719=EDGE_CURVE('',#519,#515,#8722,.F.);
#8720=EDGE_CURVE('',#515,#521,#8723,.T.);
#8721=EDGE_CURVE('',#521,#519,#8724,.T.);
#8722=LINE('',#518,#8725);
#8723=LINE('',#514,#8726);
#8724=LINE('',#520,#8727);
#8725=VECTOR('',#8728,1.0);
#8726=VECTOR('',#8729,1.0);
#8727=VECTOR('',#8730,1.0);
#8728=DIRECTION('',(0,0,-1));
#8729=DIRECTION('',(0,-0.017004343473457167,0.9998554156992083));
#8730=DIRECTION('',(0,1,0));
#8731=FACE_SURFACE('',(#8736),#8732,.T.);
#8732=PLANE('',#8733);
#8733=AXIS2_PLACEMENT_3D('',#520,#8734,#8735);
#8734=DIRECTION('',(-1,0,0));
#8735=DIRECTION('',(0,0.017004343473457167,-0.9998554156992083));
#8736=FACE_BOUND('',#8737,.T.);
#8737=EDGE_LOOP('',(#8738,#8739,#8740));
#8738=ORIENTED_EDGE('',*,*,#8741,.T.);
#8739=ORIENTED_EDGE('',*,*,#8742,.T.);
#8740=ORIENTED_EDGE('',*,*,#8743,.T.);
#8741=EDGE_CURVE('',#521,#515,#8744,.F.);
#8742=EDGE_CURVE('',#515,#517,#8745,.T.);
#8743=EDGE_CURVE('',#517,#521,#8746,.T.);
#8744=LINE('',#520,#8747);
#8745=LINE('',#514,#8748);
#8746=LINE('',#516,#8749);
#8747=VECTOR('',#8750,1.0);
#8748=VECTOR('',#8751,1.0);
#8749=VECTOR('',#8752,1.0);
#8750=DIRECTION('',(0,0.017004343473457167,-0.9998554156992083));
#8751=DIRECTION('',(0,-1,0));
#8752=DIRECTION('',(0,0,1));
#8753=FACE_SURFACE('',(#8758),#8754,.T.);
#8754=PLANE('',#8755);
#8755=AXIS2_PLACEMENT_3D('',#508,#8756,#8757);
#8756=DIRECTION('',(0,0,-1));
#8757=DIRECTION('',(1,0,0));
#8758=FACE_BOUND('',#8759,.T.);
#8759=EDGE_LOOP('',(#8760,#8761,#8762));
#8760=ORIENTED_EDGE('',*,*,#8763,.T.);
#8761=ORIENTED_EDGE('',*,*,#8764,.T.);
#8762=ORIENTED_EDGE('',*,*,#8765,.T.);
#8763=EDGE_CURVE('',#509,#519,#8766,.F.);
#8764=EDGE_CURVE('',#519,#513,#8767,.T.);
#8765=EDGE_CURVE('',#513,#509,#8768,.T.);
#8766=LINE('',#508,#8769);
#8767=LINE('',#518,#8770);
#8768=LINE('',#512,#8771);
#8769=VECTOR('',#8772,1.0);
#8770=VECTOR('',#8773,1.0);
#8771=VECTOR('',#8774,1.0);
#8772=DIRECTION('',(1,0,0));
#8773=DIRECTION('',(-0.9999617305149497,-0.008748571628955207,0));
#8774=DIRECTION('',(0,1,0));
#8775=FACE_SURFACE('',(#8780),#8776,.T.);
#8776=PLANE('',#8777);
#8777=AXIS2_PLACEMENT_3D('',#512,#8778,#8779);
#8778=DIRECTION('',(0,0,-1));
#8779=DIRECTION('',(0.9999617305149497,0.008748571628955207,0));
#8780=FACE_BOUND('',#8781,.T.);
#8781=EDGE_LOOP('',(#8782,#8783,#8784));
#8782=ORIENTED_EDGE('',*,*,#8785,.T.);
#8783=ORIENTED_EDGE('',*,*,#8786,.T.);
#8784=ORIENTED_EDGE('',*,*,#8787,.T.);
#8785=EDGE_CURVE('',#513,#519,#8788,.F.);
#8786=EDGE_CURVE('',#519,#521,#8789,.T.);
#8787=EDGE_CURVE('',#521,#513,#8790,.T.);
#8788=LINE('',#512,#8791);
#8789=LINE('',#518,#8792);
#8790=LINE('',#520,#8793);
#8791=VECTOR('',#8794,1.0);
#8792=VECTOR('',#8795,1.0);
#8793=VECTOR('',#8796,1.0);
#8794=DIRECTION('',(0.9999617305149497,0.008748571628955207,0));
#8795=DIRECTION('',(0,-1,0));
#8796=DIRECTION('',(-1,0,0));
#8797=FACE_SURFACE('',(#8802),#8798,.T.);
#8798=PLANE('',#8799);
#8799=AXIS2_PLACEMENT_3D('',#522,#8800,#8801);
#8800=DIRECTION('',(-0.271874525928494,0,0.9623327086570198));
#8801=DIRECTION('',(0,1,0));
#8802=FACE_BOUND('',#8803,.T.);
#8803=EDGE_LOOP('',(#8804,#8805,#8806));
#8804=ORIENTED_EDGE('',*,*,#8807,.T.);
#8805=ORIENTED_EDGE('',*,*,#8808,.T.);
#8806=ORIENTED_EDGE('',*,*,#8809,.T.);
#8807=EDGE_CURVE('',#523,#525,#8810,.F.);
#8808=EDGE_CURVE('',#525,#527,#8811,.T.);
#8809=EDGE_CURVE('',#527,#523,#8812,.T.);
#8810=LINE('',#522,#8813);
#8811=LINE('',#524,#8814);
#8812=LINE('',#526,#8815);
#8813=VECTOR('',#8816,1.0);
#8814=VECTOR('',#8817,1.0);
#8815=VECTOR('',#8818,1.0);
#8816=DIRECTION('',(0,1,0));
#8817=DIRECTION('',(-0.7374382929926088,-0.6424795319146078,-0.20833822284672987));
#8818=DIRECTION('',(0.9623327086570198,0,0.271874525928494));
#8819=FACE_SURFACE('',(#8824),#8820,.T.);
#8820=PLANE('',#8821);
#8821=AXIS2_PLACEMENT_3D('',#526,#8822,#8823);
#8822=DIRECTION('',(-0.271874525928494,0,0.9623327086570198));
#8823=DIRECTION('',(0.7374382929926088,0.6424795319146078,0.20833822284672987));
#8824=FACE_BOUND('',#8825,.T.);
#8825=EDGE_LOOP('',(#8826,#8827,#8828));
#8826=ORIENTED_EDGE('',*,*,#8829,.T.);
#8827=ORIENTED_EDGE('',*,*,#8830,.T.);
#8828=ORIENTED_EDGE('',*,*,#8831,.T.);
#8829=EDGE_CURVE('',#527,#525,#8832,.F.);
#8830=EDGE_CURVE('',#525,#529,#8833,.T.);
#8831=EDGE_CURVE('',#529,#527,#8834,.T.);
#8832=LINE('',#526,#8835);
#8833=LINE('',#524,#8836);
#8834=LINE('',#528,#8837);
#8835=VECTOR('',#8838,1.0);
#8836=VECTOR('',#8839,1.0);
#8837=VECTOR('',#8840,1.0);
#8838=DIRECTION('',(0.7374382929926088,0.6424795319146078,0.20833822284672987));
#8839=DIRECTION('',(-0.9623327086570198,0,-0.271874525928494));
#8840=DIRECTION('',(0,-1,0));
#8841=FACE_SURFACE('',(#8846),#8842,.T.);
#8842=PLANE('',#8843);
#8843=AXIS2_PLACEMENT_3D('',#526,#8844,#8845);
#8844=DIRECTION('',(-0.45683238796559933,0,0.8895527917474308));
#8845=DIRECTION('',(0,1,0));
#8846=FACE_BOUND('',#8847,.T.);
#8847=EDGE_LOOP('',(#8848,#8849,#8850));
#8848=ORIENTED_EDGE('',*,*,#8851,.T.);
#8849=ORIENTED_EDGE('',*,*,#8852,.T.);
#8850=ORIENTED_EDGE('',*,*,#8853,.T.);
#8851=EDGE_CURVE('',#527,#529,#8854,.F.);
#8852=EDGE_CURVE('',#529,#531,#8855,.T.);
#8853=EDGE_CURVE('',#531,#527,#8856,.T.);
#8854=LINE('',#526,#8857);
#8855=LINE('',#528,#8858);
#8856=LINE('',#530,#8859);
#8857=VECTOR('',#8860,1.0);
#8858=VECTOR('',#8861,1.0);
#8859=VECTOR('',#8862,1.0);
#8860=DIRECTION('',(0,1,0));
#8861=DIRECTION('',(-0.6816666603218643,-0.6424797668863989,-0.35007186883157987));
#8862=DIRECTION('',(0.8895527917474308,0,0.45683238796559933));
#8863=FACE_SURFACE('',(#8868),#8864,.T.);
#8864=PLANE('',#8865);
#8865=AXIS2_PLACEMENT_3D('',#530,#8866,#8867);
#8866=DIRECTION('',(-0.45683238796559933,0,0.8895527917474308));
#8867=DIRECTION('',(0.6816666603218643,0.6424797668863989,0.35007186883157987));
#8868=FACE_BOUND('',#8869,.T.);
#8869=EDGE_LOOP('',(#8870,#8871,#8872));
#8870=ORIENTED_EDGE('',*,*,#8873,.T.);
#8871=ORIENTED_EDGE('',*,*,#8874,.T.);
#8872=ORIENTED_EDGE('',*,*,#8875,.T.);
#8873=EDGE_CURVE('',#531,#529,#8876,.F.);
#8874=EDGE_CURVE('',#529,#533,#8877,.T.);
#8875=EDGE_CURVE('',#533,#531,#8878,.T.);
#8876=LINE('',#530,#8879);
#8877=LINE('',#528,#8880);
#8878=LINE('',#532,#8881);
#8879=VECTOR('',#8882,1.0);
#8880=VECTOR('',#8883,1.0);
#8881=VECTOR('',#8884,1.0);
#8882=DIRECTION('',(0.6816666603218643,0.6424797668863989,0.35007186883157987));
#8883=DIRECTION('',(-0.8895527917474308,0,-0.45683238796559933));
#8884=DIRECTION('',(0,-1,0));
#8885=FACE_SURFACE('',(#8890),#8886,.T.);
#8886=PLANE('',#8887);
#8887=AXIS2_PLACEMENT_3D('',#530,#8888,#8889);
#8888=DIRECTION('',(-0.6237444572238633,0,0.7816283337255042));
#8889=DIRECTION('',(0,1,0));
#8890=FACE_BOUND('',#8891,.T.);
#8891=EDGE_LOOP('',(#8892,#8893,#8894));
#8892=ORIENTED_EDGE('',*,*,#8895,.T.);
#8893=ORIENTED_EDGE('',*,*,#8896,.T.);
#8894=ORIENTED_EDGE('',*,*,#8897,.T.);
#8895=EDGE_CURVE('',#531,#533,#8898,.F.);
#8896=EDGE_CURVE('',#533,#535,#8899,.T.);
#8897=EDGE_CURVE('',#535,#531,#8900,.T.);
#8898=LINE('',#530,#8901);
#8899=LINE('',#532,#8902);
#8900=LINE('',#534,#8903);
#8901=VECTOR('',#8904,1.0);
#8902=VECTOR('',#8905,1.0);
#8903=VECTOR('',#8906,1.0);
#8904=DIRECTION('',(0,1,0));
#8905=DIRECTION('',(-0.5989641851468908,-0.6424792742355283,-0.47797728721050137));
#8906=DIRECTION('',(0.7816283337255042,0,0.6237444572238633));
#8907=FACE_SURFACE('',(#8912),#8908,.T.);
#8908=PLANE('',#8909);
#8909=AXIS2_PLACEMENT_3D('',#534,#8910,#8911);
#8910=DIRECTION('',(-0.6237444572238633,0,0.7816283337255042));
#8911=DIRECTION('',(0.5989641851468908,0.6424792742355283,0.47797728721050137));
#8912=FACE_BOUND('',#8913,.T.);
#8913=EDGE_LOOP('',(#8914,#8915,#8916));
#8914=ORIENTED_EDGE('',*,*,#8917,.T.);
#8915=ORIENTED_EDGE('',*,*,#8918,.T.);
#8916=ORIENTED_EDGE('',*,*,#8919,.T.);
#8917=EDGE_CURVE('',#535,#533,#8920,.F.);
#8918=EDGE_CURVE('',#533,#537,#8921,.T.);
#8919=EDGE_CURVE('',#537,#535,#8922,.T.);
#8920=LINE('',#534,#8923);
#8921=LINE('',#532,#8924);
#8922=LINE('',#536,#8925);
#8923=VECTOR('',#8926,1.0);
#8924=VECTOR('',#8927,1.0);
#8925=VECTOR('',#8928,1.0);
#8926=DIRECTION('',(0.5989641851468908,0.6424792742355283,0.47797728721050137));
#8927=DIRECTION('',(-0.7816283337255042,0,-0.6237444572238633));
#8928=DIRECTION('',(0,-1,0));
#8929=FACE_SURFACE('',(#8934),#8930,.T.);
#8930=PLANE('',#8931);
#8931=AXIS2_PLACEMENT_3D('',#534,#8932,#8933);
#8932=DIRECTION('',(-0.7660104193605263,0,0.6428281554436696));
#8933=DIRECTION('',(0,1,0));
#8934=FACE_BOUND('',#8935,.T.);
#8935=EDGE_LOOP('',(#8936,#8937,#8938));
#8936=ORIENTED_EDGE('',*,*,#8939,.T.);
#8937=ORIENTED_EDGE('',*,*,#8940,.T.);
#8938=ORIENTED_EDGE('',*,*,#8941,.T.);
#8939=EDGE_CURVE('',#535,#537,#8942,.F.);
#8940=EDGE_CURVE('',#537,#539,#8943,.T.);
#8941=EDGE_CURVE('',#539,#535,#8944,.T.);
#8942=LINE('',#534,#8945);
#8943=LINE('',#536,#8946);
#8944=LINE('',#538,#8947);
#8945=VECTOR('',#8948,1.0);
#8946=VECTOR('',#8949,1.0);
#8947=VECTOR('',#8950,1.0);
#8948=DIRECTION('',(0,1,0));
#8949=DIRECTION('',(-0.49260135228629987,-0.6424789612158743,-0.5869963305853622));
#8950=DIRECTION('',(0.6428281554436696,0,0.7660104193605263));
#8951=FACE_SURFACE('',(#8956),#8952,.T.);
#8952=PLANE('',#8953);
#8953=AXIS2_PLACEMENT_3D('',#538,#8954,#8955);
#8954=DIRECTION('',(-0.7660104193605263,0,0.6428281554436696));
#8955=DIRECTION('',(0.49260135228629987,0.6424789612158743,0.5869963305853622));
#8956=FACE_BOUND('',#8957,.T.);
#8957=EDGE_LOOP('',(#8958,#8959,#8960));
#8958=ORIENTED_EDGE('',*,*,#8961,.T.);
#8959=ORIENTED_EDGE('',*,*,#8962,.T.);
#8960=ORIENTED_EDGE('',*,*,#8963,.T.);
#8961=EDGE_CURVE('',#539,#537,#8964,.F.);
#8962=EDGE_CURVE('',#537,#541,#8965,.T.);
#8963=EDGE_CURVE('',#541,#539,#8966,.T.);
#8964=LINE('',#538,#8967);
#8965=LINE('',#536,#8968);
#8966=LINE('',#540,#8969);
#8967=VECTOR('',#8970,1.0);
#8968=VECTOR('',#8971,1.0);
#8969=VECTOR('',#8972,1.0);
#8970=DIRECTION('',(0.49260135228629987,0.6424789612158743,0.5869963305853622));
#8971=DIRECTION('',(-0.6428281554436696,0,-0.7660104193605263));
#8972=DIRECTION('',(0,-1,0));
#8973=FACE_SURFACE('',(#8978),#8974,.T.);
#8974=PLANE('',#8975);
#8975=AXIS2_PLACEMENT_3D('',#538,#8976,#8977);
#8976=DIRECTION('',(-0.878013008022678,0,0.47863677015349415));
#8977=DIRECTION('',(0,1,0));
#8978=FACE_BOUND('',#8979,.T.);
#8979=EDGE_LOOP('',(#8980,#8981,#8982));
#8980=ORIENTED_EDGE('',*,*,#8983,.T.);
#8981=ORIENTED_EDGE('',*,*,#8984,.T.);
#8982=ORIENTED_EDGE('',*,*,#8985,.T.);
#8983=EDGE_CURVE('',#539,#541,#8986,.F.);
#8984=EDGE_CURVE('',#541,#543,#8987,.T.);
#8985=EDGE_CURVE('',#543,#539,#8988,.T.);
#8986=LINE('',#538,#8989);
#8987=LINE('',#540,#8990);
#8988=LINE('',#542,#8991);
#8989=VECTOR('',#8992,1.0);
#8990=VECTOR('',#8993,1.0);
#8991=VECTOR('',#8994,1.0);
#8992=DIRECTION('',(0,1,0));
#8993=DIRECTION('',(-0.3667801278305823,-0.6424810049248606,-0.6728227821197221));
#8994=DIRECTION('',(0.47863677015349415,0,0.878013008022678));
#8995=FACE_SURFACE('',(#9000),#8996,.T.);
#8996=PLANE('',#8997);
#8997=AXIS2_PLACEMENT_3D('',#542,#8998,#8999);
#8998=DIRECTION('',(-0.878013008022678,0,0.47863677015349415));
#8999=DIRECTION('',(0.3667801278305823,0.6424810049248606,0.6728227821197221));
#9000=FACE_BOUND('',#9001,.T.);
#9001=EDGE_LOOP('',(#9002,#9003,#9004));
#9002=ORIENTED_EDGE('',*,*,#9005,.T.);
#9003=ORIENTED_EDGE('',*,*,#9006,.T.);
#9004=ORIENTED_EDGE('',*,*,#9007,.T.);
#9005=EDGE_CURVE('',#543,#541,#9008,.F.);
#9006=EDGE_CURVE('',#541,#545,#9009,.T.);
#9007=EDGE_CURVE('',#545,#543,#9010,.T.);
#9008=LINE('',#542,#9011);
#9009=LINE('',#540,#9012);
#9010=LINE('',#544,#9013);
#9011=VECTOR('',#9014,1.0);
#9012=VECTOR('',#9015,1.0);
#9013=VECTOR('',#9016,1.0);
#9014=DIRECTION('',(0.3667801278305823,0.6424810049248606,0.6728227821197221));
#9015=DIRECTION('',(-0.47863677015349415,0,-0.878013008022678));
#9016=DIRECTION('',(0,-1,0));
#9017=FACE_SURFACE('',(#9022),#9018,.T.);
#9018=PLANE('',#9019);
#9019=AXIS2_PLACEMENT_3D('',#542,#9020,#9021);
#9020=DIRECTION('',(-0.9553341021002294,0,0.29552792315506893));
#9021=DIRECTION('',(0,1,0));
#9022=FACE_BOUND('',#9023,.T.);
#9023=EDGE_LOOP('',(#9024,#9025,#9026));
#9024=ORIENTED_EDGE('',*,*,#9027,.T.);
#9025=ORIENTED_EDGE('',*,*,#9028,.T.);
#9026=ORIENTED_EDGE('',*,*,#9029,.T.);
#9027=EDGE_CURVE('',#543,#545,#9030,.F.);
#9028=EDGE_CURVE('',#545,#547,#9031,.T.);
#9029=EDGE_CURVE('',#547,#543,#9032,.T.);
#9030=LINE('',#542,#9033);
#9031=LINE('',#544,#9034);
#9032=LINE('',#546,#9035);
#9033=VECTOR('',#9036,1.0);
#9034=VECTOR('',#9037,1.0);
#9035=VECTOR('',#9038,1.0);
#9036=DIRECTION('',(0,1,0));
#9037=DIRECTION('',(-0.22646427286847684,-0.6424779804207051,-0.7320764835648554));
#9038=DIRECTION('',(0.29552792315506893,0,0.9553341021002294));
#9039=FACE_SURFACE('',(#9044),#9040,.T.);
#9040=PLANE('',#9041);
#9041=AXIS2_PLACEMENT_3D('',#546,#9042,#9043);
#9042=DIRECTION('',(-0.9553341021002294,0,0.29552792315506893));
#9043=DIRECTION('',(0.22646427286847684,0.6424779804207051,0.7320764835648554));
#9044=FACE_BOUND('',#9045,.T.);
#9045=EDGE_LOOP('',(#9046,#9047,#9048));
#9046=ORIENTED_EDGE('',*,*,#9049,.T.);
#9047=ORIENTED_EDGE('',*,*,#9050,.T.);
#9048=ORIENTED_EDGE('',*,*,#9051,.T.);
#9049=EDGE_CURVE('',#547,#545,#9052,.F.);
#9050=EDGE_CURVE('',#545,#549,#9053,.T.);
#9051=EDGE_CURVE('',#549,#547,#9054,.T.);
#9052=LINE('',#546,#9055);
#9053=LINE('',#544,#9056);
#9054=LINE('',#548,#9057);
#9055=VECTOR('',#9058,1.0);
#9056=VECTOR('',#9059,1.0);
#9057=VECTOR('',#9060,1.0);
#9058=DIRECTION('',(0.22646427286847684,0.6424779804207051,0.7320764835648554));
#9059=DIRECTION('',(-0.29552792315506893,0,-0.9553341021002294));
#9060=DIRECTION('',(0,-1,0));
#9061=FACE_SURFACE('',(#9066),#9062,.T.);
#9062=PLANE('',#9063);
#9063=AXIS2_PLACEMENT_3D('',#546,#9064,#9065);
#9064=DIRECTION('',(-0.9949111292121376,0,0.10075636441351567));
#9065=DIRECTION('',(0,1,0));
#9066=FACE_BOUND('',#9067,.T.);
#9067=EDGE_LOOP('',(#9068,#9069,#9070));
#9068=ORIENTED_EDGE('',*,*,#9071,.T.);
#9069=ORIENTED_EDGE('',*,*,#9072,.T.);
#9070=ORIENTED_EDGE('',*,*,#9073,.T.);
#9071=EDGE_CURVE('',#547,#549,#9074,.F.);
#9072=EDGE_CURVE('',#549,#551,#9075,.T.);
#9073=EDGE_CURVE('',#551,#547,#9076,.T.);
#9074=LINE('',#546,#9077);
#9075=LINE('',#548,#9078);
#9076=LINE('',#550,#9079);
#9077=VECTOR('',#9080,1.0);
#9078=VECTOR('',#9081,1.0);
#9079=VECTOR('',#9082,1.0);
#9080=DIRECTION('',(0,1,0));
#9081=DIRECTION('',(-0.0772097684785304,-0.6424809557196417,-0.7624020417004845));
#9082=DIRECTION('',(0.10075636441351567,0,0.9949111292121376));
#9083=FACE_SURFACE('',(#9088),#9084,.T.);
#9084=PLANE('',#9085);
#9085=AXIS2_PLACEMENT_3D('',#550,#9086,#9087);
#9086=DIRECTION('',(-0.9949111292121376,0,0.10075636441351567));
#9087=DIRECTION('',(0.0772097684785304,0.6424809557196417,0.7624020417004845));
#9088=FACE_BOUND('',#9089,.T.);
#9089=EDGE_LOOP('',(#9090,#9091,#9092));
#9090=ORIENTED_EDGE('',*,*,#9093,.T.);
#9091=ORIENTED_EDGE('',*,*,#9094,.T.);
#9092=ORIENTED_EDGE('',*,*,#9095,.T.);
#9093=EDGE_CURVE('',#551,#549,#9096,.F.);
#9094=EDGE_CURVE('',#549,#477,#9097,.T.);
#9095=EDGE_CURVE('',#477,#551,#9098,.T.);
#9096=LINE('',#550,#9099);
#9097=LINE('',#548,#9100);
#9098=LINE('',#476,#9101);
#9099=VECTOR('',#9102,1.0);
#9100=VECTOR('',#9103,1.0);
#9101=VECTOR('',#9104,1.0);
#9102=DIRECTION('',(0.0772097684785304,0.6424809557196417,0.7624020417004845));
#9103=DIRECTION('',(-0.10075636441351567,0,-0.9949111292121376));
#9104=DIRECTION('',(0,-1,0));
#9105=FACE_SURFACE('',(#9110),#9106,.T.);
#9106=PLANE('',#9107);
#9107=AXIS2_PLACEMENT_3D('',#550,#9108,#9109);
#9108=DIRECTION('',(-1,0,0));
#9109=DIRECTION('',(0,1,0));
#9110=FACE_BOUND('',#9111,.T.);
#9111=EDGE_LOOP('',(#9112,#9113,#9114));
#9112=ORIENTED_EDGE('',*,*,#9115,.T.);
#9113=ORIENTED_EDGE('',*,*,#9116,.T.);
#9114=ORIENTED_EDGE('',*,*,#9117,.T.);
#9115=EDGE_CURVE('',#551,#477,#9118,.F.);
#9116=EDGE_CURVE('',#477,#553,#9119,.T.);
#9117=EDGE_CURVE('',#553,#551,#9120,.T.);
#9118=LINE('',#550,#9121);
#9119=LINE('',#476,#9122);
#9120=LINE('',#552,#9123);
#9121=VECTOR('',#9124,1.0);
#9122=VECTOR('',#9125,1.0);
#9123=VECTOR('',#9126,1.0);
#9124=DIRECTION('',(0,1,0));
#9125=DIRECTION('',(0,-0.9999658031236183,-0.00826998085469057));
#9126=DIRECTION('',(0,0,1));
#9127=FACE_SURFACE('',(#9132),#9128,.T.);
#9128=PLANE('',#9129);
#9129=AXIS2_PLACEMENT_3D('',#552,#9130,#9131);
#9130=DIRECTION('',(-1,0,0));
#9131=DIRECTION('',(0,0.9999658031236183,0.00826998085469057));
#9132=FACE_BOUND('',#9133,.T.);
#9133=EDGE_LOOP('',(#9134,#9135,#9136));
#9134=ORIENTED_EDGE('',*,*,#9137,.T.);
#9135=ORIENTED_EDGE('',*,*,#9138,.T.);
#9136=ORIENTED_EDGE('',*,*,#9139,.T.);
#9137=EDGE_CURVE('',#553,#477,#9140,.F.);
#9138=EDGE_CURVE('',#477,#555,#9141,.T.);
#9139=EDGE_CURVE('',#555,#553,#9142,.T.);
#9140=LINE('',#552,#9143);
#9141=LINE('',#476,#9144);
#9142=LINE('',#554,#9145);
#9143=VECTOR('',#9146,1.0);
#9144=VECTOR('',#9147,1.0);
#9145=VECTOR('',#9148,1.0);
#9146=DIRECTION('',(0,0.9999658031236183,0.00826998085469057));
#9147=DIRECTION('',(0,0,-1));
#9148=DIRECTION('',(0,-1,0));
#9149=FACE_SURFACE('',(#9154),#9150,.T.);
#9150=PLANE('',#9151);
#9151=AXIS2_PLACEMENT_3D('',#456,#9152,#9153);
#9152=DIRECTION('',(0,1,-0));
#9153=DIRECTION('',(-0.9951847853921351,0,0.0980165441341925));
#9154=FACE_BOUND('',#9155,.T.);
#9155=EDGE_LOOP('',(#9156,#9157,#9158));
#9156=ORIENTED_EDGE('',*,*,#9159,.T.);
#9157=ORIENTED_EDGE('',*,*,#9160,.T.);
#9158=ORIENTED_EDGE('',*,*,#9161,.T.);
#9159=EDGE_CURVE('',#457,#557,#9162,.F.);
#9160=EDGE_CURVE('',#557,#461,#9163,.T.);
#9161=EDGE_CURVE('',#461,#457,#9164,.T.);
#9162=LINE('',#456,#9165);
#9163=LINE('',#556,#9166);
#9164=LINE('',#460,#9167);
#9165=VECTOR('',#9168,1.0);
#9166=VECTOR('',#9169,1.0);
#9167=VECTOR('',#9170,1.0);
#9168=DIRECTION('',(-0.9951847853921351,0,0.0980165441341925));
#9169=DIRECTION('',(0.28850774792304384,0,0.9574775607753809));
#9170=DIRECTION('',(0,0,-1));
#9171=FACE_SURFACE('',(#9176),#9172,.T.);
#9172=PLANE('',#9173);
#9173=AXIS2_PLACEMENT_3D('',#460,#9174,#9175);
#9174=DIRECTION('',(0,1,0));
#9175=DIRECTION('',(-0.28850774792304384,0,-0.9574775607753809));
#9176=FACE_BOUND('',#9177,.T.);
#9177=EDGE_LOOP('',(#9178,#9179,#9180));
#9178=ORIENTED_EDGE('',*,*,#9181,.T.);
#9179=ORIENTED_EDGE('',*,*,#9182,.T.);
#9180=ORIENTED_EDGE('',*,*,#9183,.T.);
#9181=EDGE_CURVE('',#461,#557,#9184,.F.);
#9182=EDGE_CURVE('',#557,#559,#9185,.T.);
#9183=EDGE_CURVE('',#559,#461,#9186,.T.);
#9184=LINE('',#460,#9187);
#9185=LINE('',#556,#9188);
#9186=LINE('',#558,#9189);
#9187=VECTOR('',#9190,1.0);
#9188=VECTOR('',#9191,1.0);
#9189=VECTOR('',#9192,1.0);
#9190=DIRECTION('',(-0.28850774792304384,0,-0.9574775607753809));
#9191=DIRECTION('',(-0.9569402148032261,0,0.2902850759035944));
#9192=DIRECTION('',(0.543817453584464,0,0.8392035373953743));
#9193=FACE_SURFACE('',(#9198),#9194,.T.);
#9194=PLANE('',#9195);
#9195=AXIS2_PLACEMENT_3D('',#460,#9196,#9197);
#9196=DIRECTION('',(0,1,0));
#9197=DIRECTION('',(-0.543817453584464,0,-0.8392035373953743));
#9198=FACE_BOUND('',#9199,.T.);
#9199=EDGE_LOOP('',(#9200,#9201,#9202));
#9200=ORIENTED_EDGE('',*,*,#9203,.T.);
#9201=ORIENTED_EDGE('',*,*,#9204,.T.);
#9202=ORIENTED_EDGE('',*,*,#9205,.T.);
#9203=EDGE_CURVE('',#461,#559,#9206,.F.);
#9204=EDGE_CURVE('',#559,#561,#9207,.T.);
#9205=EDGE_CURVE('',#561,#461,#9208,.T.);
#9206=LINE('',#460,#9209);
#9207=LINE('',#558,#9210);
#9208=LINE('',#560,#9211);
#9209=VECTOR('',#9212,1.0);
#9210=VECTOR('',#9213,1.0);
#9211=VECTOR('',#9214,1.0);
#9212=DIRECTION('',(-0.543817453584464,0,-0.8392035373953743));
#9213=DIRECTION('',(-0.8819216609920767,0,0.4713959947570372));
#9214=DIRECTION('',(0.7445438480158393,0,0.6675735602776423));
#9215=FACE_SURFACE('',(#9220),#9216,.T.);
#9216=PLANE('',#9217);
#9217=AXIS2_PLACEMENT_3D('',#560,#9218,#9219);
#9218=DIRECTION('',(0,1,-0));
#9219=DIRECTION('',(-0.7730096693939279,0,0.6343942394311994));
#9220=FACE_BOUND('',#9221,.T.);
#9221=EDGE_LOOP('',(#9222,#9223,#9224));
#9222=ORIENTED_EDGE('',*,*,#9225,.T.);
#9223=ORIENTED_EDGE('',*,*,#9226,.T.);
#9224=ORIENTED_EDGE('',*,*,#9227,.T.);
#9225=EDGE_CURVE('',#561,#563,#9228,.F.);
#9226=EDGE_CURVE('',#563,#461,#9229,.T.);
#9227=EDGE_CURVE('',#461,#561,#9230,.T.);
#9228=LINE('',#560,#9231);
#9229=LINE('',#562,#9232);
#9230=LINE('',#460,#9233);
#9231=VECTOR('',#9234,1.0);
#9232=VECTOR('',#9235,1.0);
#9233=VECTOR('',#9236,1.0);
#9234=DIRECTION('',(-0.7730096693939279,0,0.6343942394311994));
#9235=DIRECTION('',(0.884086288815508,0,0.467323692881521));
#9236=DIRECTION('',(-0.7445438480158393,0,-0.6675735602776423));
#9237=FACE_SURFACE('',(#9242),#9238,.T.);
#9238=PLANE('',#9239);
#9239=AXIS2_PLACEMENT_3D('',#460,#9240,#9241);
#9240=DIRECTION('',(0,1,0));
#9241=DIRECTION('',(-0.884086288815508,0,-0.467323692881521));
#9242=FACE_BOUND('',#9243,.T.);
#9243=EDGE_LOOP('',(#9244,#9245,#9246));
#9244=ORIENTED_EDGE('',*,*,#9247,.T.);
#9245=ORIENTED_EDGE('',*,*,#9248,.T.);
#9246=ORIENTED_EDGE('',*,*,#9249,.T.);
#9247=EDGE_CURVE('',#461,#563,#9250,.F.);
#9248=EDGE_CURVE('',#563,#565,#9251,.T.);
#9249=EDGE_CURVE('',#565,#461,#9252,.T.);
#9250=LINE('',#460,#9253);
#9251=LINE('',#562,#9254);
#9252=LINE('',#564,#9255);
#9253=VECTOR('',#9256,1.0);
#9254=VECTOR('',#9257,1.0);
#9255=VECTOR('',#9258,1.0);
#9256=DIRECTION('',(-0.884086288815508,0,-0.467323692881521));
#9257=DIRECTION('',(-0.6343934442046719,0,0.7730103220204331));
#9258=DIRECTION('',(0.9660868651997488,0,0.2582172900650195));
#9259=FACE_SURFACE('',(#9264),#9260,.T.);
#9260=PLANE('',#9261);
#9261=AXIS2_PLACEMENT_3D('',#460,#9262,#9263);
#9262=DIRECTION('',(0,1,0));
#9263=DIRECTION('',(-0.9660868651997488,0,-0.2582172900650195));
#9264=FACE_BOUND('',#9265,.T.);
#9265=EDGE_LOOP('',(#9266,#9267,#9268));
#9266=ORIENTED_EDGE('',*,*,#9269,.T.);
#9267=ORIENTED_EDGE('',*,*,#9270,.T.);
#9268=ORIENTED_EDGE('',*,*,#9271,.T.);
#9269=EDGE_CURVE('',#461,#565,#9272,.F.);
#9270=EDGE_CURVE('',#565,#567,#9273,.T.);
#9271=EDGE_CURVE('',#567,#461,#9274,.T.);
#9272=LINE('',#460,#9275);
#9273=LINE('',#564,#9276);
#9274=LINE('',#566,#9277);
#9275=VECTOR('',#9278,1.0);
#9276=VECTOR('',#9279,1.0);
#9277=VECTOR('',#9280,1.0);
#9278=DIRECTION('',(-0.9660868651997488,0,-0.2582172900650195));
#9279=DIRECTION('',(-0.4713967124439585,0,0.8819212773808259));
#9280=DIRECTION('',(0.9985764025949174,0,0.05334011792819265));
#9281=FACE_SURFACE('',(#9286),#9282,.T.);
#9282=PLANE('',#9283);
#9283=AXIS2_PLACEMENT_3D('',#566,#9284,#9285);
#9284=DIRECTION('',(0,1,-0));
#9285=DIRECTION('',(-0.29028462544353734,0,0.9569403514488796));
#9286=FACE_BOUND('',#9287,.T.);
#9287=EDGE_LOOP('',(#9288,#9289,#9290));
#9288=ORIENTED_EDGE('',*,*,#9291,.T.);
#9289=ORIENTED_EDGE('',*,*,#9292,.T.);
#9290=ORIENTED_EDGE('',*,*,#9293,.T.);
#9291=EDGE_CURVE('',#567,#569,#9294,.F.);
#9292=EDGE_CURVE('',#569,#461,#9295,.T.);
#9293=EDGE_CURVE('',#461,#567,#9296,.T.);
#9294=LINE('',#566,#9297);
#9295=LINE('',#568,#9298);
#9296=LINE('',#460,#9299);
#9297=VECTOR('',#9300,1.0);
#9298=VECTOR('',#9301,1.0);
#9299=VECTOR('',#9302,1.0);
#9300=DIRECTION('',(-0.29028462544353734,0,0.9569403514488796));
#9301=DIRECTION('',(0.9902119631666528,0,-0.1395717306679379));
#9302=DIRECTION('',(-0.9985764025949174,0,-0.05334011792819265));
#9303=FACE_SURFACE('',(#9308),#9304,.T.);
#9304=PLANE('',#9305);
#9305=AXIS2_PLACEMENT_3D('',#460,#9306,#9307);
#9306=DIRECTION('',(0,1,0));
#9307=DIRECTION('',(-0.9902119631666528,0,0.1395717306679379));
#9308=FACE_BOUND('',#9309,.T.);
#9309=EDGE_LOOP('',(#9310,#9311,#9312));
#9310=ORIENTED_EDGE('',*,*,#9313,.T.);
#9311=ORIENTED_EDGE('',*,*,#9314,.T.);
#9312=ORIENTED_EDGE('',*,*,#9315,.T.);
#9313=EDGE_CURVE('',#461,#569,#9316,.F.);
#9314=EDGE_CURVE('',#569,#489,#9317,.T.);
#9315=EDGE_CURVE('',#489,#461,#9318,.T.);
#9316=LINE('',#460,#9319);
#9317=LINE('',#568,#9320);
#9318=LINE('',#488,#9321);
#9319=VECTOR('',#9322,1.0);
#9320=VECTOR('',#9323,1.0);
#9321=VECTOR('',#9324,1.0);
#9322=DIRECTION('',(-0.9902119631666528,0,0.1395717306679379));
#9323=DIRECTION('',(0.9574777102036452,0,0.2885072520114259));
#9324=DIRECTION('',(0.7071067811865475,0,-0.7071067811865475));
#9325=FACE_SURFACE('',(#9330),#9326,.T.);
#9326=PLANE('',#9327);
#9327=AXIS2_PLACEMENT_3D('',#460,#9328,#9329);
#9328=DIRECTION('',(0,1,-0));
#9329=DIRECTION('',(-0.7071067811865475,0,0.7071067811865475));
#9330=FACE_BOUND('',#9331,.T.);
#9331=EDGE_LOOP('',(#9332,#9333,#9334));
#9332=ORIENTED_EDGE('',*,*,#9335,.T.);
#9333=ORIENTED_EDGE('',*,*,#9336,.T.);
#9334=ORIENTED_EDGE('',*,*,#9337,.T.);
#9335=EDGE_CURVE('',#461,#489,#9338,.F.);
#9336=EDGE_CURVE('',#489,#507,#9339,.T.);
#9337=EDGE_CURVE('',#507,#461,#9340,.T.);
#9338=LINE('',#460,#9341);
#9339=LINE('',#488,#9342);
#9340=LINE('',#506,#9343);
#9341=VECTOR('',#9344,1.0);
#9342=VECTOR('',#9345,1.0);
#9343=VECTOR('',#9346,1.0);
#9344=DIRECTION('',(-0.7071067811865475,0,0.7071067811865475));
#9345=DIRECTION('',(0.9995269684862756,0,-0.03075449997375647));
#9346=DIRECTION('',(-0.9284766094632327,0,-0.3713908799091053));
#9347=FACE_SURFACE('',(#9352),#9348,.T.);
#9348=PLANE('',#9349);
#9349=AXIS2_PLACEMENT_3D('',#506,#9350,#9351);
#9350=DIRECTION('',(0,1,-0));
#9351=DIRECTION('',(-0.9995269684862756,0,0.03075449997375647));
#9352=FACE_BOUND('',#9353,.T.);
#9353=EDGE_LOOP('',(#9354,#9355,#9356));
#9354=ORIENTED_EDGE('',*,*,#9357,.T.);
#9355=ORIENTED_EDGE('',*,*,#9358,.T.);
#9356=ORIENTED_EDGE('',*,*,#9359,.T.);
#9357=EDGE_CURVE('',#507,#489,#9360,.F.);
#9358=EDGE_CURVE('',#489,#509,#9361,.T.);
#9359=EDGE_CURVE('',#509,#507,#9362,.T.);
#9360=LINE('',#506,#9363);
#9361=LINE('',#488,#9364);
#9362=LINE('',#508,#9365);
#9363=VECTOR('',#9366,1.0);
#9364=VECTOR('',#9367,1.0);
#9365=VECTOR('',#9368,1.0);
#9366=DIRECTION('',(-0.9995269684862756,0,0.03075449997375647));
#9367=DIRECTION('',(0.1102453644772582,0,0.9939044016459916));
#9368=DIRECTION('',(0,0,-1));
#9369=FACE_SURFACE('',(#9374),#9370,.T.);
#9370=PLANE('',#9371);
#9371=AXIS2_PLACEMENT_3D('',#508,#9372,#9373);
#9372=DIRECTION('',(0,1,0));
#9373=DIRECTION('',(-0.1102453644772582,0,-0.9939044016459916));
#9374=FACE_BOUND('',#9375,.T.);
#9375=EDGE_LOOP('',(#9376,#9377,#9378));
#9376=ORIENTED_EDGE('',*,*,#9379,.T.);
#9377=ORIENTED_EDGE('',*,*,#9380,.T.);
#9378=ORIENTED_EDGE('',*,*,#9381,.T.);
#9379=EDGE_CURVE('',#509,#489,#9382,.F.);
#9380=EDGE_CURVE('',#489,#481,#9383,.T.);
#9381=EDGE_CURVE('',#481,#509,#9384,.T.);
#9382=LINE('',#508,#9385);
#9383=LINE('',#488,#9386);
#9384=LINE('',#480,#9387);
#9385=VECTOR('',#9388,1.0);
#9386=VECTOR('',#9389,1.0);
#9387=VECTOR('',#9390,1.0);
#9388=DIRECTION('',(-0.1102453644772582,0,-0.9939044016459916));
#9389=DIRECTION('',(0,0,1));
#9390=DIRECTION('',(0.999565229889583,0,0.02948476209476777));
#9391=FACE_SURFACE('',(#9396),#9392,.T.);
#9392=PLANE('',#9393);
#9393=AXIS2_PLACEMENT_3D('',#508,#9394,#9395);
#9394=DIRECTION('',(0,1,0));
#9395=DIRECTION('',(-0.999565229889583,0,-0.02948476209476777));
#9396=FACE_BOUND('',#9397,.T.);
#9397=EDGE_LOOP('',(#9398,#9399,#9400));
#9398=ORIENTED_EDGE('',*,*,#9401,.T.);
#9399=ORIENTED_EDGE('',*,*,#9402,.T.);
#9400=ORIENTED_EDGE('',*,*,#9403,.T.);
#9401=EDGE_CURVE('',#509,#481,#9404,.F.);
#9402=EDGE_CURVE('',#481,#503,#9405,.T.);
#9403=EDGE_CURVE('',#503,#509,#9406,.T.);
#9404=LINE('',#508,#9407);
#9405=LINE('',#480,#9408);
#9406=LINE('',#502,#9409);
#9407=VECTOR('',#9410,1.0);
#9408=VECTOR('',#9411,1.0);
#9409=VECTOR('',#9412,1.0);
#9410=DIRECTION('',(-0.999565229889583,0,-0.02948476209476777));
#9411=DIRECTION('',(0.7071067811865475,0,0.7071067811865475));
#9412=DIRECTION('',(0.9287852577403966,0,-0.3706183279387369));
#9413=FACE_SURFACE('',(#9418),#9414,.T.);
#9414=PLANE('',#9415);
#9415=AXIS2_PLACEMENT_3D('',#502,#9416,#9417);
#9416=DIRECTION('',(0,1,0));
#9417=DIRECTION('',(-0.7071067811865475,0,-0.7071067811865475));
#9418=FACE_BOUND('',#9419,.T.);
#9419=EDGE_LOOP('',(#9420,#9421,#9422));
#9420=ORIENTED_EDGE('',*,*,#9423,.T.);
#9421=ORIENTED_EDGE('',*,*,#9424,.T.);
#9422=ORIENTED_EDGE('',*,*,#9425,.T.);
#9423=EDGE_CURVE('',#503,#481,#9426,.F.);
#9424=EDGE_CURVE('',#481,#549,#9427,.T.);
#9425=EDGE_CURVE('',#549,#503,#9428,.T.);
#9426=LINE('',#502,#9429);
#9427=LINE('',#480,#9430);
#9428=LINE('',#548,#9431);
#9429=VECTOR('',#9432,1.0);
#9430=VECTOR('',#9433,1.0);
#9431=VECTOR('',#9434,1.0);
#9432=DIRECTION('',(-0.7071067811865475,0,-0.7071067811865475));
#9433=DIRECTION('',(-0.9562722634477584,0,0.2924779618372998));
#9434=DIRECTION('',(0.9907447794162956,0,0.13573791680792824));
#9435=FACE_SURFACE('',(#9440),#9436,.T.);
#9436=PLANE('',#9437);
#9437=AXIS2_PLACEMENT_3D('',#502,#9438,#9439);
#9438=DIRECTION('',(0,1,0));
#9439=DIRECTION('',(-0.9907447794162956,0,-0.13573791680792824));
#9440=FACE_BOUND('',#9441,.T.);
#9441=EDGE_LOOP('',(#9442,#9443,#9444));
#9442=ORIENTED_EDGE('',*,*,#9445,.T.);
#9443=ORIENTED_EDGE('',*,*,#9446,.T.);
#9444=ORIENTED_EDGE('',*,*,#9447,.T.);
#9445=EDGE_CURVE('',#503,#549,#9448,.F.);
#9446=EDGE_CURVE('',#549,#545,#9449,.T.);
#9447=EDGE_CURVE('',#545,#503,#9450,.T.);
#9448=LINE('',#502,#9451);
#9449=LINE('',#548,#9452);
#9450=LINE('',#544,#9453);
#9451=VECTOR('',#9454,1.0);
#9452=VECTOR('',#9455,1.0);
#9453=VECTOR('',#9456,1.0);
#9454=DIRECTION('',(-0.9907447794162956,0,-0.13573791680792824));
#9455=DIRECTION('',(0.29552792315506893,0,0.9553341021002294));
#9456=DIRECTION('',(0.9981610954392515,0,-0.0606170566054943));
#9457=FACE_SURFACE('',(#9462),#9458,.T.);
#9458=PLANE('',#9459);
#9459=AXIS2_PLACEMENT_3D('',#568,#9460,#9461);
#9460=DIRECTION('',(0,1,-0));
#9461=DIRECTION('',(-0.09801670231362046,0,0.9951847698129043));
#9462=FACE_BOUND('',#9463,.T.);
#9463=EDGE_LOOP('',(#9464,#9465,#9466));
#9464=ORIENTED_EDGE('',*,*,#9467,.T.);
#9465=ORIENTED_EDGE('',*,*,#9468,.T.);
#9466=ORIENTED_EDGE('',*,*,#9469,.T.);
#9467=EDGE_CURVE('',#569,#487,#9470,.F.);
#9468=EDGE_CURVE('',#487,#489,#9471,.T.);
#9469=EDGE_CURVE('',#489,#569,#9472,.T.);
#9470=LINE('',#568,#9473);
#9471=LINE('',#486,#9474);
#9472=LINE('',#488,#9475);
#9473=VECTOR('',#9476,1.0);
#9474=VECTOR('',#9477,1.0);
#9475=VECTOR('',#9478,1.0);
#9476=DIRECTION('',(-0.09801670231362046,0,0.9951847698129043));
#9477=DIRECTION('',(1,0,0));
#9478=DIRECTION('',(-0.9574777102036452,0,-0.2885072520114259));
#9479=FACE_SURFACE('',(#9484),#9480,.T.);
#9480=PLANE('',#9481);
#9481=AXIS2_PLACEMENT_3D('',#480,#9482,#9483);
#9482=DIRECTION('',(0,1,0));
#9483=DIRECTION('',(-1,0,0));
#9484=FACE_BOUND('',#9485,.T.);
#9485=EDGE_LOOP('',(#9486,#9487,#9488));
#9486=ORIENTED_EDGE('',*,*,#9489,.T.);
#9487=ORIENTED_EDGE('',*,*,#9490,.T.);
#9488=ORIENTED_EDGE('',*,*,#9491,.T.);
#9489=EDGE_CURVE('',#481,#477,#9492,.F.);
#9490=EDGE_CURVE('',#477,#549,#9493,.T.);
#9491=EDGE_CURVE('',#549,#481,#9494,.T.);
#9492=LINE('',#480,#9495);
#9493=LINE('',#476,#9496);
#9494=LINE('',#548,#9497);
#9495=VECTOR('',#9498,1.0);
#9496=VECTOR('',#9499,1.0);
#9497=VECTOR('',#9500,1.0);
#9498=DIRECTION('',(-1,0,0));
#9499=DIRECTION('',(0.10075636441351567,0,0.9949111292121376));
#9500=DIRECTION('',(0.9562722634477584,0,-0.2924779618372998));
#9501=FACE_SURFACE('',(#9506),#9502,.T.);
#9502=PLANE('',#9503);
#9503=AXIS2_PLACEMENT_3D('',#544,#9504,#9505);
#9504=DIRECTION('',(-0,1,0));
#9505=DIRECTION('',(0.47863677015349415,0,0.878013008022678));
#9506=FACE_BOUND('',#9507,.T.);
#9507=EDGE_LOOP('',(#9508,#9509,#9510));
#9508=ORIENTED_EDGE('',*,*,#9511,.T.);
#9509=ORIENTED_EDGE('',*,*,#9512,.T.);
#9510=ORIENTED_EDGE('',*,*,#9513,.T.);
#9511=EDGE_CURVE('',#545,#541,#9514,.F.);
#9512=EDGE_CURVE('',#541,#503,#9515,.T.);
#9513=EDGE_CURVE('',#503,#545,#9516,.T.);
#9514=LINE('',#544,#9517);
#9515=LINE('',#540,#9518);
#9516=LINE('',#502,#9519);
#9517=VECTOR('',#9520,1.0);
#9518=VECTOR('',#9521,1.0);
#9519=VECTOR('',#9522,1.0);
#9520=DIRECTION('',(0.47863677015349415,0,0.878013008022678));
#9521=DIRECTION('',(0.9631124004990131,0,-0.26909943144687));
#9522=DIRECTION('',(-0.9981610954392515,0,0.0606170566054943));
#9523=FACE_SURFACE('',(#9528),#9524,.T.);
#9524=PLANE('',#9525);
#9525=AXIS2_PLACEMENT_3D('',#502,#9526,#9527);
#9526=DIRECTION('',(0,1,0));
#9527=DIRECTION('',(-0.9631124004990131,0,0.26909943144687));
#9528=FACE_BOUND('',#9529,.T.);
#9529=EDGE_LOOP('',(#9530,#9531,#9532));
#9530=ORIENTED_EDGE('',*,*,#9533,.T.);
#9531=ORIENTED_EDGE('',*,*,#9534,.T.);
#9532=ORIENTED_EDGE('',*,*,#9535,.T.);
#9533=EDGE_CURVE('',#503,#541,#9536,.F.);
#9534=EDGE_CURVE('',#541,#537,#9537,.T.);
#9535=EDGE_CURVE('',#537,#503,#9538,.T.);
#9536=LINE('',#502,#9539);
#9537=LINE('',#540,#9540);
#9538=LINE('',#536,#9541);
#9539=VECTOR('',#9542,1.0);
#9540=VECTOR('',#9543,1.0);
#9541=VECTOR('',#9544,1.0);
#9542=DIRECTION('',(-0.9631124004990131,0,0.26909943144687));
#9543=DIRECTION('',(0.6428281554436696,0,0.7660104193605263));
#9544=DIRECTION('',(0.8765177068744834,0,-0.48136961841759096));
#9545=FACE_SURFACE('',(#9550),#9546,.T.);
#9546=PLANE('',#9547);
#9547=AXIS2_PLACEMENT_3D('',#502,#9548,#9549);
#9548=DIRECTION('',(0,1,0));
#9549=DIRECTION('',(-0.8765177068744834,0,0.48136961841759096));
#9550=FACE_BOUND('',#9551,.T.);
#9551=EDGE_LOOP('',(#9552,#9553,#9554));
#9552=ORIENTED_EDGE('',*,*,#9555,.T.);
#9553=ORIENTED_EDGE('',*,*,#9556,.T.);
#9554=ORIENTED_EDGE('',*,*,#9557,.T.);
#9555=EDGE_CURVE('',#503,#537,#9558,.F.);
#9556=EDGE_CURVE('',#537,#533,#9559,.T.);
#9557=EDGE_CURVE('',#533,#503,#9560,.T.);
#9558=LINE('',#502,#9561);
#9559=LINE('',#536,#9562);
#9560=LINE('',#532,#9563);
#9561=VECTOR('',#9564,1.0);
#9562=VECTOR('',#9565,1.0);
#9563=VECTOR('',#9566,1.0);
#9564=DIRECTION('',(-0.8765177068744834,0,0.48136961841759096));
#9565=DIRECTION('',(0.7816283337255042,0,0.6237444572238633));
#9566=DIRECTION('',(0.7301517949461985,0,-0.6832849744702751));
#9567=FACE_SURFACE('',(#9572),#9568,.T.);
#9568=PLANE('',#9569);
#9569=AXIS2_PLACEMENT_3D('',#532,#9570,#9571);
#9570=DIRECTION('',(-0,1,0));
#9571=DIRECTION('',(0.8895527917474308,0,0.45683238796559933));
#9572=FACE_BOUND('',#9573,.T.);
#9573=EDGE_LOOP('',(#9574,#9575,#9576));
#9574=ORIENTED_EDGE('',*,*,#9577,.T.);
#9575=ORIENTED_EDGE('',*,*,#9578,.T.);
#9576=ORIENTED_EDGE('',*,*,#9579,.T.);
#9577=EDGE_CURVE('',#533,#529,#9580,.F.);
#9578=EDGE_CURVE('',#529,#503,#9581,.T.);
#9579=EDGE_CURVE('',#503,#533,#9582,.T.);
#9580=LINE('',#532,#9583);
#9581=LINE('',#528,#9584);
#9582=LINE('',#502,#9585);
#9583=VECTOR('',#9586,1.0);
#9584=VECTOR('',#9587,1.0);
#9585=VECTOR('',#9588,1.0);
#9586=DIRECTION('',(0.8895527917474308,0,0.45683238796559933));
#9587=DIRECTION('',(0.5208847164180195,0,-0.8536270334297756));
#9588=DIRECTION('',(-0.7301517949461985,0,0.6832849744702751));
#9589=FACE_SURFACE('',(#9594),#9590,.T.);
#9590=PLANE('',#9591);
#9591=AXIS2_PLACEMENT_3D('',#502,#9592,#9593);
#9592=DIRECTION('',(0,1,0));
#9593=DIRECTION('',(-0.5208847164180195,0,0.8536270334297756));
#9594=FACE_BOUND('',#9595,.T.);
#9595=EDGE_LOOP('',(#9596,#9597,#9598));
#9596=ORIENTED_EDGE('',*,*,#9599,.T.);
#9597=ORIENTED_EDGE('',*,*,#9600,.T.);
#9598=ORIENTED_EDGE('',*,*,#9601,.T.);
#9599=EDGE_CURVE('',#503,#529,#9602,.F.);
#9600=EDGE_CURVE('',#529,#525,#9603,.T.);
#9601=EDGE_CURVE('',#525,#503,#9604,.T.);
#9602=LINE('',#502,#9605);
#9603=LINE('',#528,#9606);
#9604=LINE('',#524,#9607);
#9605=VECTOR('',#9608,1.0);
#9606=VECTOR('',#9609,1.0);
#9607=VECTOR('',#9610,1.0);
#9608=DIRECTION('',(-0.5208847164180195,0,0.8536270334297756));
#9609=DIRECTION('',(0.9623327086570198,0,0.271874525928494));
#9610=DIRECTION('',(0.25702549572997296,0,-0.966404622580398));
#9611=FACE_SURFACE('',(#9616),#9612,.T.);
#9612=PLANE('',#9613);
#9613=AXIS2_PLACEMENT_3D('',#502,#9614,#9615);
#9614=DIRECTION('',(0,1,-0));
#9615=DIRECTION('',(-0.25702549572997296,0,0.966404622580398));
#9616=FACE_BOUND('',#9617,.T.);
#9617=EDGE_LOOP('',(#9618,#9619,#9620));
#9618=ORIENTED_EDGE('',*,*,#9621,.T.);
#9619=ORIENTED_EDGE('',*,*,#9622,.T.);
#9620=ORIENTED_EDGE('',*,*,#9623,.T.);
#9621=EDGE_CURVE('',#503,#525,#9624,.F.);
#9622=EDGE_CURVE('',#525,#499,#9625,.T.);
#9623=EDGE_CURVE('',#499,#503,#9626,.T.);
#9624=LINE('',#502,#9627);
#9625=LINE('',#524,#9628);
#9626=LINE('',#498,#9629);
#9627=VECTOR('',#9630,1.0);
#9628=VECTOR('',#9631,1.0);
#9629=VECTOR('',#9632,1.0);
#9630=DIRECTION('',(-0.25702549572997296,0,0.966404622580398));
#9631=DIRECTION('',(0.9961992462049195,0,0.08710374194459287));
#9632=DIRECTION('',(0,0,-1));
#9633=FACE_SURFACE('',(#9638),#9634,.T.);
#9634=PLANE('',#9635);
#9635=AXIS2_PLACEMENT_3D('',#498,#9636,#9637);
#9636=DIRECTION('',(0,1,0));
#9637=DIRECTION('',(-0.9961992462049195,0,-0.08710374194459287));
#9638=FACE_BOUND('',#9639,.T.);
#9639=EDGE_LOOP('',(#9640,#9641,#9642));
#9640=ORIENTED_EDGE('',*,*,#9643,.T.);
#9641=ORIENTED_EDGE('',*,*,#9644,.T.);
#9642=ORIENTED_EDGE('',*,*,#9645,.T.);
#9643=EDGE_CURVE('',#499,#525,#9646,.F.);
#9644=EDGE_CURVE('',#525,#571,#9647,.T.);
#9645=EDGE_CURVE('',#571,#499,#9648,.T.);
#9646=LINE('',#498,#9649);
#9647=LINE('',#524,#9650);
#9648=LINE('',#570,#9651);
#9649=VECTOR('',#9652,1.0);
#9650=VECTOR('',#9653,1.0);
#9651=VECTOR('',#9654,1.0);
#9652=DIRECTION('',(-0.9961992462049195,0,-0.08710374194459287));
#9653=DIRECTION('',(0.989454173352267,0,0.1448462593089023));
#9654=DIRECTION('',(0.9983101954620894,0,0.05810984113250198));
#9655=FACE_SURFACE('',(#9660),#9656,.T.);
#9656=PLANE('',#9657);
#9657=AXIS2_PLACEMENT_3D('',#498,#9658,#9659);
#9658=DIRECTION('',(0,1,0));
#9659=DIRECTION('',(-0.9983101954620894,0,-0.05810984113250198));
#9660=FACE_BOUND('',#9661,.T.);
#9661=EDGE_LOOP('',(#9662,#9663,#9664));
#9662=ORIENTED_EDGE('',*,*,#9665,.T.);
#9663=ORIENTED_EDGE('',*,*,#9666,.T.);
#9664=ORIENTED_EDGE('',*,*,#9667,.T.);
#9665=EDGE_CURVE('',#499,#571,#9668,.F.);
#9666=EDGE_CURVE('',#571,#573,#9669,.T.);
#9667=EDGE_CURVE('',#573,#499,#9670,.T.);
#9668=LINE('',#498,#9671);
#9669=LINE('',#570,#9672);
#9670=LINE('',#572,#9673);
#9671=VECTOR('',#9674,1.0);
#9672=VECTOR('',#9675,1.0);
#9673=VECTOR('',#9676,1.0);
#9674=DIRECTION('',(-0.9983101954620894,0,-0.05810984113250198));
#9675=DIRECTION('',(0.9961995409345146,0,0.08710037107763892));
#9676=DIRECTION('',(0.9995773756020027,0,0.029070090894471882));
#9677=FACE_SURFACE('',(#9682),#9678,.T.);
#9678=PLANE('',#9679);
#9679=AXIS2_PLACEMENT_3D('',#508,#9680,#9681);
#9680=DIRECTION('',(0,1,-0));
#9681=DIRECTION('',(-0.9287852577403966,0,0.3706183279387369));
#9682=FACE_BOUND('',#9683,.T.);
#9683=EDGE_LOOP('',(#9684,#9685,#9686));
#9684=ORIENTED_EDGE('',*,*,#9687,.T.);
#9685=ORIENTED_EDGE('',*,*,#9688,.T.);
#9686=ORIENTED_EDGE('',*,*,#9689,.T.);
#9687=EDGE_CURVE('',#509,#503,#9690,.F.);
#9688=EDGE_CURVE('',#503,#519,#9691,.T.);
#9689=EDGE_CURVE('',#519,#509,#9692,.T.);
#9690=LINE('',#508,#9693);
#9691=LINE('',#502,#9694);
#9692=LINE('',#518,#9695);
#9693=VECTOR('',#9696,1.0);
#9694=VECTOR('',#9697,1.0);
#9695=VECTOR('',#9698,1.0);
#9696=DIRECTION('',(-0.9287852577403966,0,0.3706183279387369));
#9697=DIRECTION('',(0.9998853478574592,0,-0.015142362430208155));
#9698=DIRECTION('',(-1,0,0));
#9699=FACE_SURFACE('',(#9704),#9700,.T.);
#9700=PLANE('',#9701);
#9701=AXIS2_PLACEMENT_3D('',#518,#9702,#9703);
#9702=DIRECTION('',(0,1,-0));
#9703=DIRECTION('',(-0.9998853478574592,0,0.015142362430208155));
#9704=FACE_BOUND('',#9705,.T.);
#9705=EDGE_LOOP('',(#9706,#9707,#9708));
#9706=ORIENTED_EDGE('',*,*,#9709,.T.);
#9707=ORIENTED_EDGE('',*,*,#9710,.T.);
#9708=ORIENTED_EDGE('',*,*,#9711,.T.);
#9709=EDGE_CURVE('',#519,#503,#9712,.F.);
#9710=EDGE_CURVE('',#503,#497,#9713,.T.);
#9711=EDGE_CURVE('',#497,#519,#9714,.T.);
#9712=LINE('',#518,#9715);
#9713=LINE('',#502,#9716);
#9714=LINE('',#496,#9717);
#9715=VECTOR('',#9718,1.0);
#9716=VECTOR('',#9719,1.0);
#9717=VECTOR('',#9720,1.0);
#9718=DIRECTION('',(-0.9998853478574592,0,0.015142362430208155));
#9719=DIRECTION('',(1,0,0));
#9720=DIRECTION('',(-0.9476209338575144,0,-0.319397191150787));
#9721=FACE_SURFACE('',(#9726),#9722,.T.);
#9722=PLANE('',#9723);
#9723=AXIS2_PLACEMENT_3D('',#518,#9724,#9725);
#9724=DIRECTION('',(-0,1,0));
#9725=DIRECTION('',(0.9476209338575144,0,0.319397191150787));
#9726=FACE_BOUND('',#9727,.T.);
#9727=EDGE_LOOP('',(#9728,#9729,#9730));
#9728=ORIENTED_EDGE('',*,*,#9731,.T.);
#9729=ORIENTED_EDGE('',*,*,#9732,.T.);
#9730=ORIENTED_EDGE('',*,*,#9733,.T.);
#9731=EDGE_CURVE('',#519,#497,#9734,.F.);
#9732=EDGE_CURVE('',#497,#575,#9735,.T.);
#9733=EDGE_CURVE('',#575,#519,#9736,.T.);
#9734=LINE('',#518,#9737);
#9735=LINE('',#496,#9738);
#9736=LINE('',#574,#9739);
#9737=VECTOR('',#9740,1.0);
#9738=VECTOR('',#9741,1.0);
#9739=VECTOR('',#9742,1.0);
#9740=DIRECTION('',(0.9476209338575144,0,0.319397191150787));
#9741=DIRECTION('',(0.9435230646428004,0,-0.3313068464234597));
#9742=DIRECTION('',(-0.9932626742495418,0,0.11588468381390414));
#9743=FACE_SURFACE('',(#9748),#9744,.T.);
#9744=PLANE('',#9745);
#9745=AXIS2_PLACEMENT_3D('',#574,#9746,#9747);
#9746=DIRECTION('',(0,1,0));
#9747=DIRECTION('',(-0.9435230646428004,0,0.3313068464234597));
#9748=FACE_BOUND('',#9749,.T.);
#9749=EDGE_LOOP('',(#9750,#9751,#9752));
#9750=ORIENTED_EDGE('',*,*,#9753,.T.);
#9751=ORIENTED_EDGE('',*,*,#9754,.T.);
#9752=ORIENTED_EDGE('',*,*,#9755,.T.);
#9753=EDGE_CURVE('',#575,#497,#9756,.F.);
#9754=EDGE_CURVE('',#497,#577,#9757,.T.);
#9755=EDGE_CURVE('',#577,#575,#9758,.T.);
#9756=LINE('',#574,#9759);
#9757=LINE('',#496,#9760);
#9758=LINE('',#576,#9761);
#9759=VECTOR('',#9762,1.0);
#9760=VECTOR('',#9763,1.0);
#9761=VECTOR('',#9764,1.0);
#9762=DIRECTION('',(-0.9435230646428004,0,0.3313068464234597));
#9763=DIRECTION('',(0.9784267656968256,0,-0.20659395966012428));
#9764=DIRECTION('',(0.3801095729946456,0,-0.9249414643737345));
#9765=FACE_SURFACE('',(#9770),#9766,.T.);
#9766=PLANE('',#9767);
#9767=AXIS2_PLACEMENT_3D('',#576,#9768,#9769);
#9768=DIRECTION('',(0,1,0));
#9769=DIRECTION('',(-0.9784267656968256,0,0.20659395966012428));
#9770=FACE_BOUND('',#9771,.T.);
#9771=EDGE_LOOP('',(#9772,#9773,#9774));
#9772=ORIENTED_EDGE('',*,*,#9775,.T.);
#9773=ORIENTED_EDGE('',*,*,#9776,.T.);
#9774=ORIENTED_EDGE('',*,*,#9777,.T.);
#9775=EDGE_CURVE('',#577,#497,#9778,.F.);
#9776=EDGE_CURVE('',#497,#579,#9779,.T.);
#9777=EDGE_CURVE('',#579,#577,#9780,.T.);
#9778=LINE('',#576,#9781);
#9779=LINE('',#496,#9782);
#9780=LINE('',#578,#9783);
#9781=VECTOR('',#9784,1.0);
#9782=VECTOR('',#9785,1.0);
#9783=VECTOR('',#9786,1.0);
#9784=DIRECTION('',(-0.9784267656968256,0,0.20659395966012428));
#9785=DIRECTION('',(0.9978281394561587,0,-0.0658711174146973));
#9786=DIRECTION('',(0.5189230114801993,0,-0.8548209801802485));
#9787=FACE_SURFACE('',(#9792),#9788,.T.);
#9788=PLANE('',#9789);
#9789=AXIS2_PLACEMENT_3D('',#578,#9790,#9791);
#9790=DIRECTION('',(0,1,0));
#9791=DIRECTION('',(-0.9978281394561587,0,0.0658711174146973));
#9792=FACE_BOUND('',#9793,.T.);
#9793=EDGE_LOOP('',(#9794,#9795,#9796));
#9794=ORIENTED_EDGE('',*,*,#9797,.T.);
#9795=ORIENTED_EDGE('',*,*,#9798,.T.);
#9796=ORIENTED_EDGE('',*,*,#9799,.T.);
#9797=EDGE_CURVE('',#579,#497,#9800,.F.);
#9798=EDGE_CURVE('',#497,#581,#9801,.T.);
#9799=EDGE_CURVE('',#581,#579,#9802,.T.);
#9800=LINE('',#578,#9803);
#9801=LINE('',#496,#9804);
#9802=LINE('',#580,#9805);
#9803=VECTOR('',#9806,1.0);
#9804=VECTOR('',#9807,1.0);
#9805=VECTOR('',#9808,1.0);
#9806=DIRECTION('',(-0.9978281394561587,0,0.0658711174146973));
#9807=DIRECTION('',(0.9955486185448713,0,0.09424939317257361));
#9808=DIRECTION('',(0.6451883907688397,0,-0.7640235208533275));
#9809=FACE_SURFACE('',(#9814),#9810,.T.);
#9810=PLANE('',#9811);
#9811=AXIS2_PLACEMENT_3D('',#580,#9812,#9813);
#9812=DIRECTION('',(0,1,0));
#9813=DIRECTION('',(-0.9955486185448713,0,-0.09424939317257361));
#9814=FACE_BOUND('',#9815,.T.);
#9815=EDGE_LOOP('',(#9816,#9817,#9818));
#9816=ORIENTED_EDGE('',*,*,#9819,.T.);
#9817=ORIENTED_EDGE('',*,*,#9820,.T.);
#9818=ORIENTED_EDGE('',*,*,#9821,.T.);
#9819=EDGE_CURVE('',#581,#497,#9822,.F.);
#9820=EDGE_CURVE('',#497,#583,#9823,.T.);
#9821=EDGE_CURVE('',#583,#581,#9824,.T.);
#9822=LINE('',#580,#9825);
#9823=LINE('',#496,#9826);
#9824=LINE('',#582,#9827);
#9825=VECTOR('',#9828,1.0);
#9826=VECTOR('',#9829,1.0);
#9827=VECTOR('',#9830,1.0);
#9828=DIRECTION('',(-0.9955486185448713,0,-0.09424939317257361));
#9829=DIRECTION('',(0.9606373318288601,0,0.2778055375559106));
#9830=DIRECTION('',(0.7558488919286308,0,-0.6547460977892582));
#9831=FACE_SURFACE('',(#9836),#9832,.T.);
#9832=PLANE('',#9833);
#9833=AXIS2_PLACEMENT_3D('',#582,#9834,#9835);
#9834=DIRECTION('',(0,1,0));
#9835=DIRECTION('',(-0.9606373318288601,0,-0.2778055375559106));
#9836=FACE_BOUND('',#9837,.T.);
#9837=EDGE_LOOP('',(#9838,#9839,#9840));
#9838=ORIENTED_EDGE('',*,*,#9841,.T.);
#9839=ORIENTED_EDGE('',*,*,#9842,.T.);
#9840=ORIENTED_EDGE('',*,*,#9843,.T.);
#9841=EDGE_CURVE('',#583,#497,#9844,.F.);
#9842=EDGE_CURVE('',#497,#585,#9845,.T.);
#9843=EDGE_CURVE('',#585,#583,#9846,.T.);
#9844=LINE('',#582,#9847);
#9845=LINE('',#496,#9848);
#9846=LINE('',#584,#9849);
#9847=VECTOR('',#9850,1.0);
#9848=VECTOR('',#9851,1.0);
#9849=VECTOR('',#9852,1.0);
#9850=DIRECTION('',(-0.9606373318288601,0,-0.2778055375559106));
#9851=DIRECTION('',(0.8733475773456603,0,0.4870975355557303));
#9852=DIRECTION('',(0.8482270548881229,0,-0.5296327627288757));
#9853=FACE_SURFACE('',(#9858),#9854,.T.);
#9854=PLANE('',#9855);
#9855=AXIS2_PLACEMENT_3D('',#584,#9856,#9857);
#9856=DIRECTION('',(0,1,0));
#9857=DIRECTION('',(-0.8733475773456603,0,-0.4870975355557303));
#9858=FACE_BOUND('',#9859,.T.);
#9859=EDGE_LOOP('',(#9860,#9861,#9862));
#9860=ORIENTED_EDGE('',*,*,#9863,.T.);
#9861=ORIENTED_EDGE('',*,*,#9864,.T.);
#9862=ORIENTED_EDGE('',*,*,#9865,.T.);
#9863=EDGE_CURVE('',#585,#497,#9866,.F.);
#9864=EDGE_CURVE('',#497,#587,#9867,.T.);
#9865=EDGE_CURVE('',#587,#585,#9868,.T.);
#9866=LINE('',#584,#9869);
#9867=LINE('',#496,#9870);
#9868=LINE('',#586,#9871);
#9869=VECTOR('',#9872,1.0);
#9870=VECTOR('',#9873,1.0);
#9871=VECTOR('',#9874,1.0);
#9872=DIRECTION('',(-0.8733475773456603,0,-0.4870975355557303));
#9873=DIRECTION('',(0.7007352210188476,0,0.7134214392795236));
#9874=DIRECTION('',(0.9200904330423563,0,-0.3917060058563429));
#9875=FACE_SURFACE('',(#9880),#9876,.T.);
#9876=PLANE('',#9877);
#9877=AXIS2_PLACEMENT_3D('',#586,#9878,#9879);
#9878=DIRECTION('',(0,1,0));
#9879=DIRECTION('',(-0.7007352210188476,0,-0.7134214392795236));
#9880=FACE_BOUND('',#9881,.T.);
#9881=EDGE_LOOP('',(#9882,#9883,#9884));
#9882=ORIENTED_EDGE('',*,*,#9885,.T.);
#9883=ORIENTED_EDGE('',*,*,#9886,.T.);
#9884=ORIENTED_EDGE('',*,*,#9887,.T.);
#9885=EDGE_CURVE('',#587,#497,#9888,.F.);
#9886=EDGE_CURVE('',#497,#589,#9889,.T.);
#9887=EDGE_CURVE('',#589,#587,#9890,.T.);
#9888=LINE('',#586,#9891);
#9889=LINE('',#496,#9892);
#9890=LINE('',#588,#9893);
#9891=VECTOR('',#9894,1.0);
#9892=VECTOR('',#9895,1.0);
#9893=VECTOR('',#9896,1.0);
#9894=DIRECTION('',(-0.7007352210188476,0,-0.7134214392795236));
#9895=DIRECTION('',(0.405415862732316,0,0.9141323636350547));
#9896=DIRECTION('',(0.9696960120730662,0,-0.24431464174214346));
#9897=FACE_SURFACE('',(#9902),#9898,.T.);
#9898=PLANE('',#9899);
#9899=AXIS2_PLACEMENT_3D('',#588,#9900,#9901);
#9900=DIRECTION('',(0,1,0));
#9901=DIRECTION('',(-0.405415862732316,0,-0.9141323636350547));
#9902=FACE_BOUND('',#9903,.T.);
#9903=EDGE_LOOP('',(#9904,#9905,#9906));
#9904=ORIENTED_EDGE('',*,*,#9907,.T.);
#9905=ORIENTED_EDGE('',*,*,#9908,.T.);
#9906=ORIENTED_EDGE('',*,*,#9909,.T.);
#9907=EDGE_CURVE('',#589,#497,#9910,.F.);
#9908=EDGE_CURVE('',#497,#493,#9911,.T.);
#9909=EDGE_CURVE('',#493,#589,#9912,.T.);
#9910=LINE('',#588,#9913);
#9911=LINE('',#496,#9914);
#9912=LINE('',#492,#9915);
#9913=VECTOR('',#9916,1.0);
#9914=VECTOR('',#9917,1.0);
#9915=VECTOR('',#9918,1.0);
#9916=DIRECTION('',(-0.405415862732316,0,-0.9141323636350547));
#9917=DIRECTION('',(0,0,1));
#9918=DIRECTION('',(0.995850467817345,0,-0.09100464684825298));
#9919=FACE_SURFACE('',(#9924),#9920,.T.);
#9920=PLANE('',#9921);
#9921=AXIS2_PLACEMENT_3D('',#574,#9922,#9923);
#9922=DIRECTION('',(0,1,0));
#9923=DIRECTION('',(0.23209565523592837,0,-0.9726929663673965));
#9924=FACE_BOUND('',#9925,.T.);
#9925=EDGE_LOOP('',(#9926,#9927,#9928));
#9926=ORIENTED_EDGE('',*,*,#9929,.T.);
#9927=ORIENTED_EDGE('',*,*,#9930,.T.);
#9928=ORIENTED_EDGE('',*,*,#9931,.T.);
#9929=EDGE_CURVE('',#575,#591,#9932,.F.);
#9930=EDGE_CURVE('',#591,#519,#9933,.T.);
#9931=EDGE_CURVE('',#519,#575,#9934,.T.);
#9932=LINE('',#574,#9935);
#9933=LINE('',#590,#9936);
#9934=LINE('',#518,#9937);
#9935=VECTOR('',#9938,1.0);
#9936=VECTOR('',#9939,1.0);
#9937=VECTOR('',#9940,1.0);
#9938=DIRECTION('',(0.23209565523592837,0,-0.9726929663673965));
#9939=DIRECTION('',(-0.9771669689829973,0,0.21247285645131772));
#9940=DIRECTION('',(0.9932626742495418,0,-0.11588468381390414));
#9941=FACE_SURFACE('',(#9946),#9942,.T.);
#9942=PLANE('',#9943);
#9943=AXIS2_PLACEMENT_3D('',#518,#9944,#9945);
#9944=DIRECTION('',(0,1,0));
#9945=DIRECTION('',(0.9771669689829973,0,-0.21247285645131772));
#9946=FACE_BOUND('',#9947,.T.);
#9947=EDGE_LOOP('',(#9948,#9949,#9950));
#9948=ORIENTED_EDGE('',*,*,#9951,.T.);
#9949=ORIENTED_EDGE('',*,*,#9952,.T.);
#9950=ORIENTED_EDGE('',*,*,#9953,.T.);
#9951=EDGE_CURVE('',#519,#591,#9954,.F.);
#9952=EDGE_CURVE('',#591,#593,#9955,.T.);
#9953=EDGE_CURVE('',#593,#519,#9956,.T.);
#9954=LINE('',#518,#9957);
#9955=LINE('',#590,#9958);
#9956=LINE('',#592,#9959);
#9957=VECTOR('',#9960,1.0);
#9958=VECTOR('',#9961,1.0);
#9959=VECTOR('',#9962,1.0);
#9960=DIRECTION('',(0.9771669689829973,0,-0.21247285645131772));
#9961=DIRECTION('',(0.07847323341705637,0,-0.9969162209719893));
#9962=DIRECTION('',(-0.9521508683903951,0,0.30562840807656666));
#9963=FACE_SURFACE('',(#9968),#9964,.T.);
#9964=PLANE('',#9965);
#9965=AXIS2_PLACEMENT_3D('',#518,#9966,#9967);
#9966=DIRECTION('',(0,1,0));
#9967=DIRECTION('',(0.9521508683903951,0,-0.30562840807656666));
#9968=FACE_BOUND('',#9969,.T.);
#9969=EDGE_LOOP('',(#9970,#9971,#9972));
#9970=ORIENTED_EDGE('',*,*,#9973,.T.);
#9971=ORIENTED_EDGE('',*,*,#9974,.T.);
#9972=ORIENTED_EDGE('',*,*,#9975,.T.);
#9973=EDGE_CURVE('',#519,#593,#9976,.F.);
#9974=EDGE_CURVE('',#593,#515,#9977,.T.);
#9975=EDGE_CURVE('',#515,#519,#9978,.T.);
#9976=LINE('',#518,#9979);
#9977=LINE('',#592,#9980);
#9978=LINE('',#514,#9981);
#9979=VECTOR('',#9982,1.0);
#9980=VECTOR('',#9983,1.0);
#9981=VECTOR('',#9984,1.0);
#9982=DIRECTION('',(0.9521508683903951,0,-0.30562840807656666));
#9983=DIRECTION('',(-0.2893134464284357,0,-0.9572344173271773));
#9984=DIRECTION('',(0,0,1));
#9985=FACE_SURFACE('',(#9990),#9986,.T.);
#9986=PLANE('',#9987);
#9987=AXIS2_PLACEMENT_3D('',#514,#9988,#9989);
#9988=DIRECTION('',(0,1,0));
#9989=DIRECTION('',(0.2893134464284357,0,0.9572344173271773));
#9990=FACE_BOUND('',#9991,.T.);
#9991=EDGE_LOOP('',(#9992,#9993,#9994));
#9992=ORIENTED_EDGE('',*,*,#9995,.T.);
#9993=ORIENTED_EDGE('',*,*,#9996,.T.);
#9994=ORIENTED_EDGE('',*,*,#9997,.T.);
#9995=EDGE_CURVE('',#515,#593,#9998,.F.);
#9996=EDGE_CURVE('',#593,#595,#9999,.T.);
#9997=EDGE_CURVE('',#595,#515,#10000,.T.);
#9998=LINE('',#514,#10001);
#9999=LINE('',#592,#10002);
#10000=LINE('',#594,#10003);
#10001=VECTOR('',#10004,1.0);
#10002=VECTOR('',#10005,1.0);
#10003=VECTOR('',#10006,1.0);
#10004=DIRECTION('',(0.2893134464284357,0,0.9572344173271773));
#10005=DIRECTION('',(-1.42872542476184E-07,0,-0.9999999999999898));
#10006=DIRECTION('',(-0.9999238016584436,0,-0.012344669980410752));
#10007=FACE_SURFACE('',(#10012),#10008,.T.);
#10008=PLANE('',#10009);
#10009=AXIS2_PLACEMENT_3D('',#514,#10010,#10011);
#10010=DIRECTION('',(-0,1,0));
#10011=DIRECTION('',(0.9999238016584436,0,0.012344669980410752));
#10012=FACE_BOUND('',#10013,.T.);
#10013=EDGE_LOOP('',(#10014,#10015,#10016));
#10014=ORIENTED_EDGE('',*,*,#10017,.T.);
#10015=ORIENTED_EDGE('',*,*,#10018,.T.);
#10016=ORIENTED_EDGE('',*,*,#10019,.T.);
#10017=EDGE_CURVE('',#515,#595,#10020,.F.);
#10018=EDGE_CURVE('',#595,#453,#10021,.T.);
#10019=EDGE_CURVE('',#453,#515,#10022,.T.);
#10020=LINE('',#514,#10023);
#10021=LINE('',#594,#10024);
#10022=LINE('',#452,#10025);
#10023=VECTOR('',#10026,1.0);
#10024=VECTOR('',#10027,1.0);
#10025=VECTOR('',#10028,1.0);
#10026=DIRECTION('',(0.9999238016584436,0,0.012344669980410752));
#10027=DIRECTION('',(-0.9484704651695337,0,-0.31686554988052634));
#10028=DIRECTION('',(-0.9848225874878199,0,0.1735640261511448));
#10029=FACE_SURFACE('',(#10034),#10030,.T.);
#10030=PLANE('',#10031);
#10031=AXIS2_PLACEMENT_3D('',#452,#10032,#10033);
#10032=DIRECTION('',(0,1,0));
#10033=DIRECTION('',(0.9484704651695337,0,0.31686554988052634));
#10034=FACE_BOUND('',#10035,.T.);
#10035=EDGE_LOOP('',(#10036,#10037,#10038));
#10036=ORIENTED_EDGE('',*,*,#10039,.T.);
#10037=ORIENTED_EDGE('',*,*,#10040,.T.);
#10038=ORIENTED_EDGE('',*,*,#10041,.T.);
#10039=EDGE_CURVE('',#453,#595,#10042,.F.);
#10040=EDGE_CURVE('',#595,#597,#10043,.T.);
#10041=EDGE_CURVE('',#597,#453,#10044,.T.);
#10042=LINE('',#452,#10045);
#10043=LINE('',#594,#10046);
#10044=LINE('',#596,#10047);
#10045=VECTOR('',#10048,1.0);
#10046=VECTOR('',#10049,1.0);
#10047=VECTOR('',#10050,1.0);
#10048=DIRECTION('',(0.9484704651695337,0,0.31686554988052634));
#10049=DIRECTION('',(0.0005689899505691066,0,-0.999999838125205));
#10050=DIRECTION('',(-0.9491075395058091,0,-0.3149521843918995));
#10051=FACE_SURFACE('',(#10056),#10052,.T.);
#10052=PLANE('',#10053);
#10053=AXIS2_PLACEMENT_3D('',#452,#10054,#10055);
#10054=DIRECTION('',(0,1,0));
#10055=DIRECTION('',(0.9491075395058091,0,0.3149521843918995));
#10056=FACE_BOUND('',#10057,.T.);
#10057=EDGE_LOOP('',(#10058,#10059,#10060));
#10058=ORIENTED_EDGE('',*,*,#10061,.T.);
#10059=ORIENTED_EDGE('',*,*,#10062,.T.);
#10060=ORIENTED_EDGE('',*,*,#10063,.T.);
#10061=EDGE_CURVE('',#453,#597,#10064,.F.);
#10062=EDGE_CURVE('',#597,#599,#10065,.T.);
#10063=EDGE_CURVE('',#599,#453,#10066,.T.);
#10064=LINE('',#452,#10067);
#10065=LINE('',#596,#10068);
#10066=LINE('',#598,#10069);
#10067=VECTOR('',#10070,1.0);
#10068=VECTOR('',#10071,1.0);
#10069=VECTOR('',#10072,1.0);
#10070=DIRECTION('',(0.9491075395058091,0,0.3149521843918995));
#10071=DIRECTION('',(-0.09801530128353374,0,-0.9951849078007052));
#10072=DIRECTION('',(-0.9904192241422498,0,-0.13809330342005752));
#10073=FACE_SURFACE('',(#10078),#10074,.T.);
#10074=PLANE('',#10075);
#10075=AXIS2_PLACEMENT_3D('',#598,#10076,#10077);
#10076=DIRECTION('',(0,1,0));
#10077=DIRECTION('',(-0.29028777198328687,0,-0.9569393969510186));
#10078=FACE_BOUND('',#10079,.T.);
#10079=EDGE_LOOP('',(#10080,#10081,#10082));
#10080=ORIENTED_EDGE('',*,*,#10083,.T.);
#10081=ORIENTED_EDGE('',*,*,#10084,.T.);
#10082=ORIENTED_EDGE('',*,*,#10085,.T.);
#10083=EDGE_CURVE('',#599,#601,#10086,.F.);
#10084=EDGE_CURVE('',#601,#453,#10087,.T.);
#10085=EDGE_CURVE('',#453,#599,#10088,.T.);
#10086=LINE('',#598,#10089);
#10087=LINE('',#600,#10090);
#10088=LINE('',#452,#10091);
#10089=VECTOR('',#10092,1.0);
#10090=VECTOR('',#10093,1.0);
#10091=VECTOR('',#10094,1.0);
#10092=DIRECTION('',(-0.29028777198328687,0,-0.9569393969510186));
#10093=DIRECTION('',(-0.9984891603485037,0,0.05494903699374523));
#10094=DIRECTION('',(0.9904192241422498,0,0.13809330342005752));
#10095=FACE_SURFACE('',(#10100),#10096,.T.);
#10096=PLANE('',#10097);
#10097=AXIS2_PLACEMENT_3D('',#452,#10098,#10099);
#10098=DIRECTION('',(0,1,0));
#10099=DIRECTION('',(0.9984891603485037,0,-0.05494903699374523));
#10100=FACE_BOUND('',#10101,.T.);
#10101=EDGE_LOOP('',(#10102,#10103,#10104));
#10102=ORIENTED_EDGE('',*,*,#10105,.T.);
#10103=ORIENTED_EDGE('',*,*,#10106,.T.);
#10104=ORIENTED_EDGE('',*,*,#10107,.T.);
#10105=EDGE_CURVE('',#453,#601,#10108,.F.);
#10106=EDGE_CURVE('',#601,#603,#10109,.T.);
#10107=EDGE_CURVE('',#603,#453,#10110,.T.);
#10108=LINE('',#452,#10111);
#10109=LINE('',#600,#10112);
#10110=LINE('',#602,#10113);
#10111=VECTOR('',#10114,1.0);
#10112=VECTOR('',#10115,1.0);
#10113=VECTOR('',#10116,1.0);
#10114=DIRECTION('',(0.9984891603485037,0,-0.05494903699374523));
#10115=DIRECTION('',(-0.47139278929923045,0,-0.8819233743340129));
#10116=DIRECTION('',(-0.9656528252069466,0,0.25983575806621034));
#10117=FACE_SURFACE('',(#10122),#10118,.T.);
#10118=PLANE('',#10119);
#10119=AXIS2_PLACEMENT_3D('',#452,#10120,#10121);
#10120=DIRECTION('',(0,1,0));
#10121=DIRECTION('',(0.9656528252069466,0,-0.25983575806621034));
#10122=FACE_BOUND('',#10123,.T.);
#10123=EDGE_LOOP('',(#10124,#10125,#10126));
#10124=ORIENTED_EDGE('',*,*,#10127,.T.);
#10125=ORIENTED_EDGE('',*,*,#10128,.T.);
#10126=ORIENTED_EDGE('',*,*,#10129,.T.);
#10127=EDGE_CURVE('',#453,#603,#10130,.F.);
#10128=EDGE_CURVE('',#603,#605,#10131,.T.);
#10129=EDGE_CURVE('',#605,#453,#10132,.T.);
#10130=LINE('',#452,#10133);
#10131=LINE('',#602,#10134);
#10132=LINE('',#604,#10135);
#10133=VECTOR('',#10136,1.0);
#10134=VECTOR('',#10137,1.0);
#10135=VECTOR('',#10138,1.0);
#10136=DIRECTION('',(0.9656528252069466,0,-0.25983575806621034));
#10137=DIRECTION('',(-0.6343958076208088,0,-0.7730083824080705));
#10138=DIRECTION('',(-0.883314095159145,0,0.46878162217943303));
#10139=FACE_SURFACE('',(#10144),#10140,.T.);
#10140=PLANE('',#10141);
#10141=AXIS2_PLACEMENT_3D('',#604,#10142,#10143);
#10142=DIRECTION('',(0,1,0));
#10143=DIRECTION('',(-0.7730084841108998,0,-0.6343956836963575));
#10144=FACE_BOUND('',#10145,.T.);
#10145=EDGE_LOOP('',(#10146,#10147,#10148));
#10146=ORIENTED_EDGE('',*,*,#10149,.T.);
#10147=ORIENTED_EDGE('',*,*,#10150,.T.);
#10148=ORIENTED_EDGE('',*,*,#10151,.T.);
#10149=EDGE_CURVE('',#605,#607,#10152,.F.);
#10150=EDGE_CURVE('',#607,#453,#10153,.T.);
#10151=EDGE_CURVE('',#453,#605,#10154,.T.);
#10152=LINE('',#604,#10155);
#10153=LINE('',#606,#10156);
#10154=LINE('',#452,#10157);
#10155=VECTOR('',#10158,1.0);
#10156=VECTOR('',#10159,1.0);
#10157=VECTOR('',#10160,1.0);
#10158=DIRECTION('',(-0.7730084841108998,0,-0.6343956836963575));
#10159=DIRECTION('',(-0.7435497294460822,0,0.6686806411439304));
#10160=DIRECTION('',(0.883314095159145,0,-0.46878162217943303));
#10161=FACE_SURFACE('',(#10166),#10162,.T.);
#10162=PLANE('',#10163);
#10163=AXIS2_PLACEMENT_3D('',#452,#10164,#10165);
#10164=DIRECTION('',(0,1,0));
#10165=DIRECTION('',(0.7435497294460822,0,-0.6686806411439304));
#10166=FACE_BOUND('',#10167,.T.);
#10167=EDGE_LOOP('',(#10168,#10169,#10170));
#10168=ORIENTED_EDGE('',*,*,#10171,.T.);
#10169=ORIENTED_EDGE('',*,*,#10172,.T.);
#10170=ORIENTED_EDGE('',*,*,#10173,.T.);
#10171=EDGE_CURVE('',#453,#607,#10174,.F.);
#10172=EDGE_CURVE('',#607,#609,#10175,.T.);
#10173=EDGE_CURVE('',#609,#453,#10176,.T.);
#10174=LINE('',#452,#10177);
#10175=LINE('',#606,#10178);
#10176=LINE('',#608,#10179);
#10177=VECTOR('',#10180,1.0);
#10178=VECTOR('',#10181,1.0);
#10179=VECTOR('',#10182,1.0);
#10180=DIRECTION('',(0.7435497294460822,0,-0.6686806411439304));
#10181=DIRECTION('',(-0.8819213473289154,0,-0.47139658158025566));
#10182=DIRECTION('',(-0.5428505394736444,0,0.8398293230134164));
#10183=FACE_SURFACE('',(#10188),#10184,.T.);
#10184=PLANE('',#10185);
#10185=AXIS2_PLACEMENT_3D('',#452,#10186,#10187);
#10186=DIRECTION('',(0,1,0));
#10187=DIRECTION('',(0.5428505394736444,0,-0.8398293230134164));
#10188=FACE_BOUND('',#10189,.T.);
#10189=EDGE_LOOP('',(#10190,#10191,#10192));
#10190=ORIENTED_EDGE('',*,*,#10193,.T.);
#10191=ORIENTED_EDGE('',*,*,#10194,.T.);
#10192=ORIENTED_EDGE('',*,*,#10195,.T.);
#10193=EDGE_CURVE('',#453,#609,#10196,.F.);
#10194=EDGE_CURVE('',#609,#611,#10197,.T.);
#10195=EDGE_CURVE('',#611,#453,#10198,.T.);
#10196=LINE('',#452,#10199);
#10197=LINE('',#608,#10200);
#10198=LINE('',#610,#10201);
#10199=VECTOR('',#10202,1.0);
#10200=VECTOR('',#10203,1.0);
#10201=VECTOR('',#10204,1.0);
#10202=DIRECTION('',(0.5428505394736444,0,-0.8398293230134164));
#10203=DIRECTION('',(-0.9569405737941202,0,-0.2902838924683557));
#10204=DIRECTION('',(-0.287897914861466,0,0.9576611042631));
#10205=FACE_SURFACE('',(#10210),#10206,.T.);
#10206=PLANE('',#10207);
#10207=AXIS2_PLACEMENT_3D('',#610,#10208,#10209);
#10208=DIRECTION('',(0,1,0));
#10209=DIRECTION('',(-0.9951847336532677,0,-0.09801706944953507));
#10210=FACE_BOUND('',#10211,.T.);
#10211=EDGE_LOOP('',(#10212,#10213,#10214));
#10212=ORIENTED_EDGE('',*,*,#10215,.T.);
#10213=ORIENTED_EDGE('',*,*,#10216,.T.);
#10214=ORIENTED_EDGE('',*,*,#10217,.T.);
#10215=EDGE_CURVE('',#611,#451,#10218,.F.);
#10216=EDGE_CURVE('',#451,#453,#10219,.T.);
#10217=EDGE_CURVE('',#453,#611,#10220,.T.);
#10218=LINE('',#610,#10221);
#10219=LINE('',#450,#10222);
#10220=LINE('',#452,#10223);
#10221=VECTOR('',#10224,1.0);
#10222=VECTOR('',#10225,1.0);
#10223=VECTOR('',#10226,1.0);
#10224=DIRECTION('',(-0.9951847336532677,0,-0.09801706944953507));
#10225=DIRECTION('',(0,0,1));
#10226=DIRECTION('',(0.287897914861466,0,-0.9576611042631));
#10227=FACE_SURFACE('',(#10232),#10228,.T.);
#10228=PLANE('',#10229);
#10229=AXIS2_PLACEMENT_3D('',#452,#10230,#10231);
#10230=DIRECTION('',(0,1,0));
#10231=DIRECTION('',(-1,0,0));
#10232=FACE_BOUND('',#10233,.T.);
#10233=EDGE_LOOP('',(#10234,#10235,#10236));
#10234=ORIENTED_EDGE('',*,*,#10237,.T.);
#10235=ORIENTED_EDGE('',*,*,#10238,.T.);
#10236=ORIENTED_EDGE('',*,*,#10239,.T.);
#10237=EDGE_CURVE('',#453,#461,#10240,.F.);
#10238=EDGE_CURVE('',#461,#515,#10241,.T.);
#10239=EDGE_CURVE('',#515,#453,#10242,.T.);
#10240=LINE('',#452,#10243);
#10241=LINE('',#460,#10244);
#10242=LINE('',#514,#10245);
#10243=VECTOR('',#10246,1.0);
#10244=VECTOR('',#10247,1.0);
#10245=VECTOR('',#10248,1.0);
#10246=DIRECTION('',(-1,0,0));
#10247=DIRECTION('',(0.9998852354062682,0,0.015149786023295406));
#10248=DIRECTION('',(0.9848225874878199,0,-0.1735640261511448));
#10249=FACE_SURFACE('',(#10254),#10250,.T.);
#10250=PLANE('',#10251);
#10251=AXIS2_PLACEMENT_3D('',#514,#10252,#10253);
#10252=DIRECTION('',(0,1,0));
#10253=DIRECTION('',(-0.9998852354062682,0,-0.015149786023295406));
#10254=FACE_BOUND('',#10255,.T.);
#10255=EDGE_LOOP('',(#10256,#10257,#10258));
#10256=ORIENTED_EDGE('',*,*,#10259,.T.);
#10257=ORIENTED_EDGE('',*,*,#10260,.T.);
#10258=ORIENTED_EDGE('',*,*,#10261,.T.);
#10259=EDGE_CURVE('',#515,#461,#10262,.F.);
#10260=EDGE_CURVE('',#461,#507,#10263,.T.);
#10261=EDGE_CURVE('',#507,#515,#10264,.T.);
#10262=LINE('',#514,#10265);
#10263=LINE('',#460,#10266);
#10264=LINE('',#506,#10267);
#10265=VECTOR('',#10268,1.0);
#10266=VECTOR('',#10269,1.0);
#10267=VECTOR('',#10270,1.0);
#10268=DIRECTION('',(-0.9998852354062682,0,-0.015149786023295406));
#10269=DIRECTION('',(0.9284766094632327,0,0.3713908799091053));
#10270=DIRECTION('',(1,0,0));
#10271=FACE_SURFACE('',(#10276),#10272,.T.);
#10272=PLANE('',#10273);
#10273=AXIS2_PLACEMENT_3D('',#482,#10274,#10275);
#10274=DIRECTION('',(0.9951847853921348,-2.07724134941509E-08,0.09801654413419249));
#10275=DIRECTION('',(0,-0.9999999999999775,-2.1192762586805078E-07));
#10276=FACE_BOUND('',#10277,.T.);
#10277=EDGE_LOOP('',(#10278,#10279,#10280));
#10278=ORIENTED_EDGE('',*,*,#10281,.T.);
#10279=ORIENTED_EDGE('',*,*,#10282,.T.);
#10280=ORIENTED_EDGE('',*,*,#10283,.T.);
#10281=EDGE_CURVE('',#483,#487,#10284,.F.);
#10282=EDGE_CURVE('',#487,#613,#10285,.T.);
#10283=EDGE_CURVE('',#613,#483,#10286,.T.);
#10284=LINE('',#482,#10287);
#10285=LINE('',#486,#10288);
#10286=LINE('',#612,#10289);
#10287=VECTOR('',#10290,1.0);
#10288=VECTOR('',#10291,1.0);
#10289=VECTOR('',#10292,1.0);
#10290=DIRECTION('',(0,-0.9999999999999775,-2.1192762586805078E-07));
#10291=DIRECTION('',(0.012701741421502646,0.991567987849431,-0.1289635267705247));
#10292=DIRECTION('',(-0.0980165441341925,0,0.9951847853921351));
#10293=FACE_SURFACE('',(#10298),#10294,.T.);
#10294=PLANE('',#10295);
#10295=AXIS2_PLACEMENT_3D('',#612,#10296,#10297);
#10296=DIRECTION('',(0.9951847698129042,0,0.09801670231362043));
#10297=DIRECTION('',(-0.012701741421502646,-0.991567987849431,0.1289635267705247));
#10298=FACE_BOUND('',#10299,.T.);
#10299=EDGE_LOOP('',(#10300,#10301,#10302));
#10300=ORIENTED_EDGE('',*,*,#10303,.T.);
#10301=ORIENTED_EDGE('',*,*,#10304,.T.);
#10302=ORIENTED_EDGE('',*,*,#10305,.T.);
#10303=EDGE_CURVE('',#613,#487,#10306,.F.);
#10304=EDGE_CURVE('',#487,#569,#10307,.T.);
#10305=EDGE_CURVE('',#569,#613,#10308,.T.);
#10306=LINE('',#612,#10309);
#10307=LINE('',#486,#10310);
#10308=LINE('',#568,#10311);
#10309=VECTOR('',#10312,1.0);
#10310=VECTOR('',#10313,1.0);
#10311=VECTOR('',#10314,1.0);
#10312=DIRECTION('',(-0.012701741421502646,-0.991567987849431,0.1289635267705247));
#10313=DIRECTION('',(0.09801670231362046,0,-0.9951847698129043));
#10314=DIRECTION('',(0,1,0));
#10315=FACE_SURFACE('',(#10320),#10316,.T.);
#10316=PLANE('',#10317);
#10317=AXIS2_PLACEMENT_3D('',#612,#10318,#10319);
#10318=DIRECTION('',(0.9569403514488797,0,0.2902846254435374));
#10319=DIRECTION('',(0,-1,0));
#10320=FACE_BOUND('',#10321,.T.);
#10321=EDGE_LOOP('',(#10322,#10323,#10324));
#10322=ORIENTED_EDGE('',*,*,#10325,.T.);
#10323=ORIENTED_EDGE('',*,*,#10326,.T.);
#10324=ORIENTED_EDGE('',*,*,#10327,.T.);
#10325=EDGE_CURVE('',#613,#569,#10328,.F.);
#10326=EDGE_CURVE('',#569,#615,#10329,.T.);
#10327=EDGE_CURVE('',#615,#613,#10330,.T.);
#10328=LINE('',#612,#10331);
#10329=LINE('',#568,#10332);
#10330=LINE('',#614,#10333);
#10331=VECTOR('',#10334,1.0);
#10332=VECTOR('',#10335,1.0);
#10333=VECTOR('',#10336,1.0);
#10334=DIRECTION('',(0,-1,0));
#10335=DIRECTION('',(0.03761727746092134,0.9915679821735308,-0.12400756898165756));
#10336=DIRECTION('',(-0.29028462544353734,0,0.9569403514488796));
#10337=FACE_SURFACE('',(#10342),#10338,.T.);
#10338=PLANE('',#10339);
#10339=AXIS2_PLACEMENT_3D('',#614,#10340,#10341);
#10340=DIRECTION('',(0.9569403514488797,0,0.2902846254435374));
#10341=DIRECTION('',(-0.03761727746092134,-0.9915679821735308,0.12400756898165756));
#10342=FACE_BOUND('',#10343,.T.);
#10343=EDGE_LOOP('',(#10344,#10345,#10346));
#10344=ORIENTED_EDGE('',*,*,#10347,.T.);
#10345=ORIENTED_EDGE('',*,*,#10348,.T.);
#10346=ORIENTED_EDGE('',*,*,#10349,.T.);
#10347=EDGE_CURVE('',#615,#569,#10350,.F.);
#10348=EDGE_CURVE('',#569,#567,#10351,.T.);
#10349=EDGE_CURVE('',#567,#615,#10352,.T.);
#10350=LINE('',#614,#10353);
#10351=LINE('',#568,#10354);
#10352=LINE('',#566,#10355);
#10353=VECTOR('',#10356,1.0);
#10354=VECTOR('',#10357,1.0);
#10355=VECTOR('',#10358,1.0);
#10356=DIRECTION('',(-0.03761727746092134,-0.9915679821735308,0.12400756898165756));
#10357=DIRECTION('',(0.29028462544353734,0,-0.9569403514488796));
#10358=DIRECTION('',(0,1,0));
#10359=FACE_SURFACE('',(#10364),#10360,.T.);
#10360=PLANE('',#10361);
#10361=AXIS2_PLACEMENT_3D('',#614,#10362,#10363);
#10362=DIRECTION('',(0.8819212773808259,0,0.4713967124439585));
#10363=DIRECTION('',(0,-1,0));
#10364=FACE_BOUND('',#10365,.T.);
#10365=EDGE_LOOP('',(#10366,#10367,#10368));
#10366=ORIENTED_EDGE('',*,*,#10369,.T.);
#10367=ORIENTED_EDGE('',*,*,#10370,.T.);
#10368=ORIENTED_EDGE('',*,*,#10371,.T.);
#10369=EDGE_CURVE('',#615,#567,#10372,.F.);
#10370=EDGE_CURVE('',#567,#617,#10373,.T.);
#10371=EDGE_CURVE('',#617,#615,#10374,.T.);
#10372=LINE('',#614,#10375);
#10373=LINE('',#566,#10376);
#10374=LINE('',#616,#10377);
#10375=VECTOR('',#10378,1.0);
#10376=VECTOR('',#10379,1.0);
#10377=VECTOR('',#10380,1.0);
#10378=DIRECTION('',(0,-1,0));
#10379=DIRECTION('',(0.06108704768747093,0.9915680109864561,-0.11428583548800746));
#10380=DIRECTION('',(-0.4713967124439585,0,0.8819212773808259));
#10381=FACE_SURFACE('',(#10386),#10382,.T.);
#10382=PLANE('',#10383);
#10383=AXIS2_PLACEMENT_3D('',#616,#10384,#10385);
#10384=DIRECTION('',(0.8819212773808259,0,0.4713967124439585));
#10385=DIRECTION('',(-0.06108704768747093,-0.9915680109864561,0.11428583548800746));
#10386=FACE_BOUND('',#10387,.T.);
#10387=EDGE_LOOP('',(#10388,#10389,#10390));
#10388=ORIENTED_EDGE('',*,*,#10391,.T.);
#10389=ORIENTED_EDGE('',*,*,#10392,.T.);
#10390=ORIENTED_EDGE('',*,*,#10393,.T.);
#10391=EDGE_CURVE('',#617,#567,#10394,.F.);
#10392=EDGE_CURVE('',#567,#565,#10395,.T.);
#10393=EDGE_CURVE('',#565,#617,#10396,.T.);
#10394=LINE('',#616,#10397);
#10395=LINE('',#566,#10398);
#10396=LINE('',#564,#10399);
#10397=VECTOR('',#10400,1.0);
#10398=VECTOR('',#10401,1.0);
#10399=VECTOR('',#10402,1.0);
#10400=DIRECTION('',(-0.06108704768747093,-0.9915680109864561,0.11428583548800746));
#10401=DIRECTION('',(0.4713967124439585,0,-0.8819212773808259));
#10402=DIRECTION('',(0,1,0));
#10403=FACE_SURFACE('',(#10408),#10404,.T.);
#10404=PLANE('',#10405);
#10405=AXIS2_PLACEMENT_3D('',#616,#10406,#10407);
#10406=DIRECTION('',(0.7730103220204332,0,0.6343934442046719));
#10407=DIRECTION('',(0,-1,0));
#10408=FACE_BOUND('',#10409,.T.);
#10409=EDGE_LOOP('',(#10410,#10411,#10412));
#10410=ORIENTED_EDGE('',*,*,#10413,.T.);
#10411=ORIENTED_EDGE('',*,*,#10414,.T.);
#10412=ORIENTED_EDGE('',*,*,#10415,.T.);
#10413=EDGE_CURVE('',#617,#565,#10416,.F.);
#10414=EDGE_CURVE('',#565,#619,#10417,.T.);
#10415=EDGE_CURVE('',#619,#617,#10418,.T.);
#10416=LINE('',#616,#10419);
#10417=LINE('',#564,#10420);
#10418=LINE('',#618,#10421);
#10419=VECTOR('',#10422,1.0);
#10420=VECTOR('',#10423,1.0);
#10421=VECTOR('',#10424,1.0);
#10422=DIRECTION('',(0,-1,0));
#10423=DIRECTION('',(0.08220954261137982,0.9915679736043779,-0.10017257521764791));
#10424=DIRECTION('',(-0.6343934442046719,0,0.7730103220204331));
#10425=FACE_SURFACE('',(#10430),#10426,.T.);
#10426=PLANE('',#10427);
#10427=AXIS2_PLACEMENT_3D('',#618,#10428,#10429);
#10428=DIRECTION('',(0.7730103220204332,0,0.6343934442046719));
#10429=DIRECTION('',(-0.08220954261137982,-0.9915679736043779,0.10017257521764791));
#10430=FACE_BOUND('',#10431,.T.);
#10431=EDGE_LOOP('',(#10432,#10433,#10434));
#10432=ORIENTED_EDGE('',*,*,#10435,.T.);
#10433=ORIENTED_EDGE('',*,*,#10436,.T.);
#10434=ORIENTED_EDGE('',*,*,#10437,.T.);
#10435=EDGE_CURVE('',#619,#565,#10438,.F.);
#10436=EDGE_CURVE('',#565,#563,#10439,.T.);
#10437=EDGE_CURVE('',#563,#619,#10440,.T.);
#10438=LINE('',#618,#10441);
#10439=LINE('',#564,#10442);
#10440=LINE('',#562,#10443);
#10441=VECTOR('',#10444,1.0);
#10442=VECTOR('',#10445,1.0);
#10443=VECTOR('',#10446,1.0);
#10444=DIRECTION('',(-0.08220954261137982,-0.9915679736043779,0.10017257521764791));
#10445=DIRECTION('',(0.6343934442046719,0,-0.7730103220204331));
#10446=DIRECTION('',(0,1,0));
#10447=FACE_SURFACE('',(#10452),#10448,.T.);
#10448=PLANE('',#10449);
#10449=AXIS2_PLACEMENT_3D('',#618,#10450,#10451);
#10450=DIRECTION('',(0.6343942394311995,0,0.773009669393928));
#10451=DIRECTION('',(0,-1,0));
#10452=FACE_BOUND('',#10453,.T.);
#10453=EDGE_LOOP('',(#10454,#10455,#10456));
#10454=ORIENTED_EDGE('',*,*,#10457,.T.);
#10455=ORIENTED_EDGE('',*,*,#10458,.T.);
#10456=ORIENTED_EDGE('',*,*,#10459,.T.);
#10457=EDGE_CURVE('',#619,#563,#10460,.F.);
#10458=EDGE_CURVE('',#563,#621,#10461,.T.);
#10459=EDGE_CURVE('',#621,#619,#10462,.T.);
#10460=LINE('',#618,#10463);
#10461=LINE('',#562,#10464);
#10462=LINE('',#620,#10465);
#10463=VECTOR('',#10466,1.0);
#10464=VECTOR('',#10467,1.0);
#10465=VECTOR('',#10468,1.0);
#10466=DIRECTION('',(0,-1,0));
#10467=DIRECTION('',(0.10017236718566055,0.9915679944771895,-0.08220954434191603));
#10468=DIRECTION('',(-0.7730096693939279,0,0.6343942394311994));
#10469=FACE_SURFACE('',(#10474),#10470,.T.);
#10470=PLANE('',#10471);
#10471=AXIS2_PLACEMENT_3D('',#620,#10472,#10473);
#10472=DIRECTION('',(0.6343942394311995,0,0.773009669393928));
#10473=DIRECTION('',(-0.10017236718566055,-0.9915679944771895,0.08220954434191603));
#10474=FACE_BOUND('',#10475,.T.);
#10475=EDGE_LOOP('',(#10476,#10477,#10478));
#10476=ORIENTED_EDGE('',*,*,#10479,.T.);
#10477=ORIENTED_EDGE('',*,*,#10480,.T.);
#10478=ORIENTED_EDGE('',*,*,#10481,.T.);
#10479=EDGE_CURVE('',#621,#563,#10482,.F.);
#10480=EDGE_CURVE('',#563,#561,#10483,.T.);
#10481=EDGE_CURVE('',#561,#621,#10484,.T.);
#10482=LINE('',#620,#10485);
#10483=LINE('',#562,#10486);
#10484=LINE('',#560,#10487);
#10485=VECTOR('',#10488,1.0);
#10486=VECTOR('',#10489,1.0);
#10487=VECTOR('',#10490,1.0);
#10488=DIRECTION('',(-0.10017236718566055,-0.9915679944771895,0.08220954434191603));
#10489=DIRECTION('',(0.7730096693939279,0,-0.6343942394311994));
#10490=DIRECTION('',(0,1,0));
#10491=FACE_SURFACE('',(#10496),#10492,.T.);
#10492=PLANE('',#10493);
#10493=AXIS2_PLACEMENT_3D('',#620,#10494,#10495);
#10494=DIRECTION('',(0.4713959947570372,0,0.8819216609920767));
#10495=DIRECTION('',(0,-1,0));
#10496=FACE_BOUND('',#10497,.T.);
#10497=EDGE_LOOP('',(#10498,#10499,#10500));
#10498=ORIENTED_EDGE('',*,*,#10501,.T.);
#10499=ORIENTED_EDGE('',*,*,#10502,.T.);
#10500=ORIENTED_EDGE('',*,*,#10503,.T.);
#10501=EDGE_CURVE('',#621,#561,#10504,.F.);
#10502=EDGE_CURVE('',#561,#623,#10505,.T.);
#10503=EDGE_CURVE('',#623,#621,#10506,.T.);
#10504=LINE('',#620,#10507);
#10505=LINE('',#560,#10508);
#10506=LINE('',#622,#10509);
#10507=VECTOR('',#10510,1.0);
#10508=VECTOR('',#10511,1.0);
#10509=VECTOR('',#10512,1.0);
#10510=DIRECTION('',(0,-1,0));
#10511=DIRECTION('',(0.11428624954634677,0.991567956994858,-0.061087149431558345));
#10512=DIRECTION('',(-0.8819216609920767,0,0.4713959947570372));
#10513=FACE_SURFACE('',(#10518),#10514,.T.);
#10514=PLANE('',#10515);
#10515=AXIS2_PLACEMENT_3D('',#622,#10516,#10517);
#10516=DIRECTION('',(0.4713959947570372,0,0.8819216609920767));
#10517=DIRECTION('',(-0.11428624954634677,-0.991567956994858,0.061087149431558345));
#10518=FACE_BOUND('',#10519,.T.);
#10519=EDGE_LOOP('',(#10520,#10521,#10522));
#10520=ORIENTED_EDGE('',*,*,#10523,.T.);
#10521=ORIENTED_EDGE('',*,*,#10524,.T.);
#10522=ORIENTED_EDGE('',*,*,#10525,.T.);
#10523=EDGE_CURVE('',#623,#561,#10526,.F.);
#10524=EDGE_CURVE('',#561,#559,#10527,.T.);
#10525=EDGE_CURVE('',#559,#623,#10528,.T.);
#10526=LINE('',#622,#10529);
#10527=LINE('',#560,#10530);
#10528=LINE('',#558,#10531);
#10529=VECTOR('',#10532,1.0);
#10530=VECTOR('',#10533,1.0);
#10531=VECTOR('',#10534,1.0);
#10532=DIRECTION('',(-0.11428624954634677,-0.991567956994858,0.061087149431558345));
#10533=DIRECTION('',(0.8819216609920767,0,-0.4713959947570372));
#10534=DIRECTION('',(0,1,0));
#10535=FACE_SURFACE('',(#10540),#10536,.T.);
#10536=PLANE('',#10537);
#10537=AXIS2_PLACEMENT_3D('',#622,#10538,#10539);
#10538=DIRECTION('',(0.29028507590359437,0,0.956940214803226));
#10539=DIRECTION('',(0,-1,0));
#10540=FACE_BOUND('',#10541,.T.);
#10541=EDGE_LOOP('',(#10542,#10543,#10544));
#10542=ORIENTED_EDGE('',*,*,#10545,.T.);
#10543=ORIENTED_EDGE('',*,*,#10546,.T.);
#10544=ORIENTED_EDGE('',*,*,#10547,.T.);
#10545=EDGE_CURVE('',#623,#559,#10548,.F.);
#10546=EDGE_CURVE('',#559,#625,#10549,.T.);
#10547=EDGE_CURVE('',#625,#623,#10550,.T.);
#10548=LINE('',#622,#10551);
#10549=LINE('',#558,#10552);
#10550=LINE('',#624,#10553);
#10551=VECTOR('',#10554,1.0);
#10552=VECTOR('',#10555,1.0);
#10553=VECTOR('',#10556,1.0);
#10554=DIRECTION('',(0,-1,0));
#10555=DIRECTION('',(0.1240073620725182,0.9915680080128106,-0.037617278441190345));
#10556=DIRECTION('',(-0.9569402148032261,0,0.2902850759035944));
#10557=FACE_SURFACE('',(#10562),#10558,.T.);
#10558=PLANE('',#10559);
#10559=AXIS2_PLACEMENT_3D('',#624,#10560,#10561);
#10560=DIRECTION('',(0.29028507590359437,0,0.956940214803226));
#10561=DIRECTION('',(-0.1240073620725182,-0.9915680080128106,0.037617278441190345));
#10562=FACE_BOUND('',#10563,.T.);
#10563=EDGE_LOOP('',(#10564,#10565,#10566));
#10564=ORIENTED_EDGE('',*,*,#10567,.T.);
#10565=ORIENTED_EDGE('',*,*,#10568,.T.);
#10566=ORIENTED_EDGE('',*,*,#10569,.T.);
#10567=EDGE_CURVE('',#625,#559,#10570,.F.);
#10568=EDGE_CURVE('',#559,#557,#10571,.T.);
#10569=EDGE_CURVE('',#557,#625,#10572,.T.);
#10570=LINE('',#624,#10573);
#10571=LINE('',#558,#10574);
#10572=LINE('',#556,#10575);
#10573=VECTOR('',#10576,1.0);
#10574=VECTOR('',#10577,1.0);
#10575=VECTOR('',#10578,1.0);
#10576=DIRECTION('',(-0.1240073620725182,-0.9915680080128106,0.037617278441190345));
#10577=DIRECTION('',(0.9569402148032261,0,-0.2902850759035944));
#10578=DIRECTION('',(0,1,0));
#10579=FACE_SURFACE('',(#10584),#10580,.T.);
#10580=PLANE('',#10581);
#10581=AXIS2_PLACEMENT_3D('',#624,#10582,#10583);
#10582=DIRECTION('',(0.09801654413419252,0,0.9951847853921352));
#10583=DIRECTION('',(0,-1,0));
#10584=FACE_BOUND('',#10585,.T.);
#10585=EDGE_LOOP('',(#10586,#10587,#10588));
#10586=ORIENTED_EDGE('',*,*,#10589,.T.);
#10587=ORIENTED_EDGE('',*,*,#10590,.T.);
#10588=ORIENTED_EDGE('',*,*,#10591,.T.);
#10589=EDGE_CURVE('',#625,#557,#10592,.F.);
#10590=EDGE_CURVE('',#557,#455,#10593,.T.);
#10591=EDGE_CURVE('',#455,#625,#10594,.T.);
#10592=LINE('',#624,#10595);
#10593=LINE('',#556,#10596);
#10594=LINE('',#454,#10597);
#10595=VECTOR('',#10598,1.0);
#10596=VECTOR('',#10599,1.0);
#10597=VECTOR('',#10600,1.0);
#10598=DIRECTION('',(0,-1,0));
#10599=DIRECTION('',(0.12896373341619247,0.9915679609774426,-0.012701741077279099));
#10600=DIRECTION('',(-0.9951847853921351,0,0.0980165441341925));
#10601=FACE_SURFACE('',(#10606),#10602,.T.);
#10602=PLANE('',#10603);
#10603=AXIS2_PLACEMENT_3D('',#454,#10604,#10605);
#10604=DIRECTION('',(0.09801654413419252,0,0.9951847853921352));
#10605=DIRECTION('',(-0.12896373341619247,-0.9915679609774426,0.012701741077279099));
#10606=FACE_BOUND('',#10607,.T.);
#10607=EDGE_LOOP('',(#10608,#10609,#10610));
#10608=ORIENTED_EDGE('',*,*,#10611,.T.);
#10609=ORIENTED_EDGE('',*,*,#10612,.T.);
#10610=ORIENTED_EDGE('',*,*,#10613,.T.);
#10611=EDGE_CURVE('',#455,#557,#10614,.F.);
#10612=EDGE_CURVE('',#557,#457,#10615,.T.);
#10613=EDGE_CURVE('',#457,#455,#10616,.T.);
#10614=LINE('',#454,#10617);
#10615=LINE('',#556,#10618);
#10616=LINE('',#456,#10619);
#10617=VECTOR('',#10620,1.0);
#10618=VECTOR('',#10621,1.0);
#10619=VECTOR('',#10622,1.0);
#10620=DIRECTION('',(-0.12896373341619247,-0.9915679609774426,0.012701741077279099));
#10621=DIRECTION('',(0.9951847853921351,0,-0.0980165441341925));
#10622=DIRECTION('',(0,1,0));
#10623=FACE_SURFACE('',(#10628),#10624,.T.);
#10624=PLANE('',#10625);
#10625=AXIS2_PLACEMENT_3D('',#368,#10626,#10627);
#10626=DIRECTION('',(0,-1,0));
#10627=DIRECTION('',(0.9464429182636172,0,0.3228711855657736));
#10628=FACE_BOUND('',#10629,.T.);
#10629=EDGE_LOOP('',(#10630,#10631,#10632));
#10630=ORIENTED_EDGE('',*,*,#10633,.T.);
#10631=ORIENTED_EDGE('',*,*,#10634,.T.);
#10632=ORIENTED_EDGE('',*,*,#10635,.T.);
#10633=EDGE_CURVE('',#369,#341,#10636,.F.);
#10634=EDGE_CURVE('',#341,#367,#10637,.T.);
#10635=EDGE_CURVE('',#367,#369,#10638,.T.);
#10636=LINE('',#368,#10639);
#10637=LINE('',#340,#10640);
#10638=LINE('',#366,#10641);
#10639=VECTOR('',#10642,1.0);
#10640=VECTOR('',#10643,1.0);
#10641=VECTOR('',#10644,1.0);
#10642=DIRECTION('',(0.9464429182636172,0,0.3228711855657736));
#10643=DIRECTION('',(-0.9943031736466739,0,0.10658892473494735));
#10644=DIRECTION('',(0,0,-1));
#10645=FACE_SURFACE('',(#10650),#10646,.T.);
#10646=PLANE('',#10647);
#10647=AXIS2_PLACEMENT_3D('',#366,#10648,#10649);
#10648=DIRECTION('',(0,-1,0));
#10649=DIRECTION('',(0.9943031736466739,0,-0.10658892473494735));
#10650=FACE_BOUND('',#10651,.T.);
#10651=EDGE_LOOP('',(#10652,#10653,#10654));
#10652=ORIENTED_EDGE('',*,*,#10655,.T.);
#10653=ORIENTED_EDGE('',*,*,#10656,.T.);
#10654=ORIENTED_EDGE('',*,*,#10657,.T.);
#10655=EDGE_CURVE('',#367,#341,#10658,.F.);
#10656=EDGE_CURVE('',#341,#343,#10659,.T.);
#10657=EDGE_CURVE('',#343,#367,#10660,.T.);
#10658=LINE('',#366,#10661);
#10659=LINE('',#340,#10662);
#10660=LINE('',#342,#10663);
#10661=VECTOR('',#10664,1.0);
#10662=VECTOR('',#10665,1.0);
#10663=VECTOR('',#10666,1.0);
#10664=DIRECTION('',(0.9943031736466739,0,-0.10658892473494735));
#10665=DIRECTION('',(-0.3016484310541291,0,0.9534192278544535));
#10666=DIRECTION('',(-0.9966988425953077,0,-0.08118754318966635));
#10667=FACE_SURFACE('',(#10672),#10668,.T.);
#10668=PLANE('',#10669);
#10669=AXIS2_PLACEMENT_3D('',#366,#10670,#10671);
#10670=DIRECTION('',(0,-1,0));
#10671=DIRECTION('',(0.9966988425953077,0,0.08118754318966635));
#10672=FACE_BOUND('',#10673,.T.);
#10673=EDGE_LOOP('',(#10674,#10675,#10676));
#10674=ORIENTED_EDGE('',*,*,#10677,.T.);
#10675=ORIENTED_EDGE('',*,*,#10678,.T.);
#10676=ORIENTED_EDGE('',*,*,#10679,.T.);
#10677=EDGE_CURVE('',#367,#343,#10680,.F.);
#10678=EDGE_CURVE('',#343,#345,#10681,.T.);
#10679=EDGE_CURVE('',#345,#367,#10682,.T.);
#10680=LINE('',#366,#10683);
#10681=LINE('',#342,#10684);
#10682=LINE('',#344,#10685);
#10683=VECTOR('',#10686,1.0);
#10684=VECTOR('',#10687,1.0);
#10685=VECTOR('',#10688,1.0);
#10686=DIRECTION('',(0.9966988425953077,0,0.08118754318966635));
#10687=DIRECTION('',(-0.4802045142245755,0,0.8771565564472168));
#10688=DIRECTION('',(-0.960531886735723,0,-0.27816990233293065));
#10689=FACE_SURFACE('',(#10694),#10690,.T.);
#10690=PLANE('',#10691);
#10691=AXIS2_PLACEMENT_3D('',#370,#10692,#10693);
#10692=DIRECTION('',(0,-1,0));
#10693=DIRECTION('',(0.9998202545614954,0,-0.018959392621776566));
#10694=FACE_BOUND('',#10695,.T.);
#10695=EDGE_LOOP('',(#10696,#10697,#10698));
#10696=ORIENTED_EDGE('',*,*,#10699,.T.);
#10697=ORIENTED_EDGE('',*,*,#10700,.T.);
#10698=ORIENTED_EDGE('',*,*,#10701,.T.);
#10699=EDGE_CURVE('',#371,#359,#10702,.F.);
#10700=EDGE_CURVE('',#359,#369,#10703,.T.);
#10701=EDGE_CURVE('',#369,#371,#10704,.T.);
#10702=LINE('',#370,#10705);
#10703=LINE('',#358,#10706);
#10704=LINE('',#368,#10707);
#10705=VECTOR('',#10708,1.0);
#10706=VECTOR('',#10709,1.0);
#10707=VECTOR('',#10710,1.0);
#10708=DIRECTION('',(0.9998202545614954,0,-0.018959392621776566));
#10709=DIRECTION('',(0,0,1));
#10710=DIRECTION('',(-1,0,0));
#10711=FACE_SURFACE('',(#10716),#10712,.T.);
#10712=PLANE('',#10713);
#10713=AXIS2_PLACEMENT_3D('',#368,#10714,#10715);
#10714=DIRECTION('',(0,-1,0));
#10715=DIRECTION('',(0,0,-1));
#10716=FACE_BOUND('',#10717,.T.);
#10717=EDGE_LOOP('',(#10718,#10719,#10720));
#10718=ORIENTED_EDGE('',*,*,#10721,.T.);
#10719=ORIENTED_EDGE('',*,*,#10722,.T.);
#10720=ORIENTED_EDGE('',*,*,#10723,.T.);
#10721=EDGE_CURVE('',#369,#359,#10724,.F.);
#10722=EDGE_CURVE('',#359,#339,#10725,.T.);
#10723=EDGE_CURVE('',#339,#369,#10726,.T.);
#10724=LINE('',#368,#10727);
#10725=LINE('',#358,#10728);
#10726=LINE('',#338,#10729);
#10727=VECTOR('',#10730,1.0);
#10728=VECTOR('',#10731,1.0);
#10729=VECTOR('',#10732,1.0);
#10730=DIRECTION('',(0,0,-1));
#10731=DIRECTION('',(0.8630848548606782,0,0.5050589404318292));
#10732=DIRECTION('',(-0.9894676932625636,0,-0.14475387383300398));
#10733=FACE_SURFACE('',(#10738),#10734,.T.);
#10734=PLANE('',#10735);
#10735=AXIS2_PLACEMENT_3D('',#368,#10736,#10737);
#10736=DIRECTION('',(0,-1,0));
#10737=DIRECTION('',(0.9894676932625636,0,0.14475387383300398));
#10738=FACE_BOUND('',#10739,.T.);
#10739=EDGE_LOOP('',(#10740,#10741,#10742));
#10740=ORIENTED_EDGE('',*,*,#10743,.T.);
#10741=ORIENTED_EDGE('',*,*,#10744,.T.);
#10742=ORIENTED_EDGE('',*,*,#10745,.T.);
#10743=EDGE_CURVE('',#369,#339,#10746,.F.);
#10744=EDGE_CURVE('',#339,#341,#10747,.T.);
#10745=EDGE_CURVE('',#341,#369,#10748,.T.);
#10746=LINE('',#368,#10749);
#10747=LINE('',#338,#10750);
#10748=LINE('',#340,#10751);
#10749=VECTOR('',#10752,1.0);
#10750=VECTOR('',#10753,1.0);
#10751=VECTOR('',#10754,1.0);
#10752=DIRECTION('',(0.9894676932625636,0,0.14475387383300398));
#10753=DIRECTION('',(-0.11170685499224792,0,0.9937412030039516));
#10754=DIRECTION('',(-0.9464429182636172,0,-0.3228711855657736));
#10755=FACE_SURFACE('',(#10760),#10756,.T.);
#10756=PLANE('',#10757);
#10757=AXIS2_PLACEMENT_3D('',#364,#10758,#10759);
#10758=DIRECTION('',(0,-1,-0));
#10759=DIRECTION('',(-0.9780262569021706,0,-0.2084817517432385));
#10760=FACE_BOUND('',#10761,.T.);
#10761=EDGE_LOOP('',(#10762,#10763,#10764));
#10762=ORIENTED_EDGE('',*,*,#10765,.T.);
#10763=ORIENTED_EDGE('',*,*,#10766,.T.);
#10764=ORIENTED_EDGE('',*,*,#10767,.T.);
#10765=EDGE_CURVE('',#365,#303,#10768,.F.);
#10766=EDGE_CURVE('',#303,#371,#10769,.T.);
#10767=EDGE_CURVE('',#371,#365,#10770,.T.);
#10768=LINE('',#364,#10771);
#10769=LINE('',#302,#10772);
#10770=LINE('',#370,#10773);
#10771=VECTOR('',#10774,1.0);
#10772=VECTOR('',#10775,1.0);
#10773=VECTOR('',#10776,1.0);
#10774=DIRECTION('',(-0.9780262569021706,0,-0.2084817517432385));
#10775=DIRECTION('',(0.9869729502432603,0,-0.1608862812302988));
#10776=DIRECTION('',(0,0,1));
#10777=FACE_SURFACE('',(#10782),#10778,.T.);
#10778=PLANE('',#10779);
#10779=AXIS2_PLACEMENT_3D('',#370,#10780,#10781);
#10780=DIRECTION('',(-0,-1,-0));
#10781=DIRECTION('',(-0.9869729502432603,0,0.1608862812302988));
#10782=FACE_BOUND('',#10783,.T.);
#10783=EDGE_LOOP('',(#10784,#10785,#10786));
#10784=ORIENTED_EDGE('',*,*,#10787,.T.);
#10785=ORIENTED_EDGE('',*,*,#10788,.T.);
#10786=ORIENTED_EDGE('',*,*,#10789,.T.);
#10787=EDGE_CURVE('',#371,#303,#10790,.F.);
#10788=EDGE_CURVE('',#303,#357,#10791,.T.);
#10789=EDGE_CURVE('',#357,#371,#10792,.T.);
#10790=LINE('',#370,#10793);
#10791=LINE('',#302,#10794);
#10792=LINE('',#356,#10795);
#10793=VECTOR('',#10796,1.0);
#10794=VECTOR('',#10797,1.0);
#10795=VECTOR('',#10798,1.0);
#10796=DIRECTION('',(-0.9869729502432603,0,0.1608862812302988));
#10797=DIRECTION('',(0.8802049822654711,0,-0.4745937096033213));
#10798=DIRECTION('',(0,0,1));
#10799=FACE_SURFACE('',(#10804),#10800,.T.);
#10800=PLANE('',#10801);
#10801=AXIS2_PLACEMENT_3D('',#370,#10802,#10803);
#10802=DIRECTION('',(0,-1,0));
#10803=DIRECTION('',(0,0,-1));
#10804=FACE_BOUND('',#10805,.T.);
#10805=EDGE_LOOP('',(#10806,#10807,#10808));
#10806=ORIENTED_EDGE('',*,*,#10809,.T.);
#10807=ORIENTED_EDGE('',*,*,#10810,.T.);
#10808=ORIENTED_EDGE('',*,*,#10811,.T.);
#10809=EDGE_CURVE('',#371,#357,#10812,.F.);
#10810=EDGE_CURVE('',#357,#359,#10813,.T.);
#10811=EDGE_CURVE('',#359,#371,#10814,.T.);
#10812=LINE('',#370,#10815);
#10813=LINE('',#356,#10816);
#10814=LINE('',#358,#10817);
#10815=VECTOR('',#10818,1.0);
#10816=VECTOR('',#10819,1.0);
#10817=VECTOR('',#10820,1.0);
#10818=DIRECTION('',(0,0,-1));
#10819=DIRECTION('',(1,0,0));
#10820=DIRECTION('',(-0.9998202545614954,0,0.018959392621776566));
#10821=FACE_SURFACE('',(#10826),#10822,.T.);
#10822=PLANE('',#10823);
#10823=AXIS2_PLACEMENT_3D('',#366,#10824,#10825);
#10824=DIRECTION('',(0,-1,0));
#10825=DIRECTION('',(0.04183778418277786,0,0.9991244165841787));
#10826=FACE_BOUND('',#10827,.T.);
#10827=EDGE_LOOP('',(#10828,#10829,#10830));
#10828=ORIENTED_EDGE('',*,*,#10831,.T.);
#10829=ORIENTED_EDGE('',*,*,#10832,.T.);
#10830=ORIENTED_EDGE('',*,*,#10833,.T.);
#10831=EDGE_CURVE('',#367,#355,#10834,.F.);
#10832=EDGE_CURVE('',#355,#365,#10835,.T.);
#10833=EDGE_CURVE('',#365,#367,#10836,.T.);
#10834=LINE('',#366,#10837);
#10835=LINE('',#354,#10838);
#10836=LINE('',#364,#10839);
#10837=VECTOR('',#10840,1.0);
#10838=VECTOR('',#10841,1.0);
#10839=VECTOR('',#10842,1.0);
#10840=DIRECTION('',(0.04183778418277786,0,0.9991244165841787));
#10841=DIRECTION('',(-0.9995876730242328,0,-0.028713828341052683));
#10842=DIRECTION('',(1,0,0));
#10843=FACE_SURFACE('',(#10848),#10844,.T.);
#10844=PLANE('',#10845);
#10845=AXIS2_PLACEMENT_3D('',#364,#10846,#10847);
#10846=DIRECTION('',(0,-1,0));
#10847=DIRECTION('',(0.9995876730242328,0,0.028713828341052683));
#10848=FACE_BOUND('',#10849,.T.);
#10849=EDGE_LOOP('',(#10850,#10851,#10852));
#10850=ORIENTED_EDGE('',*,*,#10853,.T.);
#10851=ORIENTED_EDGE('',*,*,#10854,.T.);
#10852=ORIENTED_EDGE('',*,*,#10855,.T.);
#10853=EDGE_CURVE('',#365,#355,#10856,.F.);
#10854=EDGE_CURVE('',#355,#287,#10857,.T.);
#10855=EDGE_CURVE('',#287,#365,#10858,.T.);
#10856=LINE('',#364,#10859);
#10857=LINE('',#354,#10860);
#10858=LINE('',#286,#10861);
#10859=VECTOR('',#10862,1.0);
#10860=VECTOR('',#10863,1.0);
#10861=VECTOR('',#10864,1.0);
#10862=DIRECTION('',(0.9995876730242328,0,0.028713828341052683));
#10863=DIRECTION('',(-0.9999999509423514,0,0.0003132336106790477));
#10864=DIRECTION('',(0.2602745635619434,0,-0.9655346454491626));
#10865=FACE_SURFACE('',(#10870),#10866,.T.);
#10866=PLANE('',#10867);
#10867=AXIS2_PLACEMENT_3D('',#364,#10868,#10869);
#10868=DIRECTION('',(0,-1,0));
#10869=DIRECTION('',(-0.2602745635619434,0,0.9655346454491626));
#10870=FACE_BOUND('',#10871,.T.);
#10871=EDGE_LOOP('',(#10872,#10873,#10874));
#10872=ORIENTED_EDGE('',*,*,#10875,.T.);
#10873=ORIENTED_EDGE('',*,*,#10876,.T.);
#10874=ORIENTED_EDGE('',*,*,#10877,.T.);
#10875=EDGE_CURVE('',#365,#287,#10878,.F.);
#10876=EDGE_CURVE('',#287,#289,#10879,.T.);
#10877=EDGE_CURVE('',#289,#365,#10880,.T.);
#10878=LINE('',#364,#10881);
#10879=LINE('',#286,#10882);
#10880=LINE('',#288,#10883);
#10881=VECTOR('',#10884,1.0);
#10882=VECTOR('',#10885,1.0);
#10883=VECTOR('',#10886,1.0);
#10884=DIRECTION('',(-0.2602745635619434,0,0.9655346454491626));
#10885=DIRECTION('',(-0.9993595277291598,0,-0.03578455444672753));
#10886=DIRECTION('',(0.48554885355398736,0,-0.8742095348441405));
#10887=FACE_SURFACE('',(#10892),#10888,.T.);
#10888=PLANE('',#10889);
#10889=AXIS2_PLACEMENT_3D('',#358,#10890,#10891);
#10890=DIRECTION('',(0,-1,0));
#10891=DIRECTION('',(0,0,-1));
#10892=FACE_BOUND('',#10893,.T.);
#10893=EDGE_LOOP('',(#10894,#10895,#10896));
#10894=ORIENTED_EDGE('',*,*,#10897,.T.);
#10895=ORIENTED_EDGE('',*,*,#10898,.T.);
#10896=ORIENTED_EDGE('',*,*,#10899,.T.);
#10897=EDGE_CURVE('',#359,#361,#10900,.F.);
#10898=EDGE_CURVE('',#361,#339,#10901,.T.);
#10899=EDGE_CURVE('',#339,#359,#10902,.T.);
#10900=LINE('',#358,#10903);
#10901=LINE('',#360,#10904);
#10902=LINE('',#338,#10905);
#10903=VECTOR('',#10906,1.0);
#10904=VECTOR('',#10907,1.0);
#10905=VECTOR('',#10908,1.0);
#10906=DIRECTION('',(0,0,-1));
#10907=DIRECTION('',(0.6986510458785808,0,0.7154625888841184));
#10908=DIRECTION('',(-0.8630848548606782,0,-0.5050589404318292));
#10909=FACE_SURFACE('',(#10914),#10910,.T.);
#10910=PLANE('',#10911);
#10911=AXIS2_PLACEMENT_3D('',#338,#10912,#10913);
#10912=DIRECTION('',(0,-1,0));
#10913=DIRECTION('',(-0.6986510458785808,0,-0.7154625888841184));
#10914=FACE_BOUND('',#10915,.T.);
#10915=EDGE_LOOP('',(#10916,#10917,#10918));
#10916=ORIENTED_EDGE('',*,*,#10919,.T.);
#10917=ORIENTED_EDGE('',*,*,#10920,.T.);
#10918=ORIENTED_EDGE('',*,*,#10921,.T.);
#10919=EDGE_CURVE('',#339,#361,#10922,.F.);
#10920=EDGE_CURVE('',#361,#337,#10923,.T.);
#10921=EDGE_CURVE('',#337,#339,#10924,.T.);
#10922=LINE('',#338,#10925);
#10923=LINE('',#360,#10926);
#10924=LINE('',#336,#10927);
#10925=VECTOR('',#10928,1.0);
#10926=VECTOR('',#10929,1.0);
#10927=VECTOR('',#10930,1.0);
#10928=DIRECTION('',(-0.6986510458785808,0,-0.7154625888841184));
#10929=DIRECTION('',(0.05063032311228166,0,-0.9987174627398612));
#10930=DIRECTION('',(0.004615265035297206,0,0.9999893496076115));
#10931=FACE_SURFACE('',(#10936),#10932,.T.);
#10932=PLANE('',#10933);
#10933=AXIS2_PLACEMENT_3D('',#336,#10934,#10935);
#10934=DIRECTION('',(0,-1,0));
#10935=DIRECTION('',(-0.05063032311228166,0,0.9987174627398612));
#10936=FACE_BOUND('',#10937,.T.);
#10937=EDGE_LOOP('',(#10938,#10939,#10940));
#10938=ORIENTED_EDGE('',*,*,#10941,.T.);
#10939=ORIENTED_EDGE('',*,*,#10942,.T.);
#10940=ORIENTED_EDGE('',*,*,#10943,.T.);
#10941=EDGE_CURVE('',#337,#361,#10944,.F.);
#10942=EDGE_CURVE('',#361,#517,#10945,.T.);
#10943=EDGE_CURVE('',#517,#337,#10946,.T.);
#10944=LINE('',#336,#10947);
#10945=LINE('',#360,#10948);
#10946=LINE('',#516,#10949);
#10947=VECTOR('',#10950,1.0);
#10948=VECTOR('',#10951,1.0);
#10949=VECTOR('',#10952,1.0);
#10950=DIRECTION('',(-0.05063032311228166,0,0.9987174627398612));
#10951=DIRECTION('',(-0.3269816211339238,0,-0.9450306976181414));
#10952=DIRECTION('',(0.5142513362614326,0,-0.8576395298453371));
#10953=FACE_SURFACE('',(#10958),#10954,.T.);
#10954=PLANE('',#10955);
#10955=AXIS2_PLACEMENT_3D('',#336,#10956,#10957);
#10956=DIRECTION('',(-0,-1,0));
#10957=DIRECTION('',(-0.5142513362614326,0,0.8576395298453371));
#10958=FACE_BOUND('',#10959,.T.);
#10959=EDGE_LOOP('',(#10960,#10961,#10962));
#10960=ORIENTED_EDGE('',*,*,#10963,.T.);
#10961=ORIENTED_EDGE('',*,*,#10964,.T.);
#10962=ORIENTED_EDGE('',*,*,#10965,.T.);
#10963=EDGE_CURVE('',#337,#517,#10966,.F.);
#10964=EDGE_CURVE('',#517,#321,#10967,.T.);
#10965=EDGE_CURVE('',#321,#337,#10968,.T.);
#10966=LINE('',#336,#10969);
#10967=LINE('',#516,#10970);
#10968=LINE('',#320,#10971);
#10969=VECTOR('',#10972,1.0);
#10970=VECTOR('',#10973,1.0);
#10971=VECTOR('',#10974,1.0);
#10972=DIRECTION('',(-0.5142513362614326,0,0.8576395298453371));
#10973=DIRECTION('',(0.39195230577225115,0,-0.9199855379297089));
#10974=DIRECTION('',(0.729536878689315,0,0.6839414760286524));
#10975=FACE_SURFACE('',(#10980),#10976,.T.);
#10976=PLANE('',#10977);
#10977=AXIS2_PLACEMENT_3D('',#320,#10978,#10979);
#10978=DIRECTION('',(0,-1,0));
#10979=DIRECTION('',(-0.39195230577225115,0,0.9199855379297089));
#10980=FACE_BOUND('',#10981,.T.);
#10981=EDGE_LOOP('',(#10982,#10983,#10984));
#10982=ORIENTED_EDGE('',*,*,#10985,.T.);
#10983=ORIENTED_EDGE('',*,*,#10986,.T.);
#10984=ORIENTED_EDGE('',*,*,#10987,.T.);
#10985=EDGE_CURVE('',#321,#517,#10988,.F.);
#10986=EDGE_CURVE('',#517,#319,#10989,.T.);
#10987=EDGE_CURVE('',#319,#321,#10990,.T.);
#10988=LINE('',#320,#10991);
#10989=LINE('',#516,#10992);
#10990=LINE('',#318,#10993);
#10991=VECTOR('',#10994,1.0);
#10992=VECTOR('',#10995,1.0);
#10993=VECTOR('',#10996,1.0);
#10994=DIRECTION('',(-0.39195230577225115,0,0.9199855379297089));
#10995=DIRECTION('',(-0.922540846915091,0,-0.38589945034061224));
#10996=DIRECTION('',(1,0,0));
#10997=FACE_SURFACE('',(#11002),#10998,.T.);
#10998=PLANE('',#10999);
#10999=AXIS2_PLACEMENT_3D('',#318,#11000,#11001);
#11000=DIRECTION('',(0,-1,0));
#11001=DIRECTION('',(0.922540846915091,0,0.38589945034061224));
#11002=FACE_BOUND('',#11003,.T.);
#11003=EDGE_LOOP('',(#11004,#11005,#11006));
#11004=ORIENTED_EDGE('',*,*,#11007,.T.);
#11005=ORIENTED_EDGE('',*,*,#11008,.T.);
#11006=ORIENTED_EDGE('',*,*,#11009,.T.);
#11007=EDGE_CURVE('',#319,#517,#11010,.F.);
#11008=EDGE_CURVE('',#517,#511,#11011,.T.);
#11009=EDGE_CURVE('',#511,#319,#11012,.T.);
#11010=LINE('',#318,#11013);
#11011=LINE('',#516,#11014);
#11012=LINE('',#510,#11015);
#11013=VECTOR('',#11016,1.0);
#11014=VECTOR('',#11017,1.0);
#11015=VECTOR('',#11018,1.0);
#11016=DIRECTION('',(0.922540846915091,0,0.38589945034061224));
#11017=DIRECTION('',(-1,0,0));
#11018=DIRECTION('',(-0.37637701321705097,0,-0.9264665908287314));
#11019=FACE_SURFACE('',(#11024),#11020,.T.);
#11020=PLANE('',#11021);
#11021=AXIS2_PLACEMENT_3D('',#318,#11022,#11023);
#11022=DIRECTION('',(0,-1,0));
#11023=DIRECTION('',(0.37637701321705097,0,0.9264665908287314));
#11024=FACE_BOUND('',#11025,.T.);
#11025=EDGE_LOOP('',(#11026,#11027,#11028));
#11026=ORIENTED_EDGE('',*,*,#11029,.T.);
#11027=ORIENTED_EDGE('',*,*,#11030,.T.);
#11028=ORIENTED_EDGE('',*,*,#11031,.T.);
#11029=EDGE_CURVE('',#319,#511,#11032,.F.);
#11030=EDGE_CURVE('',#511,#305,#11033,.T.);
#11031=EDGE_CURVE('',#305,#319,#11034,.T.);
#11032=LINE('',#318,#11035);
#11033=LINE('',#510,#11036);
#11034=LINE('',#304,#11037);
#11035=VECTOR('',#11038,1.0);
#11036=VECTOR('',#11039,1.0);
#11037=VECTOR('',#11040,1.0);
#11038=DIRECTION('',(0.37637701321705097,0,0.9264665908287314));
#11039=DIRECTION('',(-0.4511902584548466,0,-0.8924277845716418));
#11040=DIRECTION('',(0.7071071361071811,0,-0.7071064262657358));
#11041=FACE_SURFACE('',(#11046),#11042,.T.);
#11042=PLANE('',#11043);
#11043=AXIS2_PLACEMENT_3D('',#304,#11044,#11045);
#11044=DIRECTION('',(0,-1,0));
#11045=DIRECTION('',(0.4511902584548466,0,0.8924277845716418));
#11046=FACE_BOUND('',#11047,.T.);
#11047=EDGE_LOOP('',(#11048,#11049,#11050));
#11048=ORIENTED_EDGE('',*,*,#11051,.T.);
#11049=ORIENTED_EDGE('',*,*,#11052,.T.);
#11050=ORIENTED_EDGE('',*,*,#11053,.T.);
#11051=EDGE_CURVE('',#305,#511,#11054,.F.);
#11052=EDGE_CURVE('',#511,#553,#11055,.T.);
#11053=EDGE_CURVE('',#553,#305,#11056,.T.);
#11054=LINE('',#304,#11057);
#11055=LINE('',#510,#11058);
#11056=LINE('',#552,#11059);
#11057=VECTOR('',#11060,1.0);
#11058=VECTOR('',#11061,1.0);
#11059=VECTOR('',#11062,1.0);
#11060=DIRECTION('',(0.4511902584548466,0,0.8924277845716418));
#11061=DIRECTION('',(-0.17637198405092816,0,0.9843235866532607));
#11062=DIRECTION('',(-0.14696327094189288,0,-0.989141949870725));
#11063=FACE_SURFACE('',(#11068),#11064,.T.);
#11064=PLANE('',#11065);
#11065=AXIS2_PLACEMENT_3D('',#304,#11066,#11067);
#11066=DIRECTION('',(0,-1,0));
#11067=DIRECTION('',(0.14696327094189288,0,0.989141949870725));
#11068=FACE_BOUND('',#11069,.T.);
#11069=EDGE_LOOP('',(#11070,#11071,#11072));
#11070=ORIENTED_EDGE('',*,*,#11073,.T.);
#11071=ORIENTED_EDGE('',*,*,#11074,.T.);
#11072=ORIENTED_EDGE('',*,*,#11075,.T.);
#11073=EDGE_CURVE('',#305,#553,#11076,.F.);
#11074=EDGE_CURVE('',#553,#303,#11077,.T.);
#11075=EDGE_CURVE('',#303,#305,#11078,.T.);
#11076=LINE('',#304,#11079);
#11077=LINE('',#552,#11080);
#11078=LINE('',#302,#11081);
#11079=VECTOR('',#11082,1.0);
#11080=VECTOR('',#11083,1.0);
#11081=VECTOR('',#11084,1.0);
#11082=DIRECTION('',(0.14696327094189288,0,0.989141949870725));
#11083=DIRECTION('',(-0.6384879002627774,0,0.7696318608386933));
#11084=DIRECTION('',(-0.00018869075255870555,0,-0.9999999821978999));
#11085=FACE_SURFACE('',(#11090),#11086,.T.);
#11086=PLANE('',#11087);
#11087=AXIS2_PLACEMENT_3D('',#302,#11088,#11089);
#11088=DIRECTION('',(0,-1,0));
#11089=DIRECTION('',(0.6384879002627774,0,-0.7696318608386933));
#11090=FACE_BOUND('',#11091,.T.);
#11091=EDGE_LOOP('',(#11092,#11093,#11094));
#11092=ORIENTED_EDGE('',*,*,#11095,.T.);
#11093=ORIENTED_EDGE('',*,*,#11096,.T.);
#11094=ORIENTED_EDGE('',*,*,#11097,.T.);
#11095=EDGE_CURVE('',#303,#553,#11098,.F.);
#11096=EDGE_CURVE('',#553,#363,#11099,.T.);
#11097=EDGE_CURVE('',#363,#303,#11100,.T.);
#11098=LINE('',#302,#11101);
#11099=LINE('',#552,#11102);
#11100=LINE('',#362,#11103);
#11101=VECTOR('',#11104,1.0);
#11102=VECTOR('',#11105,1.0);
#11103=VECTOR('',#11106,1.0);
#11104=DIRECTION('',(0.6384879002627774,0,-0.7696318608386933));
#11105=DIRECTION('',(-0.5621332191550357,0,0.8270466999646372));
#11106=DIRECTION('',(-0.7376336672954403,0,0.6752011351236603));
#11107=FACE_SURFACE('',(#11112),#11108,.T.);
#11108=PLANE('',#11109);
#11109=AXIS2_PLACEMENT_3D('',#302,#11110,#11111);
#11110=DIRECTION('',(0,-1,0));
#11111=DIRECTION('',(0.7376336672954403,0,-0.6752011351236603));
#11112=FACE_BOUND('',#11113,.T.);
#11113=EDGE_LOOP('',(#11114,#11115,#11116));
#11114=ORIENTED_EDGE('',*,*,#11117,.T.);
#11115=ORIENTED_EDGE('',*,*,#11118,.T.);
#11116=ORIENTED_EDGE('',*,*,#11119,.T.);
#11117=EDGE_CURVE('',#303,#363,#11120,.F.);
#11118=EDGE_CURVE('',#363,#357,#11121,.T.);
#11119=EDGE_CURVE('',#357,#303,#11122,.T.);
#11120=LINE('',#302,#11123);
#11121=LINE('',#362,#11124);
#11122=LINE('',#356,#11125);
#11123=VECTOR('',#11126,1.0);
#11124=VECTOR('',#11127,1.0);
#11125=VECTOR('',#11128,1.0);
#11126=DIRECTION('',(0.7376336672954403,0,-0.6752011351236603));
#11127=DIRECTION('',(0,0,1));
#11128=DIRECTION('',(-0.8802049822654711,0,0.4745937096033213));
#11129=FACE_SURFACE('',(#11134),#11130,.T.);
#11130=PLANE('',#11131);
#11131=AXIS2_PLACEMENT_3D('',#362,#11132,#11133);
#11132=DIRECTION('',(0,-1,0));
#11133=DIRECTION('',(0.8926945668221503,0,-0.45066219096593124));
#11134=FACE_BOUND('',#11135,.T.);
#11135=EDGE_LOOP('',(#11136,#11137,#11138));
#11136=ORIENTED_EDGE('',*,*,#11139,.T.);
#11137=ORIENTED_EDGE('',*,*,#11140,.T.);
#11138=ORIENTED_EDGE('',*,*,#11141,.T.);
#11139=EDGE_CURVE('',#363,#523,#11142,.F.);
#11140=EDGE_CURVE('',#523,#361,#11143,.T.);
#11141=EDGE_CURVE('',#361,#363,#11144,.T.);
#11142=LINE('',#362,#11145);
#11143=LINE('',#522,#11146);
#11144=LINE('',#360,#11147);
#11145=VECTOR('',#11148,1.0);
#11146=VECTOR('',#11149,1.0);
#11147=VECTOR('',#11150,1.0);
#11148=DIRECTION('',(0.8926945668221503,0,-0.45066219096593124));
#11149=DIRECTION('',(0.9988654558639355,0,0.047621435107861466));
#11150=DIRECTION('',(-1,0,0));
#11151=FACE_SURFACE('',(#11156),#11152,.T.);
#11152=PLANE('',#11153);
#11153=AXIS2_PLACEMENT_3D('',#360,#11154,#11155);
#11154=DIRECTION('',(0,-1,0));
#11155=DIRECTION('',(-0.9988654558639355,0,-0.047621435107861466));
#11156=FACE_BOUND('',#11157,.T.);
#11157=EDGE_LOOP('',(#11158,#11159,#11160));
#11158=ORIENTED_EDGE('',*,*,#11161,.T.);
#11159=ORIENTED_EDGE('',*,*,#11162,.T.);
#11160=ORIENTED_EDGE('',*,*,#11163,.T.);
#11161=EDGE_CURVE('',#361,#523,#11164,.F.);
#11162=EDGE_CURVE('',#523,#521,#11165,.T.);
#11163=EDGE_CURVE('',#521,#361,#11166,.T.);
#11164=LINE('',#360,#11167);
#11165=LINE('',#522,#11168);
#11166=LINE('',#520,#11169);
#11167=VECTOR('',#11170,1.0);
#11168=VECTOR('',#11171,1.0);
#11169=VECTOR('',#11172,1.0);
#11170=DIRECTION('',(-0.9988654558639355,0,-0.047621435107861466));
#11171=DIRECTION('',(0.998867634227574,0,-0.04757572167197831));
#11172=DIRECTION('',(0.8908250064680305,0,0.4543465723995651));
#11173=FACE_SURFACE('',(#11178),#11174,.T.);
#11174=PLANE('',#11175);
#11175=AXIS2_PLACEMENT_3D('',#360,#11176,#11177);
#11176=DIRECTION('',(0,-1,0));
#11177=DIRECTION('',(-0.8908250064680305,0,-0.4543465723995651));
#11178=FACE_BOUND('',#11179,.T.);
#11179=EDGE_LOOP('',(#11180,#11181,#11182));
#11180=ORIENTED_EDGE('',*,*,#11183,.T.);
#11181=ORIENTED_EDGE('',*,*,#11184,.T.);
#11182=ORIENTED_EDGE('',*,*,#11185,.T.);
#11183=EDGE_CURVE('',#361,#521,#11186,.F.);
#11184=EDGE_CURVE('',#521,#517,#11187,.T.);
#11185=EDGE_CURVE('',#517,#361,#11188,.T.);
#11186=LINE('',#360,#11189);
#11187=LINE('',#520,#11190);
#11188=LINE('',#516,#11191);
#11189=VECTOR('',#11192,1.0);
#11190=VECTOR('',#11193,1.0);
#11191=VECTOR('',#11194,1.0);
#11192=DIRECTION('',(-0.8908250064680305,0,-0.4543465723995651));
#11193=DIRECTION('',(0,0,-1));
#11194=DIRECTION('',(0.3269816211339238,0,0.9450306976181414));
#11195=FACE_SURFACE('',(#11200),#11196,.T.);
#11196=PLANE('',#11197);
#11197=AXIS2_PLACEMENT_3D('',#288,#11198,#11199);
#11198=DIRECTION('',(0,-1,-0));
#11199=DIRECTION('',(-0.9712342028285884,0,-0.23812627586202326));
#11200=FACE_BOUND('',#11201,.T.);
#11201=EDGE_LOOP('',(#11202,#11203,#11204));
#11202=ORIENTED_EDGE('',*,*,#11205,.T.);
#11203=ORIENTED_EDGE('',*,*,#11206,.T.);
#11204=ORIENTED_EDGE('',*,*,#11207,.T.);
#11205=EDGE_CURVE('',#289,#291,#11208,.F.);
#11206=EDGE_CURVE('',#291,#365,#11209,.T.);
#11207=EDGE_CURVE('',#365,#289,#11210,.T.);
#11208=LINE('',#288,#11211);
#11209=LINE('',#290,#11212);
#11210=LINE('',#364,#11213);
#11211=VECTOR('',#11214,1.0);
#11212=VECTOR('',#11215,1.0);
#11213=VECTOR('',#11216,1.0);
#11214=DIRECTION('',(-0.9712342028285884,0,-0.23812627586202326));
#11215=DIRECTION('',(0.6650969369843532,0,-0.7467570317138175));
#11216=DIRECTION('',(-0.48554885355398736,0,0.8742095348441405));
#11217=FACE_SURFACE('',(#11222),#11218,.T.);
#11218=PLANE('',#11219);
#11219=AXIS2_PLACEMENT_3D('',#364,#11220,#11221);
#11220=DIRECTION('',(0,-1,0));
#11221=DIRECTION('',(-0.6650969369843532,0,0.7467570317138175));
#11222=FACE_BOUND('',#11223,.T.);
#11223=EDGE_LOOP('',(#11224,#11225,#11226));
#11224=ORIENTED_EDGE('',*,*,#11227,.T.);
#11225=ORIENTED_EDGE('',*,*,#11228,.T.);
#11226=ORIENTED_EDGE('',*,*,#11229,.T.);
#11227=EDGE_CURVE('',#365,#291,#11230,.F.);
#11228=EDGE_CURVE('',#291,#293,#11231,.T.);
#11229=EDGE_CURVE('',#293,#365,#11232,.T.);
#11230=LINE('',#364,#11233);
#11231=LINE('',#290,#11234);
#11232=LINE('',#292,#11235);
#11233=VECTOR('',#11236,1.0);
#11234=VECTOR('',#11237,1.0);
#11235=VECTOR('',#11238,1.0);
#11236=DIRECTION('',(-0.6650969369843532,0,0.7467570317138175));
#11237=DIRECTION('',(-0.902580047836455,0,-0.4305220752151308));
#11238=DIRECTION('',(0.8014576792282607,0,-0.598051493105778));
#11239=FACE_SURFACE('',(#11244),#11240,.T.);
#11240=PLANE('',#11241);
#11241=AXIS2_PLACEMENT_3D('',#364,#11242,#11243);
#11242=DIRECTION('',(0,-1,0));
#11243=DIRECTION('',(-0.8014576792282607,0,0.598051493105778));
#11244=FACE_BOUND('',#11245,.T.);
#11245=EDGE_LOOP('',(#11246,#11247,#11248));
#11246=ORIENTED_EDGE('',*,*,#11249,.T.);
#11247=ORIENTED_EDGE('',*,*,#11250,.T.);
#11248=ORIENTED_EDGE('',*,*,#11251,.T.);
#11249=EDGE_CURVE('',#365,#293,#11252,.F.);
#11250=EDGE_CURVE('',#293,#295,#11253,.T.);
#11251=EDGE_CURVE('',#295,#365,#11254,.T.);
#11252=LINE('',#364,#11255);
#11253=LINE('',#292,#11256);
#11254=LINE('',#294,#11257);
#11255=VECTOR('',#11258,1.0);
#11256=VECTOR('',#11259,1.0);
#11257=VECTOR('',#11260,1.0);
#11258=DIRECTION('',(-0.8014576792282607,0,0.598051493105778));
#11259=DIRECTION('',(-0.7962524397661312,0,-0.6049645048814712));
#11260=DIRECTION('',(0.8989665355134315,0,-0.4380173147570521));
#11261=FACE_SURFACE('',(#11266),#11262,.T.);
#11262=PLANE('',#11263);
#11263=AXIS2_PLACEMENT_3D('',#294,#11264,#11265);
#11264=DIRECTION('',(0,-1,-0));
#11265=DIRECTION('',(-0.6567019857154117,0,-0.7541501852797194));
#11266=FACE_BOUND('',#11267,.T.);
#11267=EDGE_LOOP('',(#11268,#11269,#11270));
#11268=ORIENTED_EDGE('',*,*,#11271,.T.);
#11269=ORIENTED_EDGE('',*,*,#11272,.T.);
#11270=ORIENTED_EDGE('',*,*,#11273,.T.);
#11271=EDGE_CURVE('',#295,#297,#11274,.F.);
#11272=EDGE_CURVE('',#297,#365,#11275,.T.);
#11273=EDGE_CURVE('',#365,#295,#11276,.T.);
#11274=LINE('',#294,#11277);
#11275=LINE('',#296,#11278);
#11276=LINE('',#364,#11279);
#11277=VECTOR('',#11280,1.0);
#11278=VECTOR('',#11281,1.0);
#11279=VECTOR('',#11282,1.0);
#11280=DIRECTION('',(-0.6567019857154117,0,-0.7541501852797194));
#11281=DIRECTION('',(0.9619346407557486,0,-0.2732796130597905));
#11282=DIRECTION('',(-0.8989665355134315,0,0.4380173147570521));
#11283=FACE_SURFACE('',(#11288),#11284,.T.);
#11284=PLANE('',#11285);
#11285=AXIS2_PLACEMENT_3D('',#364,#11286,#11287);
#11286=DIRECTION('',(0,-1,0));
#11287=DIRECTION('',(-0.9619346407557486,0,0.2732796130597905));
#11288=FACE_BOUND('',#11289,.T.);
#11289=EDGE_LOOP('',(#11290,#11291,#11292));
#11290=ORIENTED_EDGE('',*,*,#11293,.T.);
#11291=ORIENTED_EDGE('',*,*,#11294,.T.);
#11292=ORIENTED_EDGE('',*,*,#11295,.T.);
#11293=EDGE_CURVE('',#365,#297,#11296,.F.);
#11294=EDGE_CURVE('',#297,#299,#11297,.T.);
#11295=EDGE_CURVE('',#299,#365,#11298,.T.);
#11296=LINE('',#364,#11299);
#11297=LINE('',#296,#11300);
#11298=LINE('',#298,#11301);
#11299=VECTOR('',#11302,1.0);
#11300=VECTOR('',#11303,1.0);
#11301=VECTOR('',#11304,1.0);
#11302=DIRECTION('',(-0.9619346407557486,0,0.2732796130597905));
#11303=DIRECTION('',(-0.4897453722200968,0,-0.8718655116409864));
#11304=DIRECTION('',(0.9941022583911986,0,-0.10844676049342734));
#11305=FACE_SURFACE('',(#11310),#11306,.T.);
#11306=PLANE('',#11307);
#11307=AXIS2_PLACEMENT_3D('',#364,#11308,#11309);
#11308=DIRECTION('',(-0,-1,0));
#11309=DIRECTION('',(-0.9941022583911986,0,0.10844676049342734));
#11310=FACE_BOUND('',#11311,.T.);
#11311=EDGE_LOOP('',(#11312,#11313,#11314));
#11312=ORIENTED_EDGE('',*,*,#11315,.T.);
#11313=ORIENTED_EDGE('',*,*,#11316,.T.);
#11314=ORIENTED_EDGE('',*,*,#11317,.T.);
#11315=EDGE_CURVE('',#365,#299,#11318,.F.);
#11316=EDGE_CURVE('',#299,#301,#11319,.T.);
#11317=EDGE_CURVE('',#301,#365,#11320,.T.);
#11318=LINE('',#364,#11321);
#11319=LINE('',#298,#11322);
#11320=LINE('',#300,#11323);
#11321=VECTOR('',#11324,1.0);
#11322=VECTOR('',#11325,1.0);
#11323=VECTOR('',#11326,1.0);
#11324=DIRECTION('',(-0.9941022583911986,0,0.10844676049342734));
#11325=DIRECTION('',(-0.30234504002862883,0,-0.9531985505497198));
#11326=DIRECTION('',(0.9985917589965866,0,0.05305185071327085));
#11327=FACE_SURFACE('',(#11332),#11328,.T.);
#11328=PLANE('',#11329);
#11329=AXIS2_PLACEMENT_3D('',#300,#11330,#11331);
#11330=DIRECTION('',(0,-1,-0));
#11331=DIRECTION('',(-0.1023267255437314,0,-0.9947508437993395));
#11332=FACE_BOUND('',#11333,.T.);
#11333=EDGE_LOOP('',(#11334,#11335,#11336));
#11334=ORIENTED_EDGE('',*,*,#11337,.T.);
#11335=ORIENTED_EDGE('',*,*,#11338,.T.);
#11336=ORIENTED_EDGE('',*,*,#11339,.T.);
#11337=EDGE_CURVE('',#301,#303,#11340,.F.);
#11338=EDGE_CURVE('',#303,#365,#11341,.T.);
#11339=EDGE_CURVE('',#365,#301,#11342,.T.);
#11340=LINE('',#300,#11343);
#11341=LINE('',#302,#11344);
#11342=LINE('',#364,#11345);
#11343=VECTOR('',#11346,1.0);
#11344=VECTOR('',#11347,1.0);
#11345=VECTOR('',#11348,1.0);
#11346=DIRECTION('',(-0.1023267255437314,0,-0.9947508437993395));
#11347=DIRECTION('',(0.9780262569021706,0,0.2084817517432385));
#11348=DIRECTION('',(-0.9985917589965866,0,-0.05305185071327085));
#11349=FACE_SURFACE('',(#11354),#11350,.T.);
#11350=PLANE('',#11351);
#11351=AXIS2_PLACEMENT_3D('',#304,#11352,#11353);
#11352=DIRECTION('',(0,-1,0));
#11353=DIRECTION('',(0.11179969779340239,0,-0.9937307621148215));
#11354=FACE_BOUND('',#11355,.T.);
#11355=EDGE_LOOP('',(#11356,#11357,#11358));
#11356=ORIENTED_EDGE('',*,*,#11359,.T.);
#11357=ORIENTED_EDGE('',*,*,#11360,.T.);
#11358=ORIENTED_EDGE('',*,*,#11361,.T.);
#11359=EDGE_CURVE('',#305,#307,#11362,.F.);
#11360=EDGE_CURVE('',#307,#319,#11363,.T.);
#11361=EDGE_CURVE('',#319,#305,#11364,.T.);
#11362=LINE('',#304,#11365);
#11363=LINE('',#306,#11366);
#11364=LINE('',#318,#11367);
#11365=VECTOR('',#11368,1.0);
#11366=VECTOR('',#11369,1.0);
#11367=VECTOR('',#11370,1.0);
#11368=DIRECTION('',(0.11179969779340239,0,-0.9937307621148215));
#11369=DIRECTION('',(0.7818489586928742,0,-0.6234678867358515));
#11370=DIRECTION('',(-0.7071071361071811,0,0.7071064262657358));
#11371=FACE_SURFACE('',(#11376),#11372,.T.);
#11372=PLANE('',#11373);
#11373=AXIS2_PLACEMENT_3D('',#318,#11374,#11375);
#11374=DIRECTION('',(0,-1,0));
#11375=DIRECTION('',(-0.7818489586928742,0,0.6234678867358515));
#11376=FACE_BOUND('',#11377,.T.);
#11377=EDGE_LOOP('',(#11378,#11379,#11380));
#11378=ORIENTED_EDGE('',*,*,#11381,.T.);
#11379=ORIENTED_EDGE('',*,*,#11382,.T.);
#11380=ORIENTED_EDGE('',*,*,#11383,.T.);
#11381=EDGE_CURVE('',#319,#307,#11384,.F.);
#11382=EDGE_CURVE('',#307,#309,#11385,.T.);
#11383=EDGE_CURVE('',#309,#319,#11386,.T.);
#11384=LINE('',#318,#11387);
#11385=LINE('',#306,#11388);
#11386=LINE('',#308,#11389);
#11387=VECTOR('',#11390,1.0);
#11388=VECTOR('',#11391,1.0);
#11389=VECTOR('',#11392,1.0);
#11390=DIRECTION('',(-0.7818489586928742,0,0.6234678867358515));
#11391=DIRECTION('',(0.33018089385292376,0,-0.9439176750832057));
#11392=DIRECTION('',(0.8467532248777877,0,-0.5319858796613559));
#11393=FACE_SURFACE('',(#11398),#11394,.T.);
#11394=PLANE('',#11395);
#11395=AXIS2_PLACEMENT_3D('',#318,#11396,#11397);
#11396=DIRECTION('',(0,-1,0));
#11397=DIRECTION('',(-0.8467532248777877,0,0.5319858796613559));
#11398=FACE_BOUND('',#11399,.T.);
#11399=EDGE_LOOP('',(#11400,#11401,#11402));
#11400=ORIENTED_EDGE('',*,*,#11403,.T.);
#11401=ORIENTED_EDGE('',*,*,#11404,.T.);
#11402=ORIENTED_EDGE('',*,*,#11405,.T.);
#11403=EDGE_CURVE('',#319,#309,#11406,.F.);
#11404=EDGE_CURVE('',#309,#311,#11407,.T.);
#11405=EDGE_CURVE('',#311,#319,#11408,.T.);
#11406=LINE('',#318,#11409);
#11407=LINE('',#308,#11410);
#11408=LINE('',#310,#11411);
#11409=VECTOR('',#11412,1.0);
#11410=VECTOR('',#11413,1.0);
#11411=VECTOR('',#11414,1.0);
#11412=DIRECTION('',(-0.8467532248777877,0,0.5319858796613559));
#11413=DIRECTION('',(0.5319847994901221,0,-0.8467539035112));
#11414=DIRECTION('',(0.9010045333942727,0,-0.4338096711727033));
#11415=FACE_SURFACE('',(#11420),#11416,.T.);
#11416=PLANE('',#11417);
#11417=AXIS2_PLACEMENT_3D('',#310,#11418,#11419);
#11418=DIRECTION('',(0,-1,0));
#11419=DIRECTION('',(0.7071090225581143,0,-0.7071045398078761));
#11420=FACE_BOUND('',#11421,.T.);
#11421=EDGE_LOOP('',(#11422,#11423,#11424));
#11422=ORIENTED_EDGE('',*,*,#11425,.T.);
#11423=ORIENTED_EDGE('',*,*,#11426,.T.);
#11424=ORIENTED_EDGE('',*,*,#11427,.T.);
#11425=EDGE_CURVE('',#311,#313,#11428,.F.);
#11426=EDGE_CURVE('',#313,#319,#11429,.T.);
#11427=EDGE_CURVE('',#319,#311,#11430,.T.);
#11428=LINE('',#310,#11431);
#11429=LINE('',#312,#11432);
#11430=LINE('',#318,#11433);
#11431=VECTOR('',#11434,1.0);
#11432=VECTOR('',#11435,1.0);
#11433=VECTOR('',#11436,1.0);
#11434=DIRECTION('',(0.7071090225581143,0,-0.7071045398078761));
#11435=DIRECTION('',(0.9439191335889812,0,-0.3301767242623667));
#11436=DIRECTION('',(-0.9010045333942727,0,0.4338096711727033));
#11437=FACE_SURFACE('',(#11442),#11438,.T.);
#11438=PLANE('',#11439);
#11439=AXIS2_PLACEMENT_3D('',#318,#11440,#11441);
#11440=DIRECTION('',(0,-1,0));
#11441=DIRECTION('',(-0.9439191335889812,0,0.3301767242623667));
#11442=FACE_BOUND('',#11443,.T.);
#11443=EDGE_LOOP('',(#11444,#11445,#11446));
#11444=ORIENTED_EDGE('',*,*,#11447,.T.);
#11445=ORIENTED_EDGE('',*,*,#11448,.T.);
#11446=ORIENTED_EDGE('',*,*,#11449,.T.);
#11447=EDGE_CURVE('',#319,#313,#11450,.F.);
#11448=EDGE_CURVE('',#313,#315,#11451,.T.);
#11449=EDGE_CURVE('',#315,#319,#11452,.T.);
#11450=LINE('',#318,#11453);
#11451=LINE('',#312,#11454);
#11452=LINE('',#314,#11455);
#11453=VECTOR('',#11456,1.0);
#11454=VECTOR('',#11457,1.0);
#11455=VECTOR('',#11458,1.0);
#11456=DIRECTION('',(-0.9439191335889812,0,0.3301767242623667));
#11457=DIRECTION('',(0.8467539035112,0,-0.5319847994901221));
#11458=DIRECTION('',(0.9749579131055669,0,-0.22238945045311345));
#11459=FACE_SURFACE('',(#11464),#11460,.T.);
#11460=PLANE('',#11461);
#11461=AXIS2_PLACEMENT_3D('',#318,#11462,#11463);
#11462=DIRECTION('',(0,-1,0));
#11463=DIRECTION('',(-0.9749579131055669,0,0.22238945045311345));
#11464=FACE_BOUND('',#11465,.T.);
#11465=EDGE_LOOP('',(#11466,#11467,#11468));
#11466=ORIENTED_EDGE('',*,*,#11469,.T.);
#11467=ORIENTED_EDGE('',*,*,#11470,.T.);
#11468=ORIENTED_EDGE('',*,*,#11471,.T.);
#11469=EDGE_CURVE('',#319,#315,#11472,.F.);
#11470=EDGE_CURVE('',#315,#317,#11473,.T.);
#11471=EDGE_CURVE('',#317,#319,#11474,.T.);
#11472=LINE('',#318,#11475);
#11473=LINE('',#314,#11476);
#11474=LINE('',#316,#11477);
#11475=VECTOR('',#11478,1.0);
#11476=VECTOR('',#11479,1.0);
#11477=VECTOR('',#11480,1.0);
#11478=DIRECTION('',(-0.9749579131055669,0,0.22238945045311345));
#11479=DIRECTION('',(0.9439185834864393,0,-0.3301782969078279));
#11480=DIRECTION('',(0.9937303201121152,0,-0.1118036264611885));
#11481=FACE_SURFACE('',(#11486),#11482,.T.);
#11482=PLANE('',#11483);
#11483=AXIS2_PLACEMENT_3D('',#322,#11484,#11485);
#11484=DIRECTION('',(-0,-1,0));
#11485=DIRECTION('',(0.9603808682925737,0,0.27869084631110885));
#11486=FACE_BOUND('',#11487,.T.);
#11487=EDGE_LOOP('',(#11488,#11489,#11490));
#11488=ORIENTED_EDGE('',*,*,#11491,.T.);
#11489=ORIENTED_EDGE('',*,*,#11492,.T.);
#11490=ORIENTED_EDGE('',*,*,#11493,.T.);
#11491=EDGE_CURVE('',#323,#325,#11494,.F.);
#11492=EDGE_CURVE('',#325,#321,#11495,.T.);
#11493=EDGE_CURVE('',#321,#323,#11496,.T.);
#11494=LINE('',#322,#11497);
#11495=LINE('',#324,#11498);
#11496=LINE('',#320,#11499);
#11497=VECTOR('',#11500,1.0);
#11498=VECTOR('',#11501,1.0);
#11499=VECTOR('',#11502,1.0);
#11500=DIRECTION('',(0.9603808682925737,0,0.27869084631110885));
#11501=DIRECTION('',(-0.9823261591245849,0,-0.18717723445852247));
#11502=DIRECTION('',(0.9955716178711749,0,0.09400613644529496));
#11503=FACE_SURFACE('',(#11508),#11504,.T.);
#11504=PLANE('',#11505);
#11505=AXIS2_PLACEMENT_3D('',#320,#11506,#11507);
#11506=DIRECTION('',(0,-1,0));
#11507=DIRECTION('',(0.9823261591245849,0,0.18717723445852247));
#11508=FACE_BOUND('',#11509,.T.);
#11509=EDGE_LOOP('',(#11510,#11511,#11512));
#11510=ORIENTED_EDGE('',*,*,#11513,.T.);
#11511=ORIENTED_EDGE('',*,*,#11514,.T.);
#11512=ORIENTED_EDGE('',*,*,#11515,.T.);
#11513=EDGE_CURVE('',#321,#325,#11516,.F.);
#11514=EDGE_CURVE('',#325,#327,#11517,.T.);
#11515=EDGE_CURVE('',#327,#321,#11518,.T.);
#11516=LINE('',#320,#11519);
#11517=LINE('',#324,#11520);
#11518=LINE('',#326,#11521);
#11519=VECTOR('',#11522,1.0);
#11520=VECTOR('',#11523,1.0);
#11521=VECTOR('',#11524,1.0);
#11522=DIRECTION('',(0.9823261591245849,0,0.18717723445852247));
#11523=DIRECTION('',(0.8912411045030245,0,0.4535298156066799));
#11524=DIRECTION('',(-0.9603803783147793,0,-0.2786925347905132));
#11525=FACE_SURFACE('',(#11530),#11526,.T.);
#11526=PLANE('',#11527);
#11527=AXIS2_PLACEMENT_3D('',#320,#11528,#11529);
#11528=DIRECTION('',(0,-1,0));
#11529=DIRECTION('',(0.9603803783147793,0,0.2786925347905132));
#11530=FACE_BOUND('',#11531,.T.);
#11531=EDGE_LOOP('',(#11532,#11533,#11534));
#11532=ORIENTED_EDGE('',*,*,#11535,.T.);
#11533=ORIENTED_EDGE('',*,*,#11536,.T.);
#11534=ORIENTED_EDGE('',*,*,#11537,.T.);
#11535=EDGE_CURVE('',#321,#327,#11538,.F.);
#11536=EDGE_CURVE('',#327,#329,#11539,.T.);
#11537=EDGE_CURVE('',#329,#321,#11540,.T.);
#11538=LINE('',#320,#11541);
#11539=LINE('',#326,#11542);
#11540=LINE('',#328,#11543);
#11541=VECTOR('',#11544,1.0);
#11542=VECTOR('',#11545,1.0);
#11543=VECTOR('',#11546,1.0);
#11544=DIRECTION('',(0.9603803783147793,0,0.2786925347905132));
#11545=DIRECTION('',(0.7905994481467011,0,0.6123336611604262));
#11546=DIRECTION('',(-0.9299290976481807,0,-0.3677388657012479));
#11547=FACE_SURFACE('',(#11552),#11548,.T.);
#11548=PLANE('',#11549);
#11549=AXIS2_PLACEMENT_3D('',#328,#11550,#11551);
#11550=DIRECTION('',(-0,-1,0));
#11551=DIRECTION('',(0.6620127823218417,0,0.7494925456884104));
#11552=FACE_BOUND('',#11553,.T.);
#11553=EDGE_LOOP('',(#11554,#11555,#11556));
#11554=ORIENTED_EDGE('',*,*,#11557,.T.);
#11555=ORIENTED_EDGE('',*,*,#11558,.T.);
#11556=ORIENTED_EDGE('',*,*,#11559,.T.);
#11557=EDGE_CURVE('',#329,#331,#11560,.F.);
#11558=EDGE_CURVE('',#331,#321,#11561,.T.);
#11559=EDGE_CURVE('',#321,#329,#11562,.T.);
#11560=LINE('',#328,#11563);
#11561=LINE('',#330,#11564);
#11562=LINE('',#320,#11565);
#11563=VECTOR('',#11566,1.0);
#11564=VECTOR('',#11567,1.0);
#11565=VECTOR('',#11568,1.0);
#11566=DIRECTION('',(0.6620127823218417,0,0.7494925456884104));
#11567=DIRECTION('',(-0.8912419747763598,0,-0.45352810540994526));
#11568=DIRECTION('',(0.9299290976481807,0,0.3677388657012479));
#11569=FACE_SURFACE('',(#11574),#11570,.T.);
#11570=PLANE('',#11571);
#11571=AXIS2_PLACEMENT_3D('',#320,#11572,#11573);
#11572=DIRECTION('',(0,-1,0));
#11573=DIRECTION('',(0.8912419747763598,0,0.45352810540994526));
#11574=FACE_BOUND('',#11575,.T.);
#11575=EDGE_LOOP('',(#11576,#11577,#11578));
#11576=ORIENTED_EDGE('',*,*,#11579,.T.);
#11577=ORIENTED_EDGE('',*,*,#11580,.T.);
#11578=ORIENTED_EDGE('',*,*,#11581,.T.);
#11579=EDGE_CURVE('',#321,#331,#11582,.F.);
#11580=EDGE_CURVE('',#331,#333,#11583,.T.);
#11581=EDGE_CURVE('',#333,#321,#11584,.T.);
#11582=LINE('',#320,#11585);
#11583=LINE('',#330,#11586);
#11584=LINE('',#332,#11587);
#11585=VECTOR('',#11588,1.0);
#11586=VECTOR('',#11589,1.0);
#11587=VECTOR('',#11590,1.0);
#11588=DIRECTION('',(0.8912419747763598,0,0.45352810540994526));
#11589=DIRECTION('',(0.5100261123660181,0,0.8601589182847584));
#11590=DIRECTION('',(-0.8446615265768264,0,-0.5353007617413832));
#11591=FACE_SURFACE('',(#11596),#11592,.T.);
#11592=PLANE('',#11593);
#11593=AXIS2_PLACEMENT_3D('',#320,#11594,#11595);
#11594=DIRECTION('',(0,-1,0));
#11595=DIRECTION('',(0.8446615265768264,0,0.5353007617413832));
#11596=FACE_BOUND('',#11597,.T.);
#11597=EDGE_LOOP('',(#11598,#11599,#11600));
#11598=ORIENTED_EDGE('',*,*,#11601,.T.);
#11599=ORIENTED_EDGE('',*,*,#11602,.T.);
#11600=ORIENTED_EDGE('',*,*,#11603,.T.);
#11601=EDGE_CURVE('',#321,#333,#11604,.F.);
#11602=EDGE_CURVE('',#333,#335,#11605,.T.);
#11603=EDGE_CURVE('',#335,#321,#11606,.T.);
#11604=LINE('',#320,#11607);
#11605=LINE('',#332,#11608);
#11606=LINE('',#334,#11609);
#11607=VECTOR('',#11610,1.0);
#11608=VECTOR('',#11611,1.0);
#11609=VECTOR('',#11612,1.0);
#11610=DIRECTION('',(0.8446615265768264,0,0.5353007617413832));
#11611=DIRECTION('',(0.3400090518596052,0,0.9404221629957114));
#11612=DIRECTION('',(-0.7906002548792503,0,-0.6123326195662488));
#11613=FACE_SURFACE('',(#11618),#11614,.T.);
#11614=PLANE('',#11615);
#11615=AXIS2_PLACEMENT_3D('',#334,#11616,#11617);
#11616=DIRECTION('',(-0,-1,0));
#11617=DIRECTION('',(0.15797026518803525,0,0.9874438694510296));
#11618=FACE_BOUND('',#11619,.T.);
#11619=EDGE_LOOP('',(#11620,#11621,#11622));
#11620=ORIENTED_EDGE('',*,*,#11623,.T.);
#11621=ORIENTED_EDGE('',*,*,#11624,.T.);
#11622=ORIENTED_EDGE('',*,*,#11625,.T.);
#11623=EDGE_CURVE('',#335,#337,#11626,.F.);
#11624=EDGE_CURVE('',#337,#321,#11627,.T.);
#11625=EDGE_CURVE('',#321,#335,#11628,.T.);
#11626=LINE('',#334,#11629);
#11627=LINE('',#336,#11630);
#11628=LINE('',#320,#11631);
#11629=VECTOR('',#11632,1.0);
#11630=VECTOR('',#11633,1.0);
#11631=VECTOR('',#11634,1.0);
#11632=DIRECTION('',(0.15797026518803525,0,0.9874438694510296));
#11633=DIRECTION('',(-0.729536878689315,0,-0.6839414760286524));
#11634=DIRECTION('',(0.7906002548792503,0,0.6123326195662488));
#11635=FACE_SURFACE('',(#11640),#11636,.T.);
#11636=PLANE('',#11637);
#11637=AXIS2_PLACEMENT_3D('',#344,#11638,#11639);
#11638=DIRECTION('',(-0,-1,0));
#11639=DIRECTION('',(-0.6406639160108105,0,0.7678214289284281));
#11640=FACE_BOUND('',#11641,.T.);
#11641=EDGE_LOOP('',(#11642,#11643,#11644));
#11642=ORIENTED_EDGE('',*,*,#11645,.T.);
#11643=ORIENTED_EDGE('',*,*,#11646,.T.);
#11644=ORIENTED_EDGE('',*,*,#11647,.T.);
#11645=EDGE_CURVE('',#345,#347,#11648,.F.);
#11646=EDGE_CURVE('',#347,#367,#11649,.T.);
#11647=EDGE_CURVE('',#367,#345,#11650,.T.);
#11648=LINE('',#344,#11651);
#11649=LINE('',#346,#11652);
#11650=LINE('',#366,#11653);
#11651=VECTOR('',#11654,1.0);
#11652=VECTOR('',#11655,1.0);
#11653=VECTOR('',#11656,1.0);
#11654=DIRECTION('',(-0.6406639160108105,0,0.7678214289284281));
#11655=DIRECTION('',(-0.8787809795778484,0,-0.4772253031139454));
#11656=DIRECTION('',(0.960531886735723,0,0.27816990233293065));
#11657=FACE_SURFACE('',(#11662),#11658,.T.);
#11658=PLANE('',#11659);
#11659=AXIS2_PLACEMENT_3D('',#366,#11660,#11661);
#11660=DIRECTION('',(0,-1,0));
#11661=DIRECTION('',(0.8787809795778484,0,0.4772253031139454));
#11662=FACE_BOUND('',#11663,.T.);
#11663=EDGE_LOOP('',(#11664,#11665,#11666));
#11664=ORIENTED_EDGE('',*,*,#11667,.T.);
#11665=ORIENTED_EDGE('',*,*,#11668,.T.);
#11666=ORIENTED_EDGE('',*,*,#11669,.T.);
#11667=EDGE_CURVE('',#367,#347,#11670,.F.);
#11668=EDGE_CURVE('',#347,#349,#11671,.T.);
#11669=EDGE_CURVE('',#349,#367,#11672,.T.);
#11670=LINE('',#366,#11673);
#11671=LINE('',#346,#11674);
#11672=LINE('',#348,#11675);
#11673=VECTOR('',#11676,1.0);
#11674=VECTOR('',#11677,1.0);
#11675=VECTOR('',#11678,1.0);
#11676=DIRECTION('',(0.8787809795778484,0,0.4772253031139454));
#11677=DIRECTION('',(-0.7769670224848548,0,0.6295412980663135));
#11678=DIRECTION('',(-0.7450085362784717,0,-0.6670549309256391));
#11679=FACE_SURFACE('',(#11684),#11680,.T.);
#11680=PLANE('',#11681);
#11681=AXIS2_PLACEMENT_3D('',#366,#11682,#11683);
#11682=DIRECTION('',(0,-1,0));
#11683=DIRECTION('',(0.7450085362784717,0,0.6670549309256391));
#11684=FACE_BOUND('',#11685,.T.);
#11685=EDGE_LOOP('',(#11686,#11687,#11688));
#11686=ORIENTED_EDGE('',*,*,#11689,.T.);
#11687=ORIENTED_EDGE('',*,*,#11690,.T.);
#11688=ORIENTED_EDGE('',*,*,#11691,.T.);
#11689=EDGE_CURVE('',#367,#349,#11692,.F.);
#11690=EDGE_CURVE('',#349,#351,#11693,.T.);
#11691=EDGE_CURVE('',#351,#367,#11694,.T.);
#11692=LINE('',#366,#11695);
#11693=LINE('',#348,#11696);
#11694=LINE('',#350,#11697);
#11695=VECTOR('',#11698,1.0);
#11696=VECTOR('',#11699,1.0);
#11697=VECTOR('',#11700,1.0);
#11698=DIRECTION('',(0.7450085362784717,0,0.6670549309256391));
#11699=DIRECTION('',(-0.8839764760991675,0,0.46753137830876973));
#11700=DIRECTION('',(-0.5560470203487171,0,-0.8311508353850782));
#11701=FACE_SURFACE('',(#11706),#11702,.T.);
#11702=PLANE('',#11703);
#11703=AXIS2_PLACEMENT_3D('',#350,#11704,#11705);
#11704=DIRECTION('',(-0,-1,0));
#11705=DIRECTION('',(-0.9576639397752741,0,0.28788848267011374));
#11706=FACE_BOUND('',#11707,.T.);
#11707=EDGE_LOOP('',(#11708,#11709,#11710));
#11708=ORIENTED_EDGE('',*,*,#11711,.T.);
#11709=ORIENTED_EDGE('',*,*,#11712,.T.);
#11710=ORIENTED_EDGE('',*,*,#11713,.T.);
#11711=EDGE_CURVE('',#351,#353,#11714,.F.);
#11712=EDGE_CURVE('',#353,#367,#11715,.T.);
#11713=EDGE_CURVE('',#367,#351,#11716,.T.);
#11714=LINE('',#350,#11717);
#11715=LINE('',#352,#11718);
#11716=LINE('',#366,#11719);
#11717=VECTOR('',#11720,1.0);
#11718=VECTOR('',#11721,1.0);
#11719=VECTOR('',#11722,1.0);
#11720=DIRECTION('',(-0.9576639397752741,0,0.28788848267011374));
#11721=DIRECTION('',(-0.31630530640814913,0,-0.948657447732345));
#11722=DIRECTION('',(0.5560470203487171,0,0.8311508353850782));
#11723=FACE_SURFACE('',(#11728),#11724,.T.);
#11724=PLANE('',#11725);
#11725=AXIS2_PLACEMENT_3D('',#366,#11726,#11727);
#11726=DIRECTION('',(0,-1,0));
#11727=DIRECTION('',(0.31630530640814913,0,0.948657447732345));
#11728=FACE_BOUND('',#11729,.T.);
#11729=EDGE_LOOP('',(#11730,#11731,#11732));
#11730=ORIENTED_EDGE('',*,*,#11733,.T.);
#11731=ORIENTED_EDGE('',*,*,#11734,.T.);
#11732=ORIENTED_EDGE('',*,*,#11735,.T.);
#11733=EDGE_CURVE('',#367,#353,#11736,.F.);
#11734=EDGE_CURVE('',#353,#355,#11737,.T.);
#11735=EDGE_CURVE('',#355,#367,#11738,.T.);
#11736=LINE('',#366,#11739);
#11737=LINE('',#352,#11740);
#11738=LINE('',#354,#11741);
#11739=VECTOR('',#11742,1.0);
#11740=VECTOR('',#11743,1.0);
#11741=VECTOR('',#11744,1.0);
#11742=DIRECTION('',(0.31630530640814913,0,0.948657447732345));
#11743=DIRECTION('',(-0.9952462116235503,0,0.09739085300463973));
#11744=DIRECTION('',(-0.04183778418277786,0,-0.9991244165841787));
#11745=FACE_SURFACE('',(#11750),#11746,.T.);
#11746=PLANE('',#11747);
#11747=AXIS2_PLACEMENT_3D('',#510,#11748,#11749);
#11748=DIRECTION('',(0,-1,0));
#11749=DIRECTION('',(0,0,1));
#11750=FACE_BOUND('',#11751,.T.);
#11751=EDGE_LOOP('',(#11752,#11753,#11754));
#11752=ORIENTED_EDGE('',*,*,#11755,.T.);
#11753=ORIENTED_EDGE('',*,*,#11756,.T.);
#11754=ORIENTED_EDGE('',*,*,#11757,.T.);
#11755=EDGE_CURVE('',#511,#513,#11758,.F.);
#11756=EDGE_CURVE('',#513,#553,#11759,.T.);
#11757=EDGE_CURVE('',#553,#511,#11760,.T.);
#11758=LINE('',#510,#11761);
#11759=LINE('',#512,#11762);
#11760=LINE('',#552,#11763);
#11761=VECTOR('',#11764,1.0);
#11762=VECTOR('',#11765,1.0);
#11763=VECTOR('',#11766,1.0);
#11764=DIRECTION('',(0,0,1));
#11765=DIRECTION('',(-0.9998186351518566,0,-0.01904460036541597));
#11766=DIRECTION('',(0.17637198405092816,0,-0.9843235866532607));
#11767=FACE_SURFACE('',(#11772),#11768,.T.);
#11768=PLANE('',#11769);
#11769=AXIS2_PLACEMENT_3D('',#552,#11770,#11771);
#11770=DIRECTION('',(0,-1,0));
#11771=DIRECTION('',(0.9998186351518566,0,0.01904460036541597));
#11772=FACE_BOUND('',#11773,.T.);
#11773=EDGE_LOOP('',(#11774,#11775,#11776));
#11774=ORIENTED_EDGE('',*,*,#11777,.T.);
#11775=ORIENTED_EDGE('',*,*,#11778,.T.);
#11776=ORIENTED_EDGE('',*,*,#11779,.T.);
#11777=EDGE_CURVE('',#553,#513,#11780,.F.);
#11778=EDGE_CURVE('',#513,#551,#11781,.T.);
#11779=EDGE_CURVE('',#551,#553,#11782,.T.);
#11780=LINE('',#552,#11783);
#11781=LINE('',#512,#11784);
#11782=LINE('',#550,#11785);
#11783=VECTOR('',#11786,1.0);
#11784=VECTOR('',#11787,1.0);
#11785=VECTOR('',#11788,1.0);
#11786=DIRECTION('',(0.9998186351518566,0,0.01904460036541597));
#11787=DIRECTION('',(-0.9998333203801322,0,-0.018257367215454904));
#11788=DIRECTION('',(0,0,-1));
#11789=FACE_SURFACE('',(#11794),#11790,.T.);
#11790=PLANE('',#11791);
#11791=AXIS2_PLACEMENT_3D('',#550,#11792,#11793);
#11792=DIRECTION('',(0,-1,0));
#11793=DIRECTION('',(0.9998333203801322,0,0.018257367215454904));
#11794=FACE_BOUND('',#11795,.T.);
#11795=EDGE_LOOP('',(#11796,#11797,#11798));
#11796=ORIENTED_EDGE('',*,*,#11799,.T.);
#11797=ORIENTED_EDGE('',*,*,#11800,.T.);
#11798=ORIENTED_EDGE('',*,*,#11801,.T.);
#11799=EDGE_CURVE('',#551,#513,#11802,.F.);
#11800=EDGE_CURVE('',#513,#547,#11803,.T.);
#11801=EDGE_CURVE('',#547,#551,#11804,.T.);
#11802=LINE('',#550,#11805);
#11803=LINE('',#512,#11806);
#11804=LINE('',#546,#11807);
#11805=VECTOR('',#11808,1.0);
#11806=VECTOR('',#11809,1.0);
#11807=VECTOR('',#11810,1.0);
#11808=DIRECTION('',(0.9998333203801322,0,0.018257367215454904));
#11809=DIRECTION('',(-0.9954376860281291,0,0.09541390483029215));
#11810=DIRECTION('',(-0.10075636441351567,0,-0.9949111292121376));
#11811=FACE_SURFACE('',(#11816),#11812,.T.);
#11812=PLANE('',#11813);
#11813=AXIS2_PLACEMENT_3D('',#546,#11814,#11815);
#11814=DIRECTION('',(0,-1,0));
#11815=DIRECTION('',(0.9954376860281291,0,-0.09541390483029215));
#11816=FACE_BOUND('',#11817,.T.);
#11817=EDGE_LOOP('',(#11818,#11819,#11820));
#11818=ORIENTED_EDGE('',*,*,#11821,.T.);
#11819=ORIENTED_EDGE('',*,*,#11822,.T.);
#11820=ORIENTED_EDGE('',*,*,#11823,.T.);
#11821=EDGE_CURVE('',#547,#513,#11824,.F.);
#11822=EDGE_CURVE('',#513,#543,#11825,.T.);
#11823=EDGE_CURVE('',#543,#547,#11826,.T.);
#11824=LINE('',#546,#11827);
#11825=LINE('',#512,#11828);
#11826=LINE('',#542,#11829);
#11827=VECTOR('',#11830,1.0);
#11828=VECTOR('',#11831,1.0);
#11829=VECTOR('',#11832,1.0);
#11830=DIRECTION('',(0.9954376860281291,0,-0.09541390483029215));
#11831=DIRECTION('',(-0.9780880571476211,0,0.20819162438770578));
#11832=DIRECTION('',(-0.29552792315506893,0,-0.9553341021002294));
#11833=FACE_SURFACE('',(#11838),#11834,.T.);
#11834=PLANE('',#11835);
#11835=AXIS2_PLACEMENT_3D('',#542,#11836,#11837);
#11836=DIRECTION('',(0,-1,0));
#11837=DIRECTION('',(0.9780880571476211,0,-0.20819162438770578));
#11838=FACE_BOUND('',#11839,.T.);
#11839=EDGE_LOOP('',(#11840,#11841,#11842));
#11840=ORIENTED_EDGE('',*,*,#11843,.T.);
#11841=ORIENTED_EDGE('',*,*,#11844,.T.);
#11842=ORIENTED_EDGE('',*,*,#11845,.T.);
#11843=EDGE_CURVE('',#543,#513,#11846,.F.);
#11844=EDGE_CURVE('',#513,#539,#11847,.T.);
#11845=EDGE_CURVE('',#539,#543,#11848,.T.);
#11846=LINE('',#542,#11849);
#11847=LINE('',#512,#11850);
#11848=LINE('',#538,#11851);
#11849=VECTOR('',#11852,1.0);
#11850=VECTOR('',#11853,1.0);
#11851=VECTOR('',#11854,1.0);
#11852=DIRECTION('',(0.9780880571476211,0,-0.20819162438770578));
#11853=DIRECTION('',(-0.9477940878992405,0,0.3188829988306789));
#11854=DIRECTION('',(-0.47863677015349415,0,-0.878013008022678));
#11855=FACE_SURFACE('',(#11860),#11856,.T.);
#11856=PLANE('',#11857);
#11857=AXIS2_PLACEMENT_3D('',#538,#11858,#11859);
#11858=DIRECTION('',(0,-1,0));
#11859=DIRECTION('',(0.9477940878992405,0,-0.3188829988306789));
#11860=FACE_BOUND('',#11861,.T.);
#11861=EDGE_LOOP('',(#11862,#11863,#11864));
#11862=ORIENTED_EDGE('',*,*,#11865,.T.);
#11863=ORIENTED_EDGE('',*,*,#11866,.T.);
#11864=ORIENTED_EDGE('',*,*,#11867,.T.);
#11865=EDGE_CURVE('',#539,#513,#11868,.F.);
#11866=EDGE_CURVE('',#513,#535,#11869,.T.);
#11867=EDGE_CURVE('',#535,#539,#11870,.T.);
#11868=LINE('',#538,#11871);
#11869=LINE('',#512,#11872);
#11870=LINE('',#534,#11873);
#11871=VECTOR('',#11874,1.0);
#11872=VECTOR('',#11875,1.0);
#11873=VECTOR('',#11876,1.0);
#11874=DIRECTION('',(0.9477940878992405,0,-0.3188829988306789));
#11875=DIRECTION('',(-0.9045796786957602,0,0.42630459168378115));
#11876=DIRECTION('',(-0.6428281554436696,0,-0.7660104193605263));
#11877=FACE_SURFACE('',(#11882),#11878,.T.);
#11878=PLANE('',#11879);
#11879=AXIS2_PLACEMENT_3D('',#534,#11880,#11881);
#11880=DIRECTION('',(0,-1,0));
#11881=DIRECTION('',(0.9045796786957602,0,-0.42630459168378115));
#11882=FACE_BOUND('',#11883,.T.);
#11883=EDGE_LOOP('',(#11884,#11885,#11886));
#11884=ORIENTED_EDGE('',*,*,#11887,.T.);
#11885=ORIENTED_EDGE('',*,*,#11888,.T.);
#11886=ORIENTED_EDGE('',*,*,#11889,.T.);
#11887=EDGE_CURVE('',#535,#513,#11890,.F.);
#11888=EDGE_CURVE('',#513,#531,#11891,.T.);
#11889=EDGE_CURVE('',#531,#535,#11892,.T.);
#11890=LINE('',#534,#11893);
#11891=LINE('',#512,#11894);
#11892=LINE('',#530,#11895);
#11893=VECTOR('',#11896,1.0);
#11894=VECTOR('',#11897,1.0);
#11895=VECTOR('',#11898,1.0);
#11896=DIRECTION('',(0.9045796786957602,0,-0.42630459168378115));
#11897=DIRECTION('',(-0.8484509844096098,0,0.5292739621919487));
#11898=DIRECTION('',(-0.7816283337255042,0,-0.6237444572238633));
#11899=FACE_SURFACE('',(#11904),#11900,.T.);
#11900=PLANE('',#11901);
#11901=AXIS2_PLACEMENT_3D('',#530,#11902,#11903);
#11902=DIRECTION('',(0,-1,0));
#11903=DIRECTION('',(0.8484509844096098,0,-0.5292739621919487));
#11904=FACE_BOUND('',#11905,.T.);
#11905=EDGE_LOOP('',(#11906,#11907,#11908));
#11906=ORIENTED_EDGE('',*,*,#11909,.T.);
#11907=ORIENTED_EDGE('',*,*,#11910,.T.);
#11908=ORIENTED_EDGE('',*,*,#11911,.T.);
#11909=EDGE_CURVE('',#531,#513,#11912,.F.);
#11910=EDGE_CURVE('',#513,#527,#11913,.T.);
#11911=EDGE_CURVE('',#527,#531,#11914,.T.);
#11912=LINE('',#530,#11915);
#11913=LINE('',#512,#11916);
#11914=LINE('',#526,#11917);
#11915=VECTOR('',#11918,1.0);
#11916=VECTOR('',#11919,1.0);
#11917=VECTOR('',#11920,1.0);
#11918=DIRECTION('',(0.8484509844096098,0,-0.5292739621919487));
#11919=DIRECTION('',(-0.7793394393560323,0,0.6266019775457344));
#11920=DIRECTION('',(-0.8895527917474308,0,-0.45683238796559933));
#11921=FACE_SURFACE('',(#11926),#11922,.T.);
#11922=PLANE('',#11923);
#11923=AXIS2_PLACEMENT_3D('',#526,#11924,#11925);
#11924=DIRECTION('',(0,-1,0));
#11925=DIRECTION('',(0.7793394393560323,0,-0.6266019775457344));
#11926=FACE_BOUND('',#11927,.T.);
#11927=EDGE_LOOP('',(#11928,#11929,#11930));
#11928=ORIENTED_EDGE('',*,*,#11931,.T.);
#11929=ORIENTED_EDGE('',*,*,#11932,.T.);
#11930=ORIENTED_EDGE('',*,*,#11933,.T.);
#11931=EDGE_CURVE('',#527,#513,#11934,.F.);
#11932=EDGE_CURVE('',#513,#523,#11935,.T.);
#11933=EDGE_CURVE('',#523,#527,#11936,.T.);
#11934=LINE('',#526,#11937);
#11935=LINE('',#512,#11938);
#11936=LINE('',#522,#11939);
#11937=VECTOR('',#11940,1.0);
#11938=VECTOR('',#11941,1.0);
#11939=VECTOR('',#11942,1.0);
#11940=DIRECTION('',(0.7793394393560323,0,-0.6266019775457344));
#11941=DIRECTION('',(-0.6970066903696408,0,0.71706462301522));
#11942=DIRECTION('',(-0.9623327086570198,0,-0.271874525928494));
#11943=FACE_SURFACE('',(#11948),#11944,.T.);
#11944=PLANE('',#11945);
#11945=AXIS2_PLACEMENT_3D('',#522,#11946,#11947);
#11946=DIRECTION('',(0,-1,0));
#11947=DIRECTION('',(0.6970066903696408,0,-0.71706462301522));
#11948=FACE_BOUND('',#11949,.T.);
#11949=EDGE_LOOP('',(#11950,#11951,#11952));
#11950=ORIENTED_EDGE('',*,*,#11953,.T.);
#11951=ORIENTED_EDGE('',*,*,#11954,.T.);
#11952=ORIENTED_EDGE('',*,*,#11955,.T.);
#11953=EDGE_CURVE('',#523,#513,#11956,.F.);
#11954=EDGE_CURVE('',#513,#521,#11957,.T.);
#11955=EDGE_CURVE('',#521,#523,#11958,.T.);
#11956=LINE('',#522,#11959);
#11957=LINE('',#512,#11960);
#11958=LINE('',#520,#11961);
#11959=VECTOR('',#11962,1.0);
#11960=VECTOR('',#11963,1.0);
#11961=VECTOR('',#11964,1.0);
#11962=DIRECTION('',(0.6970066903696408,0,-0.71706462301522));
#11963=DIRECTION('',(1,0,0));
#11964=DIRECTION('',(-0.998867634227574,0,0.04757572167197831));
#11965=FACE_SURFACE('',(#11970),#11966,.T.);
#11966=PLANE('',#11967);
#11967=AXIS2_PLACEMENT_3D('',#552,#11968,#11969);
#11968=DIRECTION('',(0,-1,0));
#11969=DIRECTION('',(0,0,1));
#11970=FACE_BOUND('',#11971,.T.);
#11971=EDGE_LOOP('',(#11972,#11973,#11974));
#11972=ORIENTED_EDGE('',*,*,#11975,.T.);
#11973=ORIENTED_EDGE('',*,*,#11976,.T.);
#11974=ORIENTED_EDGE('',*,*,#11977,.T.);
#11975=EDGE_CURVE('',#553,#551,#11978,.F.);
#11976=EDGE_CURVE('',#551,#363,#11979,.T.);
#11977=EDGE_CURVE('',#363,#553,#11980,.T.);
#11978=LINE('',#552,#11981);
#11979=LINE('',#550,#11982);
#11980=LINE('',#362,#11983);
#11981=VECTOR('',#11984,1.0);
#11982=VECTOR('',#11985,1.0);
#11983=VECTOR('',#11986,1.0);
#11984=DIRECTION('',(0,0,1));
#11985=DIRECTION('',(-0.5623817362113156,0,0.8268777314548664));
#11986=DIRECTION('',(0.5621332191550357,0,-0.8270466999646372));
#11987=FACE_SURFACE('',(#11992),#11988,.T.);
#11988=PLANE('',#11989);
#11989=AXIS2_PLACEMENT_3D('',#362,#11990,#11991);
#11990=DIRECTION('',(0,-1,0));
#11991=DIRECTION('',(0.5623817362113156,0,-0.8268777314548664));
#11992=FACE_BOUND('',#11993,.T.);
#11993=EDGE_LOOP('',(#11994,#11995,#11996));
#11994=ORIENTED_EDGE('',*,*,#11997,.T.);
#11995=ORIENTED_EDGE('',*,*,#11998,.T.);
#11996=ORIENTED_EDGE('',*,*,#11999,.T.);
#11997=EDGE_CURVE('',#363,#551,#12000,.F.);
#11998=EDGE_CURVE('',#551,#627,#12001,.T.);
#11999=EDGE_CURVE('',#627,#363,#12002,.T.);
#12000=LINE('',#362,#12003);
#12001=LINE('',#550,#12004);
#12002=LINE('',#626,#12005);
#12003=VECTOR('',#12006,1.0);
#12004=VECTOR('',#12007,1.0);
#12005=VECTOR('',#12008,1.0);
#12006=DIRECTION('',(0.5623817362113156,0,-0.8268777314548664));
#12007=DIRECTION('',(0.09957589484077216,0,0.9950299699841506));
#12008=DIRECTION('',(-0.6050547919574253,0,0.7961838347576249));
#12009=FACE_SURFACE('',(#12014),#12010,.T.);
#12010=PLANE('',#12011);
#12011=AXIS2_PLACEMENT_3D('',#362,#12012,#12013);
#12012=DIRECTION('',(0,-1,0));
#12013=DIRECTION('',(0.6050547919574253,0,-0.7961838347576249));
#12014=FACE_BOUND('',#12015,.T.);
#12015=EDGE_LOOP('',(#12016,#12017,#12018));
#12016=ORIENTED_EDGE('',*,*,#12019,.T.);
#12017=ORIENTED_EDGE('',*,*,#12020,.T.);
#12018=ORIENTED_EDGE('',*,*,#12021,.T.);
#12019=EDGE_CURVE('',#363,#627,#12022,.F.);
#12020=EDGE_CURVE('',#627,#629,#12023,.T.);
#12021=EDGE_CURVE('',#629,#363,#12024,.T.);
#12022=LINE('',#362,#12025);
#12023=LINE('',#626,#12026);
#12024=LINE('',#628,#12027);
#12025=VECTOR('',#12028,1.0);
#12026=VECTOR('',#12029,1.0);
#12027=VECTOR('',#12030,1.0);
#12028=DIRECTION('',(0.6050547919574253,0,-0.7961838347576249));
#12029=DIRECTION('',(0.2947761864301522,0,0.9555663241835682));
#12030=DIRECTION('',(-0.659079094144802,0,0.7520736318082607));
#12031=FACE_SURFACE('',(#12036),#12032,.T.);
#12032=PLANE('',#12033);
#12033=AXIS2_PLACEMENT_3D('',#628,#12034,#12035);
#12034=DIRECTION('',(0,-1,0));
#12035=DIRECTION('',(0.478292450009368,0,0.8782006218763662));
#12036=FACE_BOUND('',#12037,.T.);
#12037=EDGE_LOOP('',(#12038,#12039,#12040));
#12038=ORIENTED_EDGE('',*,*,#12041,.T.);
#12039=ORIENTED_EDGE('',*,*,#12042,.T.);
#12040=ORIENTED_EDGE('',*,*,#12043,.T.);
#12041=EDGE_CURVE('',#629,#631,#12044,.F.);
#12042=EDGE_CURVE('',#631,#363,#12045,.T.);
#12043=EDGE_CURVE('',#363,#629,#12046,.T.);
#12044=LINE('',#628,#12047);
#12045=LINE('',#630,#12048);
#12046=LINE('',#362,#12049);
#12047=VECTOR('',#12050,1.0);
#12048=VECTOR('',#12051,1.0);
#12049=VECTOR('',#12052,1.0);
#12050=DIRECTION('',(0.478292450009368,0,0.8782006218763662));
#12051=DIRECTION('',(-0.7189811160062517,0,0.6950296071581447));
#12052=DIRECTION('',(0.659079094144802,0,-0.7520736318082607));
#12053=FACE_SURFACE('',(#12058),#12054,.T.);
#12054=PLANE('',#12055);
#12055=AXIS2_PLACEMENT_3D('',#362,#12056,#12057);
#12056=DIRECTION('',(0,-1,0));
#12057=DIRECTION('',(0.7189811160062517,0,-0.6950296071581447));
#12058=FACE_BOUND('',#12059,.T.);
#12059=EDGE_LOOP('',(#12060,#12061,#12062));
#12060=ORIENTED_EDGE('',*,*,#12063,.T.);
#12061=ORIENTED_EDGE('',*,*,#12064,.T.);
#12062=ORIENTED_EDGE('',*,*,#12065,.T.);
#12063=EDGE_CURVE('',#363,#631,#12066,.F.);
#12064=EDGE_CURVE('',#631,#633,#12067,.T.);
#12065=EDGE_CURVE('',#633,#363,#12068,.T.);
#12066=LINE('',#362,#12069);
#12067=LINE('',#630,#12070);
#12068=LINE('',#632,#12071);
#12069=VECTOR('',#12072,1.0);
#12070=VECTOR('',#12073,1.0);
#12071=VECTOR('',#12074,1.0);
#12072=DIRECTION('',(0.7189811160062517,0,-0.6950296071581447));
#12073=DIRECTION('',(0.6428272984462533,0,0.7660111385432276));
#12074=DIRECTION('',(-0.7773847822078294,0,0.6290253575108763));
#12075=FACE_SURFACE('',(#12080),#12076,.T.);
#12076=PLANE('',#12077);
#12077=AXIS2_PLACEMENT_3D('',#362,#12078,#12079);
#12078=DIRECTION('',(0,-1,0));
#12079=DIRECTION('',(0.7773847822078294,0,-0.6290253575108763));
#12080=FACE_BOUND('',#12081,.T.);
#12081=EDGE_LOOP('',(#12082,#12083,#12084));
#12082=ORIENTED_EDGE('',*,*,#12085,.T.);
#12083=ORIENTED_EDGE('',*,*,#12086,.T.);
#12084=ORIENTED_EDGE('',*,*,#12087,.T.);
#12085=EDGE_CURVE('',#363,#633,#12088,.F.);
#12086=EDGE_CURVE('',#633,#635,#12089,.T.);
#12087=EDGE_CURVE('',#635,#363,#12090,.T.);
#12088=LINE('',#362,#12091);
#12089=LINE('',#632,#12092);
#12090=LINE('',#634,#12093);
#12091=VECTOR('',#12094,1.0);
#12092=VECTOR('',#12095,1.0);
#12093=VECTOR('',#12096,1.0);
#12094=DIRECTION('',(0.7773847822078294,0,-0.6290253575108763));
#12095=DIRECTION('',(0.7818765650952002,0,0.6234332658392003));
#12096=DIRECTION('',(-0.8276319908638831,0,0.561271135636499));
#12097=FACE_SURFACE('',(#12102),#12098,.T.);
#12098=PLANE('',#12099);
#12099=AXIS2_PLACEMENT_3D('',#634,#12100,#12101);
#12100=DIRECTION('',(0,-1,0));
#12101=DIRECTION('',(0.8899114475855454,0,0.4561333307884867));
#12102=FACE_BOUND('',#12103,.T.);
#12103=EDGE_LOOP('',(#12104,#12105,#12106));
#12104=ORIENTED_EDGE('',*,*,#12107,.T.);
#12105=ORIENTED_EDGE('',*,*,#12108,.T.);
#12106=ORIENTED_EDGE('',*,*,#12109,.T.);
#12107=EDGE_CURVE('',#635,#637,#12110,.F.);
#12108=EDGE_CURVE('',#637,#363,#12111,.T.);
#12109=EDGE_CURVE('',#363,#635,#12112,.T.);
#12110=LINE('',#634,#12113);
#12111=LINE('',#636,#12114);
#12112=LINE('',#362,#12115);
#12113=VECTOR('',#12116,1.0);
#12114=VECTOR('',#12117,1.0);
#12115=VECTOR('',#12118,1.0);
#12116=DIRECTION('',(0.8899114475855454,0,0.4561333307884867));
#12117=DIRECTION('',(-0.8661396422892867,0,0.49980208088300954));
#12118=DIRECTION('',(0.8276319908638831,0,-0.561271135636499));
#12119=FACE_SURFACE('',(#12124),#12120,.T.);
#12120=PLANE('',#12121);
#12121=AXIS2_PLACEMENT_3D('',#362,#12122,#12123);
#12122=DIRECTION('',(0,-1,0));
#12123=DIRECTION('',(0.8661396422892867,0,-0.49980208088300954));
#12124=FACE_BOUND('',#12125,.T.);
#12125=EDGE_LOOP('',(#12126,#12127,#12128));
#12126=ORIENTED_EDGE('',*,*,#12129,.T.);
#12127=ORIENTED_EDGE('',*,*,#12130,.T.);
#12128=ORIENTED_EDGE('',*,*,#12131,.T.);
#12129=EDGE_CURVE('',#363,#637,#12132,.F.);
#12130=EDGE_CURVE('',#637,#523,#12133,.T.);
#12131=EDGE_CURVE('',#523,#363,#12134,.T.);
#12132=LINE('',#362,#12135);
#12133=LINE('',#636,#12136);
#12134=LINE('',#522,#12137);
#12135=VECTOR('',#12138,1.0);
#12136=VECTOR('',#12139,1.0);
#12137=VECTOR('',#12140,1.0);
#12138=DIRECTION('',(0.8661396422892867,0,-0.49980208088300954));
#12139=DIRECTION('',(0.9626532056894432,0,0.27073752155148073));
#12140=DIRECTION('',(-0.8926945668221503,0,0.45066219096593124));
#12141=FACE_SURFACE('',(#12146),#12142,.T.);
#12142=PLANE('',#12143);
#12143=AXIS2_PLACEMENT_3D('',#570,#12144,#12145);
#12144=DIRECTION('',(0.1448462345917099,-0.0005841991306532023,-0.9894540045075259));
#12145=DIRECTION('',(-0.989454173352267,0,-0.1448462593089023));
#12146=FACE_BOUND('',#12147,.T.);
#12147=EDGE_LOOP('',(#12148,#12149,#12150));
#12148=ORIENTED_EDGE('',*,*,#12151,.T.);
#12149=ORIENTED_EDGE('',*,*,#12152,.T.);
#12150=ORIENTED_EDGE('',*,*,#12153,.T.);
#12151=EDGE_CURVE('',#571,#525,#12154,.F.);
#12152=EDGE_CURVE('',#525,#639,#12155,.T.);
#12153=EDGE_CURVE('',#639,#571,#12156,.T.);
#12154=LINE('',#570,#12157);
#12155=LINE('',#524,#12158);
#12156=LINE('',#638,#12159);
#12157=VECTOR('',#12160,1.0);
#12158=VECTOR('',#12161,1.0);
#12159=VECTOR('',#12162,1.0);
#12160=DIRECTION('',(-0.989454173352267,0,-0.1448462593089023));
#12161=DIRECTION('',(-0.014345124413404034,0.9998934840476981,-0.002690346542669842));
#12162=DIRECTION('',(0.052560628535414294,-0.9985833748940168,0.008283943097189033));
#12163=FACE_SURFACE('',(#12168),#12164,.T.);
#12164=PLANE('',#12165);
#12165=AXIS2_PLACEMENT_3D('',#638,#12166,#12167);
#12166=DIRECTION('',(0.18433061199072767,0,-0.982864296575638));
#12167=DIRECTION('',(0.014345124413404034,-0.9998934840476981,0.002690346542669842));
#12168=FACE_BOUND('',#12169,.T.);
#12169=EDGE_LOOP('',(#12170,#12171,#12172));
#12170=ORIENTED_EDGE('',*,*,#12173,.T.);
#12171=ORIENTED_EDGE('',*,*,#12174,.T.);
#12172=ORIENTED_EDGE('',*,*,#12175,.T.);
#12173=EDGE_CURVE('',#639,#525,#12176,.F.);
#12174=EDGE_CURVE('',#525,#523,#12177,.T.);
#12175=EDGE_CURVE('',#523,#639,#12178,.T.);
#12176=LINE('',#638,#12179);
#12177=LINE('',#524,#12180);
#12178=LINE('',#522,#12181);
#12179=VECTOR('',#12182,1.0);
#12180=VECTOR('',#12183,1.0);
#12181=VECTOR('',#12184,1.0);
#12182=DIRECTION('',(0.014345124413404034,-0.9998934840476981,0.002690346542669842));
#12183=DIRECTION('',(0,-1,0));
#12184=DIRECTION('',(-0.012910873251443886,0.9999137194594971,-0.0024213608898654513));
#12185=FACE_SURFACE('',(#12190),#12186,.T.);
#12186=PLANE('',#12187);
#12187=AXIS2_PLACEMENT_3D('',#638,#12188,#12189);
#12188=DIRECTION('',(0.27073733794327637,0.0011646266972656504,-0.9626525528393118));
#12189=DIRECTION('',(0.012910873251443886,-0.9999137194594971,0.0024213608898654513));
#12190=FACE_BOUND('',#12191,.T.);
#12191=EDGE_LOOP('',(#12192,#12193,#12194));
#12192=ORIENTED_EDGE('',*,*,#12195,.T.);
#12193=ORIENTED_EDGE('',*,*,#12196,.T.);
#12194=ORIENTED_EDGE('',*,*,#12197,.T.);
#12195=EDGE_CURVE('',#639,#523,#12198,.F.);
#12196=EDGE_CURVE('',#523,#637,#12199,.T.);
#12197=EDGE_CURVE('',#637,#639,#12200,.T.);
#12198=LINE('',#638,#12201);
#12199=LINE('',#522,#12202);
#12200=LINE('',#636,#12203);
#12201=VECTOR('',#12204,1.0);
#12202=VECTOR('',#12205,1.0);
#12203=VECTOR('',#12206,1.0);
#12204=DIRECTION('',(0.012910873251443886,-0.9999137194594971,0.0024213608898654513));
#12205=DIRECTION('',(-0.9626532056894432,0,-0.27073752155148073));
#12206=DIRECTION('',(0.10137317762851936,0.9944046443913717,0.029713331525869805));
#12207=FACE_SURFACE('',(#12212),#12208,.T.);
#12208=PLANE('',#12209);
#12209=AXIS2_PLACEMENT_3D('',#638,#12210,#12211);
#12210=DIRECTION('',(0.2902830953067891,-0.0009986232126991442,-0.9569402945486143));
#12211=DIRECTION('',(-0.10137317762851936,-0.9944046443913717,-0.029713331525869805));
#12212=FACE_BOUND('',#12213,.T.);
#12213=EDGE_LOOP('',(#12214,#12215,#12216));
#12214=ORIENTED_EDGE('',*,*,#12217,.T.);
#12215=ORIENTED_EDGE('',*,*,#12218,.T.);
#12216=ORIENTED_EDGE('',*,*,#12219,.T.);
#12217=EDGE_CURVE('',#639,#637,#12220,.F.);
#12218=EDGE_CURVE('',#637,#641,#12221,.T.);
#12219=EDGE_CURVE('',#641,#639,#12222,.T.);
#12220=LINE('',#638,#12223);
#12221=LINE('',#636,#12224);
#12222=LINE('',#640,#12225);
#12223=VECTOR('',#12226,1.0);
#12224=VECTOR('',#12227,1.0);
#12225=VECTOR('',#12228,1.0);
#12226=DIRECTION('',(-0.10137317762851936,-0.9944046443913717,-0.029713331525869805));
#12227=DIRECTION('',(-0.01044245323116815,0.9999366086467503,-0.004211158813270615));
#12228=DIRECTION('',(0.9569407717025222,0,0.29028324004906203));
#12229=FACE_SURFACE('',(#12234),#12230,.T.);
#12230=PLANE('',#12231);
#12231=AXIS2_PLACEMENT_3D('',#640,#12232,#12233);
#12232=DIRECTION('',(0.4561330955244512,0.0010156563984175773,-0.8899109885878262));
#12233=DIRECTION('',(0.01044245323116815,-0.9999366086467503,0.004211158813270615));
#12234=FACE_BOUND('',#12235,.T.);
#12235=EDGE_LOOP('',(#12236,#12237,#12238));
#12236=ORIENTED_EDGE('',*,*,#12239,.T.);
#12237=ORIENTED_EDGE('',*,*,#12240,.T.);
#12238=ORIENTED_EDGE('',*,*,#12241,.T.);
#12239=EDGE_CURVE('',#641,#637,#12242,.F.);
#12240=EDGE_CURVE('',#637,#635,#12243,.T.);
#12241=EDGE_CURVE('',#635,#641,#12244,.T.);
#12242=LINE('',#640,#12245);
#12243=LINE('',#636,#12246);
#12244=LINE('',#634,#12247);
#12245=VECTOR('',#12248,1.0);
#12246=VECTOR('',#12249,1.0);
#12247=VECTOR('',#12250,1.0);
#12248=DIRECTION('',(0.01044245323116815,-0.9999366086467503,0.004211158813270615));
#12249=DIRECTION('',(-0.8899114475855454,0,-0.4561333307884867));
#12250=DIRECTION('',(0.09517912476198301,0.9942077016897224,0.04991973668182679));
#12251=FACE_SURFACE('',(#12256),#12252,.T.);
#12252=PLANE('',#12253);
#12253=AXIS2_PLACEMENT_3D('',#640,#12254,#12255);
#12254=DIRECTION('',(0.471396746882731,-0.0008467778450395848,-0.8819208524554002));
#12255=DIRECTION('',(-0.09517912476198301,-0.9942077016897224,-0.04991973668182679));
#12256=FACE_BOUND('',#12257,.T.);
#12257=EDGE_LOOP('',(#12258,#12259,#12260));
#12258=ORIENTED_EDGE('',*,*,#12261,.T.);
#12259=ORIENTED_EDGE('',*,*,#12262,.T.);
#12260=ORIENTED_EDGE('',*,*,#12263,.T.);
#12261=EDGE_CURVE('',#641,#635,#12264,.F.);
#12262=EDGE_CURVE('',#635,#643,#12265,.T.);
#12263=EDGE_CURVE('',#643,#641,#12266,.T.);
#12264=LINE('',#640,#12267);
#12265=LINE('',#634,#12268);
#12266=LINE('',#642,#12269);
#12267=VECTOR('',#12270,1.0);
#12268=VECTOR('',#12271,1.0);
#12269=VECTOR('',#12272,1.0);
#12270=DIRECTION('',(-0.09517912476198301,-0.9942077016897224,-0.04991973668182679));
#12271=DIRECTION('',(-0.00784229085370887,0.9999559772141923,-0.0051519033158320925));
#12272=DIRECTION('',(0.8819211686386235,0,0.47139691588626736));
#12273=FACE_SURFACE('',(#12278),#12274,.T.);
#12274=PLANE('',#12275);
#12275=AXIS2_PLACEMENT_3D('',#642,#12276,#12277);
#12276=DIRECTION('',(0.6234330347409056,0.00086103011608931,-0.7818762752641135));
#12277=DIRECTION('',(0.00784229085370887,-0.9999559772141923,0.0051519033158320925));
#12278=FACE_BOUND('',#12279,.T.);
#12279=EDGE_LOOP('',(#12280,#12281,#12282));
#12280=ORIENTED_EDGE('',*,*,#12283,.T.);
#12281=ORIENTED_EDGE('',*,*,#12284,.T.);
#12282=ORIENTED_EDGE('',*,*,#12285,.T.);
#12283=EDGE_CURVE('',#643,#635,#12286,.F.);
#12284=EDGE_CURVE('',#635,#633,#12287,.T.);
#12285=EDGE_CURVE('',#633,#643,#12288,.T.);
#12286=LINE('',#642,#12289);
#12287=LINE('',#634,#12290);
#12288=LINE('',#632,#12291);
#12289=VECTOR('',#12292,1.0);
#12290=VECTOR('',#12293,1.0);
#12291=VECTOR('',#12294,1.0);
#12292=DIRECTION('',(0.00784229085370887,-0.9999559772141923,0.0051519033158320925));
#12293=DIRECTION('',(-0.7818765650952002,0,-0.6234332658392003));
#12294=DIRECTION('',(0.08493223461406045,0.9940074964470377,0.06881578692825095));
#12295=FACE_SURFACE('',(#12300),#12296,.T.);
#12296=PLANE('',#12297);
#12297=AXIS2_PLACEMENT_3D('',#642,#12298,#12299);
#12298=DIRECTION('',(0.6343921150587453,-0.0006891018578182428,-0.773011105670495));
#12299=DIRECTION('',(-0.08493223461406045,-0.9940074964470377,-0.06881578692825095));
#12300=FACE_BOUND('',#12301,.T.);
#12301=EDGE_LOOP('',(#12302,#12303,#12304));
#12302=ORIENTED_EDGE('',*,*,#12305,.T.);
#12303=ORIENTED_EDGE('',*,*,#12306,.T.);
#12304=ORIENTED_EDGE('',*,*,#12307,.T.);
#12305=EDGE_CURVE('',#643,#633,#12308,.F.);
#12306=EDGE_CURVE('',#633,#645,#12309,.T.);
#12307=EDGE_CURVE('',#645,#643,#12310,.T.);
#12308=LINE('',#642,#12311);
#12309=LINE('',#632,#12312);
#12310=LINE('',#644,#12313);
#12311=VECTOR('',#12314,1.0);
#12312=VECTOR('',#12315,1.0);
#12313=VECTOR('',#12316,1.0);
#12314=DIRECTION('',(-0.08493223461406045,-0.9940074964470377,-0.06881578692825095));
#12315=DIRECTION('',(-0.005341188611726717,0.999971823619832,-0.005274814749532713));
#12316=DIRECTION('',(0.7730112892071168,0,0.6343922656829535));
#12317=FACE_SURFACE('',(#12322),#12318,.T.);
#12318=PLANE('',#12319);
#12319=AXIS2_PLACEMENT_3D('',#644,#12320,#12321);
#12320=DIRECTION('',(0.7660109505300309,0.0007006346237817684,-0.6428271406678489));
#12321=DIRECTION('',(0.005341188611726717,-0.999971823619832,0.005274814749532713));
#12322=FACE_BOUND('',#12323,.T.);
#12323=EDGE_LOOP('',(#12324,#12325,#12326));
#12324=ORIENTED_EDGE('',*,*,#12327,.T.);
#12325=ORIENTED_EDGE('',*,*,#12328,.T.);
#12326=ORIENTED_EDGE('',*,*,#12329,.T.);
#12327=EDGE_CURVE('',#645,#633,#12330,.F.);
#12328=EDGE_CURVE('',#633,#631,#12331,.T.);
#12329=EDGE_CURVE('',#631,#645,#12332,.T.);
#12330=LINE('',#644,#12333);
#12331=LINE('',#632,#12334);
#12332=LINE('',#630,#12335);
#12333=VECTOR('',#12336,1.0);
#12334=VECTOR('',#12337,1.0);
#12335=VECTOR('',#12338,1.0);
#12336=DIRECTION('',(0.005341188611726717,-0.999971823619832,0.005274814749532713));
#12337=DIRECTION('',(-0.6428272984462533,0,-0.7660111385432276));
#12338=DIRECTION('',(0.07091332118749676,0.9938040175230228,0.08558548728177168));
#12339=FACE_SURFACE('',(#12344),#12340,.T.);
#12340=PLANE('',#12341);
#12341=AXIS2_PLACEMENT_3D('',#644,#12342,#12343);
#12342=DIRECTION('',(0.7730098754431051,-0.0005250507570191538,-0.6343937710831795));
#12343=DIRECTION('',(-0.07091332118749676,-0.9938040175230228,-0.08558548728177168));
#12344=FACE_BOUND('',#12345,.T.);
#12345=EDGE_LOOP('',(#12346,#12347,#12348));
#12346=ORIENTED_EDGE('',*,*,#12349,.T.);
#12347=ORIENTED_EDGE('',*,*,#12350,.T.);
#12348=ORIENTED_EDGE('',*,*,#12351,.T.);
#12349=EDGE_CURVE('',#645,#631,#12352,.F.);
#12350=EDGE_CURVE('',#631,#647,#12353,.T.);
#12351=EDGE_CURVE('',#647,#645,#12354,.T.);
#12352=LINE('',#644,#12355);
#12353=LINE('',#630,#12356);
#12354=LINE('',#646,#12357);
#12355=VECTOR('',#12358,1.0);
#12356=VECTOR('',#12359,1.0);
#12357=VECTOR('',#12360,1.0);
#12358=DIRECTION('',(-0.07091332118749676,-0.9938040175230228,-0.08558548728177168));
#12359=DIRECTION('',(-0.0031501270784163407,0.9999841521486719,-0.004666063747056028));
#12360=DIRECTION('',(0.6343938585274951,0,0.7730099819941504));
#12361=FACE_SURFACE('',(#12366),#12362,.T.);
#12362=PLANE('',#12363);
#12363=AXIS2_PLACEMENT_3D('',#646,#12364,#12365);
#12364=DIRECTION('',(0.8782004963316054,0.00053470889532349,-0.4782923816342043));
#12365=DIRECTION('',(0.0031501270784163407,-0.9999841521486719,0.004666063747056028));
#12366=FACE_BOUND('',#12367,.T.);
#12367=EDGE_LOOP('',(#12368,#12369,#12370));
#12368=ORIENTED_EDGE('',*,*,#12371,.T.);
#12369=ORIENTED_EDGE('',*,*,#12372,.T.);
#12370=ORIENTED_EDGE('',*,*,#12373,.T.);
#12371=EDGE_CURVE('',#647,#631,#12374,.F.);
#12372=EDGE_CURVE('',#631,#629,#12375,.T.);
#12373=EDGE_CURVE('',#629,#647,#12376,.T.);
#12374=LINE('',#646,#12377);
#12375=LINE('',#630,#12378);
#12376=LINE('',#628,#12379);
#12377=VECTOR('',#12380,1.0);
#12378=VECTOR('',#12381,1.0);
#12379=VECTOR('',#12382,1.0);
#12380=DIRECTION('',(0.0031501270784163407,-0.9999841521486719,0.004666063747056028));
#12381=DIRECTION('',(-0.478292450009368,0,-0.8782006218763662));
#12382=DIRECTION('',(0.0535702004573243,0.9935972879298142,0.0994719208695604));
#12383=FACE_SURFACE('',(#12388),#12384,.T.);
#12384=PLANE('',#12385);
#12385=AXIS2_PLACEMENT_3D('',#646,#12386,#12387);
#12386=DIRECTION('',(0.8819218344037396,-0.00035639191572204605,-0.47139553560332476));
#12387=DIRECTION('',(-0.0535702004573243,-0.9935972879298142,-0.0994719208695604));
#12388=FACE_BOUND('',#12389,.T.);
#12389=EDGE_LOOP('',(#12390,#12391,#12392));
#12390=ORIENTED_EDGE('',*,*,#12393,.T.);
#12391=ORIENTED_EDGE('',*,*,#12394,.T.);
#12392=ORIENTED_EDGE('',*,*,#12395,.T.);
#12393=EDGE_CURVE('',#647,#629,#12396,.F.);
#12394=EDGE_CURVE('',#629,#649,#12397,.T.);
#12395=EDGE_CURVE('',#649,#647,#12398,.T.);
#12396=LINE('',#646,#12399);
#12397=LINE('',#628,#12400);
#12398=LINE('',#648,#12401);
#12399=VECTOR('',#12402,1.0);
#12400=VECTOR('',#12403,1.0);
#12401=VECTOR('',#12404,1.0);
#12402=DIRECTION('',(-0.0535702004573243,-0.9935972879298142,-0.0994719208695604));
#12403=DIRECTION('',(-0.0014472859448951888,0.9999929539762898,-0.0034637207115572784));
#12404=DIRECTION('',(0.4713955655405261,0,0.8819218904124829));
#12405=FACE_SURFACE('',(#12410),#12406,.T.);
#12406=PLANE('',#12407);
#12407=AXIS2_PLACEMENT_3D('',#648,#12408,#12409);
#12408=DIRECTION('',(0.9555662615875272,0.0003619578548471616,-0.29477616712032323));
#12409=DIRECTION('',(0.0014472859448951888,-0.9999929539762898,0.0034637207115572784));
#12410=FACE_BOUND('',#12411,.T.);
#12411=EDGE_LOOP('',(#12412,#12413,#12414));
#12412=ORIENTED_EDGE('',*,*,#12415,.T.);
#12413=ORIENTED_EDGE('',*,*,#12416,.T.);
#12414=ORIENTED_EDGE('',*,*,#12417,.T.);
#12415=EDGE_CURVE('',#649,#629,#12418,.F.);
#12416=EDGE_CURVE('',#629,#627,#12419,.T.);
#12417=EDGE_CURVE('',#627,#649,#12420,.T.);
#12418=LINE('',#648,#12421);
#12419=LINE('',#628,#12422);
#12420=LINE('',#626,#12423);
#12421=VECTOR('',#12424,1.0);
#12422=VECTOR('',#12425,1.0);
#12423=VECTOR('',#12426,1.0);
#12424=DIRECTION('',(0.0014472859448951888,-0.9999929539762898,0.0034637207115572784));
#12425=DIRECTION('',(-0.2947761864301522,0,-0.9555663241835682));
#12426=DIRECTION('',(0.03350006593158538,0.9933872474429055,0.10981585586966494));
#12427=FACE_SURFACE('',(#12432),#12428,.T.);
#12428=PLANE('',#12429);
#12429=AXIS2_PLACEMENT_3D('',#648,#12430,#12431);
#12430=DIRECTION('',(0.9569404823325807,-0.00018096491430174863,-0.29028413757005006));
#12431=DIRECTION('',(-0.03350006593158538,-0.9933872474429055,-0.10981585586966494));
#12432=FACE_BOUND('',#12433,.T.);
#12433=EDGE_LOOP('',(#12434,#12435,#12436));
#12434=ORIENTED_EDGE('',*,*,#12437,.T.);
#12435=ORIENTED_EDGE('',*,*,#12438,.T.);
#12436=ORIENTED_EDGE('',*,*,#12439,.T.);
#12437=EDGE_CURVE('',#649,#627,#12440,.F.);
#12438=EDGE_CURVE('',#627,#651,#12441,.T.);
#12439=EDGE_CURVE('',#651,#649,#12442,.T.);
#12440=LINE('',#648,#12443);
#12441=LINE('',#626,#12444);
#12442=LINE('',#650,#12445);
#12443=VECTOR('',#12446,1.0);
#12444=VECTOR('',#12447,1.0);
#12445=VECTOR('',#12448,1.0);
#12446=DIRECTION('',(-0.03350006593158538,-0.9933872474429055,-0.10981585586966494));
#12447=DIRECTION('',(-0.00036888057642333184,0.9999982401852936,-0.0018394437843984551));
#12448=DIRECTION('',(0.2902841423232062,0,0.956940498001668));
#12449=FACE_SURFACE('',(#12454),#12450,.T.);
#12450=PLANE('',#12451);
#12451=AXIS2_PLACEMENT_3D('',#650,#12452,#12453);
#12452=DIRECTION('',(0.995045312050279,0.00018417148699837854,-0.09942229653164462));
#12453=DIRECTION('',(0.00036888057642333184,-0.9999982401852936,0.0018394437843984551));
#12454=FACE_BOUND('',#12455,.T.);
#12455=EDGE_LOOP('',(#12456,#12457,#12458));
#12456=ORIENTED_EDGE('',*,*,#12459,.T.);
#12457=ORIENTED_EDGE('',*,*,#12460,.T.);
#12458=ORIENTED_EDGE('',*,*,#12461,.T.);
#12459=EDGE_CURVE('',#651,#627,#12462,.F.);
#12460=EDGE_CURVE('',#627,#477,#12463,.T.);
#12461=EDGE_CURVE('',#477,#651,#12464,.T.);
#12462=LINE('',#650,#12465);
#12463=LINE('',#626,#12466);
#12464=LINE('',#476,#12467);
#12465=VECTOR('',#12468,1.0);
#12466=VECTOR('',#12469,1.0);
#12467=VECTOR('',#12470,1.0);
#12468=DIRECTION('',(0.00036888057642333184,-0.9999982401852936,0.0018394437843984551));
#12469=DIRECTION('',(-0.07631537924855648,0.6423586815352424,-0.7625951003949961));
#12470=DIRECTION('',(0.012683148139610051,0.991592957324765,0.12877322989346598));
#12471=FACE_SURFACE('',(#12476),#12472,.T.);
#12472=PLANE('',#12473);
#12473=AXIS2_PLACEMENT_3D('',#650,#12474,#12475);
#12474=DIRECTION('',(0.9951846573084532,0,-0.09801784458891345));
#12475=DIRECTION('',(-0.012683148139610051,-0.991592957324765,-0.12877322989346598));
#12476=FACE_BOUND('',#12477,.T.);
#12477=EDGE_LOOP('',(#12478,#12479,#12480));
#12478=ORIENTED_EDGE('',*,*,#12481,.T.);
#12479=ORIENTED_EDGE('',*,*,#12482,.T.);
#12480=ORIENTED_EDGE('',*,*,#12483,.T.);
#12481=EDGE_CURVE('',#651,#477,#12484,.F.);
#12482=EDGE_CURVE('',#477,#475,#12485,.T.);
#12483=EDGE_CURVE('',#475,#651,#12486,.T.);
#12484=LINE('',#650,#12487);
#12485=LINE('',#476,#12488);
#12486=LINE('',#474,#12489);
#12487=VECTOR('',#12490,1.0);
#12488=VECTOR('',#12491,1.0);
#12489=VECTOR('',#12492,1.0);
#12490=DIRECTION('',(-0.012683148139610051,-0.991592957324765,-0.12877322989346598));
#12491=DIRECTION('',(0,1,0));
#12492=DIRECTION('',(0.09801784458891347,0,0.9951846573084534));
#12493=FACE_SURFACE('',(#12498),#12494,.T.);
#12494=PLANE('',#12495);
#12495=AXIS2_PLACEMENT_3D('',#626,#12496,#12497);
#12496=DIRECTION('',(0.9950299699841506,0,-0.09957589484077216));
#12497=DIRECTION('',(-0.09957589484077216,0,-0.9950299699841506));
#12498=FACE_BOUND('',#12499,.T.);
#12499=EDGE_LOOP('',(#12500,#12501,#12502));
#12500=ORIENTED_EDGE('',*,*,#12503,.T.);
#12501=ORIENTED_EDGE('',*,*,#12504,.T.);
#12502=ORIENTED_EDGE('',*,*,#12505,.T.);
#12503=EDGE_CURVE('',#627,#551,#12506,.F.);
#12504=EDGE_CURVE('',#551,#477,#12507,.T.);
#12505=EDGE_CURVE('',#477,#627,#12508,.T.);
#12506=LINE('',#626,#12509);
#12507=LINE('',#550,#12510);
#12508=LINE('',#476,#12511);
#12509=VECTOR('',#12512,1.0);
#12510=VECTOR('',#12513,1.0);
#12511=VECTOR('',#12514,1.0);
#12512=DIRECTION('',(-0.09957589484077216,0,-0.9950299699841506));
#12513=DIRECTION('',(0,1,0));
#12514=DIRECTION('',(0.07631537924855648,-0.6423586815352424,0.7625951003949961));
#12515=FACE_SURFACE('',(#12520),#12516,.T.);
#12516=PLANE('',#12517);
#12517=AXIS2_PLACEMENT_3D('',#638,#12518,#12519);
#12518=DIRECTION('',(0.09802059158801435,-0.0030963734245476942,-0.9951795697743958));
#12519=DIRECTION('',(0.9951843404648865,0,0.09802106147899521));
#12520=FACE_BOUND('',#12521,.T.);
#12521=EDGE_LOOP('',(#12522,#12523,#12524));
#12522=ORIENTED_EDGE('',*,*,#12525,.T.);
#12523=ORIENTED_EDGE('',*,*,#12526,.T.);
#12524=ORIENTED_EDGE('',*,*,#12527,.T.);
#12525=EDGE_CURVE('',#639,#501,#12528,.F.);
#12526=EDGE_CURVE('',#501,#571,#12529,.T.);
#12527=EDGE_CURVE('',#571,#639,#12530,.T.);
#12528=LINE('',#638,#12531);
#12529=LINE('',#500,#12532);
#12530=LINE('',#570,#12533);
#12531=VECTOR('',#12534,1.0);
#12532=VECTOR('',#12535,1.0);
#12533=VECTOR('',#12536,1.0);
#12534=DIRECTION('',(0.9951843404648865,0,0.09802106147899521));
#12535=DIRECTION('',(-0.07699975299082448,-0.9970210376725513,-0.004482017146451772));
#12536=DIRECTION('',(-0.052560628535414294,0.9985833748940168,-0.008283943097189033));
#12537=FACE_SURFACE('',(#12542),#12538,.T.);
#12538=PLANE('',#12539);
#12539=AXIS2_PLACEMENT_3D('',#570,#12540,#12541);
#12540=DIRECTION('',(0.08710015091487958,-0.002248415914554375,-0.9961970228506409));
#12541=DIRECTION('',(0.07699975299082448,0.9970210376725513,0.004482017146451772));
#12542=FACE_BOUND('',#12543,.T.);
#12543=EDGE_LOOP('',(#12544,#12545,#12546));
#12544=ORIENTED_EDGE('',*,*,#12547,.T.);
#12545=ORIENTED_EDGE('',*,*,#12548,.T.);
#12546=ORIENTED_EDGE('',*,*,#12549,.T.);
#12547=EDGE_CURVE('',#571,#501,#12550,.F.);
#12548=EDGE_CURVE('',#501,#573,#12551,.T.);
#12549=EDGE_CURVE('',#573,#571,#12552,.T.);
#12550=LINE('',#570,#12553);
#12551=LINE('',#500,#12554);
#12552=LINE('',#572,#12555);
#12553=VECTOR('',#12556,1.0);
#12554=VECTOR('',#12557,1.0);
#12555=VECTOR('',#12558,1.0);
#12556=DIRECTION('',(0.07699975299082448,0.9970210376725513,0.004482017146451772));
#12557=DIRECTION('',(-0.03865125476952272,-0.9992521288294274,-0.0011240705489744822));
#12558=DIRECTION('',(-0.9961995409345146,0,-0.08710037107763892));
#12559=FACE_SURFACE('',(#12564),#12560,.T.);
#12560=PLANE('',#12561);
#12561=AXIS2_PLACEMENT_3D('',#572,#12562,#12563);
#12562=DIRECTION('',(0.029070090894471885,0,-0.9995773756020028));
#12563=DIRECTION('',(0.03865125476952272,0.9992521288294274,0.0011240705489744822));
#12564=FACE_BOUND('',#12565,.T.);
#12565=EDGE_LOOP('',(#12566,#12567,#12568));
#12566=ORIENTED_EDGE('',*,*,#12569,.T.);
#12567=ORIENTED_EDGE('',*,*,#12570,.T.);
#12568=ORIENTED_EDGE('',*,*,#12571,.T.);
#12569=EDGE_CURVE('',#573,#501,#12572,.F.);
#12570=EDGE_CURVE('',#501,#499,#12573,.T.);
#12571=EDGE_CURVE('',#499,#573,#12574,.T.);
#12572=LINE('',#572,#12575);
#12573=LINE('',#500,#12576);
#12574=LINE('',#498,#12577);
#12575=VECTOR('',#12578,1.0);
#12576=VECTOR('',#12579,1.0);
#12577=VECTOR('',#12580,1.0);
#12578=DIRECTION('',(0.03865125476952272,0.9992521288294274,0.0011240705489744822));
#12579=DIRECTION('',(0,-1,0));
#12580=DIRECTION('',(-0.9995773756020027,0,-0.029070090894471882));
#12581=FACE_SURFACE('',(#12586),#12582,.T.);
#12582=PLANE('',#12583);
#12583=AXIS2_PLACEMENT_3D('',#554,#12584,#12585);
#12584=DIRECTION('',(1,0,-0));
#12585=DIRECTION('',(0,0,1));
#12586=FACE_BOUND('',#12587,.T.);
#12587=EDGE_LOOP('',(#12588,#12589,#12590));
#12588=ORIENTED_EDGE('',*,*,#12591,.T.);
#12589=ORIENTED_EDGE('',*,*,#12592,.T.);
#12590=ORIENTED_EDGE('',*,*,#12593,.T.);
#12591=EDGE_CURVE('',#555,#477,#12594,.F.);
#12592=EDGE_CURVE('',#477,#553,#12595,.T.);
#12593=EDGE_CURVE('',#553,#555,#12596,.T.);
#12594=LINE('',#554,#12597);
#12595=LINE('',#476,#12598);
#12596=LINE('',#552,#12599);
#12597=VECTOR('',#12600,1.0);
#12598=VECTOR('',#12601,1.0);
#12599=VECTOR('',#12602,1.0);
#12600=DIRECTION('',(0,0,1));
#12601=DIRECTION('',(0,-0.9999658031236183,-0.00826998085469057));
#12602=DIRECTION('',(0,1,0));
#12603=FACE_SURFACE('',(#12608),#12604,.T.);
#12604=PLANE('',#12605);
#12605=AXIS2_PLACEMENT_3D('',#552,#12606,#12607);
#12606=DIRECTION('',(1,0,0));
#12607=DIRECTION('',(0,0.9999658031236183,0.00826998085469057));
#12608=FACE_BOUND('',#12609,.T.);
#12609=EDGE_LOOP('',(#12610,#12611,#12612));
#12610=ORIENTED_EDGE('',*,*,#12613,.T.);
#12611=ORIENTED_EDGE('',*,*,#12614,.T.);
#12612=ORIENTED_EDGE('',*,*,#12615,.T.);
#12613=EDGE_CURVE('',#553,#477,#12616,.F.);
#12614=EDGE_CURVE('',#477,#551,#12617,.T.);
#12615=EDGE_CURVE('',#551,#553,#12618,.T.);
#12616=LINE('',#552,#12619);
#12617=LINE('',#476,#12620);
#12618=LINE('',#550,#12621);
#12619=VECTOR('',#12622,1.0);
#12620=VECTOR('',#12623,1.0);
#12621=VECTOR('',#12624,1.0);
#12622=DIRECTION('',(0,0.9999658031236183,0.00826998085469057));
#12623=DIRECTION('',(0,-1,0));
#12624=DIRECTION('',(0,0,-1));
#12625=FACE_SURFACE('',(#12630),#12626,.T.);
#12626=PLANE('',#12627);
#12627=AXIS2_PLACEMENT_3D('',#446,#12628,#12629);
#12628=DIRECTION('',(-0.09801706944953507,0,0.9951847336532675));
#12629=DIRECTION('',(0,-1,0));
#12630=FACE_BOUND('',#12631,.T.);
#12631=EDGE_LOOP('',(#12632,#12633,#12634));
#12632=ORIENTED_EDGE('',*,*,#12635,.T.);
#12633=ORIENTED_EDGE('',*,*,#12636,.T.);
#12634=ORIENTED_EDGE('',*,*,#12637,.T.);
#12635=EDGE_CURVE('',#447,#451,#12638,.F.);
#12636=EDGE_CURVE('',#451,#653,#12639,.T.);
#12637=EDGE_CURVE('',#653,#447,#12640,.T.);
#12638=LINE('',#446,#12641);
#12639=LINE('',#450,#12642);
#12640=LINE('',#652,#12643);
#12641=VECTOR('',#12644,1.0);
#12642=VECTOR('',#12645,1.0);
#12643=VECTOR('',#12646,1.0);
#12644=DIRECTION('',(0,-1,0));
#12645=DIRECTION('',(0.12867983275192593,0.9916052007822208,0.012673848057635616));
#12646=DIRECTION('',(-0.9951847336532677,0,-0.09801706944953507));
#12647=FACE_SURFACE('',(#12652),#12648,.T.);
#12648=PLANE('',#12649);
#12649=AXIS2_PLACEMENT_3D('',#652,#12650,#12651);
#12650=DIRECTION('',(-0.09801706944953507,0,0.9951847336532675));
#12651=DIRECTION('',(-0.12867983275192593,-0.9916052007822208,-0.012673848057635616));
#12652=FACE_BOUND('',#12653,.T.);
#12653=EDGE_LOOP('',(#12654,#12655,#12656));
#12654=ORIENTED_EDGE('',*,*,#12657,.T.);
#12655=ORIENTED_EDGE('',*,*,#12658,.T.);
#12656=ORIENTED_EDGE('',*,*,#12659,.T.);
#12657=EDGE_CURVE('',#653,#451,#12660,.F.);
#12658=EDGE_CURVE('',#451,#611,#12661,.T.);
#12659=EDGE_CURVE('',#611,#653,#12662,.T.);
#12660=LINE('',#652,#12663);
#12661=LINE('',#450,#12664);
#12662=LINE('',#610,#12665);
#12663=VECTOR('',#12666,1.0);
#12664=VECTOR('',#12667,1.0);
#12665=VECTOR('',#12668,1.0);
#12666=DIRECTION('',(-0.12867983275192593,-0.9916052007822208,-0.012673848057635616));
#12667=DIRECTION('',(0.9951847336532677,0,0.09801706944953507));
#12668=DIRECTION('',(0,1,0));
#12669=FACE_SURFACE('',(#12674),#12670,.T.);
#12670=PLANE('',#12671);
#12671=AXIS2_PLACEMENT_3D('',#652,#12672,#12673);
#12672=DIRECTION('',(-0.2902838924683557,0,0.9569405737941203));
#12673=DIRECTION('',(0,-1,0));
#12674=FACE_BOUND('',#12675,.T.);
#12675=EDGE_LOOP('',(#12676,#12677,#12678));
#12676=ORIENTED_EDGE('',*,*,#12679,.T.);
#12677=ORIENTED_EDGE('',*,*,#12680,.T.);
#12678=ORIENTED_EDGE('',*,*,#12681,.T.);
#12679=EDGE_CURVE('',#653,#611,#12682,.F.);
#12680=EDGE_CURVE('',#611,#655,#12683,.T.);
#12681=EDGE_CURVE('',#655,#653,#12684,.T.);
#12682=LINE('',#652,#12685);
#12683=LINE('',#610,#12686);
#12684=LINE('',#654,#12687);
#12685=VECTOR('',#12688,1.0);
#12686=VECTOR('',#12689,1.0);
#12687=VECTOR('',#12690,1.0);
#12688=DIRECTION('',(0,-1,0));
#12689=DIRECTION('',(0.12373544647501457,0.9916051084467254,0.03753462651987492));
#12690=DIRECTION('',(-0.9569405737941202,0,-0.2902838924683557));
#12691=FACE_SURFACE('',(#12696),#12692,.T.);
#12692=PLANE('',#12693);
#12693=AXIS2_PLACEMENT_3D('',#654,#12694,#12695);
#12694=DIRECTION('',(-0.2902838924683557,0,0.9569405737941203));
#12695=DIRECTION('',(-0.12373544647501457,-0.9916051084467254,-0.03753462651987492));
#12696=FACE_BOUND('',#12697,.T.);
#12697=EDGE_LOOP('',(#12698,#12699,#12700));
#12698=ORIENTED_EDGE('',*,*,#12701,.T.);
#12699=ORIENTED_EDGE('',*,*,#12702,.T.);
#12700=ORIENTED_EDGE('',*,*,#12703,.T.);
#12701=EDGE_CURVE('',#655,#611,#12704,.F.);
#12702=EDGE_CURVE('',#611,#609,#12705,.T.);
#12703=EDGE_CURVE('',#609,#655,#12706,.T.);
#12704=LINE('',#654,#12707);
#12705=LINE('',#610,#12708);
#12706=LINE('',#608,#12709);
#12707=VECTOR('',#12710,1.0);
#12708=VECTOR('',#12711,1.0);
#12709=VECTOR('',#12712,1.0);
#12710=DIRECTION('',(-0.12373544647501457,-0.9916051084467254,-0.03753462651987492));
#12711=DIRECTION('',(0.9569405737941202,0,0.2902838924683557));
#12712=DIRECTION('',(0,1,0));
#12713=FACE_SURFACE('',(#12718),#12714,.T.);
#12714=PLANE('',#12715);
#12715=AXIS2_PLACEMENT_3D('',#654,#12716,#12717);
#12716=DIRECTION('',(-0.47139658158025566,0,0.8819213473289155));
#12717=DIRECTION('',(0,-1,0));
#12718=FACE_BOUND('',#12719,.T.);
#12719=EDGE_LOOP('',(#12720,#12721,#12722));
#12720=ORIENTED_EDGE('',*,*,#12723,.T.);
#12721=ORIENTED_EDGE('',*,*,#12724,.T.);
#12722=ORIENTED_EDGE('',*,*,#12725,.T.);
#12723=EDGE_CURVE('',#655,#609,#12726,.F.);
#12724=EDGE_CURVE('',#609,#657,#12727,.T.);
#12725=EDGE_CURVE('',#657,#655,#12728,.T.);
#12726=LINE('',#654,#12729);
#12727=LINE('',#608,#12730);
#12728=LINE('',#656,#12731);
#12729=VECTOR('',#12732,1.0);
#12730=VECTOR('',#12733,1.0);
#12731=VECTOR('',#12734,1.0);
#12732=DIRECTION('',(0,-1,0));
#12733=DIRECTION('',(0.11403499483502318,0.9916051421726774,0.060952948818579475));
#12734=DIRECTION('',(-0.8819213473289154,0,-0.47139658158025566));
#12735=FACE_SURFACE('',(#12740),#12736,.T.);
#12736=PLANE('',#12737);
#12737=AXIS2_PLACEMENT_3D('',#656,#12738,#12739);
#12738=DIRECTION('',(-0.47139658158025566,0,0.8819213473289155));
#12739=DIRECTION('',(-0.11403499483502318,-0.9916051421726774,-0.060952948818579475));
#12740=FACE_BOUND('',#12741,.T.);
#12741=EDGE_LOOP('',(#12742,#12743,#12744));
#12742=ORIENTED_EDGE('',*,*,#12745,.T.);
#12743=ORIENTED_EDGE('',*,*,#12746,.T.);
#12744=ORIENTED_EDGE('',*,*,#12747,.T.);
#12745=EDGE_CURVE('',#657,#609,#12748,.F.);
#12746=EDGE_CURVE('',#609,#607,#12749,.T.);
#12747=EDGE_CURVE('',#607,#657,#12750,.T.);
#12748=LINE('',#656,#12751);
#12749=LINE('',#608,#12752);
#12750=LINE('',#606,#12753);
#12751=VECTOR('',#12754,1.0);
#12752=VECTOR('',#12755,1.0);
#12753=VECTOR('',#12756,1.0);
#12754=DIRECTION('',(-0.11403499483502318,-0.9916051421726774,-0.060952948818579475));
#12755=DIRECTION('',(0.8819213473289154,0,0.47139658158025566));
#12756=DIRECTION('',(0,1,0));
#12757=FACE_SURFACE('',(#12762),#12758,.T.);
#12758=PLANE('',#12759);
#12759=AXIS2_PLACEMENT_3D('',#656,#12760,#12761);
#12760=DIRECTION('',(-0.6343956836963573,0,0.7730084841108997));
#12761=DIRECTION('',(0,-1,0));
#12762=FACE_BOUND('',#12763,.T.);
#12763=EDGE_LOOP('',(#12764,#12765,#12766));
#12764=ORIENTED_EDGE('',*,*,#12767,.T.);
#12765=ORIENTED_EDGE('',*,*,#12768,.T.);
#12766=ORIENTED_EDGE('',*,*,#12769,.T.);
#12767=EDGE_CURVE('',#657,#607,#12770,.F.);
#12768=EDGE_CURVE('',#607,#659,#12771,.T.);
#12769=EDGE_CURVE('',#659,#657,#12772,.T.);
#12770=LINE('',#656,#12773);
#12771=LINE('',#606,#12774);
#12772=LINE('',#658,#12775);
#12773=VECTOR('',#12776,1.0);
#12774=VECTOR('',#12777,1.0);
#12775=VECTOR('',#12778,1.0);
#12776=DIRECTION('',(0,-1,0));
#12777=DIRECTION('',(0.09995169080044988,0.9916052356430215,0.08202875198050394));
#12778=DIRECTION('',(-0.7730084841108998,0,-0.6343956836963575));
#12779=FACE_SURFACE('',(#12784),#12780,.T.);
#12780=PLANE('',#12781);
#12781=AXIS2_PLACEMENT_3D('',#658,#12782,#12783);
#12782=DIRECTION('',(-0.6343956836963573,0,0.7730084841108997));
#12783=DIRECTION('',(-0.09995169080044988,-0.9916052356430215,-0.08202875198050394));
#12784=FACE_BOUND('',#12785,.T.);
#12785=EDGE_LOOP('',(#12786,#12787,#12788));
#12786=ORIENTED_EDGE('',*,*,#12789,.T.);
#12787=ORIENTED_EDGE('',*,*,#12790,.T.);
#12788=ORIENTED_EDGE('',*,*,#12791,.T.);
#12789=EDGE_CURVE('',#659,#607,#12792,.F.);
#12790=EDGE_CURVE('',#607,#605,#12793,.T.);
#12791=EDGE_CURVE('',#605,#659,#12794,.T.);
#12792=LINE('',#658,#12795);
#12793=LINE('',#606,#12796);
#12794=LINE('',#604,#12797);
#12795=VECTOR('',#12798,1.0);
#12796=VECTOR('',#12799,1.0);
#12797=VECTOR('',#12800,1.0);
#12798=DIRECTION('',(-0.09995169080044988,-0.9916052356430215,-0.08202875198050394));
#12799=DIRECTION('',(0.7730084841108998,0,0.6343956836963575));
#12800=DIRECTION('',(0,1,0));
#12801=FACE_SURFACE('',(#12806),#12802,.T.);
#12802=PLANE('',#12803);
#12803=AXIS2_PLACEMENT_3D('',#658,#12804,#12805);
#12804=DIRECTION('',(-0.7730083824080706,0,0.6343958076208088));
#12805=DIRECTION('',(0,-1,0));
#12806=FACE_BOUND('',#12807,.T.);
#12807=EDGE_LOOP('',(#12808,#12809,#12810));
#12808=ORIENTED_EDGE('',*,*,#12811,.T.);
#12809=ORIENTED_EDGE('',*,*,#12812,.T.);
#12810=ORIENTED_EDGE('',*,*,#12813,.T.);
#12811=EDGE_CURVE('',#659,#605,#12814,.F.);
#12812=EDGE_CURVE('',#605,#661,#12815,.T.);
#12813=EDGE_CURVE('',#661,#659,#12816,.T.);
#12814=LINE('',#658,#12817);
#12815=LINE('',#604,#12818);
#12816=LINE('',#660,#12819);
#12817=VECTOR('',#12820,1.0);
#12818=VECTOR('',#12821,1.0);
#12819=VECTOR('',#12822,1.0);
#12820=DIRECTION('',(0,-1,0));
#12821=DIRECTION('',(0.08202937215346562,0.9916051114627393,0.09995241380315231));
#12822=DIRECTION('',(-0.6343958076208088,0,-0.7730083824080705));
#12823=FACE_SURFACE('',(#12828),#12824,.T.);
#12824=PLANE('',#12825);
#12825=AXIS2_PLACEMENT_3D('',#660,#12826,#12827);
#12826=DIRECTION('',(-0.7730083824080706,0,0.6343958076208088));
#12827=DIRECTION('',(-0.08202937215346562,-0.9916051114627393,-0.09995241380315231));
#12828=FACE_BOUND('',#12829,.T.);
#12829=EDGE_LOOP('',(#12830,#12831,#12832));
#12830=ORIENTED_EDGE('',*,*,#12833,.T.);
#12831=ORIENTED_EDGE('',*,*,#12834,.T.);
#12832=ORIENTED_EDGE('',*,*,#12835,.T.);
#12833=EDGE_CURVE('',#661,#605,#12836,.F.);
#12834=EDGE_CURVE('',#605,#603,#12837,.T.);
#12835=EDGE_CURVE('',#603,#661,#12838,.T.);
#12836=LINE('',#660,#12839);
#12837=LINE('',#604,#12840);
#12838=LINE('',#602,#12841);
#12839=VECTOR('',#12842,1.0);
#12840=VECTOR('',#12843,1.0);
#12841=VECTOR('',#12844,1.0);
#12842=DIRECTION('',(-0.08202937215346562,-0.9916051114627393,-0.09995241380315231));
#12843=DIRECTION('',(0.6343958076208088,0,0.7730083824080705));
#12844=DIRECTION('',(0,1,0));
#12845=FACE_SURFACE('',(#12850),#12846,.T.);
#12846=PLANE('',#12847);
#12847=AXIS2_PLACEMENT_3D('',#660,#12848,#12849);
#12848=DIRECTION('',(-0.8819233743340129,0,0.4713927892992305));
#12849=DIRECTION('',(0,-1,0));
#12850=FACE_BOUND('',#12851,.T.);
#12851=EDGE_LOOP('',(#12852,#12853,#12854));
#12852=ORIENTED_EDGE('',*,*,#12855,.T.);
#12853=ORIENTED_EDGE('',*,*,#12856,.T.);
#12854=ORIENTED_EDGE('',*,*,#12857,.T.);
#12855=EDGE_CURVE('',#661,#603,#12858,.F.);
#12856=EDGE_CURVE('',#603,#663,#12859,.T.);
#12857=EDGE_CURVE('',#663,#661,#12860,.T.);
#12858=LINE('',#660,#12861);
#12859=LINE('',#602,#12862);
#12860=LINE('',#662,#12863);
#12861=VECTOR('',#12864,1.0);
#12862=VECTOR('',#12865,1.0);
#12863=VECTOR('',#12866,1.0);
#12864=DIRECTION('',(0,-1,0));
#12865=DIRECTION('',(0.06095232071524299,0.9916051802774056,0.11403499921708243));
#12866=DIRECTION('',(-0.47139278929923045,0,-0.8819233743340129));
#12867=FACE_SURFACE('',(#12872),#12868,.T.);
#12868=PLANE('',#12869);
#12869=AXIS2_PLACEMENT_3D('',#662,#12870,#12871);
#12870=DIRECTION('',(-0.8819233743340129,0,0.4713927892992305));
#12871=DIRECTION('',(-0.06095232071524299,-0.9916051802774056,-0.11403499921708243));
#12872=FACE_BOUND('',#12873,.T.);
#12873=EDGE_LOOP('',(#12874,#12875,#12876));
#12874=ORIENTED_EDGE('',*,*,#12877,.T.);
#12875=ORIENTED_EDGE('',*,*,#12878,.T.);
#12876=ORIENTED_EDGE('',*,*,#12879,.T.);
#12877=EDGE_CURVE('',#663,#603,#12880,.F.);
#12878=EDGE_CURVE('',#603,#601,#12881,.T.);
#12879=EDGE_CURVE('',#601,#663,#12882,.T.);
#12880=LINE('',#662,#12883);
#12881=LINE('',#602,#12884);
#12882=LINE('',#600,#12885);
#12883=VECTOR('',#12886,1.0);
#12884=VECTOR('',#12887,1.0);
#12885=VECTOR('',#12888,1.0);
#12886=DIRECTION('',(-0.06095232071524299,-0.9916051802774056,-0.11403499921708243));
#12887=DIRECTION('',(0.47139278929923045,0,0.8819233743340129));
#12888=DIRECTION('',(0,1,0));
#12889=FACE_SURFACE('',(#12894),#12890,.T.);
#12890=PLANE('',#12891);
#12891=AXIS2_PLACEMENT_3D('',#662,#12892,#12893);
#12892=DIRECTION('',(-0.9569393969510187,0,0.29028777198328687));
#12893=DIRECTION('',(0,-1,0));
#12894=FACE_BOUND('',#12895,.T.);
#12895=EDGE_LOOP('',(#12896,#12897,#12898));
#12896=ORIENTED_EDGE('',*,*,#12899,.T.);
#12897=ORIENTED_EDGE('',*,*,#12900,.T.);
#12898=ORIENTED_EDGE('',*,*,#12901,.T.);
#12899=EDGE_CURVE('',#663,#601,#12902,.F.);
#12900=EDGE_CURVE('',#601,#665,#12903,.T.);
#12901=EDGE_CURVE('',#665,#663,#12904,.T.);
#12902=LINE('',#662,#12905);
#12903=LINE('',#600,#12906);
#12904=LINE('',#664,#12907);
#12905=VECTOR('',#12908,1.0);
#12906=VECTOR('',#12909,1.0);
#12907=VECTOR('',#12910,1.0);
#12908=DIRECTION('',(0,-1,0));
#12909=DIRECTION('',(0.03753504817679405,0.9916051443723546,0.12373503066087377));
#12910=DIRECTION('',(-0.29028777198328687,0,-0.9569393969510186));
#12911=FACE_SURFACE('',(#12916),#12912,.T.);
#12912=PLANE('',#12913);
#12913=AXIS2_PLACEMENT_3D('',#664,#12914,#12915);
#12914=DIRECTION('',(-0.9569393969510187,0,0.29028777198328687));
#12915=DIRECTION('',(-0.03753504817679405,-0.9916051443723546,-0.12373503066087377));
#12916=FACE_BOUND('',#12917,.T.);
#12917=EDGE_LOOP('',(#12918,#12919,#12920));
#12918=ORIENTED_EDGE('',*,*,#12921,.T.);
#12919=ORIENTED_EDGE('',*,*,#12922,.T.);
#12920=ORIENTED_EDGE('',*,*,#12923,.T.);
#12921=EDGE_CURVE('',#665,#601,#12924,.F.);
#12922=EDGE_CURVE('',#601,#599,#12925,.T.);
#12923=EDGE_CURVE('',#599,#665,#12926,.T.);
#12924=LINE('',#664,#12927);
#12925=LINE('',#600,#12928);
#12926=LINE('',#598,#12929);
#12927=VECTOR('',#12930,1.0);
#12928=VECTOR('',#12931,1.0);
#12929=VECTOR('',#12932,1.0);
#12930=DIRECTION('',(-0.03753504817679405,-0.9916051443723546,-0.12373503066087377));
#12931=DIRECTION('',(0.29028777198328687,0,0.9569393969510186));
#12932=DIRECTION('',(0,1,0));
#12933=FACE_SURFACE('',(#12938),#12934,.T.);
#12934=PLANE('',#12935);
#12935=AXIS2_PLACEMENT_3D('',#664,#12936,#12937);
#12936=DIRECTION('',(-0.9951849078007052,0,0.09801530128353374));
#12937=DIRECTION('',(0,-1,0));
#12938=FACE_BOUND('',#12939,.T.);
#12939=EDGE_LOOP('',(#12940,#12941,#12942));
#12940=ORIENTED_EDGE('',*,*,#12943,.T.);
#12941=ORIENTED_EDGE('',*,*,#12944,.T.);
#12942=ORIENTED_EDGE('',*,*,#12945,.T.);
#12943=EDGE_CURVE('',#665,#599,#12946,.F.);
#12944=EDGE_CURVE('',#599,#667,#12947,.T.);
#12945=EDGE_CURVE('',#667,#665,#12948,.T.);
#12946=LINE('',#664,#12949);
#12947=LINE('',#598,#12950);
#12948=LINE('',#666,#12951);
#12949=VECTOR('',#12952,1.0);
#12950=VECTOR('',#12953,1.0);
#12951=VECTOR('',#12954,1.0);
#12952=DIRECTION('',(0,-1,0));
#12953=DIRECTION('',(0.012673637600134938,0.9916051766083425,0.1286800397634315));
#12954=DIRECTION('',(-0.09801530128353374,0,-0.9951849078007052));
#12955=FACE_SURFACE('',(#12960),#12956,.T.);
#12956=PLANE('',#12957);
#12957=AXIS2_PLACEMENT_3D('',#666,#12958,#12959);
#12958=DIRECTION('',(-0.9951849078007052,0,0.09801530128353374));
#12959=DIRECTION('',(-0.012673637600134938,-0.9916051766083425,-0.1286800397634315));
#12960=FACE_BOUND('',#12961,.T.);
#12961=EDGE_LOOP('',(#12962,#12963,#12964));
#12962=ORIENTED_EDGE('',*,*,#12965,.T.);
#12963=ORIENTED_EDGE('',*,*,#12966,.T.);
#12964=ORIENTED_EDGE('',*,*,#12967,.T.);
#12965=EDGE_CURVE('',#667,#599,#12968,.F.);
#12966=EDGE_CURVE('',#599,#597,#12969,.T.);
#12967=EDGE_CURVE('',#597,#667,#12970,.T.);
#12968=LINE('',#666,#12971);
#12969=LINE('',#598,#12972);
#12970=LINE('',#596,#12973);
#12971=VECTOR('',#12974,1.0);
#12972=VECTOR('',#12975,1.0);
#12973=VECTOR('',#12976,1.0);
#12974=DIRECTION('',(-0.012673637600134938,-0.9916051766083425,-0.1286800397634315));
#12975=DIRECTION('',(0.09801530128353374,0,0.9951849078007052));
#12976=DIRECTION('',(0,1,0));
#12977=FACE_SURFACE('',(#12982),#12978,.T.);
#12978=PLANE('',#12979);
#12979=AXIS2_PLACEMENT_3D('',#592,#12980,#12981);
#12980=DIRECTION('',(-0.9999999999999898,0,1.4287254247618402E-07));
#12981=DIRECTION('',(0,1,0));
#12982=FACE_BOUND('',#12983,.T.);
#12983=EDGE_LOOP('',(#12984,#12985,#12986));
#12984=ORIENTED_EDGE('',*,*,#12987,.T.);
#12985=ORIENTED_EDGE('',*,*,#12988,.T.);
#12986=ORIENTED_EDGE('',*,*,#12989,.T.);
#12987=EDGE_CURVE('',#593,#669,#12990,.F.);
#12988=EDGE_CURVE('',#669,#595,#12991,.T.);
#12989=EDGE_CURVE('',#595,#593,#12992,.T.);
#12990=LINE('',#592,#12993);
#12991=LINE('',#668,#12994);
#12992=LINE('',#594,#12995);
#12993=VECTOR('',#12996,1.0);
#12994=VECTOR('',#12997,1.0);
#12995=VECTOR('',#12998,1.0);
#12996=DIRECTION('',(0,1,0));
#12997=DIRECTION('',(-1.40885591025707E-07,-0.16619540568229324,-0.9860928390015202));
#12998=DIRECTION('',(1.42872542476184E-07,0,0.9999999999999898));
#12999=FACE_SURFACE('',(#13004),#13000,.T.);
#13000=PLANE('',#13001);
#13001=AXIS2_PLACEMENT_3D('',#594,#13002,#13003);
#13002=DIRECTION('',(-0.9999999999996406,8.477105034719176E-07,0));
#13003=DIRECTION('',(1.40885591025707E-07,0.16619540568229324,0.9860928390015202));
#13004=FACE_BOUND('',#13005,.T.);
#13005=EDGE_LOOP('',(#13006,#13007,#13008));
#13006=ORIENTED_EDGE('',*,*,#13009,.T.);
#13007=ORIENTED_EDGE('',*,*,#13010,.T.);
#13008=ORIENTED_EDGE('',*,*,#13011,.T.);
#13009=EDGE_CURVE('',#595,#669,#13012,.F.);
#13010=EDGE_CURVE('',#669,#667,#13013,.T.);
#13011=EDGE_CURVE('',#667,#595,#13014,.T.);
#13012=LINE('',#594,#13015);
#13013=LINE('',#668,#13016);
#13014=LINE('',#666,#13017);
#13015=VECTOR('',#13018,1.0);
#13016=VECTOR('',#13019,1.0);
#13017=VECTOR('',#13020,1.0);
#13018=DIRECTION('',(1.40885591025707E-07,0.16619540568229324,0.9860928390015202));
#13019=DIRECTION('',(0,0,-1));
#13020=DIRECTION('',(-8.477095626603652E-07,-0.9999988901731746,0.0014898495563755918));
#13021=FACE_SURFACE('',(#13026),#13022,.T.);
#13022=PLANE('',#13023);
#13023=AXIS2_PLACEMENT_3D('',#594,#13024,#13025);
#13024=DIRECTION('',(-0.999999838125205,0,-0.0005689899505691067));
#13025=DIRECTION('',(8.477095626603652E-07,0.9999988901731746,-0.0014898495563755918));
#13026=FACE_BOUND('',#13027,.T.);
#13027=EDGE_LOOP('',(#13028,#13029,#13030));
#13028=ORIENTED_EDGE('',*,*,#13031,.T.);
#13029=ORIENTED_EDGE('',*,*,#13032,.T.);
#13030=ORIENTED_EDGE('',*,*,#13033,.T.);
#13031=EDGE_CURVE('',#595,#667,#13034,.F.);
#13032=EDGE_CURVE('',#667,#597,#13035,.T.);
#13033=EDGE_CURVE('',#597,#595,#13036,.T.);
#13034=LINE('',#594,#13037);
#13035=LINE('',#666,#13038);
#13036=LINE('',#596,#13039);
#13037=VECTOR('',#13040,1.0);
#13038=VECTOR('',#13041,1.0);
#13039=VECTOR('',#13042,1.0);
#13040=DIRECTION('',(8.477095626603652E-07,0.9999988901731746,-0.0014898495563755918));
#13041=DIRECTION('',(0,-1,0));
#13042=DIRECTION('',(-0.0005689899505691066,0,0.999999838125205));
#13043=FACE_SURFACE('',(#13048),#13044,.T.);
#13044=PLANE('',#13045);
#13045=AXIS2_PLACEMENT_3D('',#408,#13046,#13047);
#13046=DIRECTION('',(-0.995184626602023,0,0.09801815635377069));
#13047=DIRECTION('',(0,-1,0));
#13048=FACE_BOUND('',#13049,.T.);
#13049=EDGE_LOOP('',(#13050,#13051,#13052));
#13050=ORIENTED_EDGE('',*,*,#13053,.T.);
#13051=ORIENTED_EDGE('',*,*,#13054,.T.);
#13052=ORIENTED_EDGE('',*,*,#13055,.T.);
#13053=EDGE_CURVE('',#409,#233,#13056,.F.);
#13054=EDGE_CURVE('',#233,#671,#13057,.T.);
#13055=EDGE_CURVE('',#671,#409,#13058,.T.);
#13056=LINE('',#408,#13059);
#13057=LINE('',#232,#13060);
#13058=LINE('',#670,#13061);
#13059=VECTOR('',#13062,1.0);
#13060=VECTOR('',#13063,1.0);
#13061=VECTOR('',#13064,1.0);
#13062=DIRECTION('',(0,-1,0));
#13063=DIRECTION('',(0.021826337740215272,0.9748923974392558,0.22160420662972585));
#13064=DIRECTION('',(-0.09801815635377069,0,-0.9951846266020229));
#13065=FACE_SURFACE('',(#13070),#13066,.T.);
#13066=PLANE('',#13067);
#13067=AXIS2_PLACEMENT_3D('',#670,#13068,#13069);
#13068=DIRECTION('',(-0.995184626602023,0,0.09801815635377069));
#13069=DIRECTION('',(-0.021826337740215272,-0.9748923974392558,-0.22160420662972585));
#13070=FACE_BOUND('',#13071,.T.);
#13071=EDGE_LOOP('',(#13072,#13073,#13074));
#13072=ORIENTED_EDGE('',*,*,#13075,.T.);
#13073=ORIENTED_EDGE('',*,*,#13076,.T.);
#13074=ORIENTED_EDGE('',*,*,#13077,.T.);
#13075=EDGE_CURVE('',#671,#233,#13078,.F.);
#13076=EDGE_CURVE('',#233,#249,#13079,.T.);
#13077=EDGE_CURVE('',#249,#671,#13080,.T.);
#13078=LINE('',#670,#13081);
#13079=LINE('',#232,#13082);
#13080=LINE('',#248,#13083);
#13081=VECTOR('',#13084,1.0);
#13082=VECTOR('',#13085,1.0);
#13083=VECTOR('',#13086,1.0);
#13084=DIRECTION('',(-0.021826337740215272,-0.9748923974392558,-0.22160420662972585));
#13085=DIRECTION('',(0.09801815635377069,0,0.9951846266020229));
#13086=DIRECTION('',(0,1,0));
#13087=FACE_SURFACE('',(#13092),#13088,.T.);
#13088=PLANE('',#13089);
#13089=AXIS2_PLACEMENT_3D('',#670,#13090,#13091);
#13090=DIRECTION('',(-0.95694046180477,0,0.29028426164860105));
#13091=DIRECTION('',(0,-1,0));
#13092=FACE_BOUND('',#13093,.T.);
#13093=EDGE_LOOP('',(#13094,#13095,#13096));
#13094=ORIENTED_EDGE('',*,*,#13097,.T.);
#13095=ORIENTED_EDGE('',*,*,#13098,.T.);
#13096=ORIENTED_EDGE('',*,*,#13099,.T.);
#13097=EDGE_CURVE('',#671,#249,#13100,.F.);
#13098=EDGE_CURVE('',#249,#673,#13101,.T.);
#13099=EDGE_CURVE('',#673,#671,#13102,.T.);
#13100=LINE('',#670,#13103);
#13101=LINE('',#248,#13104);
#13102=LINE('',#672,#13105);
#13103=VECTOR('',#13106,1.0);
#13104=VECTOR('',#13107,1.0);
#13105=VECTOR('',#13108,1.0);
#13106=DIRECTION('',(0,-1,0));
#13107=DIRECTION('',(0.06463976219064949,0.9748921728121521,0.21308907183039055));
#13108=DIRECTION('',(-0.29028426164860105,0,-0.9569404618047701));
#13109=FACE_SURFACE('',(#13114),#13110,.T.);
#13110=PLANE('',#13111);
#13111=AXIS2_PLACEMENT_3D('',#672,#13112,#13113);
#13112=DIRECTION('',(-0.95694046180477,0,0.29028426164860105));
#13113=DIRECTION('',(-0.06463976219064949,-0.9748921728121521,-0.21308907183039055));
#13114=FACE_BOUND('',#13115,.T.);
#13115=EDGE_LOOP('',(#13116,#13117,#13118));
#13116=ORIENTED_EDGE('',*,*,#13119,.T.);
#13117=ORIENTED_EDGE('',*,*,#13120,.T.);
#13118=ORIENTED_EDGE('',*,*,#13121,.T.);
#13119=EDGE_CURVE('',#673,#249,#13122,.F.);
#13120=EDGE_CURVE('',#249,#247,#13123,.T.);
#13121=EDGE_CURVE('',#247,#673,#13124,.T.);
#13122=LINE('',#672,#13125);
#13123=LINE('',#248,#13126);
#13124=LINE('',#246,#13127);
#13125=VECTOR('',#13128,1.0);
#13126=VECTOR('',#13129,1.0);
#13127=VECTOR('',#13130,1.0);
#13128=DIRECTION('',(-0.06463976219064949,-0.9748921728121521,-0.21308907183039055));
#13129=DIRECTION('',(0.29028426164860105,0,0.9569404618047701));
#13130=DIRECTION('',(0,1,0));
#13131=FACE_SURFACE('',(#13136),#13132,.T.);
#13132=PLANE('',#13133);
#13133=AXIS2_PLACEMENT_3D('',#672,#13134,#13135);
#13134=DIRECTION('',(-0.8819230896189145,0,0.4713933219690623));
#13135=DIRECTION('',(0,-1,0));
#13136=FACE_BOUND('',#13137,.T.);
#13137=EDGE_LOOP('',(#13138,#13139,#13140));
#13138=ORIENTED_EDGE('',*,*,#13141,.T.);
#13139=ORIENTED_EDGE('',*,*,#13142,.T.);
#13140=ORIENTED_EDGE('',*,*,#13143,.T.);
#13141=EDGE_CURVE('',#673,#247,#13144,.F.);
#13142=EDGE_CURVE('',#247,#675,#13145,.T.);
#13143=EDGE_CURVE('',#675,#673,#13146,.T.);
#13144=LINE('',#672,#13147);
#13145=LINE('',#246,#13148);
#13146=LINE('',#674,#13149);
#13147=VECTOR('',#13150,1.0);
#13148=VECTOR('',#13151,1.0);
#13149=VECTOR('',#13152,1.0);
#13150=DIRECTION('',(0,-1,0));
#13151=DIRECTION('',(0.10496893991177834,0.9748920409638943,0.19638490298149247));
#13152=DIRECTION('',(-0.4713933219690623,0,-0.8819230896189145));
#13153=FACE_SURFACE('',(#13158),#13154,.T.);
#13154=PLANE('',#13155);
#13155=AXIS2_PLACEMENT_3D('',#674,#13156,#13157);
#13156=DIRECTION('',(-0.8819230896189145,0,0.4713933219690623));
#13157=DIRECTION('',(-0.10496893991177834,-0.9748920409638943,-0.19638490298149247));
#13158=FACE_BOUND('',#13159,.T.);
#13159=EDGE_LOOP('',(#13160,#13161,#13162));
#13160=ORIENTED_EDGE('',*,*,#13163,.T.);
#13161=ORIENTED_EDGE('',*,*,#13164,.T.);
#13162=ORIENTED_EDGE('',*,*,#13165,.T.);
#13163=EDGE_CURVE('',#675,#247,#13166,.F.);
#13164=EDGE_CURVE('',#247,#245,#13167,.T.);
#13165=EDGE_CURVE('',#245,#675,#13168,.T.);
#13166=LINE('',#674,#13169);
#13167=LINE('',#246,#13170);
#13168=LINE('',#244,#13171);
#13169=VECTOR('',#13172,1.0);
#13170=VECTOR('',#13173,1.0);
#13171=VECTOR('',#13174,1.0);
#13172=DIRECTION('',(-0.10496893991177834,-0.9748920409638943,-0.19638490298149247));
#13173=DIRECTION('',(0.4713933219690623,0,0.8819230896189145));
#13174=DIRECTION('',(0,1,0));
#13175=FACE_SURFACE('',(#13180),#13176,.T.);
#13176=PLANE('',#13177);
#13177=AXIS2_PLACEMENT_3D('',#674,#13178,#13179);
#13178=DIRECTION('',(-0.7730095638683788,0,0.6343943680141075));
#13179=DIRECTION('',(0,-1,0));
#13180=FACE_BOUND('',#13181,.T.);
#13181=EDGE_LOOP('',(#13182,#13183,#13184));
#13182=ORIENTED_EDGE('',*,*,#13185,.T.);
#13183=ORIENTED_EDGE('',*,*,#13186,.T.);
#13184=ORIENTED_EDGE('',*,*,#13187,.T.);
#13185=EDGE_CURVE('',#675,#245,#13188,.F.);
#13186=EDGE_CURVE('',#245,#677,#13189,.T.);
#13187=EDGE_CURVE('',#677,#675,#13190,.T.);
#13188=LINE('',#674,#13191);
#13189=LINE('',#244,#13192);
#13190=LINE('',#676,#13193);
#13191=VECTOR('',#13194,1.0);
#13192=VECTOR('',#13195,1.0);
#13193=VECTOR('',#13196,1.0);
#13194=DIRECTION('',(0,-1,0));
#13195=DIRECTION('',(0.14126499615588797,0.974892291855816,0.17213140370423785));
#13196=DIRECTION('',(-0.6343943680141074,0,-0.7730095638683787));
#13197=FACE_SURFACE('',(#13202),#13198,.T.);
#13198=PLANE('',#13199);
#13199=AXIS2_PLACEMENT_3D('',#676,#13200,#13201);
#13200=DIRECTION('',(-0.7730095638683788,0,0.6343943680141075));
#13201=DIRECTION('',(-0.14126499615588797,-0.974892291855816,-0.17213140370423785));
#13202=FACE_BOUND('',#13203,.T.);
#13203=EDGE_LOOP('',(#13204,#13205,#13206));
#13204=ORIENTED_EDGE('',*,*,#13207,.T.);
#13205=ORIENTED_EDGE('',*,*,#13208,.T.);
#13206=ORIENTED_EDGE('',*,*,#13209,.T.);
#13207=EDGE_CURVE('',#677,#245,#13210,.F.);
#13208=EDGE_CURVE('',#245,#243,#13211,.T.);
#13209=EDGE_CURVE('',#243,#677,#13212,.T.);
#13210=LINE('',#676,#13213);
#13211=LINE('',#244,#13214);
#13212=LINE('',#242,#13215);
#13213=VECTOR('',#13216,1.0);
#13214=VECTOR('',#13217,1.0);
#13215=VECTOR('',#13218,1.0);
#13216=DIRECTION('',(-0.14126499615588797,-0.974892291855816,-0.17213140370423785));
#13217=DIRECTION('',(0.6343943680141074,0,0.7730095638683787));
#13218=DIRECTION('',(0,1,0));
#13219=FACE_SURFACE('',(#13224),#13220,.T.);
#13220=PLANE('',#13221);
#13221=AXIS2_PLACEMENT_3D('',#676,#13222,#13223);
#13222=DIRECTION('',(-0.6343913397456097,0,0.7730120491012868));
#13223=DIRECTION('',(0,-1,0));
#13224=FACE_BOUND('',#13225,.T.);
#13225=EDGE_LOOP('',(#13226,#13227,#13228));
#13226=ORIENTED_EDGE('',*,*,#13229,.T.);
#13227=ORIENTED_EDGE('',*,*,#13230,.T.);
#13228=ORIENTED_EDGE('',*,*,#13231,.T.);
#13229=EDGE_CURVE('',#677,#243,#13232,.F.);
#13230=EDGE_CURVE('',#243,#679,#13233,.T.);
#13231=EDGE_CURVE('',#679,#677,#13234,.T.);
#13232=LINE('',#676,#13235);
#13233=LINE('',#242,#13236);
#13234=LINE('',#678,#13237);
#13235=VECTOR('',#13238,1.0);
#13236=VECTOR('',#13239,1.0);
#13237=VECTOR('',#13240,1.0);
#13238=DIRECTION('',(0,-1,0));
#13239=DIRECTION('',(0.17213202023083554,0.9748922732041817,0.14126437363339198));
#13240=DIRECTION('',(-0.7730120491012868,0,-0.6343913397456097));
#13241=FACE_SURFACE('',(#13246),#13242,.T.);
#13242=PLANE('',#13243);
#13243=AXIS2_PLACEMENT_3D('',#678,#13244,#13245);
#13244=DIRECTION('',(-0.6343913397456097,0,0.7730120491012868));
#13245=DIRECTION('',(-0.17213202023083554,-0.9748922732041817,-0.14126437363339198));
#13246=FACE_BOUND('',#13247,.T.);
#13247=EDGE_LOOP('',(#13248,#13249,#13250));
#13248=ORIENTED_EDGE('',*,*,#13251,.T.);
#13249=ORIENTED_EDGE('',*,*,#13252,.T.);
#13250=ORIENTED_EDGE('',*,*,#13253,.T.);
#13251=EDGE_CURVE('',#679,#243,#13254,.F.);
#13252=EDGE_CURVE('',#243,#241,#13255,.T.);
#13253=EDGE_CURVE('',#241,#679,#13256,.T.);
#13254=LINE('',#678,#13257);
#13255=LINE('',#242,#13258);
#13256=LINE('',#240,#13259);
#13257=VECTOR('',#13260,1.0);
#13258=VECTOR('',#13261,1.0);
#13259=VECTOR('',#13262,1.0);
#13260=DIRECTION('',(-0.17213202023083554,-0.9748922732041817,-0.14126437363339198));
#13261=DIRECTION('',(0.7730120491012868,0,0.6343913397456097));
#13262=DIRECTION('',(0,1,0));
#13263=FACE_SURFACE('',(#13268),#13264,.T.);
#13264=PLANE('',#13265);
#13265=AXIS2_PLACEMENT_3D('',#678,#13266,#13267);
#13266=DIRECTION('',(-0.47139880905734877,0,0.8819201567144916));
#13267=DIRECTION('',(0,-1,0));
#13268=FACE_BOUND('',#13269,.T.);
#13269=EDGE_LOOP('',(#13270,#13271,#13272));
#13270=ORIENTED_EDGE('',*,*,#13273,.T.);
#13271=ORIENTED_EDGE('',*,*,#13274,.T.);
#13272=ORIENTED_EDGE('',*,*,#13275,.T.);
#13273=EDGE_CURVE('',#679,#241,#13276,.F.);
#13274=EDGE_CURVE('',#241,#681,#13277,.T.);
#13275=EDGE_CURVE('',#681,#679,#13278,.T.);
#13276=LINE('',#678,#13279);
#13277=LINE('',#240,#13280);
#13278=LINE('',#680,#13281);
#13279=VECTOR('',#13282,1.0);
#13280=VECTOR('',#13283,1.0);
#13281=VECTOR('',#13284,1.0);
#13282=DIRECTION('',(0,-1,0));
#13283=DIRECTION('',(0.19638428151192988,0.9748920327734734,0.1049701786692202));
#13284=DIRECTION('',(-0.8819201567144915,0,-0.4713988090573487));
#13285=FACE_SURFACE('',(#13290),#13286,.T.);
#13286=PLANE('',#13287);
#13287=AXIS2_PLACEMENT_3D('',#680,#13288,#13289);
#13288=DIRECTION('',(-0.47139880905734877,0,0.8819201567144916));
#13289=DIRECTION('',(-0.19638428151192988,-0.9748920327734734,-0.1049701786692202));
#13290=FACE_BOUND('',#13291,.T.);
#13291=EDGE_LOOP('',(#13292,#13293,#13294));
#13292=ORIENTED_EDGE('',*,*,#13295,.T.);
#13293=ORIENTED_EDGE('',*,*,#13296,.T.);
#13294=ORIENTED_EDGE('',*,*,#13297,.T.);
#13295=EDGE_CURVE('',#681,#241,#13298,.F.);
#13296=EDGE_CURVE('',#241,#239,#13299,.T.);
#13297=EDGE_CURVE('',#239,#681,#13300,.T.);
#13298=LINE('',#680,#13301);
#13299=LINE('',#240,#13302);
#13300=LINE('',#238,#13303);
#13301=VECTOR('',#13304,1.0);
#13302=VECTOR('',#13305,1.0);
#13303=VECTOR('',#13306,1.0);
#13304=DIRECTION('',(-0.19638428151192988,-0.9748920327734734,-0.1049701786692202));
#13305=DIRECTION('',(0.8819201567144915,0,0.4713988090573487));
#13306=DIRECTION('',(0,1,0));
#13307=FACE_SURFACE('',(#13312),#13308,.T.);
#13308=PLANE('',#13309);
#13309=AXIS2_PLACEMENT_3D('',#680,#13310,#13311);
#13310=DIRECTION('',(-0.29028426164860105,0,0.95694046180477));
#13311=DIRECTION('',(0,-1,0));
#13312=FACE_BOUND('',#13313,.T.);
#13313=EDGE_LOOP('',(#13314,#13315,#13316));
#13314=ORIENTED_EDGE('',*,*,#13317,.T.);
#13315=ORIENTED_EDGE('',*,*,#13318,.T.);
#13316=ORIENTED_EDGE('',*,*,#13319,.T.);
#13317=EDGE_CURVE('',#681,#239,#13320,.F.);
#13318=EDGE_CURVE('',#239,#683,#13321,.T.);
#13319=EDGE_CURVE('',#683,#681,#13322,.T.);
#13320=LINE('',#680,#13323);
#13321=LINE('',#238,#13324);
#13322=LINE('',#682,#13325);
#13323=VECTOR('',#13326,1.0);
#13324=VECTOR('',#13327,1.0);
#13325=VECTOR('',#13328,1.0);
#13326=DIRECTION('',(0,-1,0));
#13327=DIRECTION('',(0.21308907183039055,0.9748921728121521,0.06463976219064949));
#13328=DIRECTION('',(-0.9569404618047701,0,-0.29028426164860105));
#13329=FACE_SURFACE('',(#13334),#13330,.T.);
#13330=PLANE('',#13331);
#13331=AXIS2_PLACEMENT_3D('',#682,#13332,#13333);
#13332=DIRECTION('',(-0.29028426164860105,0,0.95694046180477));
#13333=DIRECTION('',(-0.21308907183039055,-0.9748921728121521,-0.06463976219064949));
#13334=FACE_BOUND('',#13335,.T.);
#13335=EDGE_LOOP('',(#13336,#13337,#13338));
#13336=ORIENTED_EDGE('',*,*,#13339,.T.);
#13337=ORIENTED_EDGE('',*,*,#13340,.T.);
#13338=ORIENTED_EDGE('',*,*,#13341,.T.);
#13339=EDGE_CURVE('',#683,#239,#13342,.F.);
#13340=EDGE_CURVE('',#239,#237,#13343,.T.);
#13341=EDGE_CURVE('',#237,#683,#13344,.T.);
#13342=LINE('',#682,#13345);
#13343=LINE('',#238,#13346);
#13344=LINE('',#236,#13347);
#13345=VECTOR('',#13348,1.0);
#13346=VECTOR('',#13349,1.0);
#13347=VECTOR('',#13350,1.0);
#13348=DIRECTION('',(-0.21308907183039055,-0.9748921728121521,-0.06463976219064949));
#13349=DIRECTION('',(0.9569404618047701,0,0.29028426164860105));
#13350=DIRECTION('',(0,1,0));
#13351=FACE_SURFACE('',(#13356),#13352,.T.);
#13352=PLANE('',#13353);
#13353=AXIS2_PLACEMENT_3D('',#682,#13354,#13355);
#13354=DIRECTION('',(-0.09801788483481136,0,0.9951846533445486));
#13355=DIRECTION('',(0,-1,0));
#13356=FACE_BOUND('',#13357,.T.);
#13357=EDGE_LOOP('',(#13358,#13359,#13360));
#13358=ORIENTED_EDGE('',*,*,#13361,.T.);
#13359=ORIENTED_EDGE('',*,*,#13362,.T.);
#13360=ORIENTED_EDGE('',*,*,#13363,.T.);
#13361=EDGE_CURVE('',#683,#237,#13364,.F.);
#13362=EDGE_CURVE('',#237,#685,#13365,.T.);
#13363=EDGE_CURVE('',#685,#683,#13366,.T.);
#13364=LINE('',#682,#13367);
#13365=LINE('',#236,#13368);
#13366=LINE('',#684,#13369);
#13367=VECTOR('',#13370,1.0);
#13368=VECTOR('',#13371,1.0);
#13369=VECTOR('',#13372,1.0);
#13370=DIRECTION('',(0,-1,0));
#13371=DIRECTION('',(0.22160479601111982,0.9748922635330474,0.021826334742261717));
#13372=DIRECTION('',(-0.9951846533445486,0,-0.09801788483481136));
#13373=FACE_SURFACE('',(#13378),#13374,.T.);
#13374=PLANE('',#13375);
#13375=AXIS2_PLACEMENT_3D('',#684,#13376,#13377);
#13376=DIRECTION('',(-0.09801788483481136,0,0.9951846533445486));
#13377=DIRECTION('',(-0.22160479601111982,-0.9748922635330474,-0.021826334742261717));
#13378=FACE_BOUND('',#13379,.T.);
#13379=EDGE_LOOP('',(#13380,#13381,#13382));
#13380=ORIENTED_EDGE('',*,*,#13383,.T.);
#13381=ORIENTED_EDGE('',*,*,#13384,.T.);
#13382=ORIENTED_EDGE('',*,*,#13385,.T.);
#13383=EDGE_CURVE('',#685,#237,#13386,.F.);
#13384=EDGE_CURVE('',#237,#235,#13387,.T.);
#13385=EDGE_CURVE('',#235,#685,#13388,.T.);
#13386=LINE('',#684,#13389);
#13387=LINE('',#236,#13390);
#13388=LINE('',#234,#13391);
#13389=VECTOR('',#13392,1.0);
#13390=VECTOR('',#13393,1.0);
#13391=VECTOR('',#13394,1.0);
#13392=DIRECTION('',(-0.22160479601111982,-0.9748922635330474,-0.021826334742261717));
#13393=DIRECTION('',(0.9951846533445486,0,0.09801788483481136));
#13394=DIRECTION('',(0,1,0));
#13395=FACE_SURFACE('',(#13400),#13396,.T.);
#13396=PLANE('',#13397);
#13397=AXIS2_PLACEMENT_3D('',#234,#13398,#13399);
#13398=DIRECTION('',(0,0,1));
#13399=DIRECTION('',(1,0,0));
#13400=FACE_BOUND('',#13401,.T.);
#13401=EDGE_LOOP('',(#13402,#13403,#13404));
#13402=ORIENTED_EDGE('',*,*,#13405,.T.);
#13403=ORIENTED_EDGE('',*,*,#13406,.T.);
#13404=ORIENTED_EDGE('',*,*,#13407,.T.);
#13405=EDGE_CURVE('',#235,#273,#13408,.F.);
#13406=EDGE_CURVE('',#273,#685,#13409,.T.);
#13407=EDGE_CURVE('',#685,#235,#13410,.T.);
#13408=LINE('',#234,#13411);
#13409=LINE('',#272,#13412);
#13410=LINE('',#684,#13413);
#13411=VECTOR('',#13414,1.0);
#13412=VECTOR('',#13415,1.0);
#13413=VECTOR('',#13416,1.0);
#13414=DIRECTION('',(1,0,0));
#13415=DIRECTION('',(-0.9990138197667481,0.04440031435757319,0));
#13416=DIRECTION('',(0,-1,0));
#13417=FACE_SURFACE('',(#13422),#13418,.T.);
#13418=PLANE('',#13419);
#13419=AXIS2_PLACEMENT_3D('',#684,#13420,#13421);
#13420=DIRECTION('',(-0,0,1));
#13421=DIRECTION('',(0.9990138197667481,-0.04440031435757319,0));
#13422=FACE_BOUND('',#13423,.T.);
#13423=EDGE_LOOP('',(#13424,#13425,#13426));
#13424=ORIENTED_EDGE('',*,*,#13427,.T.);
#13425=ORIENTED_EDGE('',*,*,#13428,.T.);
#13426=ORIENTED_EDGE('',*,*,#13429,.T.);
#13427=EDGE_CURVE('',#685,#273,#13430,.F.);
#13428=EDGE_CURVE('',#273,#687,#13431,.T.);
#13429=EDGE_CURVE('',#687,#685,#13432,.T.);
#13430=LINE('',#684,#13433);
#13431=LINE('',#272,#13434);
#13432=LINE('',#686,#13435);
#13433=VECTOR('',#13436,1.0);
#13434=VECTOR('',#13437,1.0);
#13435=VECTOR('',#13438,1.0);
#13436=DIRECTION('',(0.9990138197667481,-0.04440031435757319,0));
#13437=DIRECTION('',(0,1,0));
#13438=DIRECTION('',(-1,0,0));
#13439=FACE_SURFACE('',(#13444),#13440,.T.);
#13440=PLANE('',#13441);
#13441=AXIS2_PLACEMENT_3D('',#686,#13442,#13443);
#13442=DIRECTION('',(0.09801684636936699,0,0.995184755624705));
#13443=DIRECTION('',(0,-1,0));
#13444=FACE_BOUND('',#13445,.T.);
#13445=EDGE_LOOP('',(#13446,#13447,#13448));
#13446=ORIENTED_EDGE('',*,*,#13449,.T.);
#13447=ORIENTED_EDGE('',*,*,#13450,.T.);
#13448=ORIENTED_EDGE('',*,*,#13451,.T.);
#13449=EDGE_CURVE('',#687,#273,#13452,.F.);
#13450=EDGE_CURVE('',#273,#689,#13453,.T.);
#13451=EDGE_CURVE('',#689,#687,#13454,.T.);
#13452=LINE('',#686,#13455);
#13453=LINE('',#272,#13456);
#13454=LINE('',#688,#13457);
#13455=VECTOR('',#13458,1.0);
#13456=VECTOR('',#13459,1.0);
#13457=VECTOR('',#13460,1.0);
#13458=DIRECTION('',(0,-1,0));
#13459=DIRECTION('',(0.22212133125459804,0.9747735696815698,-0.021876975383605585));
#13460=DIRECTION('',(-0.9951847556247051,0,0.098016846369367));
#13461=FACE_SURFACE('',(#13466),#13462,.T.);
#13462=PLANE('',#13463);
#13463=AXIS2_PLACEMENT_3D('',#688,#13464,#13465);
#13464=DIRECTION('',(0.09801684636936699,0,0.995184755624705));
#13465=DIRECTION('',(-0.22212133125459804,-0.9747735696815698,0.021876975383605585));
#13466=FACE_BOUND('',#13467,.T.);
#13467=EDGE_LOOP('',(#13468,#13469,#13470));
#13468=ORIENTED_EDGE('',*,*,#13471,.T.);
#13469=ORIENTED_EDGE('',*,*,#13472,.T.);
#13470=ORIENTED_EDGE('',*,*,#13473,.T.);
#13471=EDGE_CURVE('',#689,#273,#13474,.F.);
#13472=EDGE_CURVE('',#273,#271,#13475,.T.);
#13473=EDGE_CURVE('',#271,#689,#13476,.T.);
#13474=LINE('',#688,#13477);
#13475=LINE('',#272,#13478);
#13476=LINE('',#270,#13479);
#13477=VECTOR('',#13480,1.0);
#13478=VECTOR('',#13481,1.0);
#13479=VECTOR('',#13482,1.0);
#13480=DIRECTION('',(-0.22212133125459804,-0.9747735696815698,0.021876975383605585));
#13481=DIRECTION('',(0.9951847556247051,0,-0.098016846369367));
#13482=DIRECTION('',(0,1,0));
#13483=FACE_SURFACE('',(#13488),#13484,.T.);
#13484=PLANE('',#13485);
#13485=AXIS2_PLACEMENT_3D('',#688,#13486,#13487);
#13486=DIRECTION('',(0.2902872854108747,0,0.9569395445527296));
#13487=DIRECTION('',(0,-1,0));
#13488=FACE_BOUND('',#13489,.T.);
#13489=EDGE_LOOP('',(#13490,#13491,#13492));
#13490=ORIENTED_EDGE('',*,*,#13493,.T.);
#13491=ORIENTED_EDGE('',*,*,#13494,.T.);
#13492=ORIENTED_EDGE('',*,*,#13495,.T.);
#13493=EDGE_CURVE('',#689,#271,#13496,.F.);
#13494=EDGE_CURVE('',#271,#691,#13497,.T.);
#13495=EDGE_CURVE('',#691,#689,#13498,.T.);
#13496=LINE('',#688,#13499);
#13497=LINE('',#270,#13500);
#13498=LINE('',#690,#13501);
#13499=VECTOR('',#13502,1.0);
#13500=VECTOR('',#13503,1.0);
#13501=VECTOR('',#13504,1.0);
#13502=DIRECTION('',(0,-1,0));
#13503=DIRECTION('',(0.2135838037503507,0.9747738918672427,-0.06479057423360762));
#13504=DIRECTION('',(-0.9569395445527296,0,0.2902872854108747));
#13505=FACE_SURFACE('',(#13510),#13506,.T.);
#13506=PLANE('',#13507);
#13507=AXIS2_PLACEMENT_3D('',#690,#13508,#13509);
#13508=DIRECTION('',(0.2902872854108747,0,0.9569395445527296));
#13509=DIRECTION('',(-0.2135838037503507,-0.9747738918672427,0.06479057423360762));
#13510=FACE_BOUND('',#13511,.T.);
#13511=EDGE_LOOP('',(#13512,#13513,#13514));
#13512=ORIENTED_EDGE('',*,*,#13515,.T.);
#13513=ORIENTED_EDGE('',*,*,#13516,.T.);
#13514=ORIENTED_EDGE('',*,*,#13517,.T.);
#13515=EDGE_CURVE('',#691,#271,#13518,.F.);
#13516=EDGE_CURVE('',#271,#269,#13519,.T.);
#13517=EDGE_CURVE('',#269,#691,#13520,.T.);
#13518=LINE('',#690,#13521);
#13519=LINE('',#270,#13522);
#13520=LINE('',#268,#13523);
#13521=VECTOR('',#13524,1.0);
#13522=VECTOR('',#13525,1.0);
#13523=VECTOR('',#13526,1.0);
#13524=DIRECTION('',(-0.2135838037503507,-0.9747738918672427,0.06479057423360762));
#13525=DIRECTION('',(0.9569395445527296,0,-0.2902872854108747));
#13526=DIRECTION('',(0,1,0));
#13527=FACE_SURFACE('',(#13532),#13528,.T.);
#13528=PLANE('',#13529);
#13529=AXIS2_PLACEMENT_3D('',#690,#13530,#13531);
#13530=DIRECTION('',(0.4713982724427834,0,0.8819204435423637));
#13531=DIRECTION('',(0,-1,0));
#13532=FACE_BOUND('',#13533,.T.);
#13533=EDGE_LOOP('',(#13534,#13535,#13536));
#13534=ORIENTED_EDGE('',*,*,#13537,.T.);
#13535=ORIENTED_EDGE('',*,*,#13538,.T.);
#13536=ORIENTED_EDGE('',*,*,#13539,.T.);
#13537=EDGE_CURVE('',#691,#269,#13540,.F.);
#13538=EDGE_CURVE('',#269,#693,#13541,.T.);
#13539=EDGE_CURVE('',#693,#691,#13542,.T.);
#13540=LINE('',#690,#13543);
#13541=LINE('',#268,#13544);
#13542=LINE('',#692,#13545);
#13543=VECTOR('',#13546,1.0);
#13544=VECTOR('',#13547,1.0);
#13545=VECTOR('',#13548,1.0);
#13546=DIRECTION('',(0,-1,0));
#13547=DIRECTION('',(0.19684074291491288,0.9747736835175859,-0.10521400976230656));
#13548=DIRECTION('',(-0.8819204435423637,0,0.4713982724427834));
#13549=FACE_SURFACE('',(#13554),#13550,.T.);
#13550=PLANE('',#13551);
#13551=AXIS2_PLACEMENT_3D('',#692,#13552,#13553);
#13552=DIRECTION('',(0.4713982724427834,0,0.8819204435423637));
#13553=DIRECTION('',(-0.19684074291491288,-0.9747736835175859,0.10521400976230656));
#13554=FACE_BOUND('',#13555,.T.);
#13555=EDGE_LOOP('',(#13556,#13557,#13558));
#13556=ORIENTED_EDGE('',*,*,#13559,.T.);
#13557=ORIENTED_EDGE('',*,*,#13560,.T.);
#13558=ORIENTED_EDGE('',*,*,#13561,.T.);
#13559=EDGE_CURVE('',#693,#269,#13562,.F.);
#13560=EDGE_CURVE('',#269,#267,#13563,.T.);
#13561=EDGE_CURVE('',#267,#693,#13564,.T.);
#13562=LINE('',#692,#13565);
#13563=LINE('',#268,#13566);
#13564=LINE('',#266,#13567);
#13565=VECTOR('',#13568,1.0);
#13566=VECTOR('',#13569,1.0);
#13567=VECTOR('',#13570,1.0);
#13568=DIRECTION('',(-0.19684074291491288,-0.9747736835175859,0.10521400976230656));
#13569=DIRECTION('',(0.8819204435423637,0,-0.4713982724427834));
#13570=DIRECTION('',(0,1,0));
#13571=FACE_SURFACE('',(#13576),#13572,.T.);
#13572=PLANE('',#13573);
#13573=AXIS2_PLACEMENT_3D('',#692,#13574,#13575);
#13574=DIRECTION('',(0.6343926039955234,0,0.7730110115617882));
#13575=DIRECTION('',(0,-1,0));
#13576=FACE_BOUND('',#13577,.T.);
#13577=EDGE_LOOP('',(#13578,#13579,#13580));
#13578=ORIENTED_EDGE('',*,*,#13581,.T.);
#13579=ORIENTED_EDGE('',*,*,#13582,.T.);
#13580=ORIENTED_EDGE('',*,*,#13583,.T.);
#13581=EDGE_CURVE('',#693,#267,#13584,.F.);
#13582=EDGE_CURVE('',#267,#695,#13585,.T.);
#13583=EDGE_CURVE('',#695,#693,#13586,.T.);
#13584=LINE('',#692,#13587);
#13585=LINE('',#266,#13588);
#13586=LINE('',#694,#13589);
#13587=VECTOR('',#13590,1.0);
#13588=VECTOR('',#13591,1.0);
#13589=VECTOR('',#13592,1.0);
#13590=DIRECTION('',(0,-1,0));
#13591=DIRECTION('',(0.1725319253158668,0.9747738950114068,-0.14159303779173285));
#13592=DIRECTION('',(-0.7730110115617882,0,0.6343926039955234));
#13593=FACE_SURFACE('',(#13598),#13594,.T.);
#13594=PLANE('',#13595);
#13595=AXIS2_PLACEMENT_3D('',#694,#13596,#13597);
#13596=DIRECTION('',(0.6343926039955234,0,0.7730110115617882));
#13597=DIRECTION('',(-0.1725319253158668,-0.9747738950114068,0.14159303779173285));
#13598=FACE_BOUND('',#13599,.T.);
#13599=EDGE_LOOP('',(#13600,#13601,#13602));
#13600=ORIENTED_EDGE('',*,*,#13603,.T.);
#13601=ORIENTED_EDGE('',*,*,#13604,.T.);
#13602=ORIENTED_EDGE('',*,*,#13605,.T.);
#13603=EDGE_CURVE('',#695,#267,#13606,.F.);
#13604=EDGE_CURVE('',#267,#265,#13607,.T.);
#13605=EDGE_CURVE('',#265,#695,#13608,.T.);
#13606=LINE('',#694,#13609);
#13607=LINE('',#266,#13610);
#13608=LINE('',#264,#13611);
#13609=VECTOR('',#13612,1.0);
#13610=VECTOR('',#13613,1.0);
#13611=VECTOR('',#13614,1.0);
#13612=DIRECTION('',(-0.1725319253158668,-0.9747738950114068,0.14159303779173285));
#13613=DIRECTION('',(0.7730110115617882,0,-0.6343926039955234));
#13614=DIRECTION('',(0,1,0));
#13615=FACE_SURFACE('',(#13620),#13616,.T.);
#13616=PLANE('',#13617);
#13617=AXIS2_PLACEMENT_3D('',#694,#13618,#13619);
#13618=DIRECTION('',(0.7730082882189184,0,0.6343959223898414));
#13619=DIRECTION('',(0,-1,0));
#13620=FACE_BOUND('',#13621,.T.);
#13621=EDGE_LOOP('',(#13622,#13623,#13624));
#13622=ORIENTED_EDGE('',*,*,#13625,.T.);
#13623=ORIENTED_EDGE('',*,*,#13626,.T.);
#13624=ORIENTED_EDGE('',*,*,#13627,.T.);
#13625=EDGE_CURVE('',#695,#265,#13628,.F.);
#13626=EDGE_CURVE('',#265,#697,#13629,.T.);
#13627=EDGE_CURVE('',#697,#695,#13630,.T.);
#13628=LINE('',#694,#13631);
#13629=LINE('',#264,#13632);
#13630=LINE('',#696,#13633);
#13631=VECTOR('',#13634,1.0);
#13632=VECTOR('',#13635,1.0);
#13633=VECTOR('',#13636,1.0);
#13634=DIRECTION('',(0,-1,0));
#13635=DIRECTION('',(0.14159425243051024,0.9747737239349332,-0.17253189503586702));
#13636=DIRECTION('',(-0.6343959223898413,0,0.7730082882189183));
#13637=FACE_SURFACE('',(#13642),#13638,.T.);
#13638=PLANE('',#13639);
#13639=AXIS2_PLACEMENT_3D('',#696,#13640,#13641);
#13640=DIRECTION('',(0.7730082882189184,0,0.6343959223898414));
#13641=DIRECTION('',(-0.14159425243051024,-0.9747737239349332,0.17253189503586702));
#13642=FACE_BOUND('',#13643,.T.);
#13643=EDGE_LOOP('',(#13644,#13645,#13646));
#13644=ORIENTED_EDGE('',*,*,#13647,.T.);
#13645=ORIENTED_EDGE('',*,*,#13648,.T.);
#13646=ORIENTED_EDGE('',*,*,#13649,.T.);
#13647=EDGE_CURVE('',#697,#265,#13650,.F.);
#13648=EDGE_CURVE('',#265,#263,#13651,.T.);
#13649=EDGE_CURVE('',#263,#697,#13652,.T.);
#13650=LINE('',#696,#13653);
#13651=LINE('',#264,#13654);
#13652=LINE('',#262,#13655);
#13653=VECTOR('',#13656,1.0);
#13654=VECTOR('',#13657,1.0);
#13655=VECTOR('',#13658,1.0);
#13656=DIRECTION('',(-0.14159425243051024,-0.9747737239349332,0.17253189503586702));
#13657=DIRECTION('',(0.6343959223898413,0,-0.7730082882189183));
#13658=DIRECTION('',(0,1,0));
#13659=FACE_SURFACE('',(#13664),#13660,.T.);
#13660=PLANE('',#13661);
#13661=AXIS2_PLACEMENT_3D('',#696,#13662,#13663);
#13662=DIRECTION('',(0.8819204435423637,0,0.4713982724427834));
#13663=DIRECTION('',(0,-1,0));
#13664=FACE_BOUND('',#13665,.T.);
#13665=EDGE_LOOP('',(#13666,#13667,#13668));
#13666=ORIENTED_EDGE('',*,*,#13669,.T.);
#13667=ORIENTED_EDGE('',*,*,#13670,.T.);
#13668=ORIENTED_EDGE('',*,*,#13671,.T.);
#13669=EDGE_CURVE('',#697,#263,#13672,.F.);
#13670=EDGE_CURVE('',#263,#699,#13673,.T.);
#13671=EDGE_CURVE('',#699,#697,#13674,.T.);
#13672=LINE('',#696,#13675);
#13673=LINE('',#262,#13676);
#13674=LINE('',#698,#13677);
#13675=VECTOR('',#13678,1.0);
#13676=VECTOR('',#13679,1.0);
#13677=VECTOR('',#13680,1.0);
#13678=DIRECTION('',(0,-1,0));
#13679=DIRECTION('',(0.10521400976230656,0.9747736835175859,-0.19684074291491288));
#13680=DIRECTION('',(-0.4713982724427834,0,0.8819204435423637));
#13681=FACE_SURFACE('',(#13686),#13682,.T.);
#13682=PLANE('',#13683);
#13683=AXIS2_PLACEMENT_3D('',#698,#13684,#13685);
#13684=DIRECTION('',(0.8819204435423637,0,0.4713982724427834));
#13685=DIRECTION('',(-0.10521400976230656,-0.9747736835175859,0.19684074291491288));
#13686=FACE_BOUND('',#13687,.T.);
#13687=EDGE_LOOP('',(#13688,#13689,#13690));
#13688=ORIENTED_EDGE('',*,*,#13691,.T.);
#13689=ORIENTED_EDGE('',*,*,#13692,.T.);
#13690=ORIENTED_EDGE('',*,*,#13693,.T.);
#13691=EDGE_CURVE('',#699,#263,#13694,.F.);
#13692=EDGE_CURVE('',#263,#261,#13695,.T.);
#13693=EDGE_CURVE('',#261,#699,#13696,.T.);
#13694=LINE('',#698,#13697);
#13695=LINE('',#262,#13698);
#13696=LINE('',#260,#13699);
#13697=VECTOR('',#13700,1.0);
#13698=VECTOR('',#13701,1.0);
#13699=VECTOR('',#13702,1.0);
#13700=DIRECTION('',(-0.10521400976230656,-0.9747736835175859,0.19684074291491288));
#13701=DIRECTION('',(0.4713982724427834,0,-0.8819204435423637));
#13702=DIRECTION('',(0,1,0));
#13703=FACE_SURFACE('',(#13708),#13704,.T.);
#13704=PLANE('',#13705);
#13705=AXIS2_PLACEMENT_3D('',#698,#13706,#13707);
#13706=DIRECTION('',(0.9569415551532465,0,0.290280657331635));
#13707=DIRECTION('',(0,-1,0));
#13708=FACE_BOUND('',#13709,.T.);
#13709=EDGE_LOOP('',(#13710,#13711,#13712));
#13710=ORIENTED_EDGE('',*,*,#13713,.T.);
#13711=ORIENTED_EDGE('',*,*,#13714,.T.);
#13712=ORIENTED_EDGE('',*,*,#13715,.T.);
#13713=EDGE_CURVE('',#699,#261,#13716,.F.);
#13714=EDGE_CURVE('',#261,#701,#13717,.T.);
#13715=EDGE_CURVE('',#701,#699,#13718,.T.);
#13716=LINE('',#698,#13719);
#13717=LINE('',#260,#13720);
#13718=LINE('',#700,#13721);
#13719=VECTOR('',#13722,1.0);
#13720=VECTOR('',#13723,1.0);
#13721=VECTOR('',#13724,1.0);
#13722=DIRECTION('',(0,-1,0));
#13723=DIRECTION('',(0.06478932279547081,0.974773712090599,-0.21358500384815948));
#13724=DIRECTION('',(-0.290280657331635,0,0.9569415551532465));
#13725=FACE_SURFACE('',(#13730),#13726,.T.);
#13726=PLANE('',#13727);
#13727=AXIS2_PLACEMENT_3D('',#700,#13728,#13729);
#13728=DIRECTION('',(0.9569415551532465,0,0.290280657331635));
#13729=DIRECTION('',(-0.06478932279547081,-0.974773712090599,0.21358500384815948));
#13730=FACE_BOUND('',#13731,.T.);
#13731=EDGE_LOOP('',(#13732,#13733,#13734));
#13732=ORIENTED_EDGE('',*,*,#13735,.T.);
#13733=ORIENTED_EDGE('',*,*,#13736,.T.);
#13734=ORIENTED_EDGE('',*,*,#13737,.T.);
#13735=EDGE_CURVE('',#701,#261,#13738,.F.);
#13736=EDGE_CURVE('',#261,#141,#13739,.T.);
#13737=EDGE_CURVE('',#141,#701,#13740,.T.);
#13738=LINE('',#700,#13741);
#13739=LINE('',#260,#13742);
#13740=LINE('',#140,#13743);
#13741=VECTOR('',#13744,1.0);
#13742=VECTOR('',#13745,1.0);
#13743=VECTOR('',#13746,1.0);
#13744=DIRECTION('',(-0.06478932279547081,-0.974773712090599,0.21358500384815948));
#13745=DIRECTION('',(0.290280657331635,0,-0.9569415551532465));
#13746=DIRECTION('',(0,1,0));
#13747=FACE_SURFACE('',(#13752),#13748,.T.);
#13748=PLANE('',#13749);
#13749=AXIS2_PLACEMENT_3D('',#700,#13750,#13751);
#13750=DIRECTION('',(0.9951847022714321,0,0.09801738807436693));
#13751=DIRECTION('',(0,-1,0));
#13752=FACE_BOUND('',#13753,.T.);
#13753=EDGE_LOOP('',(#13754,#13755,#13756));
#13754=ORIENTED_EDGE('',*,*,#13757,.T.);
#13755=ORIENTED_EDGE('',*,*,#13758,.T.);
#13756=ORIENTED_EDGE('',*,*,#13759,.T.);
#13757=EDGE_CURVE('',#701,#141,#13760,.F.);
#13758=EDGE_CURVE('',#141,#703,#13761,.T.);
#13759=EDGE_CURVE('',#703,#701,#13762,.T.);
#13760=LINE('',#700,#13763);
#13761=LINE('',#140,#13764);
#13762=LINE('',#702,#13765);
#13763=VECTOR('',#13766,1.0);
#13764=VECTOR('',#13767,1.0);
#13765=VECTOR('',#13768,1.0);
#13766=DIRECTION('',(0,-1,0));
#13767=DIRECTION('',(0.02187698140669183,0.9747738380525478,-0.22212015291917256));
#13768=DIRECTION('',(-0.09801738807436693,0,0.9951847022714321));
#13769=FACE_SURFACE('',(#13774),#13770,.T.);
#13770=PLANE('',#13771);
#13771=AXIS2_PLACEMENT_3D('',#702,#13772,#13773);
#13772=DIRECTION('',(0.9951847022714321,0,0.09801738807436693));
#13773=DIRECTION('',(-0.02187698140669183,-0.9747738380525478,0.22212015291917256));
#13774=FACE_BOUND('',#13775,.T.);
#13775=EDGE_LOOP('',(#13776,#13777,#13778));
#13776=ORIENTED_EDGE('',*,*,#13779,.T.);
#13777=ORIENTED_EDGE('',*,*,#13780,.T.);
#13778=ORIENTED_EDGE('',*,*,#13781,.T.);
#13779=EDGE_CURVE('',#703,#141,#13782,.F.);
#13780=EDGE_CURVE('',#141,#139,#13783,.T.);
#13781=EDGE_CURVE('',#139,#703,#13784,.T.);
#13782=LINE('',#702,#13785);
#13783=LINE('',#140,#13786);
#13784=LINE('',#138,#13787);
#13785=VECTOR('',#13788,1.0);
#13786=VECTOR('',#13789,1.0);
#13787=VECTOR('',#13790,1.0);
#13788=DIRECTION('',(-0.02187698140669183,-0.9747738380525478,0.22212015291917256));
#13789=DIRECTION('',(0.09801738807436693,0,-0.9951847022714321));
#13790=DIRECTION('',(0,1,0));
#13791=FACE_SURFACE('',(#13796),#13792,.T.);
#13792=PLANE('',#13793);
#13793=AXIS2_PLACEMENT_3D('',#138,#13794,#13795);
#13794=DIRECTION('',(1,-0,0));
#13795=DIRECTION('',(0,0,-1));
#13796=FACE_BOUND('',#13797,.T.);
#13797=EDGE_LOOP('',(#13798,#13799,#13800));
#13798=ORIENTED_EDGE('',*,*,#13801,.T.);
#13799=ORIENTED_EDGE('',*,*,#13802,.T.);
#13800=ORIENTED_EDGE('',*,*,#13803,.T.);
#13801=EDGE_CURVE('',#139,#143,#13804,.F.);
#13802=EDGE_CURVE('',#143,#703,#13805,.T.);
#13803=EDGE_CURVE('',#703,#139,#13806,.T.);
#13804=LINE('',#138,#13807);
#13805=LINE('',#142,#13808);
#13806=LINE('',#702,#13809);
#13807=VECTOR('',#13810,1.0);
#13808=VECTOR('',#13811,1.0);
#13809=VECTOR('',#13812,1.0);
#13810=DIRECTION('',(0,0,-1));
#13811=DIRECTION('',(0,0.0927594401828386,0.9956885488228566));
#13812=DIRECTION('',(0,-1,0));
#13813=FACE_SURFACE('',(#13818),#13814,.T.);
#13814=PLANE('',#13815);
#13815=AXIS2_PLACEMENT_3D('',#702,#13816,#13817);
#13816=DIRECTION('',(1,0,0));
#13817=DIRECTION('',(0,-0.0927594401828386,-0.9956885488228566));
#13818=FACE_BOUND('',#13819,.T.);
#13819=EDGE_LOOP('',(#13820,#13821,#13822));
#13820=ORIENTED_EDGE('',*,*,#13823,.T.);
#13821=ORIENTED_EDGE('',*,*,#13824,.T.);
#13822=ORIENTED_EDGE('',*,*,#13825,.T.);
#13823=EDGE_CURVE('',#703,#143,#13826,.F.);
#13824=EDGE_CURVE('',#143,#373,#13827,.T.);
#13825=EDGE_CURVE('',#373,#703,#13828,.T.);
#13826=LINE('',#702,#13829);
#13827=LINE('',#142,#13830);
#13828=LINE('',#372,#13831);
#13829=VECTOR('',#13832,1.0);
#13830=VECTOR('',#13833,1.0);
#13831=VECTOR('',#13834,1.0);
#13832=DIRECTION('',(0,-0.0927594401828386,-0.9956885488228566));
#13833=DIRECTION('',(0,1,0));
#13834=DIRECTION('',(0,0,1));
#13835=FACE_SURFACE('',(#13840),#13836,.T.);
#13836=PLANE('',#13837);
#13837=AXIS2_PLACEMENT_3D('',#668,#13838,#13839);
#13838=DIRECTION('',(-0.9969162209719893,-0,-0.07847323341705637));
#13839=DIRECTION('',(0,-1,0));
#13840=FACE_BOUND('',#13841,.T.);
#13841=EDGE_LOOP('',(#13842,#13843,#13844));
#13842=ORIENTED_EDGE('',*,*,#13845,.T.);
#13843=ORIENTED_EDGE('',*,*,#13846,.T.);
#13844=ORIENTED_EDGE('',*,*,#13847,.T.);
#13845=EDGE_CURVE('',#669,#593,#13848,.F.);
#13846=EDGE_CURVE('',#593,#705,#13849,.T.);
#13847=EDGE_CURVE('',#705,#669,#13850,.T.);
#13848=LINE('',#668,#13851);
#13849=LINE('',#592,#13852);
#13850=LINE('',#704,#13853);
#13851=VECTOR('',#13854,1.0);
#13852=VECTOR('',#13855,1.0);
#13853=VECTOR('',#13856,1.0);
#13854=DIRECTION('',(0,-1,0));
#13855=DIRECTION('',(-0.014664380882193183,0.9823844385778535,0.18629484902545637));
#13856=DIRECTION('',(0.07847323341705637,0,-0.9969162209719893));
#13857=FACE_SURFACE('',(#13862),#13858,.T.);
#13858=PLANE('',#13859);
#13859=AXIS2_PLACEMENT_3D('',#704,#13860,#13861);
#13860=DIRECTION('',(-0.9969162209719893,-0,-0.07847323341705637));
#13861=DIRECTION('',(0.014664380882193183,-0.9823844385778535,-0.18629484902545637));
#13862=FACE_BOUND('',#13863,.T.);
#13863=EDGE_LOOP('',(#13864,#13865,#13866));
#13864=ORIENTED_EDGE('',*,*,#13867,.T.);
#13865=ORIENTED_EDGE('',*,*,#13868,.T.);
#13866=ORIENTED_EDGE('',*,*,#13869,.T.);
#13867=EDGE_CURVE('',#705,#593,#13870,.F.);
#13868=EDGE_CURVE('',#593,#591,#13871,.T.);
#13869=EDGE_CURVE('',#591,#705,#13872,.T.);
#13870=LINE('',#704,#13873);
#13871=LINE('',#592,#13874);
#13872=LINE('',#590,#13875);
#13873=VECTOR('',#13876,1.0);
#13874=VECTOR('',#13877,1.0);
#13875=VECTOR('',#13878,1.0);
#13876=DIRECTION('',(0.014664380882193183,-0.9823844385778535,-0.18629484902545637));
#13877=DIRECTION('',(-0.07847323341705637,0,0.9969162209719893));
#13878=DIRECTION('',(0,1,0));
#13879=FACE_SURFACE('',(#13884),#13880,.T.);
#13880=PLANE('',#13881);
#13881=AXIS2_PLACEMENT_3D('',#704,#13882,#13883);
#13882=DIRECTION('',(-0.9726929663673964,-0,-0.23209565523592834));
#13883=DIRECTION('',(0,-1,0));
#13884=FACE_BOUND('',#13885,.T.);
#13885=EDGE_LOOP('',(#13886,#13887,#13888));
#13886=ORIENTED_EDGE('',*,*,#13889,.T.);
#13887=ORIENTED_EDGE('',*,*,#13890,.T.);
#13888=ORIENTED_EDGE('',*,*,#13891,.T.);
#13889=EDGE_CURVE('',#705,#591,#13892,.F.);
#13890=EDGE_CURVE('',#591,#707,#13893,.T.);
#13891=EDGE_CURVE('',#707,#705,#13894,.T.);
#13892=LINE('',#704,#13895);
#13893=LINE('',#590,#13896);
#13894=LINE('',#706,#13897);
#13895=VECTOR('',#13898,1.0);
#13896=VECTOR('',#13899,1.0);
#13897=VECTOR('',#13900,1.0);
#13898=DIRECTION('',(0,-1,0));
#13899=DIRECTION('',(-0.04337189348806789,0.9823845050865443,0.18176788225955942));
#13900=DIRECTION('',(0.23209565523592837,0,-0.9726929663673965));
#13901=FACE_SURFACE('',(#13906),#13902,.T.);
#13902=PLANE('',#13903);
#13903=AXIS2_PLACEMENT_3D('',#706,#13904,#13905);
#13904=DIRECTION('',(-0.9726929663673964,-0,-0.23209565523592834));
#13905=DIRECTION('',(0.04337189348806789,-0.9823845050865443,-0.18176788225955942));
#13906=FACE_BOUND('',#13907,.T.);
#13907=EDGE_LOOP('',(#13908,#13909,#13910));
#13908=ORIENTED_EDGE('',*,*,#13911,.T.);
#13909=ORIENTED_EDGE('',*,*,#13912,.T.);
#13910=ORIENTED_EDGE('',*,*,#13913,.T.);
#13911=EDGE_CURVE('',#707,#591,#13914,.F.);
#13912=EDGE_CURVE('',#591,#575,#13915,.T.);
#13913=EDGE_CURVE('',#575,#707,#13916,.T.);
#13914=LINE('',#706,#13917);
#13915=LINE('',#590,#13918);
#13916=LINE('',#574,#13919);
#13917=VECTOR('',#13920,1.0);
#13918=VECTOR('',#13921,1.0);
#13919=VECTOR('',#13922,1.0);
#13920=DIRECTION('',(0.04337189348806789,-0.9823845050865443,-0.18176788225955942));
#13921=DIRECTION('',(-0.23209565523592837,0,0.9726929663673965));
#13922=DIRECTION('',(0,1,0));
#13923=FACE_SURFACE('',(#13928),#13924,.T.);
#13924=PLANE('',#13925);
#13925=AXIS2_PLACEMENT_3D('',#706,#13926,#13927);
#13926=DIRECTION('',(-0.9249414643737344,-0,-0.3801095729946456));
#13927=DIRECTION('',(0,-1,0));
#13928=FACE_BOUND('',#13929,.T.);
#13929=EDGE_LOOP('',(#13930,#13931,#13932));
#13930=ORIENTED_EDGE('',*,*,#13933,.T.);
#13931=ORIENTED_EDGE('',*,*,#13934,.T.);
#13932=ORIENTED_EDGE('',*,*,#13935,.T.);
#13933=EDGE_CURVE('',#707,#575,#13936,.F.);
#13934=EDGE_CURVE('',#575,#709,#13937,.T.);
#13935=EDGE_CURVE('',#709,#707,#13938,.T.);
#13936=LINE('',#706,#13939);
#13937=LINE('',#574,#13940);
#13938=LINE('',#708,#13941);
#13939=VECTOR('',#13942,1.0);
#13940=VECTOR('',#13943,1.0);
#13941=VECTOR('',#13944,1.0);
#13942=DIRECTION('',(0,-1,0));
#13943=DIRECTION('',(-0.07103175673671322,0.982384310580342,0.17284546815141613));
#13944=DIRECTION('',(0.3801095729946456,0,-0.9249414643737345));
#13945=FACE_SURFACE('',(#13950),#13946,.T.);
#13946=PLANE('',#13947);
#13947=AXIS2_PLACEMENT_3D('',#708,#13948,#13949);
#13948=DIRECTION('',(-0.9249414643737344,-0,-0.3801095729946456));
#13949=DIRECTION('',(0.07103175673671322,-0.982384310580342,-0.17284546815141613));
#13950=FACE_BOUND('',#13951,.T.);
#13951=EDGE_LOOP('',(#13952,#13953,#13954));
#13952=ORIENTED_EDGE('',*,*,#13955,.T.);
#13953=ORIENTED_EDGE('',*,*,#13956,.T.);
#13954=ORIENTED_EDGE('',*,*,#13957,.T.);
#13955=EDGE_CURVE('',#709,#575,#13958,.F.);
#13956=EDGE_CURVE('',#575,#577,#13959,.T.);
#13957=EDGE_CURVE('',#577,#709,#13960,.T.);
#13958=LINE('',#708,#13961);
#13959=LINE('',#574,#13962);
#13960=LINE('',#576,#13963);
#13961=VECTOR('',#13964,1.0);
#13962=VECTOR('',#13965,1.0);
#13963=VECTOR('',#13966,1.0);
#13964=DIRECTION('',(0.07103175673671322,-0.982384310580342,-0.17284546815141613));
#13965=DIRECTION('',(-0.3801095729946456,0,0.9249414643737345));
#13966=DIRECTION('',(0,1,0));
#13967=FACE_SURFACE('',(#13972),#13968,.T.);
#13968=PLANE('',#13969);
#13969=AXIS2_PLACEMENT_3D('',#708,#13970,#13971);
#13970=DIRECTION('',(-0.8548209801802487,-0,-0.5189230114801993));
#13971=DIRECTION('',(0,-1,0));
#13972=FACE_BOUND('',#13973,.T.);
#13973=EDGE_LOOP('',(#13974,#13975,#13976));
#13974=ORIENTED_EDGE('',*,*,#13977,.T.);
#13975=ORIENTED_EDGE('',*,*,#13978,.T.);
#13976=ORIENTED_EDGE('',*,*,#13979,.T.);
#13977=EDGE_CURVE('',#709,#577,#13980,.F.);
#13978=EDGE_CURVE('',#577,#711,#13981,.T.);
#13979=EDGE_CURVE('',#711,#709,#13982,.T.);
#13980=LINE('',#708,#13983);
#13981=LINE('',#576,#13984);
#13982=LINE('',#710,#13985);
#13983=VECTOR('',#13986,1.0);
#13984=VECTOR('',#13987,1.0);
#13985=VECTOR('',#13988,1.0);
#13986=DIRECTION('',(0,-1,0));
#13987=DIRECTION('',(-0.09697194756345072,0.9823843564230833,0.15974172166643186));
#13988=DIRECTION('',(0.5189230114801993,0,-0.8548209801802485));
#13989=FACE_SURFACE('',(#13994),#13990,.T.);
#13990=PLANE('',#13991);
#13991=AXIS2_PLACEMENT_3D('',#710,#13992,#13993);
#13992=DIRECTION('',(-0.8548209801802487,-0,-0.5189230114801993));
#13993=DIRECTION('',(0.09697194756345072,-0.9823843564230833,-0.15974172166643186));
#13994=FACE_BOUND('',#13995,.T.);
#13995=EDGE_LOOP('',(#13996,#13997,#13998));
#13996=ORIENTED_EDGE('',*,*,#13999,.T.);
#13997=ORIENTED_EDGE('',*,*,#14000,.T.);
#13998=ORIENTED_EDGE('',*,*,#14001,.T.);
#13999=EDGE_CURVE('',#711,#577,#14002,.F.);
#14000=EDGE_CURVE('',#577,#579,#14003,.T.);
#14001=EDGE_CURVE('',#579,#711,#14004,.T.);
#14002=LINE('',#710,#14005);
#14003=LINE('',#576,#14006);
#14004=LINE('',#578,#14007);
#14005=VECTOR('',#14008,1.0);
#14006=VECTOR('',#14009,1.0);
#14007=VECTOR('',#14010,1.0);
#14008=DIRECTION('',(0.09697194756345072,-0.9823843564230833,-0.15974172166643186));
#14009=DIRECTION('',(-0.5189230114801993,0,0.8548209801802485));
#14010=DIRECTION('',(0,1,0));
#14011=FACE_SURFACE('',(#14016),#14012,.T.);
#14012=PLANE('',#14013);
#14013=AXIS2_PLACEMENT_3D('',#710,#14014,#14015);
#14014=DIRECTION('',(-0.7640235208533275,-0,-0.6451883907688397));
#14015=DIRECTION('',(0,-1,0));
#14016=FACE_BOUND('',#14017,.T.);
#14017=EDGE_LOOP('',(#14018,#14019,#14020));
#14018=ORIENTED_EDGE('',*,*,#14021,.T.);
#14019=ORIENTED_EDGE('',*,*,#14022,.T.);
#14020=ORIENTED_EDGE('',*,*,#14023,.T.);
#14021=EDGE_CURVE('',#711,#579,#14024,.F.);
#14022=EDGE_CURVE('',#579,#713,#14025,.T.);
#14023=EDGE_CURVE('',#713,#711,#14026,.T.);
#14024=LINE('',#710,#14027);
#14025=LINE('',#578,#14028);
#14026=LINE('',#712,#14029);
#14027=VECTOR('',#14030,1.0);
#14028=VECTOR('',#14031,1.0);
#14029=VECTOR('',#14032,1.0);
#14030=DIRECTION('',(0,-1,0));
#14031=DIRECTION('',(-0.1205670447464895,0.9823844478135811,0.14277389262432844));
#14032=DIRECTION('',(0.6451883907688397,0,-0.7640235208533275));
#14033=FACE_SURFACE('',(#14038),#14034,.T.);
#14034=PLANE('',#14035);
#14035=AXIS2_PLACEMENT_3D('',#712,#14036,#14037);
#14036=DIRECTION('',(-0.7640235208533275,-0,-0.6451883907688397));
#14037=DIRECTION('',(0.1205670447464895,-0.9823844478135811,-0.14277389262432844));
#14038=FACE_BOUND('',#14039,.T.);
#14039=EDGE_LOOP('',(#14040,#14041,#14042));
#14040=ORIENTED_EDGE('',*,*,#14043,.T.);
#14041=ORIENTED_EDGE('',*,*,#14044,.T.);
#14042=ORIENTED_EDGE('',*,*,#14045,.T.);
#14043=EDGE_CURVE('',#713,#579,#14046,.F.);
#14044=EDGE_CURVE('',#579,#581,#14047,.T.);
#14045=EDGE_CURVE('',#581,#713,#14048,.T.);
#14046=LINE('',#712,#14049);
#14047=LINE('',#578,#14050);
#14048=LINE('',#580,#14051);
#14049=VECTOR('',#14052,1.0);
#14050=VECTOR('',#14053,1.0);
#14051=VECTOR('',#14054,1.0);
#14052=DIRECTION('',(0.1205670447464895,-0.9823844478135811,-0.14277389262432844));
#14053=DIRECTION('',(-0.6451883907688397,0,0.7640235208533275));
#14054=DIRECTION('',(0,1,0));
#14055=FACE_SURFACE('',(#14060),#14056,.T.);
#14056=PLANE('',#14057);
#14057=AXIS2_PLACEMENT_3D('',#712,#14058,#14059);
#14058=DIRECTION('',(-0.6547460977892583,-0,-0.7558488919286309));
#14059=DIRECTION('',(0,-1,0));
#14060=FACE_BOUND('',#14061,.T.);
#14061=EDGE_LOOP('',(#14062,#14063,#14064));
#14062=ORIENTED_EDGE('',*,*,#14065,.T.);
#14063=ORIENTED_EDGE('',*,*,#14066,.T.);
#14064=ORIENTED_EDGE('',*,*,#14067,.T.);
#14065=EDGE_CURVE('',#713,#581,#14068,.F.);
#14066=EDGE_CURVE('',#581,#715,#14069,.T.);
#14067=EDGE_CURVE('',#715,#713,#14070,.T.);
#14068=LINE('',#712,#14071);
#14069=LINE('',#580,#14072);
#14070=LINE('',#714,#14073);
#14071=VECTOR('',#14074,1.0);
#14072=VECTOR('',#14075,1.0);
#14073=VECTOR('',#14076,1.0);
#14074=DIRECTION('',(0,-1,0));
#14075=DIRECTION('',(-0.14124656843870909,0.982384377984578,0.12235334403334738));
#14076=DIRECTION('',(0.7558488919286308,0,-0.6547460977892582));
#14077=FACE_SURFACE('',(#14082),#14078,.T.);
#14078=PLANE('',#14079);
#14079=AXIS2_PLACEMENT_3D('',#714,#14080,#14081);
#14080=DIRECTION('',(-0.6547460977892583,-0,-0.7558488919286309));
#14081=DIRECTION('',(0.14124656843870909,-0.982384377984578,-0.12235334403334738));
#14082=FACE_BOUND('',#14083,.T.);
#14083=EDGE_LOOP('',(#14084,#14085,#14086));
#14084=ORIENTED_EDGE('',*,*,#14087,.T.);
#14085=ORIENTED_EDGE('',*,*,#14088,.T.);
#14086=ORIENTED_EDGE('',*,*,#14089,.T.);
#14087=EDGE_CURVE('',#715,#581,#14090,.F.);
#14088=EDGE_CURVE('',#581,#583,#14091,.T.);
#14089=EDGE_CURVE('',#583,#715,#14092,.T.);
#14090=LINE('',#714,#14093);
#14091=LINE('',#580,#14094);
#14092=LINE('',#582,#14095);
#14093=VECTOR('',#14096,1.0);
#14094=VECTOR('',#14097,1.0);
#14095=VECTOR('',#14098,1.0);
#14096=DIRECTION('',(0.14124656843870909,-0.982384377984578,-0.12235334403334738));
#14097=DIRECTION('',(-0.7558488919286308,0,0.6547460977892582));
#14098=DIRECTION('',(0,1,0));
#14099=FACE_SURFACE('',(#14104),#14100,.T.);
#14100=PLANE('',#14101);
#14101=AXIS2_PLACEMENT_3D('',#714,#14102,#14103);
#14102=DIRECTION('',(-0.5296327627288756,-0,-0.8482270548881228));
#14103=DIRECTION('',(0,-1,0));
#14104=FACE_BOUND('',#14105,.T.);
#14105=EDGE_LOOP('',(#14106,#14107,#14108));
#14106=ORIENTED_EDGE('',*,*,#14109,.T.);
#14107=ORIENTED_EDGE('',*,*,#14110,.T.);
#14108=ORIENTED_EDGE('',*,*,#14111,.T.);
#14109=EDGE_CURVE('',#715,#583,#14112,.F.);
#14110=EDGE_CURVE('',#583,#717,#14113,.T.);
#14111=EDGE_CURVE('',#717,#715,#14114,.T.);
#14112=LINE('',#714,#14115);
#14113=LINE('',#582,#14116);
#14114=LINE('',#716,#14117);
#14115=VECTOR('',#14118,1.0);
#14116=VECTOR('',#14119,1.0);
#14117=VECTOR('',#14120,1.0);
#14118=DIRECTION('',(0,-1,0));
#14119=DIRECTION('',(-0.15850922116786653,0.9823844199909183,0.09897311839011355));
#14120=DIRECTION('',(0.8482270548881229,0,-0.5296327627288757));
#14121=FACE_SURFACE('',(#14126),#14122,.T.);
#14122=PLANE('',#14123);
#14123=AXIS2_PLACEMENT_3D('',#716,#14124,#14125);
#14124=DIRECTION('',(-0.5296327627288756,-0,-0.8482270548881228));
#14125=DIRECTION('',(0.15850922116786653,-0.9823844199909183,-0.09897311839011355));
#14126=FACE_BOUND('',#14127,.T.);
#14127=EDGE_LOOP('',(#14128,#14129,#14130));
#14128=ORIENTED_EDGE('',*,*,#14131,.T.);
#14129=ORIENTED_EDGE('',*,*,#14132,.T.);
#14130=ORIENTED_EDGE('',*,*,#14133,.T.);
#14131=EDGE_CURVE('',#717,#583,#14134,.F.);
#14132=EDGE_CURVE('',#583,#585,#14135,.T.);
#14133=EDGE_CURVE('',#585,#717,#14136,.T.);
#14134=LINE('',#716,#14137);
#14135=LINE('',#582,#14138);
#14136=LINE('',#584,#14139);
#14137=VECTOR('',#14140,1.0);
#14138=VECTOR('',#14141,1.0);
#14139=VECTOR('',#14142,1.0);
#14140=DIRECTION('',(0.15850922116786653,-0.9823844199909183,-0.09897311839011355));
#14141=DIRECTION('',(-0.8482270548881229,0,0.5296327627288757));
#14142=DIRECTION('',(0,1,0));
#14143=FACE_SURFACE('',(#14148),#14144,.T.);
#14144=PLANE('',#14145);
#14145=AXIS2_PLACEMENT_3D('',#716,#14146,#14147);
#14146=DIRECTION('',(-0.3917060058563429,-0,-0.9200904330423562));
#14147=DIRECTION('',(0,-1,0));
#14148=FACE_BOUND('',#14149,.T.);
#14149=EDGE_LOOP('',(#14150,#14151,#14152));
#14150=ORIENTED_EDGE('',*,*,#14153,.T.);
#14151=ORIENTED_EDGE('',*,*,#14154,.T.);
#14152=ORIENTED_EDGE('',*,*,#14155,.T.);
#14153=EDGE_CURVE('',#717,#585,#14156,.F.);
#14154=EDGE_CURVE('',#585,#719,#14157,.T.);
#14155=EDGE_CURVE('',#719,#717,#14158,.T.);
#14156=LINE('',#716,#14159);
#14157=LINE('',#584,#14160);
#14158=LINE('',#718,#14161);
#14159=VECTOR('',#14162,1.0);
#14160=VECTOR('',#14163,1.0);
#14161=VECTOR('',#14164,1.0);
#14162=DIRECTION('',(0,-1,0));
#14163=DIRECTION('',(-0.1719385865083506,0.9823843851586851,0.07319864934479857));
#14164=DIRECTION('',(0.9200904330423563,0,-0.3917060058563429));
#14165=FACE_SURFACE('',(#14170),#14166,.T.);
#14166=PLANE('',#14167);
#14167=AXIS2_PLACEMENT_3D('',#718,#14168,#14169);
#14168=DIRECTION('',(-0.3917060058563429,-0,-0.9200904330423562));
#14169=DIRECTION('',(0.1719385865083506,-0.9823843851586851,-0.07319864934479857));
#14170=FACE_BOUND('',#14171,.T.);
#14171=EDGE_LOOP('',(#14172,#14173,#14174));
#14172=ORIENTED_EDGE('',*,*,#14175,.T.);
#14173=ORIENTED_EDGE('',*,*,#14176,.T.);
#14174=ORIENTED_EDGE('',*,*,#14177,.T.);
#14175=EDGE_CURVE('',#719,#585,#14178,.F.);
#14176=EDGE_CURVE('',#585,#587,#14179,.T.);
#14177=EDGE_CURVE('',#587,#719,#14180,.T.);
#14178=LINE('',#718,#14181);
#14179=LINE('',#584,#14182);
#14180=LINE('',#586,#14183);
#14181=VECTOR('',#14184,1.0);
#14182=VECTOR('',#14185,1.0);
#14183=VECTOR('',#14186,1.0);
#14184=DIRECTION('',(0.1719385865083506,-0.9823843851586851,-0.07319864934479857));
#14185=DIRECTION('',(-0.9200904330423563,0,0.3917060058563429));
#14186=DIRECTION('',(0,1,0));
#14187=FACE_SURFACE('',(#14192),#14188,.T.);
#14188=PLANE('',#14189);
#14189=AXIS2_PLACEMENT_3D('',#718,#14190,#14191);
#14190=DIRECTION('',(-0.24431464174214348,-0,-0.9696960120730662));
#14191=DIRECTION('',(0,-1,0));
#14192=FACE_BOUND('',#14193,.T.);
#14193=EDGE_LOOP('',(#14194,#14195,#14196));
#14194=ORIENTED_EDGE('',*,*,#14197,.T.);
#14195=ORIENTED_EDGE('',*,*,#14198,.T.);
#14196=ORIENTED_EDGE('',*,*,#14199,.T.);
#14197=EDGE_CURVE('',#719,#587,#14200,.F.);
#14198=EDGE_CURVE('',#587,#721,#14201,.T.);
#14199=EDGE_CURVE('',#721,#719,#14202,.T.);
#14200=LINE('',#718,#14203);
#14201=LINE('',#586,#14204);
#14202=LINE('',#720,#14205);
#14203=VECTOR('',#14206,1.0);
#14204=VECTOR('',#14207,1.0);
#14205=VECTOR('',#14208,1.0);
#14206=DIRECTION('',(0,-1,0));
#14207=DIRECTION('',(-0.1812082411230449,0.982384426224489,0.04565536617610097));
#14208=DIRECTION('',(0.9696960120730662,0,-0.24431464174214346));
#14209=FACE_SURFACE('',(#14214),#14210,.T.);
#14210=PLANE('',#14211);
#14211=AXIS2_PLACEMENT_3D('',#720,#14212,#14213);
#14212=DIRECTION('',(-0.24431464174214348,-0,-0.9696960120730662));
#14213=DIRECTION('',(0.1812082411230449,-0.982384426224489,-0.04565536617610097));
#14214=FACE_BOUND('',#14215,.T.);
#14215=EDGE_LOOP('',(#14216,#14217,#14218));
#14216=ORIENTED_EDGE('',*,*,#14219,.T.);
#14217=ORIENTED_EDGE('',*,*,#14220,.T.);
#14218=ORIENTED_EDGE('',*,*,#14221,.T.);
#14219=EDGE_CURVE('',#721,#587,#14222,.F.);
#14220=EDGE_CURVE('',#587,#589,#14223,.T.);
#14221=EDGE_CURVE('',#589,#721,#14224,.T.);
#14222=LINE('',#720,#14225);
#14223=LINE('',#586,#14226);
#14224=LINE('',#588,#14227);
#14225=VECTOR('',#14228,1.0);
#14226=VECTOR('',#14229,1.0);
#14227=VECTOR('',#14230,1.0);
#14228=DIRECTION('',(0.1812082411230449,-0.982384426224489,-0.04565536617610097));
#14229=DIRECTION('',(-0.9696960120730662,0,0.24431464174214346));
#14230=DIRECTION('',(0,1,0));
#14231=FACE_SURFACE('',(#14236),#14232,.T.);
#14232=PLANE('',#14233);
#14233=AXIS2_PLACEMENT_3D('',#720,#14234,#14235);
#14234=DIRECTION('',(-0.09100464684825296,-0,-0.9958504678173449));
#14235=DIRECTION('',(0,-1,0));
#14236=FACE_BOUND('',#14237,.T.);
#14237=EDGE_LOOP('',(#14238,#14239,#14240));
#14238=ORIENTED_EDGE('',*,*,#14241,.T.);
#14239=ORIENTED_EDGE('',*,*,#14242,.T.);
#14240=ORIENTED_EDGE('',*,*,#14243,.T.);
#14241=EDGE_CURVE('',#721,#589,#14244,.F.);
#14242=EDGE_CURVE('',#589,#491,#14245,.T.);
#14243=EDGE_CURVE('',#491,#721,#14246,.T.);
#14244=LINE('',#720,#14247);
#14245=LINE('',#588,#14248);
#14246=LINE('',#490,#14249);
#14247=VECTOR('',#14250,1.0);
#14248=VECTOR('',#14251,1.0);
#14249=VECTOR('',#14252,1.0);
#14250=DIRECTION('',(0,-1,0));
#14251=DIRECTION('',(-0.1860958108249911,0.9823844156019722,0.017006151115424153));
#14252=DIRECTION('',(0.995850467817345,0,-0.09100464684825298));
#14253=FACE_SURFACE('',(#14258),#14254,.T.);
#14254=PLANE('',#14255);
#14255=AXIS2_PLACEMENT_3D('',#490,#14256,#14257);
#14256=DIRECTION('',(-0.09100464684825296,-0,-0.9958504678173449));
#14257=DIRECTION('',(0.1860958108249911,-0.9823844156019722,-0.017006151115424153));
#14258=FACE_BOUND('',#14259,.T.);
#14259=EDGE_LOOP('',(#14260,#14261,#14262));
#14260=ORIENTED_EDGE('',*,*,#14263,.T.);
#14261=ORIENTED_EDGE('',*,*,#14264,.T.);
#14262=ORIENTED_EDGE('',*,*,#14265,.T.);
#14263=EDGE_CURVE('',#491,#589,#14266,.F.);
#14264=EDGE_CURVE('',#589,#493,#14267,.T.);
#14265=EDGE_CURVE('',#493,#491,#14268,.T.);
#14266=LINE('',#490,#14269);
#14267=LINE('',#588,#14270);
#14268=LINE('',#492,#14271);
#14269=VECTOR('',#14272,1.0);
#14270=VECTOR('',#14273,1.0);
#14271=VECTOR('',#14274,1.0);
#14272=DIRECTION('',(0.1860958108249911,-0.9823844156019722,-0.017006151115424153));
#14273=DIRECTION('',(-0.995850467817345,0,0.09100464684825298));
#14274=DIRECTION('',(0,1,0));
#14275=FACE_SURFACE('',(#14280),#14276,.T.);
#14276=PLANE('',#14277);
#14277=AXIS2_PLACEMENT_3D('',#638,#14278,#14279);
#14278=DIRECTION('',(0,1,-0));
#14279=DIRECTION('',(-0.4065597726422614,0,0.9136241849190906));
#14280=FACE_BOUND('',#14281,.T.);
#14281=EDGE_LOOP('',(#14282,#14283,#14284));
#14282=ORIENTED_EDGE('',*,*,#14285,.T.);
#14283=ORIENTED_EDGE('',*,*,#14286,.T.);
#14284=ORIENTED_EDGE('',*,*,#14287,.T.);
#14285=EDGE_CURVE('',#639,#685,#14288,.F.);
#14286=EDGE_CURVE('',#685,#501,#14289,.T.);
#14287=EDGE_CURVE('',#501,#639,#14290,.T.);
#14288=LINE('',#638,#14291);
#14289=LINE('',#684,#14292);
#14290=LINE('',#500,#14293);
#14291=VECTOR('',#14294,1.0);
#14292=VECTOR('',#14295,1.0);
#14293=VECTOR('',#14296,1.0);
#14294=DIRECTION('',(-0.4065597726422614,0,0.9136241849190906));
#14295=DIRECTION('',(0.6,0,-0.8));
#14296=DIRECTION('',(-0.9951843404648865,0,-0.09802106147899521));
#14297=FACE_SURFACE('',(#14302),#14298,.T.);
#14298=PLANE('',#14299);
#14299=AXIS2_PLACEMENT_3D('',#500,#14300,#14301);
#14300=DIRECTION('',(0,1,-0));
#14301=DIRECTION('',(-0.6,0,0.8));
#14302=FACE_BOUND('',#14303,.T.);
#14303=EDGE_LOOP('',(#14304,#14305,#14306));
#14304=ORIENTED_EDGE('',*,*,#14307,.T.);
#14305=ORIENTED_EDGE('',*,*,#14308,.T.);
#14306=ORIENTED_EDGE('',*,*,#14309,.T.);
#14307=EDGE_CURVE('',#501,#685,#14310,.F.);
#14308=EDGE_CURVE('',#685,#491,#14311,.T.);
#14309=EDGE_CURVE('',#491,#501,#14312,.T.);
#14310=LINE('',#500,#14313);
#14311=LINE('',#684,#14314);
#14312=LINE('',#490,#14315);
#14313=VECTOR('',#14316,1.0);
#14314=VECTOR('',#14317,1.0);
#14315=VECTOR('',#14318,1.0);
#14316=DIRECTION('',(-0.6,0,0.8));
#14317=DIRECTION('',(0.9995055140334154,0,-0.031444036267599104));
#14318=DIRECTION('',(-1,0,0));
#14319=FACE_SURFACE('',(#14324),#14320,.T.);
#14320=PLANE('',#14321);
#14321=AXIS2_PLACEMENT_3D('',#500,#14322,#14323);
#14322=DIRECTION('',(-0,1,0));
#14323=DIRECTION('',(1,0,0));
#14324=FACE_BOUND('',#14325,.T.);
#14325=EDGE_LOOP('',(#14326,#14327,#14328));
#14326=ORIENTED_EDGE('',*,*,#14329,.T.);
#14327=ORIENTED_EDGE('',*,*,#14330,.T.);
#14328=ORIENTED_EDGE('',*,*,#14331,.T.);
#14329=EDGE_CURVE('',#501,#491,#14332,.F.);
#14330=EDGE_CURVE('',#491,#505,#14333,.T.);
#14331=EDGE_CURVE('',#505,#501,#14334,.T.);
#14332=LINE('',#500,#14335);
#14333=LINE('',#490,#14336);
#14334=LINE('',#504,#14337);
#14335=VECTOR('',#14338,1.0);
#14336=VECTOR('',#14339,1.0);
#14337=VECTOR('',#14340,1.0);
#14338=DIRECTION('',(1,0,0));
#14339=DIRECTION('',(-0.9994813457318733,0,-0.032203098205041));
#14340=DIRECTION('',(0,0,1));
#14341=FACE_SURFACE('',(#14346),#14342,.T.);
#14342=PLANE('',#14343);
#14343=AXIS2_PLACEMENT_3D('',#504,#14344,#14345);
#14344=DIRECTION('',(0,1,0));
#14345=DIRECTION('',(0.9994813457318733,0,0.032203098205041));
#14346=FACE_BOUND('',#14347,.T.);
#14347=EDGE_LOOP('',(#14348,#14349,#14350));
#14348=ORIENTED_EDGE('',*,*,#14351,.T.);
#14349=ORIENTED_EDGE('',*,*,#14352,.T.);
#14350=ORIENTED_EDGE('',*,*,#14353,.T.);
#14351=EDGE_CURVE('',#505,#491,#14354,.F.);
#14352=EDGE_CURVE('',#491,#495,#14355,.T.);
#14353=EDGE_CURVE('',#495,#505,#14356,.T.);
#14354=LINE('',#504,#14357);
#14355=LINE('',#490,#14358);
#14356=LINE('',#494,#14359);
#14357=VECTOR('',#14360,1.0);
#14358=VECTOR('',#14361,1.0);
#14359=VECTOR('',#14362,1.0);
#14360=DIRECTION('',(0.9994813457318733,0,0.032203098205041));
#14361=DIRECTION('',(0,0,-1));
#14362=DIRECTION('',(-1,0,0));
#14363=FACE_SURFACE('',(#14368),#14364,.T.);
#14364=PLANE('',#14365);
#14365=AXIS2_PLACEMENT_3D('',#640,#14366,#14367);
#14366=DIRECTION('',(0,1,-0));
#14367=DIRECTION('',(-0.8138747649516215,0,0.5810403316250454));
#14368=FACE_BOUND('',#14369,.T.);
#14369=EDGE_LOOP('',(#14370,#14371,#14372));
#14370=ORIENTED_EDGE('',*,*,#14373,.T.);
#14371=ORIENTED_EDGE('',*,*,#14374,.T.);
#14372=ORIENTED_EDGE('',*,*,#14375,.T.);
#14373=EDGE_CURVE('',#641,#679,#14376,.F.);
#14374=EDGE_CURVE('',#679,#639,#14377,.T.);
#14375=EDGE_CURVE('',#639,#641,#14378,.T.);
#14376=LINE('',#640,#14379);
#14377=LINE('',#678,#14380);
#14378=LINE('',#638,#14381);
#14379=VECTOR('',#14382,1.0);
#14380=VECTOR('',#14383,1.0);
#14381=VECTOR('',#14384,1.0);
#14382=DIRECTION('',(-0.8138747649516215,0,0.5810403316250454));
#14383=DIRECTION('',(0.889435028481039,0,-0.45706162616318313));
#14384=DIRECTION('',(-0.9569407717025222,0,-0.29028324004906203));
#14385=FACE_SURFACE('',(#14390),#14386,.T.);
#14386=PLANE('',#14387);
#14387=AXIS2_PLACEMENT_3D('',#638,#14388,#14389);
#14388=DIRECTION('',(0,1,0));
#14389=DIRECTION('',(-0.889435028481039,0,0.45706162616318313));
#14390=FACE_BOUND('',#14391,.T.);
#14391=EDGE_LOOP('',(#14392,#14393,#14394));
#14392=ORIENTED_EDGE('',*,*,#14395,.T.);
#14393=ORIENTED_EDGE('',*,*,#14396,.T.);
#14394=ORIENTED_EDGE('',*,*,#14397,.T.);
#14395=EDGE_CURVE('',#639,#679,#14398,.F.);
#14396=EDGE_CURVE('',#679,#681,#14399,.T.);
#14397=EDGE_CURVE('',#681,#639,#14400,.T.);
#14398=LINE('',#638,#14401);
#14399=LINE('',#678,#14402);
#14400=LINE('',#680,#14403);
#14401=VECTOR('',#14404,1.0);
#14402=VECTOR('',#14405,1.0);
#14403=VECTOR('',#14406,1.0);
#14404=DIRECTION('',(-0.889435028481039,0,0.45706162616318313));
#14405=DIRECTION('',(0.8819201567144915,0,0.4713988090573487));
#14406=DIRECTION('',(0.7827527994009565,0,-0.6223327526572627));
#14407=FACE_SURFACE('',(#14412),#14408,.T.);
#14408=PLANE('',#14409);
#14409=AXIS2_PLACEMENT_3D('',#638,#14410,#14411);
#14410=DIRECTION('',(0,1,0));
#14411=DIRECTION('',(-0.7827527994009565,0,0.6223327526572627));
#14412=FACE_BOUND('',#14413,.T.);
#14413=EDGE_LOOP('',(#14414,#14415,#14416));
#14414=ORIENTED_EDGE('',*,*,#14417,.T.);
#14415=ORIENTED_EDGE('',*,*,#14418,.T.);
#14416=ORIENTED_EDGE('',*,*,#14419,.T.);
#14417=EDGE_CURVE('',#639,#681,#14420,.F.);
#14418=EDGE_CURVE('',#681,#683,#14421,.T.);
#14419=EDGE_CURVE('',#683,#639,#14422,.T.);
#14420=LINE('',#638,#14423);
#14421=LINE('',#680,#14424);
#14422=LINE('',#682,#14425);
#14423=VECTOR('',#14426,1.0);
#14424=VECTOR('',#14427,1.0);
#14425=VECTOR('',#14428,1.0);
#14426=DIRECTION('',(-0.7827527994009565,0,0.6223327526572627));
#14427=DIRECTION('',(0.9569404618047701,0,0.29028426164860105));
#14428=DIRECTION('',(0.6259432917277952,0,-0.7798685758132405));
#14429=FACE_SURFACE('',(#14434),#14430,.T.);
#14430=PLANE('',#14431);
#14431=AXIS2_PLACEMENT_3D('',#642,#14432,#14433);
#14432=DIRECTION('',(0,1,-0));
#14433=DIRECTION('',(-0.9447609225403781,0,0.32776027709387473));
#14434=FACE_BOUND('',#14435,.T.);
#14435=EDGE_LOOP('',(#14436,#14437,#14438));
#14436=ORIENTED_EDGE('',*,*,#14439,.T.);
#14437=ORIENTED_EDGE('',*,*,#14440,.T.);
#14438=ORIENTED_EDGE('',*,*,#14441,.T.);
#14439=EDGE_CURVE('',#643,#675,#14442,.F.);
#14440=EDGE_CURVE('',#675,#641,#14443,.T.);
#14441=EDGE_CURVE('',#641,#643,#14444,.T.);
#14442=LINE('',#642,#14445);
#14443=LINE('',#674,#14446);
#14444=LINE('',#640,#14447);
#14445=VECTOR('',#14448,1.0);
#14446=VECTOR('',#14449,1.0);
#14447=VECTOR('',#14450,1.0);
#14448=DIRECTION('',(-0.9447609225403781,0,0.32776027709387473));
#14449=DIRECTION('',(0.9792591808656672,0,-0.20261159071065657));
#14450=DIRECTION('',(-0.8819211686386235,0,-0.47139691588626736));
#14451=FACE_SURFACE('',(#14456),#14452,.T.);
#14452=PLANE('',#14453);
#14453=AXIS2_PLACEMENT_3D('',#640,#14454,#14455);
#14454=DIRECTION('',(0,1,0));
#14455=DIRECTION('',(-0.9792591808656672,0,0.20261159071065657));
#14456=FACE_BOUND('',#14457,.T.);
#14457=EDGE_LOOP('',(#14458,#14459,#14460));
#14458=ORIENTED_EDGE('',*,*,#14461,.T.);
#14459=ORIENTED_EDGE('',*,*,#14462,.T.);
#14460=ORIENTED_EDGE('',*,*,#14463,.T.);
#14461=EDGE_CURVE('',#641,#675,#14464,.F.);
#14462=EDGE_CURVE('',#675,#677,#14465,.T.);
#14463=EDGE_CURVE('',#677,#641,#14466,.T.);
#14464=LINE('',#640,#14467);
#14465=LINE('',#674,#14468);
#14466=LINE('',#676,#14469);
#14467=VECTOR('',#14470,1.0);
#14468=VECTOR('',#14471,1.0);
#14469=VECTOR('',#14472,1.0);
#14470=DIRECTION('',(-0.9792591808656672,0,0.20261159071065657));
#14471=DIRECTION('',(0.6343943680141074,0,0.7730095638683787));
#14472=DIRECTION('',(0.9199280751559039,0,-0.3920871542654179));
#14473=FACE_SURFACE('',(#14478),#14474,.T.);
#14474=PLANE('',#14475);
#14475=AXIS2_PLACEMENT_3D('',#640,#14476,#14477);
#14476=DIRECTION('',(0,1,0));
#14477=DIRECTION('',(-0.9199280751559039,0,0.3920871542654179));
#14478=FACE_BOUND('',#14479,.T.);
#14479=EDGE_LOOP('',(#14480,#14481,#14482));
#14480=ORIENTED_EDGE('',*,*,#14483,.T.);
#14481=ORIENTED_EDGE('',*,*,#14484,.T.);
#14482=ORIENTED_EDGE('',*,*,#14485,.T.);
#14483=EDGE_CURVE('',#641,#677,#14486,.F.);
#14484=EDGE_CURVE('',#677,#679,#14487,.T.);
#14485=EDGE_CURVE('',#679,#641,#14488,.T.);
#14486=LINE('',#640,#14489);
#14487=LINE('',#676,#14490);
#14488=LINE('',#678,#14491);
#14489=VECTOR('',#14492,1.0);
#14490=VECTOR('',#14493,1.0);
#14491=VECTOR('',#14494,1.0);
#14492=DIRECTION('',(-0.9199280751559039,0,0.3920871542654179));
#14493=DIRECTION('',(0.7730120491012868,0,0.6343913397456097));
#14494=DIRECTION('',(0.8138747649516215,0,-0.5810403316250454));
#14495=FACE_SURFACE('',(#14500),#14496,.T.);
#14496=PLANE('',#14497);
#14497=AXIS2_PLACEMENT_3D('',#674,#14498,#14499);
#14498=DIRECTION('',(0,1,0));
#14499=DIRECTION('',(0.9447609225403781,0,-0.32776027709387473));
#14500=FACE_BOUND('',#14501,.T.);
#14501=EDGE_LOOP('',(#14502,#14503,#14504));
#14502=ORIENTED_EDGE('',*,*,#14505,.T.);
#14503=ORIENTED_EDGE('',*,*,#14506,.T.);
#14504=ORIENTED_EDGE('',*,*,#14507,.T.);
#14505=EDGE_CURVE('',#675,#643,#14508,.F.);
#14506=EDGE_CURVE('',#643,#673,#14509,.T.);
#14507=EDGE_CURVE('',#673,#675,#14510,.T.);
#14508=LINE('',#674,#14511);
#14509=LINE('',#642,#14512);
#14510=LINE('',#672,#14513);
#14511=VECTOR('',#14514,1.0);
#14512=VECTOR('',#14515,1.0);
#14513=VECTOR('',#14516,1.0);
#14514=DIRECTION('',(0.9447609225403781,0,-0.32776027709387473));
#14515=DIRECTION('',(-0.993652997002674,0,0.11248876187248233));
#14516=DIRECTION('',(0.4713933219690623,0,0.8819230896189145));
#14517=FACE_SURFACE('',(#14522),#14518,.T.);
#14518=PLANE('',#14519);
#14519=AXIS2_PLACEMENT_3D('',#672,#14520,#14521);
#14520=DIRECTION('',(0,1,0));
#14521=DIRECTION('',(0.993652997002674,0,-0.11248876187248233));
#14522=FACE_BOUND('',#14523,.T.);
#14523=EDGE_LOOP('',(#14524,#14525,#14526));
#14524=ORIENTED_EDGE('',*,*,#14527,.T.);
#14525=ORIENTED_EDGE('',*,*,#14528,.T.);
#14526=ORIENTED_EDGE('',*,*,#14529,.T.);
#14527=EDGE_CURVE('',#673,#643,#14530,.F.);
#14528=EDGE_CURVE('',#643,#645,#14531,.T.);
#14529=EDGE_CURVE('',#645,#673,#14532,.T.);
#14530=LINE('',#672,#14533);
#14531=LINE('',#642,#14534);
#14532=LINE('',#644,#14535);
#14533=VECTOR('',#14536,1.0);
#14534=VECTOR('',#14537,1.0);
#14535=VECTOR('',#14538,1.0);
#14536=DIRECTION('',(0.993652997002674,0,-0.11248876187248233));
#14537=DIRECTION('',(-0.7730112892071168,0,-0.6343922656829535));
#14538=DIRECTION('',(-0.9640703001142242,0,0.26564724059863587));
#14539=FACE_SURFACE('',(#14544),#14540,.T.);
#14540=PLANE('',#14541);
#14541=AXIS2_PLACEMENT_3D('',#672,#14542,#14543);
#14542=DIRECTION('',(0,1,0));
#14543=DIRECTION('',(0.9640703001142242,0,-0.26564724059863587));
#14544=FACE_BOUND('',#14545,.T.);
#14545=EDGE_LOOP('',(#14546,#14547,#14548));
#14546=ORIENTED_EDGE('',*,*,#14549,.T.);
#14547=ORIENTED_EDGE('',*,*,#14550,.T.);
#14548=ORIENTED_EDGE('',*,*,#14551,.T.);
#14549=EDGE_CURVE('',#673,#645,#14552,.F.);
#14550=EDGE_CURVE('',#645,#671,#14553,.T.);
#14551=EDGE_CURVE('',#671,#673,#14554,.T.);
#14552=LINE('',#672,#14555);
#14553=LINE('',#644,#14556);
#14554=LINE('',#670,#14557);
#14555=VECTOR('',#14558,1.0);
#14556=VECTOR('',#14559,1.0);
#14557=VECTOR('',#14560,1.0);
#14558=DIRECTION('',(0.9640703001142242,0,-0.26564724059863587));
#14559=DIRECTION('',(-0.9997423785895725,0,0.022697498806340918));
#14560=DIRECTION('',(0.29028426164860105,0,0.9569404618047701));
#14561=FACE_SURFACE('',(#14566),#14562,.T.);
#14562=PLANE('',#14563);
#14563=AXIS2_PLACEMENT_3D('',#670,#14564,#14565);
#14564=DIRECTION('',(0,1,0));
#14565=DIRECTION('',(0.9997423785895725,0,-0.022697498806340918));
#14566=FACE_BOUND('',#14567,.T.);
#14567=EDGE_LOOP('',(#14568,#14569,#14570));
#14568=ORIENTED_EDGE('',*,*,#14571,.T.);
#14569=ORIENTED_EDGE('',*,*,#14572,.T.);
#14570=ORIENTED_EDGE('',*,*,#14573,.T.);
#14571=EDGE_CURVE('',#671,#645,#14574,.F.);
#14572=EDGE_CURVE('',#645,#647,#14575,.T.);
#14573=EDGE_CURVE('',#647,#671,#14576,.T.);
#14574=LINE('',#670,#14577);
#14575=LINE('',#644,#14578);
#14576=LINE('',#646,#14579);
#14577=VECTOR('',#14580,1.0);
#14578=VECTOR('',#14581,1.0);
#14579=VECTOR('',#14582,1.0);
#14580=DIRECTION('',(0.9997423785895725,0,-0.022697498806340918));
#14581=DIRECTION('',(-0.6343938585274951,0,-0.7730099819941504));
#14582=DIRECTION('',(-0.9781814541277082,0,0.20775235931416558));
#14583=FACE_SURFACE('',(#14588),#14584,.T.);
#14584=PLANE('',#14585);
#14585=AXIS2_PLACEMENT_3D('',#670,#14586,#14587);
#14586=DIRECTION('',(0,1,0));
#14587=DIRECTION('',(0.9781814541277082,0,-0.20775235931416558));
#14588=FACE_BOUND('',#14589,.T.);
#14589=EDGE_LOOP('',(#14590,#14591,#14592));
#14590=ORIENTED_EDGE('',*,*,#14593,.T.);
#14591=ORIENTED_EDGE('',*,*,#14594,.T.);
#14592=ORIENTED_EDGE('',*,*,#14595,.T.);
#14593=EDGE_CURVE('',#671,#647,#14596,.F.);
#14594=EDGE_CURVE('',#647,#409,#14597,.T.);
#14595=EDGE_CURVE('',#409,#671,#14598,.T.);
#14596=LINE('',#670,#14599);
#14597=LINE('',#646,#14600);
#14598=LINE('',#408,#14601);
#14599=VECTOR('',#14602,1.0);
#14600=VECTOR('',#14603,1.0);
#14601=VECTOR('',#14604,1.0);
#14602=DIRECTION('',(0.9781814541277082,0,-0.20775235931416558));
#14603=DIRECTION('',(-0.9978580875362743,0,-0.06541587833583698));
#14604=DIRECTION('',(0.09801815635377069,0,0.9951846266020229));
#14605=FACE_SURFACE('',(#14610),#14606,.T.);
#14606=PLANE('',#14607);
#14607=AXIS2_PLACEMENT_3D('',#408,#14608,#14609);
#14608=DIRECTION('',(-0,1,0));
#14609=DIRECTION('',(0.9978580875362743,0,0.06541587833583698));
#14610=FACE_BOUND('',#14611,.T.);
#14611=EDGE_LOOP('',(#14612,#14613,#14614));
#14612=ORIENTED_EDGE('',*,*,#14615,.T.);
#14613=ORIENTED_EDGE('',*,*,#14616,.T.);
#14614=ORIENTED_EDGE('',*,*,#14617,.T.);
#14615=EDGE_CURVE('',#409,#647,#14618,.F.);
#14616=EDGE_CURVE('',#647,#649,#14619,.T.);
#14617=EDGE_CURVE('',#649,#409,#14620,.T.);
#14618=LINE('',#408,#14621);
#14619=LINE('',#646,#14622);
#14620=LINE('',#648,#14623);
#14621=VECTOR('',#14624,1.0);
#14622=VECTOR('',#14625,1.0);
#14623=VECTOR('',#14626,1.0);
#14624=DIRECTION('',(0.9978580875362743,0,0.06541587833583698));
#14625=DIRECTION('',(-0.4713955655405261,0,-0.8819218904124829));
#14626=DIRECTION('',(-0.9876340032562408,0,0.15677715271062911));
#14627=FACE_SURFACE('',(#14632),#14628,.T.);
#14628=PLANE('',#14629);
#14629=AXIS2_PLACEMENT_3D('',#408,#14630,#14631);
#14630=DIRECTION('',(0,1,0));
#14631=DIRECTION('',(0.9876340032562408,0,-0.15677715271062911));
#14632=FACE_BOUND('',#14633,.T.);
#14633=EDGE_LOOP('',(#14634,#14635,#14636));
#14634=ORIENTED_EDGE('',*,*,#14637,.T.);
#14635=ORIENTED_EDGE('',*,*,#14638,.T.);
#14636=ORIENTED_EDGE('',*,*,#14639,.T.);
#14637=EDGE_CURVE('',#409,#649,#14640,.F.);
#14638=EDGE_CURVE('',#649,#651,#14641,.T.);
#14639=EDGE_CURVE('',#651,#409,#14642,.T.);
#14640=LINE('',#408,#14643);
#14641=LINE('',#648,#14644);
#14642=LINE('',#650,#14645);
#14643=VECTOR('',#14646,1.0);
#14644=VECTOR('',#14647,1.0);
#14645=VECTOR('',#14648,1.0);
#14646=DIRECTION('',(0.9876340032562408,0,-0.15677715271062911));
#14647=DIRECTION('',(-0.2902841423232062,0,-0.956940498001668));
#14648=DIRECTION('',(-0.9136240449299067,0,0.40656008722686493));
#14649=FACE_SURFACE('',(#14654),#14650,.T.);
#14650=PLANE('',#14651);
#14651=AXIS2_PLACEMENT_3D('',#650,#14652,#14653);
#14652=DIRECTION('',(0,1,0));
#14653=DIRECTION('',(-0.09801784458891347,0,-0.9951846573084534));
#14654=FACE_BOUND('',#14655,.T.);
#14655=EDGE_LOOP('',(#14656,#14657,#14658));
#14656=ORIENTED_EDGE('',*,*,#14659,.T.);
#14657=ORIENTED_EDGE('',*,*,#14660,.T.);
#14658=ORIENTED_EDGE('',*,*,#14661,.T.);
#14659=EDGE_CURVE('',#651,#475,#14662,.F.);
#14660=EDGE_CURVE('',#475,#409,#14663,.T.);
#14661=EDGE_CURVE('',#409,#651,#14664,.T.);
#14662=LINE('',#650,#14665);
#14663=LINE('',#474,#14666);
#14664=LINE('',#408,#14667);
#14665=VECTOR('',#14668,1.0);
#14666=VECTOR('',#14669,1.0);
#14667=VECTOR('',#14670,1.0);
#14668=DIRECTION('',(-0.09801784458891347,0,-0.9951846573084534));
#14669=DIRECTION('',(-0.8,0,0.6));
#14670=DIRECTION('',(0.9136240449299067,0,-0.40656008722686493));
#14671=FACE_SURFACE('',(#14676),#14672,.T.);
#14672=PLANE('',#14673);
#14673=AXIS2_PLACEMENT_3D('',#408,#14674,#14675);
#14674=DIRECTION('',(0,1,0));
#14675=DIRECTION('',(0.8,0,-0.6));
#14676=FACE_BOUND('',#14677,.T.);
#14677=EDGE_LOOP('',(#14678,#14679,#14680));
#14678=ORIENTED_EDGE('',*,*,#14681,.T.);
#14679=ORIENTED_EDGE('',*,*,#14682,.T.);
#14680=ORIENTED_EDGE('',*,*,#14683,.T.);
#14681=EDGE_CURVE('',#409,#475,#14684,.F.);
#14682=EDGE_CURVE('',#475,#483,#14685,.T.);
#14683=EDGE_CURVE('',#483,#409,#14686,.T.);
#14684=LINE('',#408,#14687);
#14685=LINE('',#474,#14688);
#14686=LINE('',#482,#14689);
#14687=VECTOR('',#14690,1.0);
#14688=VECTOR('',#14691,1.0);
#14689=VECTOR('',#14692,1.0);
#14690=DIRECTION('',(0.8,0,-0.6));
#14691=DIRECTION('',(0,0,-1));
#14692=DIRECTION('',(-0.06500006099346795,0,0.9978852599727313));
#14693=FACE_SURFACE('',(#14698),#14694,.T.);
#14694=PLANE('',#14695);
#14695=AXIS2_PLACEMENT_3D('',#408,#14696,#14697);
#14696=DIRECTION('',(0,1,0));
#14697=DIRECTION('',(0.06500006099346795,0,-0.9978852599727313));
#14698=FACE_BOUND('',#14699,.T.);
#14699=EDGE_LOOP('',(#14700,#14701,#14702));
#14700=ORIENTED_EDGE('',*,*,#14703,.T.);
#14701=ORIENTED_EDGE('',*,*,#14704,.T.);
#14702=ORIENTED_EDGE('',*,*,#14705,.T.);
#14703=EDGE_CURVE('',#409,#483,#14706,.F.);
#14704=EDGE_CURVE('',#483,#407,#14707,.T.);
#14705=EDGE_CURVE('',#407,#409,#14708,.T.);
#14706=LINE('',#408,#14709);
#14707=LINE('',#482,#14710);
#14708=LINE('',#406,#14711);
#14709=VECTOR('',#14712,1.0);
#14710=VECTOR('',#14713,1.0);
#14711=VECTOR('',#14714,1.0);
#14712=DIRECTION('',(0.06500006099346795,0,-0.9978852599727313));
#14713=DIRECTION('',(-0.8,0,-0.6));
#14714=DIRECTION('',(0,0,1));
#14715=FACE_SURFACE('',(#14720),#14716,.T.);
#14716=PLANE('',#14717);
#14717=AXIS2_PLACEMENT_3D('',#406,#14718,#14719);
#14718=DIRECTION('',(0,1,0));
#14719=DIRECTION('',(0.8,0,0.6));
#14720=FACE_BOUND('',#14721,.T.);
#14721=EDGE_LOOP('',(#14722,#14723,#14724));
#14722=ORIENTED_EDGE('',*,*,#14725,.T.);
#14723=ORIENTED_EDGE('',*,*,#14726,.T.);
#14724=ORIENTED_EDGE('',*,*,#14727,.T.);
#14725=EDGE_CURVE('',#407,#483,#14728,.F.);
#14726=EDGE_CURVE('',#483,#613,#14729,.T.);
#14727=EDGE_CURVE('',#613,#407,#14730,.T.);
#14728=LINE('',#406,#14731);
#14729=LINE('',#482,#14732);
#14730=LINE('',#612,#14733);
#14731=VECTOR('',#14734,1.0);
#14732=VECTOR('',#14735,1.0);
#14733=VECTOR('',#14736,1.0);
#14734=DIRECTION('',(0.8,0,0.6));
#14735=DIRECTION('',(0.0980165441341925,0,-0.9951847853921351));
#14736=DIRECTION('',(-0.9137753234964415,0,-0.40621996278983363));
#14737=FACE_SURFACE('',(#14742),#14738,.T.);
#14738=PLANE('',#14739);
#14739=AXIS2_PLACEMENT_3D('',#406,#14740,#14741);
#14740=DIRECTION('',(0,1,0));
#14741=DIRECTION('',(0.9137753234964415,0,0.40621996278983363));
#14742=FACE_BOUND('',#14743,.T.);
#14743=EDGE_LOOP('',(#14744,#14745,#14746));
#14744=ORIENTED_EDGE('',*,*,#14747,.T.);
#14745=ORIENTED_EDGE('',*,*,#14748,.T.);
#14746=ORIENTED_EDGE('',*,*,#14749,.T.);
#14747=EDGE_CURVE('',#407,#613,#14750,.F.);
#14748=EDGE_CURVE('',#613,#615,#14751,.T.);
#14749=EDGE_CURVE('',#615,#407,#14752,.T.);
#14750=LINE('',#406,#14753);
#14751=LINE('',#612,#14754);
#14752=LINE('',#614,#14755);
#14753=VECTOR('',#14756,1.0);
#14754=VECTOR('',#14757,1.0);
#14755=VECTOR('',#14758,1.0);
#14756=DIRECTION('',(0.9137753234964415,0,0.40621996278983363));
#14757=DIRECTION('',(0.29028462544353734,0,-0.9569403514488796));
#14758=DIRECTION('',(-0.9877559824213551,0,-0.15600679213041865));
#14759=FACE_SURFACE('',(#14764),#14760,.T.);
#14760=PLANE('',#14761);
#14761=AXIS2_PLACEMENT_3D('',#474,#14762,#14763);
#14762=DIRECTION('',(-0,1,0));
#14763=DIRECTION('',(1,0,0));
#14764=FACE_BOUND('',#14765,.T.);
#14765=EDGE_LOOP('',(#14766,#14767,#14768));
#14766=ORIENTED_EDGE('',*,*,#14769,.T.);
#14767=ORIENTED_EDGE('',*,*,#14770,.T.);
#14768=ORIENTED_EDGE('',*,*,#14771,.T.);
#14769=EDGE_CURVE('',#475,#479,#14772,.F.);
#14770=EDGE_CURVE('',#479,#483,#14773,.T.);
#14771=EDGE_CURVE('',#483,#475,#14774,.T.);
#14772=LINE('',#474,#14775);
#14773=LINE('',#478,#14776);
#14774=LINE('',#482,#14777);
#14775=VECTOR('',#14778,1.0);
#14776=VECTOR('',#14779,1.0);
#14777=VECTOR('',#14780,1.0);
#14778=DIRECTION('',(1,0,0));
#14779=DIRECTION('',(-0.06832342691046361,0,-0.9976632244075204));
#14780=DIRECTION('',(0,0,1));
#14781=FACE_SURFACE('',(#14786),#14782,.T.);
#14782=PLANE('',#14783);
#14783=AXIS2_PLACEMENT_3D('',#482,#14784,#14785);
#14784=DIRECTION('',(0,1,0));
#14785=DIRECTION('',(0.06832342691046361,0,0.9976632244075204));
#14786=FACE_BOUND('',#14787,.T.);
#14787=EDGE_LOOP('',(#14788,#14789,#14790));
#14788=ORIENTED_EDGE('',*,*,#14791,.T.);
#14789=ORIENTED_EDGE('',*,*,#14792,.T.);
#14790=ORIENTED_EDGE('',*,*,#14793,.T.);
#14791=EDGE_CURVE('',#483,#479,#14794,.F.);
#14792=EDGE_CURVE('',#479,#485,#14795,.T.);
#14793=EDGE_CURVE('',#485,#483,#14796,.T.);
#14794=LINE('',#482,#14797);
#14795=LINE('',#478,#14798);
#14796=LINE('',#484,#14799);
#14797=VECTOR('',#14800,1.0);
#14798=VECTOR('',#14801,1.0);
#14799=VECTOR('',#14802,1.0);
#14800=DIRECTION('',(0.06832342691046361,0,0.9976632244075204));
#14801=DIRECTION('',(0,0,-1));
#14802=DIRECTION('',(-1,0,0));
#14803=FACE_SURFACE('',(#14808),#14804,.T.);
#14804=PLANE('',#14805);
#14805=AXIS2_PLACEMENT_3D('',#614,#14806,#14807);
#14806=DIRECTION('',(0,1,0));
#14807=DIRECTION('',(0.4713967124439585,0,-0.8819212773808259));
#14808=FACE_BOUND('',#14809,.T.);
#14809=EDGE_LOOP('',(#14810,#14811,#14812));
#14810=ORIENTED_EDGE('',*,*,#14813,.T.);
#14811=ORIENTED_EDGE('',*,*,#14814,.T.);
#14812=ORIENTED_EDGE('',*,*,#14815,.T.);
#14813=EDGE_CURVE('',#615,#617,#14816,.F.);
#14814=EDGE_CURVE('',#617,#407,#14817,.T.);
#14815=EDGE_CURVE('',#407,#615,#14818,.T.);
#14816=LINE('',#614,#14819);
#14817=LINE('',#616,#14820);
#14818=LINE('',#406,#14821);
#14819=VECTOR('',#14822,1.0);
#14820=VECTOR('',#14823,1.0);
#14821=VECTOR('',#14824,1.0);
#14822=DIRECTION('',(0.4713967124439585,0,-0.8819212773808259));
#14823=DIRECTION('',(-0.9977938321771133,0,0.06638876764416461));
#14824=DIRECTION('',(0.9877559824213551,0,0.15600679213041865));
#14825=FACE_SURFACE('',(#14830),#14826,.T.);
#14826=PLANE('',#14827);
#14827=AXIS2_PLACEMENT_3D('',#406,#14828,#14829);
#14828=DIRECTION('',(0,1,0));
#14829=DIRECTION('',(0.9977938321771133,0,-0.06638876764416461));
#14830=FACE_BOUND('',#14831,.T.);
#14831=EDGE_LOOP('',(#14832,#14833,#14834));
#14832=ORIENTED_EDGE('',*,*,#14835,.T.);
#14833=ORIENTED_EDGE('',*,*,#14836,.T.);
#14834=ORIENTED_EDGE('',*,*,#14837,.T.);
#14835=EDGE_CURVE('',#407,#617,#14838,.F.);
#14836=EDGE_CURVE('',#617,#405,#14839,.T.);
#14837=EDGE_CURVE('',#405,#407,#14840,.T.);
#14838=LINE('',#406,#14841);
#14839=LINE('',#616,#14842);
#14840=LINE('',#404,#14843);
#14841=VECTOR('',#14844,1.0);
#14842=VECTOR('',#14845,1.0);
#14843=VECTOR('',#14846,1.0);
#14844=DIRECTION('',(0.9977938321771133,0,-0.06638876764416461));
#14845=DIRECTION('',(-0.9783250707713037,0,-0.2070750006647926));
#14846=DIRECTION('',(-0.09801663452237483,0,0.9951847764897267));
#14847=FACE_SURFACE('',(#14852),#14848,.T.);
#14848=PLANE('',#14849);
#14849=AXIS2_PLACEMENT_3D('',#404,#14850,#14851);
#14850=DIRECTION('',(0,1,0));
#14851=DIRECTION('',(0.9783250707713037,0,0.2070750006647926));
#14852=FACE_BOUND('',#14853,.T.);
#14853=EDGE_LOOP('',(#14854,#14855,#14856));
#14854=ORIENTED_EDGE('',*,*,#14857,.T.);
#14855=ORIENTED_EDGE('',*,*,#14858,.T.);
#14856=ORIENTED_EDGE('',*,*,#14859,.T.);
#14857=EDGE_CURVE('',#405,#617,#14860,.F.);
#14858=EDGE_CURVE('',#617,#619,#14861,.T.);
#14859=EDGE_CURVE('',#619,#405,#14862,.T.);
#14860=LINE('',#404,#14863);
#14861=LINE('',#616,#14864);
#14862=LINE('',#618,#14865);
#14863=VECTOR('',#14866,1.0);
#14864=VECTOR('',#14867,1.0);
#14865=VECTOR('',#14868,1.0);
#14866=DIRECTION('',(0.9783250707713037,0,0.2070750006647926));
#14867=DIRECTION('',(0.6343934442046719,0,-0.7730103220204331));
#14868=DIRECTION('',(-0.9997608607371719,0,-0.02186827240705722));
#14869=FACE_SURFACE('',(#14874),#14870,.T.);
#14870=PLANE('',#14871);
#14871=AXIS2_PLACEMENT_3D('',#404,#14872,#14873);
#14872=DIRECTION('',(-0,1,0));
#14873=DIRECTION('',(0.9997608607371719,0,0.02186827240705722));
#14874=FACE_BOUND('',#14875,.T.);
#14875=EDGE_LOOP('',(#14876,#14877,#14878));
#14876=ORIENTED_EDGE('',*,*,#14879,.T.);
#14877=ORIENTED_EDGE('',*,*,#14880,.T.);
#14878=ORIENTED_EDGE('',*,*,#14881,.T.);
#14879=EDGE_CURVE('',#405,#619,#14882,.F.);
#14880=EDGE_CURVE('',#619,#403,#14883,.T.);
#14881=EDGE_CURVE('',#403,#405,#14884,.T.);
#14882=LINE('',#404,#14885);
#14883=LINE('',#618,#14886);
#14884=LINE('',#402,#14887);
#14885=VECTOR('',#14888,1.0);
#14886=VECTOR('',#14889,1.0);
#14887=VECTOR('',#14890,1.0);
#14888=DIRECTION('',(0.9997608607371719,0,0.02186827240705722));
#14889=DIRECTION('',(-0.9642336290380242,0,-0.26505378441396005));
#14890=DIRECTION('',(-0.2902832882637639,0,0.9569407570768301));
#14891=FACE_SURFACE('',(#14896),#14892,.T.);
#14892=PLANE('',#14893);
#14893=AXIS2_PLACEMENT_3D('',#402,#14894,#14895);
#14894=DIRECTION('',(0,1,0));
#14895=DIRECTION('',(0.9642336290380242,0,0.26505378441396005));
#14896=FACE_BOUND('',#14897,.T.);
#14897=EDGE_LOOP('',(#14898,#14899,#14900));
#14898=ORIENTED_EDGE('',*,*,#14901,.T.);
#14899=ORIENTED_EDGE('',*,*,#14902,.T.);
#14900=ORIENTED_EDGE('',*,*,#14903,.T.);
#14901=EDGE_CURVE('',#403,#619,#14904,.F.);
#14902=EDGE_CURVE('',#619,#621,#14905,.T.);
#14903=EDGE_CURVE('',#621,#403,#14906,.T.);
#14904=LINE('',#402,#14907);
#14905=LINE('',#618,#14908);
#14906=LINE('',#620,#14909);
#14907=VECTOR('',#14910,1.0);
#14908=VECTOR('',#14911,1.0);
#14909=VECTOR('',#14912,1.0);
#14910=DIRECTION('',(0.9642336290380242,0,0.26505378441396005));
#14911=DIRECTION('',(0.7730096693939279,0,-0.6343942394311994));
#14912=DIRECTION('',(-0.993732739028289,0,-0.11178212461451248));
#14913=FACE_SURFACE('',(#14918),#14914,.T.);
#14914=PLANE('',#14915);
#14915=AXIS2_PLACEMENT_3D('',#402,#14916,#14917);
#14916=DIRECTION('',(-0,1,0));
#14917=DIRECTION('',(0.993732739028289,0,0.11178212461451248));
#14918=FACE_BOUND('',#14919,.T.);
#14919=EDGE_LOOP('',(#14920,#14921,#14922));
#14920=ORIENTED_EDGE('',*,*,#14923,.T.);
#14921=ORIENTED_EDGE('',*,*,#14924,.T.);
#14922=ORIENTED_EDGE('',*,*,#14925,.T.);
#14923=EDGE_CURVE('',#403,#621,#14926,.F.);
#14924=EDGE_CURVE('',#621,#401,#14927,.T.);
#14925=EDGE_CURVE('',#401,#403,#14928,.T.);
#14926=LINE('',#402,#14929);
#14927=LINE('',#620,#14930);
#14928=LINE('',#400,#14931);
#14929=VECTOR('',#14932,1.0);
#14930=VECTOR('',#14933,1.0);
#14931=VECTOR('',#14934,1.0);
#14932=DIRECTION('',(0.993732739028289,0,0.11178212461451248));
#14933=DIRECTION('',(-0.9449395671785907,0,-0.32724488442195354));
#14934=DIRECTION('',(-0.47139704793260395,0,0.8819210980583388));
#14935=FACE_SURFACE('',(#14940),#14936,.T.);
#14936=PLANE('',#14937);
#14937=AXIS2_PLACEMENT_3D('',#400,#14938,#14939);
#14938=DIRECTION('',(0,1,0));
#14939=DIRECTION('',(0.9449395671785907,0,0.32724488442195354));
#14940=FACE_BOUND('',#14941,.T.);
#14941=EDGE_LOOP('',(#14942,#14943,#14944));
#14942=ORIENTED_EDGE('',*,*,#14945,.T.);
#14943=ORIENTED_EDGE('',*,*,#14946,.T.);
#14944=ORIENTED_EDGE('',*,*,#14947,.T.);
#14945=EDGE_CURVE('',#401,#621,#14948,.F.);
#14946=EDGE_CURVE('',#621,#623,#14949,.T.);
#14947=EDGE_CURVE('',#623,#401,#14950,.T.);
#14948=LINE('',#400,#14951);
#14949=LINE('',#620,#14952);
#14950=LINE('',#622,#14953);
#14951=VECTOR('',#14954,1.0);
#14952=VECTOR('',#14955,1.0);
#14953=VECTOR('',#14956,1.0);
#14954=DIRECTION('',(0.9449395671785907,0,0.32724488442195354));
#14955=DIRECTION('',(0.8819216609920767,0,-0.4713959947570372));
#14956=DIRECTION('',(-0.9793829060429868,0,-0.20201268116332266));
#14957=FACE_SURFACE('',(#14962),#14958,.T.);
#14958=PLANE('',#14959);
#14959=AXIS2_PLACEMENT_3D('',#400,#14960,#14961);
#14960=DIRECTION('',(-0,1,0));
#14961=DIRECTION('',(0.9793829060429868,0,0.20201268116332266));
#14962=FACE_BOUND('',#14963,.T.);
#14963=EDGE_LOOP('',(#14964,#14965,#14966));
#14964=ORIENTED_EDGE('',*,*,#14967,.T.);
#14965=ORIENTED_EDGE('',*,*,#14968,.T.);
#14966=ORIENTED_EDGE('',*,*,#14969,.T.);
#14967=EDGE_CURVE('',#401,#623,#14970,.F.);
#14968=EDGE_CURVE('',#623,#399,#14971,.T.);
#14969=EDGE_CURVE('',#399,#401,#14972,.T.);
#14970=LINE('',#400,#14973);
#14971=LINE('',#622,#14974);
#14972=LINE('',#398,#14975);
#14973=VECTOR('',#14976,1.0);
#14974=VECTOR('',#14977,1.0);
#14975=VECTOR('',#14978,1.0);
#14976=DIRECTION('',(0.9793829060429868,0,0.20201268116332266));
#14977=DIRECTION('',(-0.9201157857024955,0,-0.39164644885544353));
#14978=DIRECTION('',(-0.6343933306009902,0,0.7730104152525907));
#14979=FACE_SURFACE('',(#14984),#14980,.T.);
#14980=PLANE('',#14981);
#14981=AXIS2_PLACEMENT_3D('',#398,#14982,#14983);
#14982=DIRECTION('',(-0,1,0));
#14983=DIRECTION('',(0.9201157857024955,0,0.39164644885544353));
#14984=FACE_BOUND('',#14985,.T.);
#14985=EDGE_LOOP('',(#14986,#14987,#14988));
#14986=ORIENTED_EDGE('',*,*,#14989,.T.);
#14987=ORIENTED_EDGE('',*,*,#14990,.T.);
#14988=ORIENTED_EDGE('',*,*,#14991,.T.);
#14989=EDGE_CURVE('',#399,#623,#14992,.F.);
#14990=EDGE_CURVE('',#623,#397,#14993,.T.);
#14991=EDGE_CURVE('',#397,#399,#14994,.T.);
#14992=LINE('',#398,#14995);
#14993=LINE('',#622,#14996);
#14994=LINE('',#396,#14997);
#14995=VECTOR('',#14998,1.0);
#14996=VECTOR('',#14999,1.0);
#14997=VECTOR('',#15000,1.0);
#14998=DIRECTION('',(0.9201157857024955,0,0.39164644885544353));
#14999=DIRECTION('',(-0.8140374044139159,0,-0.580812451842292));
#15000=DIRECTION('',(-0.7730107560636341,0,0.6343929153213558));
#15001=FACE_SURFACE('',(#15006),#15002,.T.);
#15002=PLANE('',#15003);
#15003=AXIS2_PLACEMENT_3D('',#396,#15004,#15005);
#15004=DIRECTION('',(0,1,0));
#15005=DIRECTION('',(0.8140374044139159,0,0.580812451842292));
#15006=FACE_BOUND('',#15007,.T.);
#15007=EDGE_LOOP('',(#15008,#15009,#15010));
#15008=ORIENTED_EDGE('',*,*,#15011,.T.);
#15009=ORIENTED_EDGE('',*,*,#15012,.T.);
#15010=ORIENTED_EDGE('',*,*,#15013,.T.);
#15011=EDGE_CURVE('',#397,#623,#15014,.F.);
#15012=EDGE_CURVE('',#623,#625,#15015,.T.);
#15013=EDGE_CURVE('',#625,#397,#15016,.T.);
#15014=LINE('',#396,#15017);
#15015=LINE('',#622,#15018);
#15016=LINE('',#624,#15019);
#15017=VECTOR('',#15020,1.0);
#15018=VECTOR('',#15021,1.0);
#15019=VECTOR('',#15022,1.0);
#15020=DIRECTION('',(0.8140374044139159,0,0.580812451842292));
#15021=DIRECTION('',(0.9569402148032261,0,-0.2902850759035944));
#15022=DIRECTION('',(-0.889625497730313,0,-0.45669078574905897));
#15023=FACE_SURFACE('',(#15028),#15024,.T.);
#15024=PLANE('',#15025);
#15025=AXIS2_PLACEMENT_3D('',#396,#15026,#15027);
#15026=DIRECTION('',(-0,1,0));
#15027=DIRECTION('',(0.889625497730313,0,0.45669078574905897));
#15028=FACE_BOUND('',#15029,.T.);
#15029=EDGE_LOOP('',(#15030,#15031,#15032));
#15030=ORIENTED_EDGE('',*,*,#15033,.T.);
#15031=ORIENTED_EDGE('',*,*,#15034,.T.);
#15032=ORIENTED_EDGE('',*,*,#15035,.T.);
#15033=EDGE_CURVE('',#397,#625,#15036,.F.);
#15034=EDGE_CURVE('',#625,#395,#15037,.T.);
#15035=EDGE_CURVE('',#395,#397,#15038,.T.);
#15036=LINE('',#396,#15039);
#15037=LINE('',#624,#15040);
#15038=LINE('',#394,#15041);
#15039=VECTOR('',#15042,1.0);
#15040=VECTOR('',#15043,1.0);
#15041=VECTOR('',#15044,1.0);
#15042=DIRECTION('',(0.889625497730313,0,0.45669078574905897));
#15043=DIRECTION('',(-0.7829101632345886,0,-0.6221347734245288));
#15044=DIRECTION('',(-0.8819214069264539,0,0.4713964700810391));
#15045=FACE_SURFACE('',(#15050),#15046,.T.);
#15046=PLANE('',#15047);
#15047=AXIS2_PLACEMENT_3D('',#394,#15048,#15049);
#15048=DIRECTION('',(-0,1,0));
#15049=DIRECTION('',(0.7829101632345886,0,0.6221347734245288));
#15050=FACE_BOUND('',#15051,.T.);
#15051=EDGE_LOOP('',(#15052,#15053,#15054));
#15052=ORIENTED_EDGE('',*,*,#15055,.T.);
#15053=ORIENTED_EDGE('',*,*,#15056,.T.);
#15054=ORIENTED_EDGE('',*,*,#15057,.T.);
#15055=EDGE_CURVE('',#395,#625,#15058,.F.);
#15056=EDGE_CURVE('',#625,#393,#15059,.T.);
#15057=EDGE_CURVE('',#393,#395,#15060,.T.);
#15058=LINE('',#394,#15061);
#15059=LINE('',#624,#15062);
#15060=LINE('',#392,#15063);
#15061=VECTOR('',#15064,1.0);
#15062=VECTOR('',#15065,1.0);
#15063=VECTOR('',#15066,1.0);
#15064=DIRECTION('',(0.7829101632345886,0,0.6221347734245288));
#15065=DIRECTION('',(-0.6259436565396165,0,-0.7798682830054154));
#15066=DIRECTION('',(-0.9569403709696352,0,0.2902845610922095));
#15067=FACE_SURFACE('',(#15072),#15068,.T.);
#15068=PLANE('',#15069);
#15069=AXIS2_PLACEMENT_3D('',#392,#15070,#15071);
#15070=DIRECTION('',(-0,1,0));
#15071=DIRECTION('',(0.6259436565396165,0,0.7798682830054154));
#15072=FACE_BOUND('',#15073,.T.);
#15073=EDGE_LOOP('',(#15074,#15075,#15076));
#15074=ORIENTED_EDGE('',*,*,#15077,.T.);
#15075=ORIENTED_EDGE('',*,*,#15078,.T.);
#15076=ORIENTED_EDGE('',*,*,#15079,.T.);
#15077=EDGE_CURVE('',#393,#625,#15080,.F.);
#15078=EDGE_CURVE('',#625,#391,#15081,.T.);
#15079=EDGE_CURVE('',#391,#393,#15082,.T.);
#15080=LINE('',#392,#15083);
#15081=LINE('',#624,#15084);
#15082=LINE('',#390,#15085);
#15083=VECTOR('',#15086,1.0);
#15084=VECTOR('',#15087,1.0);
#15085=VECTOR('',#15088,1.0);
#15086=DIRECTION('',(0.6259436565396165,0,0.7798682830054154));
#15087=DIRECTION('',(-0.40621996278983363,0,-0.9137753234964415));
#15088=DIRECTION('',(-0.995184763136068,0,0.09801677010495939));
#15089=FACE_SURFACE('',(#15094),#15090,.T.);
#15090=PLANE('',#15091);
#15091=AXIS2_PLACEMENT_3D('',#390,#15092,#15093);
#15092=DIRECTION('',(0,1,0));
#15093=DIRECTION('',(0.40621996278983363,0,0.9137753234964415));
#15094=FACE_BOUND('',#15095,.T.);
#15095=EDGE_LOOP('',(#15096,#15097,#15098));
#15096=ORIENTED_EDGE('',*,*,#15099,.T.);
#15097=ORIENTED_EDGE('',*,*,#15100,.T.);
#15098=ORIENTED_EDGE('',*,*,#15101,.T.);
#15099=EDGE_CURVE('',#391,#625,#15102,.F.);
#15100=EDGE_CURVE('',#625,#455,#15103,.T.);
#15101=EDGE_CURVE('',#455,#391,#15104,.T.);
#15102=LINE('',#390,#15105);
#15103=LINE('',#624,#15106);
#15104=LINE('',#454,#15107);
#15105=VECTOR('',#15108,1.0);
#15106=VECTOR('',#15109,1.0);
#15107=VECTOR('',#15110,1.0);
#15108=DIRECTION('',(0.40621996278983363,0,0.9137753234964415));
#15109=DIRECTION('',(0.9951847853921351,0,-0.0980165441341925));
#15110=DIRECTION('',(-0.6,0,-0.8));
#15111=FACE_SURFACE('',(#15116),#15112,.T.);
#15112=PLANE('',#15113);
#15113=AXIS2_PLACEMENT_3D('',#390,#15114,#15115);
#15114=DIRECTION('',(0,1,0));
#15115=DIRECTION('',(0.6,0,0.8));
#15116=FACE_BOUND('',#15117,.T.);
#15117=EDGE_LOOP('',(#15118,#15119,#15120));
#15118=ORIENTED_EDGE('',*,*,#15121,.T.);
#15119=ORIENTED_EDGE('',*,*,#15122,.T.);
#15120=ORIENTED_EDGE('',*,*,#15123,.T.);
#15121=EDGE_CURVE('',#391,#455,#15124,.F.);
#15122=EDGE_CURVE('',#455,#447,#15125,.T.);
#15123=EDGE_CURVE('',#447,#391,#15126,.T.);
#15124=LINE('',#390,#15127);
#15125=LINE('',#454,#15128);
#15126=LINE('',#446,#15129);
#15127=VECTOR('',#15130,1.0);
#15128=VECTOR('',#15131,1.0);
#15129=VECTOR('',#15132,1.0);
#15130=DIRECTION('',(0.6,0,0.8));
#15131=DIRECTION('',(1,0,0));
#15132=DIRECTION('',(-0.9995412723347913,0,-0.030286051233971805));
#15133=FACE_SURFACE('',(#15138),#15134,.T.);
#15134=PLANE('',#15135);
#15135=AXIS2_PLACEMENT_3D('',#446,#15136,#15137);
#15136=DIRECTION('',(0,1,-0));
#15137=DIRECTION('',(-1,0,0));
#15138=FACE_BOUND('',#15139,.T.);
#15139=EDGE_LOOP('',(#15140,#15141,#15142));
#15140=ORIENTED_EDGE('',*,*,#15143,.T.);
#15141=ORIENTED_EDGE('',*,*,#15144,.T.);
#15142=ORIENTED_EDGE('',*,*,#15145,.T.);
#15143=EDGE_CURVE('',#447,#455,#15146,.F.);
#15144=EDGE_CURVE('',#455,#449,#15147,.T.);
#15145=EDGE_CURVE('',#449,#447,#15148,.T.);
#15146=LINE('',#446,#15149);
#15147=LINE('',#454,#15150);
#15148=LINE('',#448,#15151);
#15149=VECTOR('',#15152,1.0);
#15150=VECTOR('',#15153,1.0);
#15151=VECTOR('',#15154,1.0);
#15152=DIRECTION('',(-1,0,0));
#15153=DIRECTION('',(0.9995197061146681,0,0.030989628723935434));
#15154=DIRECTION('',(0,0,-1));
#15155=FACE_SURFACE('',(#15160),#15156,.T.);
#15156=PLANE('',#15157);
#15157=AXIS2_PLACEMENT_3D('',#448,#15158,#15159);
#15158=DIRECTION('',(0,1,0));
#15159=DIRECTION('',(-0.9995197061146681,0,-0.030989628723935434));
#15160=FACE_BOUND('',#15161,.T.);
#15161=EDGE_LOOP('',(#15162,#15163,#15164));
#15162=ORIENTED_EDGE('',*,*,#15165,.T.);
#15163=ORIENTED_EDGE('',*,*,#15166,.T.);
#15164=ORIENTED_EDGE('',*,*,#15167,.T.);
#15165=EDGE_CURVE('',#449,#455,#15168,.F.);
#15166=EDGE_CURVE('',#455,#459,#15169,.T.);
#15167=EDGE_CURVE('',#459,#449,#15170,.T.);
#15168=LINE('',#448,#15171);
#15169=LINE('',#454,#15172);
#15170=LINE('',#458,#15173);
#15171=VECTOR('',#15174,1.0);
#15172=VECTOR('',#15175,1.0);
#15173=VECTOR('',#15176,1.0);
#15174=DIRECTION('',(-0.9995197061146681,0,-0.030989628723935434));
#15175=DIRECTION('',(0,0,1));
#15176=DIRECTION('',(1,0,0));
#15177=FACE_SURFACE('',(#15182),#15178,.T.);
#15178=PLANE('',#15179);
#15179=AXIS2_PLACEMENT_3D('',#390,#15180,#15181);
#15180=DIRECTION('',(0,1,0));
#15181=DIRECTION('',(0.9995412723347913,0,0.030286051233971805));
#15182=FACE_BOUND('',#15183,.T.);
#15183=EDGE_LOOP('',(#15184,#15185,#15186));
#15184=ORIENTED_EDGE('',*,*,#15187,.T.);
#15185=ORIENTED_EDGE('',*,*,#15188,.T.);
#15186=ORIENTED_EDGE('',*,*,#15189,.T.);
#15187=EDGE_CURVE('',#391,#447,#15190,.F.);
#15188=EDGE_CURVE('',#447,#389,#15191,.T.);
#15189=EDGE_CURVE('',#389,#391,#15192,.T.);
#15190=LINE('',#390,#15193);
#15191=LINE('',#446,#15194);
#15192=LINE('',#388,#15195);
#15193=VECTOR('',#15196,1.0);
#15194=VECTOR('',#15197,1.0);
#15195=VECTOR('',#15198,1.0);
#15196=DIRECTION('',(0.9995412723347913,0,0.030286051233971805));
#15197=DIRECTION('',(0.6,0,-0.8));
#15198=DIRECTION('',(-1,0,0));
#15199=FACE_SURFACE('',(#15204),#15200,.T.);
#15200=PLANE('',#15201);
#15201=AXIS2_PLACEMENT_3D('',#388,#15202,#15203);
#15202=DIRECTION('',(0,1,0));
#15203=DIRECTION('',(-0.6,0,0.8));
#15204=FACE_BOUND('',#15205,.T.);
#15205=EDGE_LOOP('',(#15206,#15207,#15208));
#15206=ORIENTED_EDGE('',*,*,#15209,.T.);
#15207=ORIENTED_EDGE('',*,*,#15210,.T.);
#15208=ORIENTED_EDGE('',*,*,#15211,.T.);
#15209=EDGE_CURVE('',#389,#447,#15212,.F.);
#15210=EDGE_CURVE('',#447,#653,#15213,.T.);
#15211=EDGE_CURVE('',#653,#389,#15214,.T.);
#15212=LINE('',#388,#15215);
#15213=LINE('',#446,#15216);
#15214=LINE('',#652,#15217);
#15215=VECTOR('',#15218,1.0);
#15216=VECTOR('',#15219,1.0);
#15217=VECTOR('',#15220,1.0);
#15218=DIRECTION('',(-0.6,0,0.8));
#15219=DIRECTION('',(0.9951847336532677,0,0.09801706944953507));
#15220=DIRECTION('',(0.4067269162266266,0,-0.9135497882528235));
#15221=FACE_SURFACE('',(#15226),#15222,.T.);
#15222=PLANE('',#15223);
#15223=AXIS2_PLACEMENT_3D('',#388,#15224,#15225);
#15224=DIRECTION('',(0,1,-0));
#15225=DIRECTION('',(-0.4067269162266266,0,0.9135497882528235));
#15226=FACE_BOUND('',#15227,.T.);
#15227=EDGE_LOOP('',(#15228,#15229,#15230));
#15228=ORIENTED_EDGE('',*,*,#15231,.T.);
#15229=ORIENTED_EDGE('',*,*,#15232,.T.);
#15230=ORIENTED_EDGE('',*,*,#15233,.T.);
#15231=EDGE_CURVE('',#389,#653,#15234,.F.);
#15232=EDGE_CURVE('',#653,#387,#15235,.T.);
#15233=EDGE_CURVE('',#387,#389,#15236,.T.);
#15234=LINE('',#388,#15237);
#15235=LINE('',#652,#15238);
#15236=LINE('',#386,#15239);
#15237=VECTOR('',#15240,1.0);
#15238=VECTOR('',#15241,1.0);
#15239=VECTOR('',#15242,1.0);
#15240=DIRECTION('',(-0.4067269162266266,0,0.9135497882528235));
#15241=DIRECTION('',(0.6259441110614866,0,-0.7798679181934882));
#15242=DIRECTION('',(-0.9951847455185564,0,-0.09801694897907194));
#15243=FACE_SURFACE('',(#15248),#15244,.T.);
#15244=PLANE('',#15245);
#15245=AXIS2_PLACEMENT_3D('',#386,#15246,#15247);
#15246=DIRECTION('',(0,1,-0));
#15247=DIRECTION('',(-0.6259441110614866,0,0.7798679181934882));
#15248=FACE_BOUND('',#15249,.T.);
#15249=EDGE_LOOP('',(#15250,#15251,#15252));
#15250=ORIENTED_EDGE('',*,*,#15253,.T.);
#15251=ORIENTED_EDGE('',*,*,#15254,.T.);
#15252=ORIENTED_EDGE('',*,*,#15255,.T.);
#15253=EDGE_CURVE('',#387,#653,#15256,.F.);
#15254=EDGE_CURVE('',#653,#385,#15257,.T.);
#15255=EDGE_CURVE('',#385,#387,#15258,.T.);
#15256=LINE('',#386,#15259);
#15257=LINE('',#652,#15260);
#15258=LINE('',#384,#15261);
#15259=VECTOR('',#15262,1.0);
#15260=VECTOR('',#15263,1.0);
#15261=VECTOR('',#15264,1.0);
#15262=DIRECTION('',(-0.6259441110614866,0,0.7798679181934882));
#15263=DIRECTION('',(0.7826767959946677,0,-0.6224283356431658));
#15264=DIRECTION('',(-0.9569404441790261,0,-0.2902843197529762));
#15265=FACE_SURFACE('',(#15270),#15266,.T.);
#15266=PLANE('',#15267);
#15267=AXIS2_PLACEMENT_3D('',#384,#15268,#15269);
#15268=DIRECTION('',(0,1,-0));
#15269=DIRECTION('',(-0.7826767959946677,0,0.6224283356431658));
#15270=FACE_BOUND('',#15271,.T.);
#15271=EDGE_LOOP('',(#15272,#15273,#15274));
#15272=ORIENTED_EDGE('',*,*,#15275,.T.);
#15273=ORIENTED_EDGE('',*,*,#15276,.T.);
#15274=ORIENTED_EDGE('',*,*,#15277,.T.);
#15275=EDGE_CURVE('',#385,#653,#15278,.F.);
#15276=EDGE_CURVE('',#653,#383,#15279,.T.);
#15277=EDGE_CURVE('',#383,#385,#15280,.T.);
#15278=LINE('',#384,#15281);
#15279=LINE('',#652,#15282);
#15280=LINE('',#382,#15283);
#15281=VECTOR('',#15284,1.0);
#15282=VECTOR('',#15285,1.0);
#15283=VECTOR('',#15286,1.0);
#15284=DIRECTION('',(-0.7826767959946677,0,0.6224283356431658));
#15285=DIRECTION('',(0.8893418304661327,0,-0.4572429426280396));
#15286=DIRECTION('',(-0.8819205187454653,0,-0.47139813174823836));
#15287=FACE_SURFACE('',(#15292),#15288,.T.);
#15288=PLANE('',#15289);
#15289=AXIS2_PLACEMENT_3D('',#382,#15290,#15291);
#15290=DIRECTION('',(0,1,0));
#15291=DIRECTION('',(-0.8893418304661327,0,0.4572429426280396));
#15292=FACE_BOUND('',#15293,.T.);
#15293=EDGE_LOOP('',(#15294,#15295,#15296));
#15294=ORIENTED_EDGE('',*,*,#15297,.T.);
#15295=ORIENTED_EDGE('',*,*,#15298,.T.);
#15296=ORIENTED_EDGE('',*,*,#15299,.T.);
#15297=EDGE_CURVE('',#383,#653,#15300,.F.);
#15298=EDGE_CURVE('',#653,#655,#15301,.T.);
#15299=EDGE_CURVE('',#655,#383,#15302,.T.);
#15300=LINE('',#382,#15303);
#15301=LINE('',#652,#15304);
#15302=LINE('',#654,#15305);
#15303=VECTOR('',#15306,1.0);
#15304=VECTOR('',#15307,1.0);
#15305=VECTOR('',#15308,1.0);
#15306=DIRECTION('',(-0.8893418304661327,0,0.4572429426280396));
#15307=DIRECTION('',(0.9569405737941202,0,0.2902838924683557));
#15308=DIRECTION('',(0.8137945692526457,0,-0.5811526469482016));
#15309=FACE_SURFACE('',(#15314),#15310,.T.);
#15310=PLANE('',#15311);
#15311=AXIS2_PLACEMENT_3D('',#382,#15312,#15313);
#15312=DIRECTION('',(0,1,-0));
#15313=DIRECTION('',(-0.8137945692526457,0,0.5811526469482016));
#15314=FACE_BOUND('',#15315,.T.);
#15315=EDGE_LOOP('',(#15316,#15317,#15318));
#15316=ORIENTED_EDGE('',*,*,#15319,.T.);
#15317=ORIENTED_EDGE('',*,*,#15320,.T.);
#15318=ORIENTED_EDGE('',*,*,#15321,.T.);
#15319=EDGE_CURVE('',#383,#655,#15322,.F.);
#15320=EDGE_CURVE('',#655,#381,#15323,.T.);
#15321=EDGE_CURVE('',#381,#383,#15324,.T.);
#15322=LINE('',#382,#15325);
#15323=LINE('',#654,#15326);
#15324=LINE('',#380,#15327);
#15325=VECTOR('',#15328,1.0);
#15326=VECTOR('',#15329,1.0);
#15327=VECTOR('',#15330,1.0);
#15328=DIRECTION('',(-0.8137945692526457,0,0.5811526469482016));
#15329=DIRECTION('',(0.9198361946275408,0,-0.3923026574637556));
#15330=DIRECTION('',(-0.77301052199595,0,-0.6343932005338243));
#15331=FACE_SURFACE('',(#15336),#15332,.T.);
#15332=PLANE('',#15333);
#15333=AXIS2_PLACEMENT_3D('',#380,#15334,#15335);
#15334=DIRECTION('',(0,1,-0));
#15335=DIRECTION('',(-0.9198361946275408,0,0.3923026574637556));
#15336=FACE_BOUND('',#15337,.T.);
#15337=EDGE_LOOP('',(#15338,#15339,#15340));
#15338=ORIENTED_EDGE('',*,*,#15341,.T.);
#15339=ORIENTED_EDGE('',*,*,#15342,.T.);
#15340=ORIENTED_EDGE('',*,*,#15343,.T.);
#15341=EDGE_CURVE('',#381,#655,#15344,.F.);
#15342=EDGE_CURVE('',#655,#379,#15345,.T.);
#15343=EDGE_CURVE('',#379,#381,#15346,.T.);
#15344=LINE('',#380,#15347);
#15345=LINE('',#654,#15348);
#15346=LINE('',#378,#15349);
#15347=VECTOR('',#15350,1.0);
#15348=VECTOR('',#15351,1.0);
#15349=VECTOR('',#15352,1.0);
#15350=DIRECTION('',(-0.9198361946275408,0,0.3923026574637556));
#15351=DIRECTION('',(0.9791987750775122,0,-0.20290332399125352));
#15352=DIRECTION('',(-0.6343936912215741,0,-0.7730101192987489));
#15353=FACE_SURFACE('',(#15358),#15354,.T.);
#15354=PLANE('',#15355);
#15355=AXIS2_PLACEMENT_3D('',#378,#15356,#15357);
#15356=DIRECTION('',(0,1,0));
#15357=DIRECTION('',(-0.9791987750775122,0,0.20290332399125352));
#15358=FACE_BOUND('',#15359,.T.);
#15359=EDGE_LOOP('',(#15360,#15361,#15362));
#15360=ORIENTED_EDGE('',*,*,#15363,.T.);
#15361=ORIENTED_EDGE('',*,*,#15364,.T.);
#15362=ORIENTED_EDGE('',*,*,#15365,.T.);
#15363=EDGE_CURVE('',#379,#655,#15366,.F.);
#15364=EDGE_CURVE('',#655,#657,#15367,.T.);
#15365=EDGE_CURVE('',#657,#379,#15368,.T.);
#15366=LINE('',#378,#15369);
#15367=LINE('',#654,#15370);
#15368=LINE('',#656,#15371);
#15369=VECTOR('',#15372,1.0);
#15370=VECTOR('',#15373,1.0);
#15371=VECTOR('',#15374,1.0);
#15372=DIRECTION('',(-0.9791987750775122,0,0.20290332399125352));
#15373=DIRECTION('',(0.8819213473289154,0,0.47139658158025566));
#15374=DIRECTION('',(0.9446737830298967,0,-0.328011346840294));
#15375=FACE_SURFACE('',(#15380),#15376,.T.);
#15376=PLANE('',#15377);
#15377=AXIS2_PLACEMENT_3D('',#378,#15378,#15379);
#15378=DIRECTION('',(0,1,-0));
#15379=DIRECTION('',(-0.9446737830298967,0,0.328011346840294));
#15380=FACE_BOUND('',#15381,.T.);
#15381=EDGE_LOOP('',(#15382,#15383,#15384));
#15382=ORIENTED_EDGE('',*,*,#15385,.T.);
#15383=ORIENTED_EDGE('',*,*,#15386,.T.);
#15384=ORIENTED_EDGE('',*,*,#15387,.T.);
#15385=EDGE_CURVE('',#379,#657,#15388,.F.);
#15386=EDGE_CURVE('',#657,#377,#15389,.T.);
#15387=EDGE_CURVE('',#377,#379,#15390,.T.);
#15388=LINE('',#378,#15391);
#15389=LINE('',#656,#15392);
#15390=LINE('',#376,#15393);
#15391=VECTOR('',#15394,1.0);
#15392=VECTOR('',#15395,1.0);
#15393=VECTOR('',#15396,1.0);
#15394=DIRECTION('',(-0.9446737830298967,0,0.328011346840294));
#15395=DIRECTION('',(0.9936137954140328,0,-0.11283450519641751));
#15396=DIRECTION('',(-0.4713964322445869,0,-0.8819214271504433));
#15397=FACE_SURFACE('',(#15402),#15398,.T.);
#15398=PLANE('',#15399);
#15399=AXIS2_PLACEMENT_3D('',#376,#15400,#15401);
#15400=DIRECTION('',(0,1,0));
#15401=DIRECTION('',(-0.9936137954140328,0,0.11283450519641751));
#15402=FACE_BOUND('',#15403,.T.);
#15403=EDGE_LOOP('',(#15404,#15405,#15406));
#15404=ORIENTED_EDGE('',*,*,#15407,.T.);
#15405=ORIENTED_EDGE('',*,*,#15408,.T.);
#15406=ORIENTED_EDGE('',*,*,#15409,.T.);
#15407=EDGE_CURVE('',#377,#657,#15410,.F.);
#15408=EDGE_CURVE('',#657,#659,#15411,.T.);
#15409=EDGE_CURVE('',#659,#377,#15412,.T.);
#15410=LINE('',#376,#15413);
#15411=LINE('',#656,#15414);
#15412=LINE('',#658,#15415);
#15413=VECTOR('',#15416,1.0);
#15414=VECTOR('',#15417,1.0);
#15415=VECTOR('',#15418,1.0);
#15416=DIRECTION('',(-0.9936137954140328,0,0.11283450519641751));
#15417=DIRECTION('',(0.7730084841108998,0,0.6343956836963575));
#15418=DIRECTION('',(0.9639903365489448,0,-0.2659372689944979));
#15419=FACE_SURFACE('',(#15424),#15420,.T.);
#15420=PLANE('',#15421);
#15421=AXIS2_PLACEMENT_3D('',#376,#15422,#15423);
#15422=DIRECTION('',(0,1,-0));
#15423=DIRECTION('',(-0.9639903365489448,0,0.2659372689944979));
#15424=FACE_BOUND('',#15425,.T.);
#15425=EDGE_LOOP('',(#15426,#15427,#15428));
#15426=ORIENTED_EDGE('',*,*,#15429,.T.);
#15427=ORIENTED_EDGE('',*,*,#15430,.T.);
#15428=ORIENTED_EDGE('',*,*,#15431,.T.);
#15429=EDGE_CURVE('',#377,#659,#15432,.F.);
#15430=EDGE_CURVE('',#659,#375,#15433,.T.);
#15431=EDGE_CURVE('',#375,#377,#15434,.T.);
#15432=LINE('',#376,#15435);
#15433=LINE('',#658,#15436);
#15434=LINE('',#374,#15437);
#15435=VECTOR('',#15438,1.0);
#15436=VECTOR('',#15439,1.0);
#15437=VECTOR('',#15440,1.0);
#15438=DIRECTION('',(-0.9639903365489448,0,0.2659372689944979));
#15439=DIRECTION('',(0.9997330804578718,0,-0.023103416158964565));
#15440=DIRECTION('',(-0.2902836247542019,0,-0.9569406550040404));
#15441=FACE_SURFACE('',(#15446),#15442,.T.);
#15442=PLANE('',#15443);
#15443=AXIS2_PLACEMENT_3D('',#374,#15444,#15445);
#15444=DIRECTION('',(0,1,0));
#15445=DIRECTION('',(-0.9997330804578718,0,0.023103416158964565));
#15446=FACE_BOUND('',#15447,.T.);
#15447=EDGE_LOOP('',(#15448,#15449,#15450));
#15448=ORIENTED_EDGE('',*,*,#15451,.T.);
#15449=ORIENTED_EDGE('',*,*,#15452,.T.);
#15450=ORIENTED_EDGE('',*,*,#15453,.T.);
#15451=EDGE_CURVE('',#375,#659,#15454,.F.);
#15452=EDGE_CURVE('',#659,#661,#15455,.T.);
#15453=EDGE_CURVE('',#661,#375,#15456,.T.);
#15454=LINE('',#374,#15457);
#15455=LINE('',#658,#15458);
#15456=LINE('',#660,#15459);
#15457=VECTOR('',#15460,1.0);
#15458=VECTOR('',#15461,1.0);
#15459=VECTOR('',#15462,1.0);
#15460=DIRECTION('',(-0.9997330804578718,0,0.023103416158964565));
#15461=DIRECTION('',(0.6343958076208088,0,0.7730083824080705));
#15462=DIRECTION('',(0.9781108182867393,0,-0.20808466341959292));
#15463=FACE_SURFACE('',(#15468),#15464,.T.);
#15464=PLANE('',#15465);
#15465=AXIS2_PLACEMENT_3D('',#374,#15466,#15467);
#15466=DIRECTION('',(0,1,-0));
#15467=DIRECTION('',(-0.9781108182867393,0,0.20808466341959292));
#15468=FACE_BOUND('',#15469,.T.);
#15469=EDGE_LOOP('',(#15470,#15471,#15472));
#15470=ORIENTED_EDGE('',*,*,#15473,.T.);
#15471=ORIENTED_EDGE('',*,*,#15474,.T.);
#15472=ORIENTED_EDGE('',*,*,#15475,.T.);
#15473=EDGE_CURVE('',#375,#661,#15476,.F.);
#15474=EDGE_CURVE('',#661,#373,#15477,.T.);
#15475=EDGE_CURVE('',#373,#375,#15478,.T.);
#15476=LINE('',#374,#15479);
#15477=LINE('',#660,#15480);
#15478=LINE('',#372,#15481);
#15479=VECTOR('',#15482,1.0);
#15480=VECTOR('',#15483,1.0);
#15481=VECTOR('',#15484,1.0);
#15482=DIRECTION('',(-0.9781108182867393,0,0.20808466341959292));
#15483=DIRECTION('',(0.9978891141405118,0,0.06494086448350182));
#15484=DIRECTION('',(-0.09801819237690036,0,-0.9951846230540164));
#15485=FACE_SURFACE('',(#15490),#15486,.T.);
#15486=PLANE('',#15487);
#15487=AXIS2_PLACEMENT_3D('',#372,#15488,#15489);
#15488=DIRECTION('',(0,1,0));
#15489=DIRECTION('',(-0.9978891141405118,0,-0.06494086448350182));
#15490=FACE_BOUND('',#15491,.T.);
#15491=EDGE_LOOP('',(#15492,#15493,#15494));
#15492=ORIENTED_EDGE('',*,*,#15495,.T.);
#15493=ORIENTED_EDGE('',*,*,#15496,.T.);
#15494=ORIENTED_EDGE('',*,*,#15497,.T.);
#15495=EDGE_CURVE('',#373,#661,#15498,.F.);
#15496=EDGE_CURVE('',#661,#663,#15499,.T.);
#15497=EDGE_CURVE('',#663,#373,#15500,.T.);
#15498=LINE('',#372,#15501);
#15499=LINE('',#660,#15502);
#15500=LINE('',#662,#15503);
#15501=VECTOR('',#15504,1.0);
#15502=VECTOR('',#15505,1.0);
#15503=VECTOR('',#15506,1.0);
#15504=DIRECTION('',(-0.9978891141405118,0,-0.06494086448350182));
#15505=DIRECTION('',(0.47139278929923045,0,0.8819233743340129));
#15506=DIRECTION('',(0.9875744557275338,0,-0.15715181957096624));
#15507=FACE_SURFACE('',(#15512),#15508,.T.);
#15508=PLANE('',#15509);
#15509=AXIS2_PLACEMENT_3D('',#372,#15510,#15511);
#15510=DIRECTION('',(0,1,0));
#15511=DIRECTION('',(-0.9875744557275338,0,0.15715181957096624));
#15512=FACE_BOUND('',#15513,.T.);
#15513=EDGE_LOOP('',(#15514,#15515,#15516));
#15514=ORIENTED_EDGE('',*,*,#15517,.T.);
#15515=ORIENTED_EDGE('',*,*,#15518,.T.);
#15516=ORIENTED_EDGE('',*,*,#15519,.T.);
#15517=EDGE_CURVE('',#373,#663,#15520,.F.);
#15518=EDGE_CURVE('',#663,#665,#15521,.T.);
#15519=EDGE_CURVE('',#665,#373,#15522,.T.);
#15520=LINE('',#372,#15523);
#15521=LINE('',#662,#15524);
#15522=LINE('',#664,#15525);
#15523=VECTOR('',#15526,1.0);
#15524=VECTOR('',#15527,1.0);
#15525=VECTOR('',#15528,1.0);
#15526=DIRECTION('',(-0.9875744557275338,0,0.15715181957096624));
#15527=DIRECTION('',(0.29028777198328687,0,0.9569393969510186));
#15528=DIRECTION('',(0.9135498755396141,0,-0.4067267201716107));
#15529=FACE_SURFACE('',(#15534),#15530,.T.);
#15530=PLANE('',#15531);
#15531=AXIS2_PLACEMENT_3D('',#664,#15532,#15533);
#15532=DIRECTION('',(-0,1,0));
#15533=DIRECTION('',(0.09801530128353374,0,0.9951849078007052));
#15534=FACE_BOUND('',#15535,.T.);
#15535=EDGE_LOOP('',(#15536,#15537,#15538));
#15536=ORIENTED_EDGE('',*,*,#15539,.T.);
#15537=ORIENTED_EDGE('',*,*,#15540,.T.);
#15538=ORIENTED_EDGE('',*,*,#15541,.T.);
#15539=EDGE_CURVE('',#665,#667,#15542,.F.);
#15540=EDGE_CURVE('',#667,#373,#15543,.T.);
#15541=EDGE_CURVE('',#373,#665,#15544,.T.);
#15542=LINE('',#664,#15545);
#15543=LINE('',#666,#15546);
#15544=LINE('',#372,#15547);
#15545=VECTOR('',#15548,1.0);
#15546=VECTOR('',#15549,1.0);
#15547=VECTOR('',#15550,1.0);
#15548=DIRECTION('',(0.09801530128353374,0,0.9951849078007052));
#15549=DIRECTION('',(0.8,0,-0.6));
#15550=DIRECTION('',(-0.9135498755396141,0,0.4067267201716107));
#15551=FACE_SURFACE('',(#15556),#15552,.T.);
#15552=PLANE('',#15553);
#15553=AXIS2_PLACEMENT_3D('',#372,#15554,#15555);
#15554=DIRECTION('',(0,1,0));
#15555=DIRECTION('',(-0.8,0,0.6));
#15556=FACE_BOUND('',#15557,.T.);
#15557=EDGE_LOOP('',(#15558,#15559,#15560));
#15558=ORIENTED_EDGE('',*,*,#15561,.T.);
#15559=ORIENTED_EDGE('',*,*,#15562,.T.);
#15560=ORIENTED_EDGE('',*,*,#15563,.T.);
#15561=EDGE_CURVE('',#373,#667,#15564,.F.);
#15562=EDGE_CURVE('',#667,#669,#15565,.T.);
#15563=EDGE_CURVE('',#669,#373,#15566,.T.);
#15564=LINE('',#372,#15567);
#15565=LINE('',#666,#15568);
#15566=LINE('',#668,#15569);
#15567=VECTOR('',#15570,1.0);
#15568=VECTOR('',#15571,1.0);
#15569=VECTOR('',#15572,1.0);
#15570=DIRECTION('',(-0.8,0,0.6));
#15571=DIRECTION('',(0,0,1));
#15572=DIRECTION('',(0.07072755219685645,0,-0.9974956708478693));
#15573=FACE_SURFACE('',(#15578),#15574,.T.);
#15574=PLANE('',#15575);
#15575=AXIS2_PLACEMENT_3D('',#372,#15576,#15577);
#15576=DIRECTION('',(0,1,-0));
#15577=DIRECTION('',(-0.07072755219685645,0,0.9974956708478693));
#15578=FACE_BOUND('',#15579,.T.);
#15579=EDGE_LOOP('',(#15580,#15581,#15582));
#15580=ORIENTED_EDGE('',*,*,#15583,.T.);
#15581=ORIENTED_EDGE('',*,*,#15584,.T.);
#15582=ORIENTED_EDGE('',*,*,#15585,.T.);
#15583=EDGE_CURVE('',#373,#669,#15586,.F.);
#15584=EDGE_CURVE('',#669,#703,#15587,.T.);
#15585=EDGE_CURVE('',#703,#373,#15588,.T.);
#15586=LINE('',#372,#15589);
#15587=LINE('',#668,#15590);
#15588=LINE('',#702,#15591);
#15589=VECTOR('',#15592,1.0);
#15590=VECTOR('',#15593,1.0);
#15591=VECTOR('',#15594,1.0);
#15592=DIRECTION('',(-0.07072755219685645,0,0.9974956708478693));
#15593=DIRECTION('',(0.44760969058514327,0,0.894229033801896));
#15594=DIRECTION('',(0,0,-1));
#15595=FACE_SURFACE('',(#15600),#15596,.T.);
#15596=PLANE('',#15597);
#15597=AXIS2_PLACEMENT_3D('',#702,#15598,#15599);
#15598=DIRECTION('',(0,1,0));
#15599=DIRECTION('',(-0.44760969058514327,0,-0.894229033801896));
#15600=FACE_BOUND('',#15601,.T.);
#15601=EDGE_LOOP('',(#15602,#15603,#15604));
#15602=ORIENTED_EDGE('',*,*,#15605,.T.);
#15603=ORIENTED_EDGE('',*,*,#15606,.T.);
#15604=ORIENTED_EDGE('',*,*,#15607,.T.);
#15605=EDGE_CURVE('',#703,#669,#15608,.F.);
#15606=EDGE_CURVE('',#669,#705,#15609,.T.);
#15607=EDGE_CURVE('',#705,#703,#15610,.T.);
#15608=LINE('',#702,#15611);
#15609=LINE('',#668,#15612);
#15610=LINE('',#704,#15613);
#15611=VECTOR('',#15614,1.0);
#15612=VECTOR('',#15615,1.0);
#15613=VECTOR('',#15616,1.0);
#15614=DIRECTION('',(-0.44760969058514327,0,-0.894229033801896));
#15615=DIRECTION('',(-0.07847323341705637,0,0.9969162209719893));
#15616=DIRECTION('',(0.5496027356578324,0,0.8354261385409405));
#15617=FACE_SURFACE('',(#15622),#15618,.T.);
#15618=PLANE('',#15619);
#15619=AXIS2_PLACEMENT_3D('',#702,#15620,#15621);
#15620=DIRECTION('',(0,1,0));
#15621=DIRECTION('',(-0.5496027356578324,0,-0.8354261385409405));
#15622=FACE_BOUND('',#15623,.T.);
#15623=EDGE_LOOP('',(#15624,#15625,#15626));
#15624=ORIENTED_EDGE('',*,*,#15627,.T.);
#15625=ORIENTED_EDGE('',*,*,#15628,.T.);
#15626=ORIENTED_EDGE('',*,*,#15629,.T.);
#15627=EDGE_CURVE('',#703,#705,#15630,.F.);
#15628=EDGE_CURVE('',#705,#707,#15631,.T.);
#15629=EDGE_CURVE('',#707,#703,#15632,.T.);
#15630=LINE('',#702,#15633);
#15631=LINE('',#704,#15634);
#15632=LINE('',#706,#15635);
#15633=VECTOR('',#15636,1.0);
#15634=VECTOR('',#15637,1.0);
#15635=VECTOR('',#15638,1.0);
#15636=DIRECTION('',(-0.5496027356578324,0,-0.8354261385409405));
#15637=DIRECTION('',(-0.23209565523592837,0,0.9726929663673965));
#15638=DIRECTION('',(0.7003139423985313,0,0.7138349823889457));
#15639=FACE_SURFACE('',(#15644),#15640,.T.);
#15640=PLANE('',#15641);
#15641=AXIS2_PLACEMENT_3D('',#706,#15642,#15643);
#15642=DIRECTION('',(0,1,-0));
#15643=DIRECTION('',(-0.3801095729946456,0,0.9249414643737345));
#15644=FACE_BOUND('',#15645,.T.);
#15645=EDGE_LOOP('',(#15646,#15647,#15648));
#15646=ORIENTED_EDGE('',*,*,#15649,.T.);
#15647=ORIENTED_EDGE('',*,*,#15650,.T.);
#15648=ORIENTED_EDGE('',*,*,#15651,.T.);
#15649=EDGE_CURVE('',#707,#709,#15652,.F.);
#15650=EDGE_CURVE('',#709,#703,#15653,.T.);
#15651=EDGE_CURVE('',#703,#707,#15654,.T.);
#15652=LINE('',#706,#15655);
#15653=LINE('',#708,#15656);
#15654=LINE('',#702,#15657);
#15655=VECTOR('',#15658,1.0);
#15656=VECTOR('',#15659,1.0);
#15657=VECTOR('',#15660,1.0);
#15658=DIRECTION('',(-0.3801095729946456,0,0.9249414643737345));
#15659=DIRECTION('',(0.8628650240383925,0,0.5054344173987603));
#15660=DIRECTION('',(-0.7003139423985313,0,-0.7138349823889457));
#15661=FACE_SURFACE('',(#15666),#15662,.T.);
#15662=PLANE('',#15663);
#15663=AXIS2_PLACEMENT_3D('',#702,#15664,#15665);
#15664=DIRECTION('',(0,1,0));
#15665=DIRECTION('',(-0.8628650240383925,0,-0.5054344173987603));
#15666=FACE_BOUND('',#15667,.T.);
#15667=EDGE_LOOP('',(#15668,#15669,#15670));
#15668=ORIENTED_EDGE('',*,*,#15671,.T.);
#15669=ORIENTED_EDGE('',*,*,#15672,.T.);
#15670=ORIENTED_EDGE('',*,*,#15673,.T.);
#15671=EDGE_CURVE('',#703,#709,#15674,.F.);
#15672=EDGE_CURVE('',#709,#711,#15675,.T.);
#15673=EDGE_CURVE('',#711,#703,#15676,.T.);
#15674=LINE('',#702,#15677);
#15675=LINE('',#708,#15678);
#15676=LINE('',#710,#15679);
#15677=VECTOR('',#15680,1.0);
#15678=VECTOR('',#15681,1.0);
#15679=VECTOR('',#15682,1.0);
#15680=DIRECTION('',(-0.8628650240383925,0,-0.5054344173987603));
#15681=DIRECTION('',(-0.5189230114801993,0,0.8548209801802485));
#15682=DIRECTION('',(0.9680624765788485,0,0.2507090772988213));
#15683=FACE_SURFACE('',(#15688),#15684,.T.);
#15684=PLANE('',#15685);
#15685=AXIS2_PLACEMENT_3D('',#702,#15686,#15687);
#15686=DIRECTION('',(0,1,0));
#15687=DIRECTION('',(-0.9680624765788485,0,-0.2507090772988213));
#15688=FACE_BOUND('',#15689,.T.);
#15689=EDGE_LOOP('',(#15690,#15691,#15692));
#15690=ORIENTED_EDGE('',*,*,#15693,.T.);
#15691=ORIENTED_EDGE('',*,*,#15694,.T.);
#15692=ORIENTED_EDGE('',*,*,#15695,.T.);
#15693=EDGE_CURVE('',#703,#711,#15696,.F.);
#15694=EDGE_CURVE('',#711,#713,#15697,.T.);
#15695=EDGE_CURVE('',#713,#703,#15698,.T.);
#15696=LINE('',#702,#15699);
#15697=LINE('',#710,#15700);
#15698=LINE('',#712,#15701);
#15699=VECTOR('',#15702,1.0);
#15700=VECTOR('',#15703,1.0);
#15701=VECTOR('',#15704,1.0);
#15702=DIRECTION('',(-0.9680624765788485,0,-0.2507090772988213));
#15703=DIRECTION('',(-0.6451883907688397,0,0.7640235208533275));
#15704=DIRECTION('',(0.9993227146135774,0,0.0367982616077268));
#15705=FACE_SURFACE('',(#15710),#15706,.T.);
#15706=PLANE('',#15707);
#15707=AXIS2_PLACEMENT_3D('',#702,#15708,#15709);
#15708=DIRECTION('',(0,1,0));
#15709=DIRECTION('',(-0.9993227146135774,0,-0.0367982616077268));
#15710=FACE_BOUND('',#15711,.T.);
#15711=EDGE_LOOP('',(#15712,#15713,#15714));
#15712=ORIENTED_EDGE('',*,*,#15715,.T.);
#15713=ORIENTED_EDGE('',*,*,#15716,.T.);
#15714=ORIENTED_EDGE('',*,*,#15717,.T.);
#15715=EDGE_CURVE('',#703,#713,#15718,.F.);
#15716=EDGE_CURVE('',#713,#701,#15719,.T.);
#15717=EDGE_CURVE('',#701,#703,#15720,.T.);
#15718=LINE('',#702,#15721);
#15719=LINE('',#712,#15722);
#15720=LINE('',#700,#15723);
#15721=VECTOR('',#15724,1.0);
#15722=VECTOR('',#15725,1.0);
#15723=VECTOR('',#15726,1.0);
#15724=DIRECTION('',(-0.9993227146135774,0,-0.0367982616077268));
#15725=DIRECTION('',(0.9741893497365766,0,0.22573238770682896));
#15726=DIRECTION('',(0.09801738807436693,0,-0.9951847022714321));
#15727=FACE_SURFACE('',(#15732),#15728,.T.);
#15728=PLANE('',#15729);
#15729=AXIS2_PLACEMENT_3D('',#700,#15730,#15731);
#15730=DIRECTION('',(0,1,0));
#15731=DIRECTION('',(-0.9741893497365766,0,-0.22573238770682896));
#15732=FACE_BOUND('',#15733,.T.);
#15733=EDGE_LOOP('',(#15734,#15735,#15736));
#15734=ORIENTED_EDGE('',*,*,#15737,.T.);
#15735=ORIENTED_EDGE('',*,*,#15738,.T.);
#15736=ORIENTED_EDGE('',*,*,#15739,.T.);
#15737=EDGE_CURVE('',#701,#713,#15740,.F.);
#15738=EDGE_CURVE('',#713,#715,#15741,.T.);
#15739=EDGE_CURVE('',#715,#701,#15742,.T.);
#15740=LINE('',#700,#15743);
#15741=LINE('',#712,#15744);
#15742=LINE('',#714,#15745);
#15743=VECTOR('',#15746,1.0);
#15744=VECTOR('',#15747,1.0);
#15745=VECTOR('',#15748,1.0);
#15746=DIRECTION('',(-0.9741893497365766,0,-0.22573238770682896));
#15747=DIRECTION('',(-0.7558488919286308,0,0.6547460977892582));
#15748=DIRECTION('',(0.9981294659896165,0,0.06113566163282376));
#15749=FACE_SURFACE('',(#15754),#15750,.T.);
#15750=PLANE('',#15751);
#15751=AXIS2_PLACEMENT_3D('',#700,#15752,#15753);
#15752=DIRECTION('',(0,1,0));
#15753=DIRECTION('',(-0.9981294659896165,0,-0.06113566163282376));
#15754=FACE_BOUND('',#15755,.T.);
#15755=EDGE_LOOP('',(#15756,#15757,#15758));
#15756=ORIENTED_EDGE('',*,*,#15759,.T.);
#15757=ORIENTED_EDGE('',*,*,#15760,.T.);
#15758=ORIENTED_EDGE('',*,*,#15761,.T.);
#15759=EDGE_CURVE('',#701,#715,#15762,.F.);
#15760=EDGE_CURVE('',#715,#699,#15763,.T.);
#15761=EDGE_CURVE('',#699,#701,#15764,.T.);
#15762=LINE('',#700,#15765);
#15763=LINE('',#714,#15766);
#15764=LINE('',#698,#15767);
#15765=VECTOR('',#15768,1.0);
#15766=VECTOR('',#15769,1.0);
#15767=VECTOR('',#15770,1.0);
#15768=DIRECTION('',(-0.9981294659896165,0,-0.06113566163282376));
#15769=DIRECTION('',(0.9745576138584737,0,0.22413713942691055));
#15770=DIRECTION('',(0.290280657331635,0,-0.9569415551532465));
#15771=FACE_SURFACE('',(#15776),#15772,.T.);
#15772=PLANE('',#15773);
#15773=AXIS2_PLACEMENT_3D('',#698,#15774,#15775);
#15774=DIRECTION('',(0,1,0));
#15775=DIRECTION('',(-0.9745576138584737,0,-0.22413713942691055));
#15776=FACE_BOUND('',#15777,.T.);
#15777=EDGE_LOOP('',(#15778,#15779,#15780));
#15778=ORIENTED_EDGE('',*,*,#15781,.T.);
#15779=ORIENTED_EDGE('',*,*,#15782,.T.);
#15780=ORIENTED_EDGE('',*,*,#15783,.T.);
#15781=EDGE_CURVE('',#699,#715,#15784,.F.);
#15782=EDGE_CURVE('',#715,#697,#15785,.T.);
#15783=EDGE_CURVE('',#697,#699,#15786,.T.);
#15784=LINE('',#698,#15787);
#15785=LINE('',#714,#15788);
#15786=LINE('',#696,#15789);
#15787=VECTOR('',#15790,1.0);
#15788=VECTOR('',#15791,1.0);
#15789=VECTOR('',#15792,1.0);
#15790=DIRECTION('',(-0.9745576138584737,0,-0.22413713942691055));
#15791=DIRECTION('',(0.923077752125626,0,0.38461339489245744));
#15792=DIRECTION('',(0.4713982724427834,0,-0.8819204435423637));
#15793=FACE_SURFACE('',(#15798),#15794,.T.);
#15794=PLANE('',#15795);
#15795=AXIS2_PLACEMENT_3D('',#696,#15796,#15797);
#15796=DIRECTION('',(0,1,0));
#15797=DIRECTION('',(-0.923077752125626,0,-0.38461339489245744));
#15798=FACE_BOUND('',#15799,.T.);
#15799=EDGE_LOOP('',(#15800,#15801,#15802));
#15800=ORIENTED_EDGE('',*,*,#15803,.T.);
#15801=ORIENTED_EDGE('',*,*,#15804,.T.);
#15802=ORIENTED_EDGE('',*,*,#15805,.T.);
#15803=EDGE_CURVE('',#697,#715,#15806,.F.);
#15804=EDGE_CURVE('',#715,#717,#15807,.T.);
#15805=EDGE_CURVE('',#717,#697,#15808,.T.);
#15806=LINE('',#696,#15809);
#15807=LINE('',#714,#15810);
#15808=LINE('',#716,#15811);
#15809=VECTOR('',#15812,1.0);
#15810=VECTOR('',#15813,1.0);
#15811=VECTOR('',#15814,1.0);
#15812=DIRECTION('',(-0.923077752125626,0,-0.38461339489245744));
#15813=DIRECTION('',(-0.8482270548881229,0,0.5296327627288757));
#15814=DIRECTION('',(0.971565647623607,0,0.23677033673524503));
#15815=FACE_SURFACE('',(#15820),#15816,.T.);
#15816=PLANE('',#15817);
#15817=AXIS2_PLACEMENT_3D('',#696,#15818,#15819);
#15818=DIRECTION('',(0,1,0));
#15819=DIRECTION('',(-0.971565647623607,0,-0.23677033673524503));
#15820=FACE_BOUND('',#15821,.T.);
#15821=EDGE_LOOP('',(#15822,#15823,#15824));
#15822=ORIENTED_EDGE('',*,*,#15825,.T.);
#15823=ORIENTED_EDGE('',*,*,#15826,.T.);
#15824=ORIENTED_EDGE('',*,*,#15827,.T.);
#15825=EDGE_CURVE('',#697,#717,#15828,.F.);
#15826=EDGE_CURVE('',#717,#695,#15829,.T.);
#15827=EDGE_CURVE('',#695,#697,#15830,.T.);
#15828=LINE('',#696,#15831);
#15829=LINE('',#716,#15832);
#15830=LINE('',#694,#15833);
#15831=VECTOR('',#15834,1.0);
#15832=VECTOR('',#15835,1.0);
#15833=VECTOR('',#15836,1.0);
#15834=DIRECTION('',(-0.971565647623607,0,-0.23677033673524503));
#15835=DIRECTION('',(0.926660331863018,0,0.37589975971197614));
#15836=DIRECTION('',(0.6343959223898413,0,-0.7730082882189183));
#15837=FACE_SURFACE('',(#15842),#15838,.T.);
#15838=PLANE('',#15839);
#15839=AXIS2_PLACEMENT_3D('',#694,#15840,#15841);
#15840=DIRECTION('',(0,1,0));
#15841=DIRECTION('',(-0.926660331863018,0,-0.37589975971197614));
#15842=FACE_BOUND('',#15843,.T.);
#15843=EDGE_LOOP('',(#15844,#15845,#15846));
#15844=ORIENTED_EDGE('',*,*,#15847,.T.);
#15845=ORIENTED_EDGE('',*,*,#15848,.T.);
#15846=ORIENTED_EDGE('',*,*,#15849,.T.);
#15847=EDGE_CURVE('',#695,#717,#15850,.F.);
#15848=EDGE_CURVE('',#717,#693,#15851,.T.);
#15849=EDGE_CURVE('',#693,#695,#15852,.T.);
#15850=LINE('',#694,#15853);
#15851=LINE('',#716,#15854);
#15852=LINE('',#692,#15855);
#15853=VECTOR('',#15856,1.0);
#15854=VECTOR('',#15857,1.0);
#15855=VECTOR('',#15858,1.0);
#15856=DIRECTION('',(-0.926660331863018,0,-0.37589975971197614));
#15857=DIRECTION('',(0.8586370753188537,0,0.5125840154432102));
#15858=DIRECTION('',(0.7730110115617882,0,-0.6343926039955234));
#15859=FACE_SURFACE('',(#15864),#15860,.T.);
#15860=PLANE('',#15861);
#15861=AXIS2_PLACEMENT_3D('',#692,#15862,#15863);
#15862=DIRECTION('',(0,1,0));
#15863=DIRECTION('',(-0.8586370753188537,0,-0.5125840154432102));
#15864=FACE_BOUND('',#15865,.T.);
#15865=EDGE_LOOP('',(#15866,#15867,#15868));
#15866=ORIENTED_EDGE('',*,*,#15869,.T.);
#15867=ORIENTED_EDGE('',*,*,#15870,.T.);
#15868=ORIENTED_EDGE('',*,*,#15871,.T.);
#15869=EDGE_CURVE('',#693,#717,#15872,.F.);
#15870=EDGE_CURVE('',#717,#719,#15873,.T.);
#15871=EDGE_CURVE('',#719,#693,#15874,.T.);
#15872=LINE('',#692,#15875);
#15873=LINE('',#716,#15876);
#15874=LINE('',#718,#15877);
#15875=VECTOR('',#15878,1.0);
#15876=VECTOR('',#15879,1.0);
#15877=VECTOR('',#15880,1.0);
#15878=DIRECTION('',(-0.8586370753188537,0,-0.5125840154432102));
#15879=DIRECTION('',(-0.9200904330423563,0,0.3917060058563429));
#15880=DIRECTION('',(0.9269390512841081,0,0.3752119337181557));
#15881=FACE_SURFACE('',(#15886),#15882,.T.);
#15882=PLANE('',#15883);
#15883=AXIS2_PLACEMENT_3D('',#692,#15884,#15885);
#15884=DIRECTION('',(0,1,0));
#15885=DIRECTION('',(-0.9269390512841081,0,-0.3752119337181557));
#15886=FACE_BOUND('',#15887,.T.);
#15887=EDGE_LOOP('',(#15888,#15889,#15890));
#15888=ORIENTED_EDGE('',*,*,#15891,.T.);
#15889=ORIENTED_EDGE('',*,*,#15892,.T.);
#15890=ORIENTED_EDGE('',*,*,#15893,.T.);
#15891=EDGE_CURVE('',#693,#719,#15894,.F.);
#15892=EDGE_CURVE('',#719,#691,#15895,.T.);
#15893=EDGE_CURVE('',#691,#693,#15896,.T.);
#15894=LINE('',#692,#15897);
#15895=LINE('',#718,#15898);
#15896=LINE('',#690,#15899);
#15897=VECTOR('',#15900,1.0);
#15898=VECTOR('',#15901,1.0);
#15899=VECTOR('',#15902,1.0);
#15900=DIRECTION('',(-0.9269390512841081,0,-0.3752119337181557));
#15901=DIRECTION('',(0.8712032377321911,0,0.49092251788336944));
#15902=DIRECTION('',(0.8819204435423637,0,-0.4713982724427834));
#15903=FACE_SURFACE('',(#15908),#15904,.T.);
#15904=PLANE('',#15905);
#15905=AXIS2_PLACEMENT_3D('',#690,#15906,#15907);
#15906=DIRECTION('',(0,1,0));
#15907=DIRECTION('',(-0.8712032377321911,0,-0.49092251788336944));
#15908=FACE_BOUND('',#15909,.T.);
#15909=EDGE_LOOP('',(#15910,#15911,#15912));
#15910=ORIENTED_EDGE('',*,*,#15913,.T.);
#15911=ORIENTED_EDGE('',*,*,#15914,.T.);
#15912=ORIENTED_EDGE('',*,*,#15915,.T.);
#15913=EDGE_CURVE('',#691,#719,#15916,.F.);
#15914=EDGE_CURVE('',#719,#689,#15917,.T.);
#15915=EDGE_CURVE('',#689,#691,#15918,.T.);
#15916=LINE('',#690,#15919);
#15917=LINE('',#718,#15920);
#15918=LINE('',#688,#15921);
#15919=VECTOR('',#15922,1.0);
#15920=VECTOR('',#15923,1.0);
#15921=VECTOR('',#15924,1.0);
#15922=DIRECTION('',(-0.8712032377321911,0,-0.49092251788336944));
#15923=DIRECTION('',(0.7968871969513321,0,0.6041281282435447));
#15924=DIRECTION('',(0.9569395445527296,0,-0.2902872854108747));
#15925=FACE_SURFACE('',(#15930),#15926,.T.);
#15926=PLANE('',#15927);
#15927=AXIS2_PLACEMENT_3D('',#688,#15928,#15929);
#15928=DIRECTION('',(0,1,0));
#15929=DIRECTION('',(-0.7968871969513321,0,-0.6041281282435447));
#15930=FACE_BOUND('',#15931,.T.);
#15931=EDGE_LOOP('',(#15932,#15933,#15934));
#15932=ORIENTED_EDGE('',*,*,#15935,.T.);
#15933=ORIENTED_EDGE('',*,*,#15936,.T.);
#15934=ORIENTED_EDGE('',*,*,#15937,.T.);
#15935=EDGE_CURVE('',#689,#719,#15938,.F.);
#15936=EDGE_CURVE('',#719,#687,#15939,.T.);
#15937=EDGE_CURVE('',#687,#689,#15940,.T.);
#15938=LINE('',#688,#15941);
#15939=LINE('',#718,#15942);
#15940=LINE('',#686,#15943);
#15941=VECTOR('',#15944,1.0);
#15942=VECTOR('',#15945,1.0);
#15943=VECTOR('',#15946,1.0);
#15944=DIRECTION('',(-0.7968871969513321,0,-0.6041281282435447));
#15945=DIRECTION('',(0.7004128041407168,0,0.7137379797907197));
#15946=DIRECTION('',(0.9951847556247051,0,-0.098016846369367));
#15947=FACE_SURFACE('',(#15952),#15948,.T.);
#15948=PLANE('',#15949);
#15949=AXIS2_PLACEMENT_3D('',#686,#15950,#15951);
#15950=DIRECTION('',(0,1,0));
#15951=DIRECTION('',(-0.7004128041407168,0,-0.7137379797907197));
#15952=FACE_BOUND('',#15953,.T.);
#15953=EDGE_LOOP('',(#15954,#15955,#15956));
#15954=ORIENTED_EDGE('',*,*,#15957,.T.);
#15955=ORIENTED_EDGE('',*,*,#15958,.T.);
#15956=ORIENTED_EDGE('',*,*,#15959,.T.);
#15957=EDGE_CURVE('',#687,#719,#15960,.F.);
#15958=EDGE_CURVE('',#719,#721,#15961,.T.);
#15959=EDGE_CURVE('',#721,#687,#15962,.T.);
#15960=LINE('',#686,#15963);
#15961=LINE('',#718,#15964);
#15962=LINE('',#720,#15965);
#15963=VECTOR('',#15966,1.0);
#15964=VECTOR('',#15967,1.0);
#15965=VECTOR('',#15968,1.0);
#15966=DIRECTION('',(-0.7004128041407168,0,-0.7137379797907197));
#15967=DIRECTION('',(-0.9696960120730662,0,0.24431464174214346));
#15968=DIRECTION('',(0.828513135881635,0,0.5599696274545428));
#15969=FACE_SURFACE('',(#15974),#15970,.T.);
#15970=PLANE('',#15971);
#15971=AXIS2_PLACEMENT_3D('',#686,#15972,#15973);
#15972=DIRECTION('',(0,1,0));
#15973=DIRECTION('',(-0.828513135881635,0,-0.5599696274545428));
#15974=FACE_BOUND('',#15975,.T.);
#15975=EDGE_LOOP('',(#15976,#15977,#15978));
#15976=ORIENTED_EDGE('',*,*,#15979,.T.);
#15977=ORIENTED_EDGE('',*,*,#15980,.T.);
#15978=ORIENTED_EDGE('',*,*,#15981,.T.);
#15979=EDGE_CURVE('',#687,#721,#15982,.F.);
#15980=EDGE_CURVE('',#721,#491,#15983,.T.);
#15981=EDGE_CURVE('',#491,#687,#15984,.T.);
#15982=LINE('',#686,#15985);
#15983=LINE('',#720,#15986);
#15984=LINE('',#490,#15987);
#15985=VECTOR('',#15988,1.0);
#15986=VECTOR('',#15989,1.0);
#15987=VECTOR('',#15990,1.0);
#15988=DIRECTION('',(-0.828513135881635,0,-0.5599696274545428));
#15989=DIRECTION('',(-0.995850467817345,0,0.09100464684825298));
#15990=DIRECTION('',(0.8910823131710627,0,0.4538417247826692));
#15991=FACE_SURFACE('',(#15996),#15992,.T.);
#15992=PLANE('',#15993);
#15993=AXIS2_PLACEMENT_3D('',#682,#15994,#15995);
#15994=DIRECTION('',(-0,1,0));
#15995=DIRECTION('',(0.9951846533445486,0,0.09801788483481136));
#15996=FACE_BOUND('',#15997,.T.);
#15997=EDGE_LOOP('',(#15998,#15999,#16000));
#15998=ORIENTED_EDGE('',*,*,#16001,.T.);
#15999=ORIENTED_EDGE('',*,*,#16002,.T.);
#16000=ORIENTED_EDGE('',*,*,#16003,.T.);
#16001=EDGE_CURVE('',#683,#685,#16004,.F.);
#16002=EDGE_CURVE('',#685,#639,#16005,.T.);
#16003=EDGE_CURVE('',#639,#683,#16006,.T.);
#16004=LINE('',#682,#16007);
#16005=LINE('',#684,#16008);
#16006=LINE('',#638,#16009);
#16007=VECTOR('',#16010,1.0);
#16008=VECTOR('',#16011,1.0);
#16009=VECTOR('',#16012,1.0);
#16010=DIRECTION('',(0.9951846533445486,0,0.09801788483481136));
#16011=DIRECTION('',(0.4065597726422614,0,-0.9136241849190906));
#16012=DIRECTION('',(-0.6259432917277952,0,0.7798685758132405));
#16013=FACE_SURFACE('',(#16018),#16014,.T.);
#16014=PLANE('',#16015);
#16015=AXIS2_PLACEMENT_3D('',#684,#16016,#16017);
#16016=DIRECTION('',(-0,1,0));
#16017=DIRECTION('',(1,0,0));
#16018=FACE_BOUND('',#16019,.T.);
#16019=EDGE_LOOP('',(#16020,#16021,#16022));
#16020=ORIENTED_EDGE('',*,*,#16023,.T.);
#16021=ORIENTED_EDGE('',*,*,#16024,.T.);
#16022=ORIENTED_EDGE('',*,*,#16025,.T.);
#16023=EDGE_CURVE('',#685,#687,#16026,.F.);
#16024=EDGE_CURVE('',#687,#491,#16027,.T.);
#16025=EDGE_CURVE('',#491,#685,#16028,.T.);
#16026=LINE('',#684,#16029);
#16027=LINE('',#686,#16030);
#16028=LINE('',#490,#16031);
#16029=VECTOR('',#16032,1.0);
#16030=VECTOR('',#16033,1.0);
#16031=VECTOR('',#16034,1.0);
#16032=DIRECTION('',(1,0,0));
#16033=DIRECTION('',(-0.8910823131710627,0,-0.4538417247826692));
#16034=DIRECTION('',(-0.9995055140334154,0,0.031444036267599104));
ENDSEC;
END-ISO-10303-21;
