ISO-10303-21;
HEADER;
FILE_DESCRIPTION((''),'2;1');
FILE_NAME('Part C', '2026-05-13T13:07:15', (''), (''), 'ImageToStl.com STEP Converter','', '');
FILE_SCHEMA(('AUTOMOTIVE_DESIGN_CC2'));
ENDSEC;
DATA;
#1=PRODUCT_DEFINITION_CONTEXT('',#4,'design');
#2=APPLICATION_PROTOCOL_DEFINITION('INTERNATIONAL STANDARD','automotive_design',1994,#4);
#3=(GEOMETRIC_REPRESENTATION_CONTEXT(3)GLOBAL_UNCERTAINTY_ASSIGNED_CONTEXT((#5))GLOBAL_UNIT_ASSIGNED_CONTEXT((#6,#7,#8))REPRESENTATION_CONTEXT('NONE','WORKSPACE'));
#4=APPLICATION_CONTEXT(' ');
#5=UNCERTAINTY_MEASURE_WITH_UNIT(LENGTH_MEASURE(1.0E-006),#6,'','');
#6=(CONVERSION_BASED_UNIT('METRE',#10)LENGTH_UNIT()NAMED_UNIT(#11));
#7=(NAMED_UNIT(#12)PLANE_ANGLE_UNIT()SI_UNIT($,.RADIAN.));
#8=(NAMED_UNIT(#12)SOLID_ANGLE_UNIT()SI_UNIT($,.STERADIAN.));
#9=AXIS2_PLACEMENT_3D('',#14,#15,#16);
#10=LENGTH_MEASURE_WITH_UNIT(LENGTH_MEASURE(1.0),#17);
#11=DIMENSIONAL_EXPONENTS(1.0,0.0,0.0,0.0,0.0,0.0,0.0);
#12=DIMENSIONAL_EXPONENTS(0.0,0.0,0.0,0.0,0.0,0.0,0.0);
#13=PRODUCT_CONTEXT('',#4,'mechanical');
#14=CARTESIAN_POINT('',(0.0,0.0,0.0));
#15=DIRECTION('',(0.0,0.0,1.0));
#16=DIRECTION('',(1.0,0.0,0.0));
#17=(NAMED_UNIT(#11)LENGTH_UNIT()SI_UNIT(.MILLI.,.METRE.));
#18=PRESENTATION_STYLE_ASSIGNMENT((#19));
#19=SURFACE_STYLE_USAGE(.BOTH.,#20);
#20=SURFACE_SIDE_STYLE('',(#21));
#21=SURFACE_STYLE_FILL_AREA(#22);
#22=FILL_AREA_STYLE('',(#23));
#23=FILL_AREA_STYLE_COLOUR('',#24);
#24=COLOUR_RGB('',0.62745,0.62745,0.62745);
#25=PRESENTATION_STYLE_ASSIGNMENT((#26));
#26=SURFACE_STYLE_USAGE(.BOTH.,#27);
#27=SURFACE_SIDE_STYLE('',(#28));
#28=SURFACE_STYLE_FILL_AREA(#29);
#29=FILL_AREA_STYLE('',(#30));
#30=FILL_AREA_STYLE_COLOUR('',#31);
#31=COLOUR_RGB('',0.59608,0.59608,0.59608);
#32=SHAPE_DEFINITION_REPRESENTATION(#33,#34);
#33=PRODUCT_DEFINITION_SHAPE('productshape0','',#37);
#34=MANIFOLD_SURFACE_SHAPE_REPRESENTATION('',(#35,#9),#3);
#35=SHELL_BASED_SURFACE_MODEL('shell0',(#39));
#36=PRODUCT('product0','','',(#13));
#37=PRODUCT_DEFINITION('mesh0','',#38,#2);
#38=PRODUCT_DEFINITION_FORMATION_WITH_SPECIFIED_SOURCE('prodsource0','',#36,.NOT_KNOWN.);
#39=CLOSED_SHELL('',(#869,#891,#913,#935,#957,#979,#1001,#1023,#1045,#1067,#1089,#1111,#1133,#1155,#1177,#1199,#1221,#1243,#1265,#1287,#1309,#1331,#1353,#1375,#1397,#1419,#1441,#1463,#1485,#1507,#1529,#1551,#1573,#1595,#1617,#1639,#1661,#1683,#1705,#1727,#1749,#1771,#1793,#1815,#1837,#1859,#1881,#1903,#1925,#1947,#1969,#1991,#2013,#2035,#2057,#2079,#2101,#2123,#2145,#2167,#2189,#2211,#2233,#2255,#2277,#2299,#2321,#2343,#2365,#2387,#2409,#2431,#2453,#2475,#2497,#2519,#2541,#2563,#2585,#2607,#2629,#2651,#2673,#2695,#2717,#2739,#2761,#2783,#2805,#2827,#2849,#2871,#2893,#2915,#2937,#2959,#2981,#3003,#3025,#3047,#3069,#3091,#3113,#3135,#3157,#3179,#3201,#3223,#3245,#3267,#3289,#3311,#3333,#3355,#3377,#3399,#3421,#3443,#3465,#3487,#3509,#3531,#3553,#3575,#3597,#3619,#3641,#3663,#3685,#3707,#3729,#3751,#3773,#3795,#3817,#3839,#3861,#3883,#3905,#3927,#3949,#3971,#3993,#4015,#4037,#4059,#4081,#4103,#4125,#4147,#4169,#4191,#4213,#4235,#4257,#4279,#4301,#4323,#4345,#4367,#4389,#4411,#4433,#4455,#4477,#4499,#4521,#4543,#4565,#4587,#4609,#4631,#4653,#4675,#4697,#4719,#4741,#4763,#4785,#4807,#4829,#4851,#4873,#4895,#4917,#4939,#4961,#4983,#5005,#5027,#5049,#5071,#5093,#5115,#5137,#5159,#5181,#5203,#5225,#5247,#5269,#5291,#5313,#5335,#5357,#5379,#5401,#5423,#5445,#5467,#5489,#5511,#5533,#5555,#5577,#5599,#5621,#5643,#5665,#5687,#5709,#5731,#5753,#5775,#5797,#5819,#5841,#5863,#5885,#5907,#5929,#5951,#5973,#5995,#6017,#6039,#6061,#6083,#6105,#6127,#6149,#6171,#6193,#6215,#6237,#6259,#6281,#6303,#6325,#6347,#6369,#6391,#6413,#6435,#6457,#6479,#6501,#6523,#6545,#6567,#6589,#6611,#6633,#6655,#6677,#6699,#6721,#6743,#6765,#6787,#6809,#6831,#6853,#6875,#6897,#6919,#6941,#6963,#6985,#7007,#7029,#7051,#7073,#7095,#7117,#7139,#7161,#7183,#7205,#7227,#7249,#7271,#7293,#7315,#7337,#7359,#7381,#7403,#7425,#7447,#7469,#7491,#7513,#7535,#7557,#7579,#7601,#7623,#7645,#7667,#7689,#7711,#7733,#7755,#7777,#7799,#7821,#7843,#7865,#7887,#7909,#7931,#7953,#7975,#7997,#8019,#8041,#8063,#8085,#8107,#8129,#8151,#8173,#8195,#8217,#8239,#8261,#8283,#8305,#8327,#8349,#8371,#8393,#8415,#8437,#8459,#8481,#8503,#8525,#8547,#8569,#8591,#8613,#8635,#8657,#8679,#8701,#8723,#8745,#8767,#8789,#8811,#8833,#8855,#8877,#8899,#8921,#8943,#8965,#8987,#9009,#9031,#9053,#9075,#9097,#9119,#9141,#9163,#9185,#9207,#9229,#9251,#9273,#9295,#9317,#9339,#9361,#9383,#9405,#9427,#9449,#9471,#9493,#9515,#9537,#9559,#9581,#9603,#9625,#9647,#9669,#9691,#9713,#9735,#9757,#9779,#9801,#9823,#9845,#9867,#9889,#9911,#9933,#9955,#9977,#9999,#10021,#10043,#10065,#10087,#10109,#10131,#10153,#10175,#10197,#10219,#10241,#10263,#10285,#10307,#10329,#10351,#10373,#10395,#10417,#10439,#10461,#10483,#10505,#10527,#10549,#10571,#10593,#10615,#10637,#10659,#10681,#10703,#10725,#10747,#10769,#10791,#10813,#10835,#10857,#10879,#10901,#10923,#10945,#10967,#10989,#11011,#11033,#11055,#11077,#11099,#11121,#11143,#11165,#11187,#11209,#11231,#11253,#11275,#11297,#11319,#11341,#11363,#11385,#11407,#11429,#11451,#11473,#11495,#11517,#11539,#11561,#11583,#11605,#11627,#11649,#11671,#11693,#11715,#11737,#11759,#11781,#11803,#11825,#11847,#11869,#11891,#11913,#11935,#11957,#11979,#12001,#12023,#12045,#12067,#12089,#12111,#12133,#12155,#12177,#12199,#12221,#12243,#12265,#12287,#12309,#12331,#12353,#12375,#12397,#12419,#12441,#12463,#12485,#12507,#12529,#12551,#12573,#12595,#12617,#12639,#12661,#12683,#12705,#12727,#12749,#12771,#12793,#12815,#12837,#12859,#12881,#12903,#12925,#12947,#12969,#12991,#13013,#13035,#13057,#13079,#13101,#13123,#13145,#13167,#13189,#13211,#13233,#13255,#13277,#13299,#13321,#13343,#13365,#13387,#13409,#13431,#13453,#13475,#13497,#13519,#13541,#13563,#13585,#13607,#13629,#13651,#13673,#13695,#13717,#13739,#13761,#13783,#13805,#13827,#13849,#13871,#13893,#13915,#13937,#13959,#13981,#14003,#14025,#14047,#14069,#14091,#14113,#14135,#14157,#14179,#14201,#14223,#14245,#14267,#14289,#14311,#14333,#14355,#14377,#14399,#14421,#14443,#14465,#14487,#14509,#14531,#14553,#14575,#14597,#14619,#14641,#14663,#14685,#14707,#14729,#14751,#14773,#14795,#14817,#14839,#14861,#14883,#14905,#14927,#14949,#14971,#14993,#15015,#15037,#15059,#15081,#15103,#15125,#15147,#15169,#15191,#15213,#15235,#15257,#15279,#15301,#15323,#15345,#15367,#15389,#15411,#15433,#15455,#15477,#15499,#15521,#15543,#15565,#15587,#15609,#15631,#15653,#15675,#15697,#15719,#15741,#15763,#15785,#15807,#15829,#15851,#15873,#15895,#15917,#15939,#15961,#15983,#16005,#16027,#16049,#16071,#16093,#16115,#16137,#16159,#16181,#16203,#16225,#16247,#16269,#16291,#16313,#16335,#16357,#16379,#16401,#16423,#16445,#16467,#16489,#16511,#16533,#16555,#16577,#16599,#16621,#16643,#16665,#16687,#16709,#16731,#16753,#16775,#16797,#16819,#16841,#16863,#16885,#16907,#16929,#16951,#16973,#16995,#17017,#17039,#17061,#17083,#17105,#17127,#17149,#17171,#17193,#17215,#17237,#17259,#17281,#17303,#17325,#17347,#17369,#17391,#17413,#17435,#17457,#17479,#17501,#17523,#17545,#17567,#17589,#17611,#17633,#17655,#17677,#17699,#17721,#17743,#17765,#17787,#17809,#17831,#17853,#17875,#17897,#17919,#17941,#17963,#17985,#18007,#18029,#18051,#18073,#18095,#18117,#18139,#18161,#18183,#18205,#18227,#18249,#18271,#18293,#18315,#18337,#18359,#18381,#18403,#18425,#18447,#18469,#18491,#18513,#18535,#18557,#18579,#18601,#18623,#18645,#18667,#18689,#18711,#18733,#18755,#18777,#18799,#18821,#18843,#18865,#18887,#18909,#18931,#18953,#18975,#18997,#19019,#19041,#19063,#19085,#19107,#19129,#19151,#19173,#19195,#19217,#19239,#19261,#19283,#19305,#19327,#19349,#19371,#19393,#19415,#19437,#19459,#19481,#19503,#19525,#19547,#19569,#19591));
#40=CARTESIAN_POINT('',(-13.640681266784668,18,-24.664958953857422));
#41=VERTEX_POINT('',#40);
#42=CARTESIAN_POINT('',(-13.600000381469727,18,-25));
#43=VERTEX_POINT('',#42);
#44=CARTESIAN_POINT('',(13.600000381469727,18,-25));
#45=VERTEX_POINT('',#44);
#46=CARTESIAN_POINT('',(-13.640681266784668,18,-25.33504295349121));
#47=VERTEX_POINT('',#46);
#48=CARTESIAN_POINT('',(13.640681266784668,18,-25.33504295349121));
#49=VERTEX_POINT('',#48);
#50=CARTESIAN_POINT('',(-13.760361671447754,18,-25.650611877441406));
#51=VERTEX_POINT('',#50);
#52=CARTESIAN_POINT('',(13.760361671447754,18,-25.650611877441406));
#53=VERTEX_POINT('',#52);
#54=CARTESIAN_POINT('',(-13.952085494995117,18,-25.92837142944336));
#55=VERTEX_POINT('',#54);
#56=CARTESIAN_POINT('',(13.952085494995117,18,-25.92837142944336));
#57=VERTEX_POINT('',#56);
#58=CARTESIAN_POINT('',(14.204710006713867,18,-26.152177810668945));
#59=VERTEX_POINT('',#58);
#60=CARTESIAN_POINT('',(-14.204710006713867,18,-26.152177810668945));
#61=VERTEX_POINT('',#60);
#62=CARTESIAN_POINT('',(-20,18,-32.5));
#63=VERTEX_POINT('',#62);
#64=CARTESIAN_POINT('',(-14.50355339050293,18,-26.309022903442383));
#65=VERTEX_POINT('',#64);
#66=CARTESIAN_POINT('',(-14.831249237060547,18,-26.389793395996094));
#67=VERTEX_POINT('',#66);
#68=CARTESIAN_POINT('',(-15.16875171661377,18,-26.389793395996094));
#69=VERTEX_POINT('',#68);
#70=CARTESIAN_POINT('',(-15.49644660949707,18,-26.309022903442383));
#71=VERTEX_POINT('',#70);
#72=CARTESIAN_POINT('',(-15.79529094696045,18,-26.152177810668945));
#73=VERTEX_POINT('',#72);
#74=CARTESIAN_POINT('',(-16.047914505004883,18,-25.92837142944336));
#75=VERTEX_POINT('',#74);
#76=CARTESIAN_POINT('',(-16.239639282226562,18,-25.650611877441406));
#77=VERTEX_POINT('',#76);
#78=CARTESIAN_POINT('',(-16.35931968688965,18,-25.33504295349121));
#79=VERTEX_POINT('',#78);
#80=CARTESIAN_POINT('',(-16.399999618530273,18,-25));
#81=VERTEX_POINT('',#80);
#82=CARTESIAN_POINT('',(-16.35931968688965,18,-24.664958953857422));
#83=VERTEX_POINT('',#82);
#84=CARTESIAN_POINT('',(-20,18,8));
#85=VERTEX_POINT('',#84);
#86=CARTESIAN_POINT('',(-16.239639282226562,18,-24.349388122558594));
#87=VERTEX_POINT('',#86);
#88=CARTESIAN_POINT('',(-16.047914505004883,18,-24.07162857055664));
#89=VERTEX_POINT('',#88);
#90=CARTESIAN_POINT('',(-15.79529094696045,18,-23.847822189331055));
#91=VERTEX_POINT('',#90);
#92=CARTESIAN_POINT('',(-15.79529094696045,18,3.847822666168213));
#93=VERTEX_POINT('',#92);
#94=CARTESIAN_POINT('',(-16.047914505004883,18,4.071628570556641));
#95=VERTEX_POINT('',#94);
#96=CARTESIAN_POINT('',(-16.239639282226562,18,4.3493876457214355));
#97=VERTEX_POINT('',#96);
#98=CARTESIAN_POINT('',(-16.35931968688965,18,4.6649580001831055));
#99=VERTEX_POINT('',#98);
#100=CARTESIAN_POINT('',(-15.49644660949707,18,3.6909773349761963));
#101=VERTEX_POINT('',#100);
#102=CARTESIAN_POINT('',(-15.49644660949707,18,-23.690977096557617));
#103=VERTEX_POINT('',#102);
#104=CARTESIAN_POINT('',(-15.16875171661377,18,3.6102075576782227));
#105=VERTEX_POINT('',#104);
#106=CARTESIAN_POINT('',(-15.16875171661377,18,-23.61020851135254));
#107=VERTEX_POINT('',#106);
#108=CARTESIAN_POINT('',(-14.831249237060547,18,3.6102075576782227));
#109=VERTEX_POINT('',#108);
#110=CARTESIAN_POINT('',(-14.831249237060547,18,-23.61020851135254));
#111=VERTEX_POINT('',#110);
#112=CARTESIAN_POINT('',(-14.50355339050293,18,3.6909773349761963));
#113=VERTEX_POINT('',#112);
#114=CARTESIAN_POINT('',(-14.50355339050293,18,-23.690977096557617));
#115=VERTEX_POINT('',#114);
#116=CARTESIAN_POINT('',(-14.204710006713867,18,3.847822666168213));
#117=VERTEX_POINT('',#116);
#118=CARTESIAN_POINT('',(-14.204710006713867,18,-23.847822189331055));
#119=VERTEX_POINT('',#118);
#120=CARTESIAN_POINT('',(-13.952085494995117,18,4.071628570556641));
#121=VERTEX_POINT('',#120);
#122=CARTESIAN_POINT('',(-13.952085494995117,18,-24.07162857055664));
#123=VERTEX_POINT('',#122);
#124=CARTESIAN_POINT('',(13.952085494995117,18,4.071628570556641));
#125=VERTEX_POINT('',#124);
#126=CARTESIAN_POINT('',(13.952085494995117,18,-24.07162857055664));
#127=VERTEX_POINT('',#126);
#128=CARTESIAN_POINT('',(14.204710006713867,18,3.847822666168213));
#129=VERTEX_POINT('',#128);
#130=CARTESIAN_POINT('',(14.204710006713867,18,-23.847822189331055));
#131=VERTEX_POINT('',#130);
#132=CARTESIAN_POINT('',(14.50355339050293,18,3.6909773349761963));
#133=VERTEX_POINT('',#132);
#134=CARTESIAN_POINT('',(14.50355339050293,18,-23.690977096557617));
#135=VERTEX_POINT('',#134);
#136=CARTESIAN_POINT('',(14.831249237060547,18,3.6102075576782227));
#137=VERTEX_POINT('',#136);
#138=CARTESIAN_POINT('',(14.831249237060547,18,-23.61020851135254));
#139=VERTEX_POINT('',#138);
#140=CARTESIAN_POINT('',(15.16875171661377,18,3.6102075576782227));
#141=VERTEX_POINT('',#140);
#142=CARTESIAN_POINT('',(15.16875171661377,18,-23.61020851135254));
#143=VERTEX_POINT('',#142);
#144=CARTESIAN_POINT('',(15.49644660949707,18,3.6909773349761963));
#145=VERTEX_POINT('',#144);
#146=CARTESIAN_POINT('',(15.49644660949707,18,-23.690977096557617));
#147=VERTEX_POINT('',#146);
#148=CARTESIAN_POINT('',(15.79529094696045,18,3.847822666168213));
#149=VERTEX_POINT('',#148);
#150=CARTESIAN_POINT('',(15.79529094696045,18,-23.847822189331055));
#151=VERTEX_POINT('',#150);
#152=CARTESIAN_POINT('',(16.047914505004883,18,4.071628570556641));
#153=VERTEX_POINT('',#152);
#154=CARTESIAN_POINT('',(16.047914505004883,18,-24.07162857055664));
#155=VERTEX_POINT('',#154);
#156=CARTESIAN_POINT('',(16.239639282226562,18,4.3493876457214355));
#157=VERTEX_POINT('',#156);
#158=CARTESIAN_POINT('',(16.239639282226562,18,-24.349388122558594));
#159=VERTEX_POINT('',#158);
#160=CARTESIAN_POINT('',(20,18,10));
#161=VERTEX_POINT('',#160);
#162=CARTESIAN_POINT('',(16.35931968688965,18,-24.664958953857422));
#163=VERTEX_POINT('',#162);
#164=CARTESIAN_POINT('',(20,18,-32.5));
#165=VERTEX_POINT('',#164);
#166=CARTESIAN_POINT('',(16.399999618530273,18,-25));
#167=VERTEX_POINT('',#166);
#168=CARTESIAN_POINT('',(16.35931968688965,18,-25.33504295349121));
#169=VERTEX_POINT('',#168);
#170=CARTESIAN_POINT('',(13.760361671447754,18,-24.349388122558594));
#171=VERTEX_POINT('',#170);
#172=CARTESIAN_POINT('',(-13.760361671447754,18,-24.349388122558594));
#173=VERTEX_POINT('',#172);
#174=CARTESIAN_POINT('',(13.640681266784668,18,-24.664958953857422));
#175=VERTEX_POINT('',#174);
#176=CARTESIAN_POINT('',(16.35931968688965,18,5.3350419998168945));
#177=VERTEX_POINT('',#176);
#178=CARTESIAN_POINT('',(16.399999618530273,18,5));
#179=VERTEX_POINT('',#178);
#180=CARTESIAN_POINT('',(16.35931968688965,18,4.6649580001831055));
#181=VERTEX_POINT('',#180);
#182=CARTESIAN_POINT('',(13.760361671447754,18,4.3493876457214355));
#183=VERTEX_POINT('',#182);
#184=CARTESIAN_POINT('',(-13.760361671447754,18,4.3493876457214355));
#185=VERTEX_POINT('',#184);
#186=CARTESIAN_POINT('',(13.640681266784668,18,4.6649580001831055));
#187=VERTEX_POINT('',#186);
#188=CARTESIAN_POINT('',(-13.640681266784668,18,4.6649580001831055));
#189=VERTEX_POINT('',#188);
#190=CARTESIAN_POINT('',(13.600000381469727,18,5));
#191=VERTEX_POINT('',#190);
#192=CARTESIAN_POINT('',(-13.600000381469727,18,5));
#193=VERTEX_POINT('',#192);
#194=CARTESIAN_POINT('',(-13.640681266784668,18,5.3350419998168945));
#195=VERTEX_POINT('',#194);
#196=CARTESIAN_POINT('',(13.640681266784668,18,5.3350419998168945));
#197=VERTEX_POINT('',#196);
#198=CARTESIAN_POINT('',(-13.760361671447754,18,5.6506123542785645));
#199=VERTEX_POINT('',#198);
#200=CARTESIAN_POINT('',(13.760361671447754,18,5.6506123542785645));
#201=VERTEX_POINT('',#200);
#202=CARTESIAN_POINT('',(-13.952085494995117,18,5.928371906280518));
#203=VERTEX_POINT('',#202);
#204=CARTESIAN_POINT('',(13.952085494995117,18,5.928371906280518));
#205=VERTEX_POINT('',#204);
#206=CARTESIAN_POINT('',(-14.204710006713867,18,6.152177333831787));
#207=VERTEX_POINT('',#206);
#208=CARTESIAN_POINT('',(14.204710006713867,18,6.152177333831787));
#209=VERTEX_POINT('',#208);
#210=CARTESIAN_POINT('',(14.50355339050293,18,6.309022903442383));
#211=VERTEX_POINT('',#210);
#212=CARTESIAN_POINT('',(14.831249237060547,18,6.389792442321777));
#213=VERTEX_POINT('',#212);
#214=CARTESIAN_POINT('',(-14.50355339050293,18,6.309022903442383));
#215=VERTEX_POINT('',#214);
#216=CARTESIAN_POINT('',(15.16875171661377,18,6.389792442321777));
#217=VERTEX_POINT('',#216);
#218=CARTESIAN_POINT('',(15.49644660949707,18,6.309022903442383));
#219=VERTEX_POINT('',#218);
#220=CARTESIAN_POINT('',(15.79529094696045,18,6.152177333831787));
#221=VERTEX_POINT('',#220);
#222=CARTESIAN_POINT('',(16.047914505004883,18,5.928371906280518));
#223=VERTEX_POINT('',#222);
#224=CARTESIAN_POINT('',(16.239639282226562,18,5.6506123542785645));
#225=VERTEX_POINT('',#224);
#226=CARTESIAN_POINT('',(16.239639282226562,18,-25.650611877441406));
#227=VERTEX_POINT('',#226);
#228=CARTESIAN_POINT('',(16.047914505004883,18,-25.92837142944336));
#229=VERTEX_POINT('',#228);
#230=CARTESIAN_POINT('',(15.79529094696045,18,-26.152177810668945));
#231=VERTEX_POINT('',#230);
#232=CARTESIAN_POINT('',(15.49644660949707,18,-26.309022903442383));
#233=VERTEX_POINT('',#232);
#234=CARTESIAN_POINT('',(15.16875171661377,18,-26.389793395996094));
#235=VERTEX_POINT('',#234);
#236=CARTESIAN_POINT('',(14.831249237060547,18,-26.389793395996094));
#237=VERTEX_POINT('',#236);
#238=CARTESIAN_POINT('',(14.50355339050293,18,-26.309022903442383));
#239=VERTEX_POINT('',#238);
#240=CARTESIAN_POINT('',(-16.399999618530273,18,5));
#241=VERTEX_POINT('',#240);
#242=CARTESIAN_POINT('',(-16.35931968688965,18,5.3350419998168945));
#243=VERTEX_POINT('',#242);
#244=CARTESIAN_POINT('',(-16.239639282226562,18,5.6506123542785645));
#245=VERTEX_POINT('',#244);
#246=CARTESIAN_POINT('',(-16.047914505004883,18,5.928371906280518));
#247=VERTEX_POINT('',#246);
#248=CARTESIAN_POINT('',(-15.79529094696045,18,6.152177333831787));
#249=VERTEX_POINT('',#248);
#250=CARTESIAN_POINT('',(-20.010377883911133,18,10));
#251=VERTEX_POINT('',#250);
#252=CARTESIAN_POINT('',(-15.49644660949707,18,6.309022903442383));
#253=VERTEX_POINT('',#252);
#254=CARTESIAN_POINT('',(-15.16875171661377,18,6.389792442321777));
#255=VERTEX_POINT('',#254);
#256=CARTESIAN_POINT('',(-14.831249237060547,18,6.389792442321777));
#257=VERTEX_POINT('',#256);
#258=CARTESIAN_POINT('',(-20.010377883911133,18,8));
#259=VERTEX_POINT('',#258);
#260=CARTESIAN_POINT('',(20,53.366127014160156,8));
#261=VERTEX_POINT('',#260);
#262=CARTESIAN_POINT('',(-20,53.366127014160156,8));
#263=VERTEX_POINT('',#262);
#264=CARTESIAN_POINT('',(20,53.67778015136719,8));
#265=VERTEX_POINT('',#264);
#266=CARTESIAN_POINT('',(-20.010377883911133,53.67778015136719,8));
#267=VERTEX_POINT('',#266);
#268=CARTESIAN_POINT('',(-20,51.253047943115234,8));
#269=VERTEX_POINT('',#268);
#270=CARTESIAN_POINT('',(-20,20,8));
#271=VERTEX_POINT('',#270);
#272=CARTESIAN_POINT('',(20,51.253047943115234,8));
#273=VERTEX_POINT('',#272);
#274=CARTESIAN_POINT('',(20,20,8));
#275=VERTEX_POINT('',#274);
#276=CARTESIAN_POINT('',(-20.010377883911133,53.67778015136719,10));
#277=VERTEX_POINT('',#276);
#278=CARTESIAN_POINT('',(20,53.67778015136719,10));
#279=VERTEX_POINT('',#278);
#280=CARTESIAN_POINT('',(20,53.65821075439453,7.754912376403809));
#281=VERTEX_POINT('',#280);
#282=CARTESIAN_POINT('',(20,20,-29.245933532714844));
#283=VERTEX_POINT('',#282);
#284=CARTESIAN_POINT('',(20,20,-32.35737991333008));
#285=VERTEX_POINT('',#284);
#286=CARTESIAN_POINT('',(20,20,-32.5));
#287=VERTEX_POINT('',#286);
#288=CARTESIAN_POINT('',(-13.179802894592285,22.653432846069336,-26.083694458007812));
#289=VERTEX_POINT('',#288);
#290=CARTESIAN_POINT('',(-16.8201961517334,22.653432846069336,-26.083694458007812));
#291=VERTEX_POINT('',#290);
#292=CARTESIAN_POINT('',(-20,20,-29.245933532714844));
#293=VERTEX_POINT('',#292);
#294=CARTESIAN_POINT('',(-16.862804412841797,22.830121994018555,-25.873125076293945));
#295=VERTEX_POINT('',#294);
#296=CARTESIAN_POINT('',(-16.881135940551758,23.009735107421875,-25.65907096862793));
#297=VERTEX_POINT('',#296);
#298=CARTESIAN_POINT('',(-16.874950408935547,23.189929962158203,-25.44432258605957));
#299=VERTEX_POINT('',#298);
#300=CARTESIAN_POINT('',(-16.844329833984375,23.368358612060547,-25.231678009033203));
#301=VERTEX_POINT('',#300);
#302=CARTESIAN_POINT('',(-16.7896728515625,23.54269790649414,-25.023910522460938));
#303=VERTEX_POINT('',#302);
#304=CARTESIAN_POINT('',(-16.711692810058594,23.71067237854004,-24.8237247467041));
#305=VERTEX_POINT('',#304);
#306=CARTESIAN_POINT('',(-16.611404418945312,23.87009620666504,-24.633731842041016));
#307=VERTEX_POINT('',#306);
#308=CARTESIAN_POINT('',(-16.490114212036133,24.018888473510742,-24.45640754699707));
#309=VERTEX_POINT('',#308);
#310=CARTESIAN_POINT('',(-16.34940528869629,24.15511131286621,-24.294063568115234));
#311=VERTEX_POINT('',#310);
#312=CARTESIAN_POINT('',(-16.19110870361328,24.27699089050293,-24.148813247680664));
#313=VERTEX_POINT('',#312);
#314=CARTESIAN_POINT('',(-16.017290115356445,24.382936477661133,-24.022552490234375));
#315=VERTEX_POINT('',#314);
#316=CARTESIAN_POINT('',(-15.830212593078613,24.471569061279297,-23.91692352294922));
#317=VERTEX_POINT('',#316);
#318=CARTESIAN_POINT('',(-15.632315635681152,24.541732788085938,-23.83330726623535));
#319=VERTEX_POINT('',#318);
#320=CARTESIAN_POINT('',(-15.426178932189941,24.592512130737305,-23.772789001464844));
#321=VERTEX_POINT('',#320);
#322=CARTESIAN_POINT('',(-15.214487075805664,24.623249053955078,-23.736160278320312));
#323=VERTEX_POINT('',#322);
#324=CARTESIAN_POINT('',(-15,24.63353729248047,-23.723896026611328));
#325=VERTEX_POINT('',#324);
#326=CARTESIAN_POINT('',(-14.785512924194336,24.623249053955078,-23.736160278320312));
#327=VERTEX_POINT('',#326);
#328=CARTESIAN_POINT('',(-14.573821067810059,24.592512130737305,-23.772789001464844));
#329=VERTEX_POINT('',#328);
#330=CARTESIAN_POINT('',(-14.367684364318848,24.541732788085938,-23.83330726623535));
#331=VERTEX_POINT('',#330);
#332=CARTESIAN_POINT('',(-14.169787406921387,24.471569061279297,-23.91692352294922));
#333=VERTEX_POINT('',#332);
#334=CARTESIAN_POINT('',(-13.982709884643555,24.382936477661133,-24.022552490234375));
#335=VERTEX_POINT('',#334);
#336=CARTESIAN_POINT('',(13.908904075622559,24.526948928833008,-23.85092544555664));
#337=VERTEX_POINT('',#336);
#338=CARTESIAN_POINT('',(-13.808891296386719,24.27699089050293,-24.148813247680664));
#339=VERTEX_POINT('',#338);
#340=CARTESIAN_POINT('',(13.724007606506348,24.41071891784668,-23.989442825317383));
#341=VERTEX_POINT('',#340);
#342=CARTESIAN_POINT('',(-13.650595664978027,24.15511131286621,-24.294063568115234));
#343=VERTEX_POINT('',#342);
#344=CARTESIAN_POINT('',(13.556529998779297,24.277185440063477,-24.14858055114746));
#345=VERTEX_POINT('',#344);
#346=CARTESIAN_POINT('',(-13.509885787963867,24.018888473510742,-24.45640754699707));
#347=VERTEX_POINT('',#346);
#348=CARTESIAN_POINT('',(13.408757209777832,24.128173828125,-24.3261661529541));
#349=VERTEX_POINT('',#348);
#350=CARTESIAN_POINT('',(-13.388596534729004,23.87009620666504,-24.633731842041016));
#351=VERTEX_POINT('',#350);
#352=CARTESIAN_POINT('',(13.282705307006836,23.965715408325195,-24.519777297973633));
#353=VERTEX_POINT('',#352);
#354=CARTESIAN_POINT('',(-13.288308143615723,23.71067237854004,-24.8237247467041));
#355=VERTEX_POINT('',#354);
#356=CARTESIAN_POINT('',(13.180095672607422,23.792030334472656,-24.72676658630371));
#357=VERTEX_POINT('',#356);
#358=CARTESIAN_POINT('',(-13.2103271484375,23.54269790649414,-25.023910522460938));
#359=VERTEX_POINT('',#358);
#360=CARTESIAN_POINT('',(13.102330207824707,23.609487533569336,-24.944313049316406));
#361=VERTEX_POINT('',#360);
#362=CARTESIAN_POINT('',(-13.155670166015625,23.368358612060547,-25.231678009033203));
#363=VERTEX_POINT('',#362);
#364=CARTESIAN_POINT('',(13.050468444824219,23.42057991027832,-25.169445037841797));
#365=VERTEX_POINT('',#364);
#366=CARTESIAN_POINT('',(-13.125049591064453,23.189929962158203,-25.44432258605957));
#367=VERTEX_POINT('',#366);
#368=CARTESIAN_POINT('',(13.025219917297363,23.227886199951172,-25.39908790588379));
#369=VERTEX_POINT('',#368);
#370=CARTESIAN_POINT('',(-13.118864059448242,23.009735107421875,-25.65907096862793));
#371=VERTEX_POINT('',#370);
#372=CARTESIAN_POINT('',(13.026927947998047,23.03403663635254,-25.630109786987305));
#373=VERTEX_POINT('',#372);
#374=CARTESIAN_POINT('',(-13.137194633483887,22.830121994018555,-25.873125076293945));
#375=VERTEX_POINT('',#374);
#376=CARTESIAN_POINT('',(13.055570602416992,22.841676712036133,-25.85935401916504));
#377=VERTEX_POINT('',#376);
#378=CARTESIAN_POINT('',(13.110755920410156,22.653432846069336,-26.083694458007812));
#379=VERTEX_POINT('',#378);
#380=CARTESIAN_POINT('',(14.108694076538086,24.624290466308594,-23.73491859436035));
#381=VERTEX_POINT('',#380);
#382=CARTESIAN_POINT('',(14.32065200805664,24.701414108276367,-23.643007278442383));
#383=VERTEX_POINT('',#382);
#384=CARTESIAN_POINT('',(14.541882514953613,24.757265090942383,-23.576444625854492));
#385=VERTEX_POINT('',#384);
#386=CARTESIAN_POINT('',(14.769367218017578,24.791086196899414,-23.53614044189453));
#387=VERTEX_POINT('',#386);
#388=CARTESIAN_POINT('',(15,24.802410125732422,-23.52264404296875));
#389=VERTEX_POINT('',#388);
#390=CARTESIAN_POINT('',(15.230632781982422,24.791086196899414,-23.53614044189453));
#391=VERTEX_POINT('',#390);
#392=CARTESIAN_POINT('',(15.458117485046387,24.757265090942383,-23.576444625854492));
#393=VERTEX_POINT('',#392);
#394=CARTESIAN_POINT('',(15.679348945617676,24.701414108276367,-23.643007278442383));
#395=VERTEX_POINT('',#394);
#396=CARTESIAN_POINT('',(15.891305923461914,24.624290466308594,-23.73491859436035));
#397=VERTEX_POINT('',#396);
#398=CARTESIAN_POINT('',(16.091096878051758,24.526948928833008,-23.85092544555664));
#399=VERTEX_POINT('',#398);
#400=CARTESIAN_POINT('',(16.27599334716797,24.41071891784668,-23.989442825317383));
#401=VERTEX_POINT('',#400);
#402=CARTESIAN_POINT('',(16.443470001220703,24.277185440063477,-24.14858055114746));
#403=VERTEX_POINT('',#402);
#404=CARTESIAN_POINT('',(16.591243743896484,24.128173828125,-24.3261661529541));
#405=VERTEX_POINT('',#404);
#406=CARTESIAN_POINT('',(16.717294692993164,23.965715408325195,-24.519777297973633));
#407=VERTEX_POINT('',#406);
#408=CARTESIAN_POINT('',(16.819904327392578,23.792030334472656,-24.72676658630371));
#409=VERTEX_POINT('',#408);
#410=CARTESIAN_POINT('',(16.89767074584961,23.609487533569336,-24.944313049316406));
#411=VERTEX_POINT('',#410);
#412=CARTESIAN_POINT('',(16.94953155517578,23.42057991027832,-25.169445037841797));
#413=VERTEX_POINT('',#412);
#414=CARTESIAN_POINT('',(16.974781036376953,23.227886199951172,-25.39908790588379));
#415=VERTEX_POINT('',#414);
#416=CARTESIAN_POINT('',(16.973072052001953,23.03403663635254,-25.630109786987305));
#417=VERTEX_POINT('',#416);
#418=CARTESIAN_POINT('',(16.944429397583008,22.841676712036133,-25.85935401916504));
#419=VERTEX_POINT('',#418);
#420=CARTESIAN_POINT('',(16.889244079589844,22.653432846069336,-26.083694458007812));
#421=VERTEX_POINT('',#420);
#422=CARTESIAN_POINT('',(-20,20,-32.35737991333008));
#423=VERTEX_POINT('',#422);
#424=CARTESIAN_POINT('',(-20,20,-32.5));
#425=VERTEX_POINT('',#424);
#426=CARTESIAN_POINT('',(-20,53.65821075439453,7.754912376403809));
#427=VERTEX_POINT('',#426);
#428=CARTESIAN_POINT('',(14.50355339050293,20,6.309022903442383));
#429=VERTEX_POINT('',#428);
#430=CARTESIAN_POINT('',(-14.50355339050293,20,6.309022903442383));
#431=VERTEX_POINT('',#430);
#432=CARTESIAN_POINT('',(-14.831249237060547,20,6.389792442321777));
#433=VERTEX_POINT('',#432);
#434=CARTESIAN_POINT('',(16.239639282226562,20,-24.349388122558594));
#435=VERTEX_POINT('',#434);
#436=CARTESIAN_POINT('',(16.047914505004883,20,-24.07162857055664));
#437=VERTEX_POINT('',#436);
#438=CARTESIAN_POINT('',(16.047914505004883,20,4.071628570556641));
#439=VERTEX_POINT('',#438);
#440=CARTESIAN_POINT('',(15.79529094696045,20,3.847822666168213));
#441=VERTEX_POINT('',#440);
#442=CARTESIAN_POINT('',(15.79529094696045,20,-23.847822189331055));
#443=VERTEX_POINT('',#442);
#444=CARTESIAN_POINT('',(15.49644660949707,20,3.6909773349761963));
#445=VERTEX_POINT('',#444);
#446=CARTESIAN_POINT('',(15.49644660949707,20,-23.690977096557617));
#447=VERTEX_POINT('',#446);
#448=CARTESIAN_POINT('',(15.16875171661377,20,3.6102075576782227));
#449=VERTEX_POINT('',#448);
#450=CARTESIAN_POINT('',(15.16875171661377,20,-23.61020851135254));
#451=VERTEX_POINT('',#450);
#452=CARTESIAN_POINT('',(14.831249237060547,20,3.6102075576782227));
#453=VERTEX_POINT('',#452);
#454=CARTESIAN_POINT('',(14.831249237060547,20,-23.61020851135254));
#455=VERTEX_POINT('',#454);
#456=CARTESIAN_POINT('',(14.50355339050293,20,3.6909773349761963));
#457=VERTEX_POINT('',#456);
#458=CARTESIAN_POINT('',(14.50355339050293,20,-23.690977096557617));
#459=VERTEX_POINT('',#458);
#460=CARTESIAN_POINT('',(14.204710006713867,20,3.847822666168213));
#461=VERTEX_POINT('',#460);
#462=CARTESIAN_POINT('',(14.204710006713867,20,-23.847822189331055));
#463=VERTEX_POINT('',#462);
#464=CARTESIAN_POINT('',(-14.204710006713867,20,3.847822666168213));
#465=VERTEX_POINT('',#464);
#466=CARTESIAN_POINT('',(-14.204710006713867,20,-23.847822189331055));
#467=VERTEX_POINT('',#466);
#468=CARTESIAN_POINT('',(-14.50355339050293,20,3.6909773349761963));
#469=VERTEX_POINT('',#468);
#470=CARTESIAN_POINT('',(-14.50355339050293,20,-23.690977096557617));
#471=VERTEX_POINT('',#470);
#472=CARTESIAN_POINT('',(-14.831249237060547,20,3.6102075576782227));
#473=VERTEX_POINT('',#472);
#474=CARTESIAN_POINT('',(-14.831249237060547,20,-23.61020851135254));
#475=VERTEX_POINT('',#474);
#476=CARTESIAN_POINT('',(-15.16875171661377,20,3.6102075576782227));
#477=VERTEX_POINT('',#476);
#478=CARTESIAN_POINT('',(-15.16875171661377,20,-23.61020851135254));
#479=VERTEX_POINT('',#478);
#480=CARTESIAN_POINT('',(-15.49644660949707,20,3.6909773349761963));
#481=VERTEX_POINT('',#480);
#482=CARTESIAN_POINT('',(-15.49644660949707,20,-23.690977096557617));
#483=VERTEX_POINT('',#482);
#484=CARTESIAN_POINT('',(-15.79529094696045,20,3.847822666168213));
#485=VERTEX_POINT('',#484);
#486=CARTESIAN_POINT('',(-15.79529094696045,20,-23.847822189331055));
#487=VERTEX_POINT('',#486);
#488=CARTESIAN_POINT('',(-16.047914505004883,20,4.071628570556641));
#489=VERTEX_POINT('',#488);
#490=CARTESIAN_POINT('',(-16.047914505004883,20,-24.07162857055664));
#491=VERTEX_POINT('',#490);
#492=CARTESIAN_POINT('',(-16.239639282226562,20,-24.349388122558594));
#493=VERTEX_POINT('',#492);
#494=CARTESIAN_POINT('',(-16.35931968688965,20,-24.664958953857422));
#495=VERTEX_POINT('',#494);
#496=CARTESIAN_POINT('',(-16.399999618530273,20,-25));
#497=VERTEX_POINT('',#496);
#498=CARTESIAN_POINT('',(14.50355339050293,20,-26.309022903442383));
#499=VERTEX_POINT('',#498);
#500=CARTESIAN_POINT('',(14.831249237060547,20,-26.389793395996094));
#501=VERTEX_POINT('',#500);
#502=CARTESIAN_POINT('',(15.16875171661377,20,-26.389793395996094));
#503=VERTEX_POINT('',#502);
#504=CARTESIAN_POINT('',(-13.640681266784668,20,4.6649580001831055));
#505=VERTEX_POINT('',#504);
#506=CARTESIAN_POINT('',(-13.600000381469727,20,5));
#507=VERTEX_POINT('',#506);
#508=CARTESIAN_POINT('',(13.600000381469727,20,5));
#509=VERTEX_POINT('',#508);
#510=CARTESIAN_POINT('',(-13.640681266784668,20,5.3350419998168945));
#511=VERTEX_POINT('',#510);
#512=CARTESIAN_POINT('',(13.640681266784668,20,5.3350419998168945));
#513=VERTEX_POINT('',#512);
#514=CARTESIAN_POINT('',(-13.760361671447754,20,5.6506123542785645));
#515=VERTEX_POINT('',#514);
#516=CARTESIAN_POINT('',(13.760361671447754,20,5.6506123542785645));
#517=VERTEX_POINT('',#516);
#518=CARTESIAN_POINT('',(-13.952085494995117,20,5.928371906280518));
#519=VERTEX_POINT('',#518);
#520=CARTESIAN_POINT('',(13.952085494995117,20,5.928371906280518));
#521=VERTEX_POINT('',#520);
#522=CARTESIAN_POINT('',(-14.204710006713867,20,6.152177333831787));
#523=VERTEX_POINT('',#522);
#524=CARTESIAN_POINT('',(14.204710006713867,20,6.152177333831787));
#525=VERTEX_POINT('',#524);
#526=CARTESIAN_POINT('',(-15.16875171661377,20,6.389792442321777));
#527=VERTEX_POINT('',#526);
#528=CARTESIAN_POINT('',(-15.49644660949707,20,6.309022903442383));
#529=VERTEX_POINT('',#528);
#530=CARTESIAN_POINT('',(-15.79529094696045,20,6.152177333831787));
#531=VERTEX_POINT('',#530);
#532=CARTESIAN_POINT('',(-16.047914505004883,20,5.928371906280518));
#533=VERTEX_POINT('',#532);
#534=CARTESIAN_POINT('',(-16.239639282226562,20,5.6506123542785645));
#535=VERTEX_POINT('',#534);
#536=CARTESIAN_POINT('',(-16.35931968688965,20,5.3350419998168945));
#537=VERTEX_POINT('',#536);
#538=CARTESIAN_POINT('',(-16.399999618530273,20,5));
#539=VERTEX_POINT('',#538);
#540=CARTESIAN_POINT('',(-16.35931968688965,20,4.6649580001831055));
#541=VERTEX_POINT('',#540);
#542=CARTESIAN_POINT('',(-16.239639282226562,20,4.3493876457214355));
#543=VERTEX_POINT('',#542);
#544=CARTESIAN_POINT('',(-13.952085494995117,20,4.071628570556641));
#545=VERTEX_POINT('',#544);
#546=CARTESIAN_POINT('',(13.952085494995117,20,4.071628570556641));
#547=VERTEX_POINT('',#546);
#548=CARTESIAN_POINT('',(13.760361671447754,20,4.3493876457214355));
#549=VERTEX_POINT('',#548);
#550=CARTESIAN_POINT('',(-13.760361671447754,20,4.3493876457214355));
#551=VERTEX_POINT('',#550);
#552=CARTESIAN_POINT('',(13.640681266784668,20,4.6649580001831055));
#553=VERTEX_POINT('',#552);
#554=CARTESIAN_POINT('',(16.35931968688965,20,-25.33504295349121));
#555=VERTEX_POINT('',#554);
#556=CARTESIAN_POINT('',(16.399999618530273,20,-25));
#557=VERTEX_POINT('',#556);
#558=CARTESIAN_POINT('',(16.35931968688965,20,-24.664958953857422));
#559=VERTEX_POINT('',#558);
#560=CARTESIAN_POINT('',(13.952085494995117,20,-24.07162857055664));
#561=VERTEX_POINT('',#560);
#562=CARTESIAN_POINT('',(-13.952085494995117,20,-24.07162857055664));
#563=VERTEX_POINT('',#562);
#564=CARTESIAN_POINT('',(13.760361671447754,20,-24.349388122558594));
#565=VERTEX_POINT('',#564);
#566=CARTESIAN_POINT('',(-13.760361671447754,20,-24.349388122558594));
#567=VERTEX_POINT('',#566);
#568=CARTESIAN_POINT('',(13.640681266784668,20,-24.664958953857422));
#569=VERTEX_POINT('',#568);
#570=CARTESIAN_POINT('',(-13.640681266784668,20,-24.664958953857422));
#571=VERTEX_POINT('',#570);
#572=CARTESIAN_POINT('',(13.600000381469727,20,-25));
#573=VERTEX_POINT('',#572);
#574=CARTESIAN_POINT('',(-13.600000381469727,20,-25));
#575=VERTEX_POINT('',#574);
#576=CARTESIAN_POINT('',(-13.640681266784668,20,-25.33504295349121));
#577=VERTEX_POINT('',#576);
#578=CARTESIAN_POINT('',(13.640681266784668,20,-25.33504295349121));
#579=VERTEX_POINT('',#578);
#580=CARTESIAN_POINT('',(-13.760361671447754,20,-25.650611877441406));
#581=VERTEX_POINT('',#580);
#582=CARTESIAN_POINT('',(13.760361671447754,20,-25.650611877441406));
#583=VERTEX_POINT('',#582);
#584=CARTESIAN_POINT('',(-13.952085494995117,20,-25.92837142944336));
#585=VERTEX_POINT('',#584);
#586=CARTESIAN_POINT('',(13.952085494995117,20,-25.92837142944336));
#587=VERTEX_POINT('',#586);
#588=CARTESIAN_POINT('',(-14.204710006713867,20,-26.152177810668945));
#589=VERTEX_POINT('',#588);
#590=CARTESIAN_POINT('',(14.204710006713867,20,-26.152177810668945));
#591=VERTEX_POINT('',#590);
#592=CARTESIAN_POINT('',(15.49644660949707,20,-26.309022903442383));
#593=VERTEX_POINT('',#592);
#594=CARTESIAN_POINT('',(15.79529094696045,20,-26.152177810668945));
#595=VERTEX_POINT('',#594);
#596=CARTESIAN_POINT('',(16.047914505004883,20,-25.92837142944336));
#597=VERTEX_POINT('',#596);
#598=CARTESIAN_POINT('',(16.239639282226562,20,-25.650611877441406));
#599=VERTEX_POINT('',#598);
#600=CARTESIAN_POINT('',(16.35931968688965,20,4.6649580001831055));
#601=VERTEX_POINT('',#600);
#602=CARTESIAN_POINT('',(16.399999618530273,20,5));
#603=VERTEX_POINT('',#602);
#604=CARTESIAN_POINT('',(16.35931968688965,20,5.3350419998168945));
#605=VERTEX_POINT('',#604);
#606=CARTESIAN_POINT('',(16.239639282226562,20,5.6506123542785645));
#607=VERTEX_POINT('',#606);
#608=CARTESIAN_POINT('',(16.047914505004883,20,5.928371906280518));
#609=VERTEX_POINT('',#608);
#610=CARTESIAN_POINT('',(15.79529094696045,20,6.152177333831787));
#611=VERTEX_POINT('',#610);
#612=CARTESIAN_POINT('',(15.49644660949707,20,6.309022903442383));
#613=VERTEX_POINT('',#612);
#614=CARTESIAN_POINT('',(15.16875171661377,20,6.389792442321777));
#615=VERTEX_POINT('',#614);
#616=CARTESIAN_POINT('',(14.831249237060547,20,6.389792442321777));
#617=VERTEX_POINT('',#616);
#618=CARTESIAN_POINT('',(16.239639282226562,20,4.3493876457214355));
#619=VERTEX_POINT('',#618);
#620=CARTESIAN_POINT('',(-16.35931968688965,20,-25.33504295349121));
#621=VERTEX_POINT('',#620);
#622=CARTESIAN_POINT('',(-16.239639282226562,20,-25.650611877441406));
#623=VERTEX_POINT('',#622);
#624=CARTESIAN_POINT('',(-16.047914505004883,20,-25.92837142944336));
#625=VERTEX_POINT('',#624);
#626=CARTESIAN_POINT('',(-15.79529094696045,20,-26.152177810668945));
#627=VERTEX_POINT('',#626);
#628=CARTESIAN_POINT('',(-15.49644660949707,20,-26.309022903442383));
#629=VERTEX_POINT('',#628);
#630=CARTESIAN_POINT('',(-15.16875171661377,20,-26.389793395996094));
#631=VERTEX_POINT('',#630);
#632=CARTESIAN_POINT('',(-14.831249237060547,20,-26.389793395996094));
#633=VERTEX_POINT('',#632);
#634=CARTESIAN_POINT('',(-14.50355339050293,20,-26.309022903442383));
#635=VERTEX_POINT('',#634);
#636=CARTESIAN_POINT('',(-13.954477310180664,24.352291107177734,-27.170522689819336));
#637=VERTEX_POINT('',#636);
#638=CARTESIAN_POINT('',(13.901439666748047,24.37445068359375,-27.144113540649414));
#639=VERTEX_POINT('',#638);
#640=CARTESIAN_POINT('',(14.067880630493164,24.290740966796875,-27.243873596191406));
#641=VERTEX_POINT('',#640);
#642=CARTESIAN_POINT('',(-16.73863983154297,26.26955223083496,-24.885618209838867));
#643=VERTEX_POINT('',#642);
#644=CARTESIAN_POINT('',(-16.84572982788086,25.973325729370117,-25.238649368286133));
#645=VERTEX_POINT('',#644);
#646=CARTESIAN_POINT('',(-16.88189125061035,25.665258407592773,-25.60578727722168));
#647=VERTEX_POINT('',#646);
#648=CARTESIAN_POINT('',(13.901439666748047,27.13359832763672,-23.85588836669922));
#649=VERTEX_POINT('',#648);
#650=CARTESIAN_POINT('',(-13.954477310180664,26.978227615356445,-24.041051864624023));
#651=VERTEX_POINT('',#650);
#652=CARTESIAN_POINT('',(-14.112882614135742,27.05789566040039,-23.946107864379883));
#653=VERTEX_POINT('',#652);
#654=CARTESIAN_POINT('',(16.826839447021484,26.388973236083984,-24.74329948425293));
#655=VERTEX_POINT('',#654);
#656=CARTESIAN_POINT('',(16.64411163330078,26.675827026367188,-24.401439666748047));
#657=VERTEX_POINT('',#656);
#658=CARTESIAN_POINT('',(16.398202896118164,26.927255630493164,-24.101797103881836));
#659=VERTEX_POINT('',#658);
#660=CARTESIAN_POINT('',(-14.815542221069336,27.23674964904785,-23.73295783996582));
#661=VERTEX_POINT('',#660);
#662=CARTESIAN_POINT('',(-15,27.244352340698242,-23.723896026611328));
#663=VERTEX_POINT('',#662);
#664=CARTESIAN_POINT('',(-15.184457778930664,27.23674964904785,-23.73295783996582));
#665=VERTEX_POINT('',#664);
#666=CARTESIAN_POINT('',(-15.367138862609863,27.21401023864746,-23.76005744934082));
#667=VERTEX_POINT('',#666);
#668=CARTESIAN_POINT('',(-15.546283721923828,27.17635726928711,-23.804929733276367));
#669=VERTEX_POINT('',#668);
#670=CARTESIAN_POINT('',(-15.720168113708496,27.1241512298584,-23.86714744567871));
#671=VERTEX_POINT('',#670);
#672=CARTESIAN_POINT('',(-15.887117385864258,27.05789566040039,-23.946107864379883));
#673=VERTEX_POINT('',#672);
#674=CARTESIAN_POINT('',(-16.045522689819336,26.978227615356445,-24.041051864624023));
#675=VERTEX_POINT('',#674);
#676=CARTESIAN_POINT('',(-16.330698013305664,26.78184700012207,-24.275089263916016));
#677=VERTEX_POINT('',#676);
#678=CARTESIAN_POINT('',(-16.564735412597656,26.542556762695312,-24.560264587402344));
#679=VERTEX_POINT('',#678);
#680=CARTESIAN_POINT('',(-16.84572982788086,25.357192993164062,-25.972925186157227));
#681=VERTEX_POINT('',#680);
#682=CARTESIAN_POINT('',(-16.73863983154297,25.06096649169922,-26.325956344604492));
#683=VERTEX_POINT('',#682);
#684=CARTESIAN_POINT('',(-16.564735412597656,24.787961959838867,-26.651309967041016));
#685=VERTEX_POINT('',#684);
#686=CARTESIAN_POINT('',(-16.330698013305664,24.54867172241211,-26.936485290527344));
#687=VERTEX_POINT('',#686);
#688=CARTESIAN_POINT('',(-16.045522689819336,24.352291107177734,-27.170522689819336));
#689=VERTEX_POINT('',#688);
#690=CARTESIAN_POINT('',(-15.887117385864258,24.27262306213379,-27.265466690063477));
#691=VERTEX_POINT('',#690);
#692=CARTESIAN_POINT('',(-15.720168113708496,24.20636749267578,-27.34442710876465));
#693=VERTEX_POINT('',#692);
#694=CARTESIAN_POINT('',(-15.546283721923828,24.15416145324707,-27.406644821166992));
#695=VERTEX_POINT('',#694);
#696=CARTESIAN_POINT('',(-15.367138862609863,24.11650848388672,-27.45151710510254));
#697=VERTEX_POINT('',#696);
#698=CARTESIAN_POINT('',(-15.184457778930664,24.093769073486328,-27.47861671447754));
#699=VERTEX_POINT('',#698);
#700=CARTESIAN_POINT('',(-15,24.086166381835938,-27.48767852783203));
#701=VERTEX_POINT('',#700);
#702=CARTESIAN_POINT('',(-14.815542221069336,24.093769073486328,-27.47861671447754));
#703=VERTEX_POINT('',#702);
#704=CARTESIAN_POINT('',(-14.632861137390137,24.11650848388672,-27.45151710510254));
#705=VERTEX_POINT('',#704);
#706=CARTESIAN_POINT('',(-14.453716278076172,24.15416145324707,-27.406644821166992));
#707=VERTEX_POINT('',#706);
#708=CARTESIAN_POINT('',(-14.279831886291504,24.20636749267578,-27.34442710876465));
#709=VERTEX_POINT('',#708);
#710=CARTESIAN_POINT('',(-14.112882614135742,24.27262306213379,-27.265466690063477));
#711=VERTEX_POINT('',#710);
#712=CARTESIAN_POINT('',(13.745577812194824,24.471446990966797,-27.028518676757812));
#713=VERTEX_POINT('',#712);
#714=CARTESIAN_POINT('',(-13.669302940368652,24.54867172241211,-26.936485290527344));
#715=VERTEX_POINT('',#714);
#716=CARTESIAN_POINT('',(13.601798057556152,24.580793380737305,-26.898202896118164));
#717=VERTEX_POINT('',#716);
#718=CARTESIAN_POINT('',(-13.43526554107666,24.787961959838867,-26.651309967041016));
#719=VERTEX_POINT('',#718);
#720=CARTESIAN_POINT('',(13.355888366699219,24.832223892211914,-26.598560333251953));
#721=VERTEX_POINT('',#720);
#722=CARTESIAN_POINT('',(-13.261360168457031,25.06096649169922,-26.325956344604492));
#723=VERTEX_POINT('',#722);
#724=CARTESIAN_POINT('',(13.173160552978516,25.119077682495117,-26.256702423095703));
#725=VERTEX_POINT('',#724);
#726=CARTESIAN_POINT('',(-13.154269218444824,25.357192993164062,-25.972925186157227));
#727=VERTEX_POINT('',#726);
#728=CARTESIAN_POINT('',(13.060637474060059,25.43033218383789,-25.88576316833496));
#729=VERTEX_POINT('',#728);
#730=CARTESIAN_POINT('',(-13.118109703063965,25.665258407592773,-25.60578727722168));
#731=VERTEX_POINT('',#730);
#732=CARTESIAN_POINT('',(13.022643089294434,25.754024505615234,-25.5));
#733=VERTEX_POINT('',#732);
#734=CARTESIAN_POINT('',(-13.154269218444824,25.973325729370117,-25.238649368286133));
#735=VERTEX_POINT('',#734);
#736=CARTESIAN_POINT('',(13.060637474060059,26.07771873474121,-25.11423683166504));
#737=VERTEX_POINT('',#736);
#738=CARTESIAN_POINT('',(-13.261360168457031,26.26955223083496,-24.885618209838867));
#739=VERTEX_POINT('',#738);
#740=CARTESIAN_POINT('',(13.173160552978516,26.388973236083984,-24.74329948425293));
#741=VERTEX_POINT('',#740);
#742=CARTESIAN_POINT('',(-13.43526554107666,26.542556762695312,-24.560264587402344));
#743=VERTEX_POINT('',#742);
#744=CARTESIAN_POINT('',(13.355888366699219,26.675827026367188,-24.401439666748047));
#745=VERTEX_POINT('',#744);
#746=CARTESIAN_POINT('',(-13.669302940368652,26.78184700012207,-24.275089263916016));
#747=VERTEX_POINT('',#746);
#748=CARTESIAN_POINT('',(13.601798057556152,26.927255630493164,-24.101797103881836));
#749=VERTEX_POINT('',#748);
#750=CARTESIAN_POINT('',(13.745577812194824,27.036603927612305,-23.97148323059082));
#751=VERTEX_POINT('',#750);
#752=CARTESIAN_POINT('',(-14.279831886291504,27.1241512298584,-23.86714744567871));
#753=VERTEX_POINT('',#752);
#754=CARTESIAN_POINT('',(-14.453716278076172,27.17635726928711,-23.804929733276367));
#755=VERTEX_POINT('',#754);
#756=CARTESIAN_POINT('',(-14.632861137390137,27.21401023864746,-23.76005744934082));
#757=VERTEX_POINT('',#756);
#758=CARTESIAN_POINT('',(15.193815231323242,27.405235290527344,-23.53216552734375));
#759=VERTEX_POINT('',#758);
#760=CARTESIAN_POINT('',(15,27.413225173950195,-23.52264404296875));
#761=VERTEX_POINT('',#760);
#762=CARTESIAN_POINT('',(14.806185722351074,27.405235290527344,-23.53216552734375));
#763=VERTEX_POINT('',#762);
#764=CARTESIAN_POINT('',(14.614236831665039,27.381343841552734,-23.560638427734375));
#765=VERTEX_POINT('',#764);
#766=CARTESIAN_POINT('',(14.426003456115723,27.341779708862305,-23.6077880859375));
#767=VERTEX_POINT('',#766);
#768=CARTESIAN_POINT('',(14.243298530578613,27.28692626953125,-23.673160552978516));
#769=VERTEX_POINT('',#768);
#770=CARTESIAN_POINT('',(14.067880630493164,27.217308044433594,-23.756126403808594));
#771=VERTEX_POINT('',#770);
#772=CARTESIAN_POINT('',(14.243298530578613,24.22112464904785,-27.326839447021484));
#773=VERTEX_POINT('',#772);
#774=CARTESIAN_POINT('',(14.426003456115723,24.166269302368164,-27.392213821411133));
#775=VERTEX_POINT('',#774);
#776=CARTESIAN_POINT('',(14.614236831665039,24.126707077026367,-27.439363479614258));
#777=VERTEX_POINT('',#776);
#778=CARTESIAN_POINT('',(14.806185722351074,24.102815628051758,-27.467836380004883));
#779=VERTEX_POINT('',#778);
#780=CARTESIAN_POINT('',(15,24.094825744628906,-27.477357864379883));
#781=VERTEX_POINT('',#780);
#782=CARTESIAN_POINT('',(15.193815231323242,24.102815628051758,-27.467836380004883));
#783=VERTEX_POINT('',#782);
#784=CARTESIAN_POINT('',(15.385763168334961,24.126707077026367,-27.439363479614258));
#785=VERTEX_POINT('',#784);
#786=CARTESIAN_POINT('',(15.573996543884277,24.166269302368164,-27.392213821411133));
#787=VERTEX_POINT('',#786);
#788=CARTESIAN_POINT('',(15.756702423095703,24.22112464904785,-27.326839447021484));
#789=VERTEX_POINT('',#788);
#790=CARTESIAN_POINT('',(15.932120323181152,24.290740966796875,-27.243873596191406));
#791=VERTEX_POINT('',#790);
#792=CARTESIAN_POINT('',(16.098560333251953,24.37445068359375,-27.144113540649414));
#793=VERTEX_POINT('',#792);
#794=CARTESIAN_POINT('',(16.254423141479492,24.471446990966797,-27.028518676757812));
#795=VERTEX_POINT('',#794);
#796=CARTESIAN_POINT('',(16.398202896118164,24.580793380737305,-26.898202896118164));
#797=VERTEX_POINT('',#796);
#798=CARTESIAN_POINT('',(16.64411163330078,24.832223892211914,-26.598560333251953));
#799=VERTEX_POINT('',#798);
#800=CARTESIAN_POINT('',(16.826839447021484,25.119077682495117,-26.256702423095703));
#801=VERTEX_POINT('',#800);
#802=CARTESIAN_POINT('',(16.939363479614258,25.43033218383789,-25.88576316833496));
#803=VERTEX_POINT('',#802);
#804=CARTESIAN_POINT('',(16.977357864379883,25.754024505615234,-25.5));
#805=VERTEX_POINT('',#804);
#806=CARTESIAN_POINT('',(16.939363479614258,26.07771873474121,-25.11423683166504));
#807=VERTEX_POINT('',#806);
#808=CARTESIAN_POINT('',(16.254423141479492,27.036603927612305,-23.97148323059082));
#809=VERTEX_POINT('',#808);
#810=CARTESIAN_POINT('',(16.098560333251953,27.13359832763672,-23.85588836669922));
#811=VERTEX_POINT('',#810);
#812=CARTESIAN_POINT('',(15.932120323181152,27.217308044433594,-23.756126403808594));
#813=VERTEX_POINT('',#812);
#814=CARTESIAN_POINT('',(15.756702423095703,27.28692626953125,-23.673160552978516));
#815=VERTEX_POINT('',#814);
#816=CARTESIAN_POINT('',(15.573996543884277,27.341779708862305,-23.6077880859375));
#817=VERTEX_POINT('',#816);
#818=CARTESIAN_POINT('',(15.385763168334961,27.381343841552734,-23.560638427734375));
#819=VERTEX_POINT('',#818);
#820=CARTESIAN_POINT('',(13.260188102722168,22.653432846069336,-26.439680099487305));
#821=VERTEX_POINT('',#820);
#822=CARTESIAN_POINT('',(16.73981285095215,22.653432846069336,-26.439680099487305));
#823=VERTEX_POINT('',#822);
#824=CARTESIAN_POINT('',(13.475946426391602,22.653432846069336,-26.759841918945312));
#825=VERTEX_POINT('',#824);
#826=CARTESIAN_POINT('',(16.5240535736084,22.653432846069336,-26.759841918945312));
#827=VERTEX_POINT('',#826);
#828=CARTESIAN_POINT('',(13.749804496765137,22.653432846069336,-27.0319766998291));
#829=VERTEX_POINT('',#828);
#830=CARTESIAN_POINT('',(16.25019645690918,22.653432846069336,-27.0319766998291));
#831=VERTEX_POINT('',#830);
#832=CARTESIAN_POINT('',(14.071322441101074,22.653432846069336,-27.245708465576172));
#833=VERTEX_POINT('',#832);
#834=CARTESIAN_POINT('',(15.928678512573242,22.653432846069336,-27.245708465576172));
#835=VERTEX_POINT('',#834);
#836=CARTESIAN_POINT('',(14.428243637084961,22.653432846069336,-27.39289093017578));
#837=VERTEX_POINT('',#836);
#838=CARTESIAN_POINT('',(15.571756362915039,22.653432846069336,-27.39289093017578));
#839=VERTEX_POINT('',#838);
#840=CARTESIAN_POINT('',(14.806962013244629,22.653432846069336,-27.467912673950195));
#841=VERTEX_POINT('',#840);
#842=CARTESIAN_POINT('',(15.193038940429688,22.653432846069336,-27.467912673950195));
#843=VERTEX_POINT('',#842);
#844=CARTESIAN_POINT('',(-16.687171936035156,22.653432846069336,-26.439430236816406));
#845=VERTEX_POINT('',#844);
#846=CARTESIAN_POINT('',(-13.312827110290527,22.653432846069336,-26.439430236816406));
#847=VERTEX_POINT('',#846);
#848=CARTESIAN_POINT('',(-16.485431671142578,22.653432846069336,-26.761211395263672));
#849=VERTEX_POINT('',#848);
#850=CARTESIAN_POINT('',(-13.514568328857422,22.653432846069336,-26.761211395263672));
#851=VERTEX_POINT('',#850);
#852=CARTESIAN_POINT('',(-16.223188400268555,22.653432846069336,-27.035934448242188));
#853=VERTEX_POINT('',#852);
#854=CARTESIAN_POINT('',(-13.776810646057129,22.653432846069336,-27.035934448242188));
#855=VERTEX_POINT('',#854);
#856=CARTESIAN_POINT('',(-15.911127090454102,22.653432846069336,-27.25240707397461));
#857=VERTEX_POINT('',#856);
#858=CARTESIAN_POINT('',(-14.088872909545898,22.653432846069336,-27.25240707397461));
#859=VERTEX_POINT('',#858);
#860=CARTESIAN_POINT('',(-15.561956405639648,22.653432846069336,-27.40181541442871));
#861=VERTEX_POINT('',#860);
#862=CARTESIAN_POINT('',(-14.438043594360352,22.653432846069336,-27.40181541442871));
#863=VERTEX_POINT('',#862);
#864=CARTESIAN_POINT('',(-15.189896583557129,22.653432846069336,-27.478073120117188));
#865=VERTEX_POINT('',#864);
#866=CARTESIAN_POINT('',(-14.810103416442871,22.653432846069336,-27.478073120117188));
#867=VERTEX_POINT('',#866);
#868=STYLED_ITEM('',(#25),#869);
#869=FACE_SURFACE('',(#874),#870,.T.);
#870=PLANE('',#871);
#871=AXIS2_PLACEMENT_3D('',#40,#872,#873);
#872=DIRECTION('',(0,-1,0));
#873=DIRECTION('',(0.12053532843399135,0,-0.992709038237947));
#874=FACE_BOUND('',#875,.T.);
#875=EDGE_LOOP('',(#876,#877,#878));
#876=ORIENTED_EDGE('',*,*,#879,.T.);
#877=ORIENTED_EDGE('',*,*,#880,.T.);
#878=ORIENTED_EDGE('',*,*,#881,.T.);
#879=EDGE_CURVE('',#41,#43,#882,.F.);
#880=EDGE_CURVE('',#43,#45,#883,.T.);
#881=EDGE_CURVE('',#45,#41,#884,.T.);
#882=LINE('',#40,#885);
#883=LINE('',#42,#886);
#884=LINE('',#44,#887);
#885=VECTOR('',#888,1.0);
#886=VECTOR('',#889,1.0);
#887=VECTOR('',#890,1.0);
#888=DIRECTION('',(0.12053532843399135,0,-0.992709038237947));
#889=DIRECTION('',(1,0,0));
#890=DIRECTION('',(-0.999924372311691,0,0.012298359934184606));
#891=FACE_SURFACE('',(#896),#892,.T.);
#892=PLANE('',#893);
#893=AXIS2_PLACEMENT_3D('',#44,#894,#895);
#894=DIRECTION('',(-0,-1,0));
#895=DIRECTION('',(-1,0,0));
#896=FACE_BOUND('',#897,.T.);
#897=EDGE_LOOP('',(#898,#899,#900));
#898=ORIENTED_EDGE('',*,*,#901,.T.);
#899=ORIENTED_EDGE('',*,*,#902,.T.);
#900=ORIENTED_EDGE('',*,*,#903,.T.);
#901=EDGE_CURVE('',#45,#43,#904,.F.);
#902=EDGE_CURVE('',#43,#47,#905,.T.);
#903=EDGE_CURVE('',#47,#45,#906,.T.);
#904=LINE('',#44,#907);
#905=LINE('',#42,#908);
#906=LINE('',#46,#909);
#907=VECTOR('',#910,1.0);
#908=VECTOR('',#911,1.0);
#909=VECTOR('',#912,1.0);
#910=DIRECTION('',(-1,0,0));
#911=DIRECTION('',(-0.12053465221407855,0,-0.9927091203447418));
#912=DIRECTION('',(0.9999243714507074,0,0.01229842993668831));
#913=FACE_SURFACE('',(#918),#914,.T.);
#914=PLANE('',#915);
#915=AXIS2_PLACEMENT_3D('',#44,#916,#917);
#916=DIRECTION('',(0,-1,-0));
#917=DIRECTION('',(-0.9999243714507074,0,-0.01229842993668831));
#918=FACE_BOUND('',#919,.T.);
#919=EDGE_LOOP('',(#920,#921,#922));
#920=ORIENTED_EDGE('',*,*,#923,.T.);
#921=ORIENTED_EDGE('',*,*,#924,.T.);
#922=ORIENTED_EDGE('',*,*,#925,.T.);
#923=EDGE_CURVE('',#45,#47,#926,.F.);
#924=EDGE_CURVE('',#47,#49,#927,.T.);
#925=EDGE_CURVE('',#49,#45,#928,.T.);
#926=LINE('',#44,#929);
#927=LINE('',#46,#930);
#928=LINE('',#48,#931);
#929=VECTOR('',#932,1.0);
#930=VECTOR('',#933,1.0);
#931=VECTOR('',#934,1.0);
#932=DIRECTION('',(-0.9999243714507074,0,-0.01229842993668831));
#933=DIRECTION('',(1,0,0));
#934=DIRECTION('',(-0.12053465221407855,0,0.9927091203447418));
#935=FACE_SURFACE('',(#940),#936,.T.);
#936=PLANE('',#937);
#937=AXIS2_PLACEMENT_3D('',#48,#938,#939);
#938=DIRECTION('',(-0,-1,0));
#939=DIRECTION('',(-1,0,0));
#940=FACE_BOUND('',#941,.T.);
#941=EDGE_LOOP('',(#942,#943,#944));
#942=ORIENTED_EDGE('',*,*,#945,.T.);
#943=ORIENTED_EDGE('',*,*,#946,.T.);
#944=ORIENTED_EDGE('',*,*,#947,.T.);
#945=EDGE_CURVE('',#49,#47,#948,.F.);
#946=EDGE_CURVE('',#47,#51,#949,.T.);
#947=EDGE_CURVE('',#51,#49,#950,.T.);
#948=LINE('',#48,#951);
#949=LINE('',#46,#952);
#950=LINE('',#50,#953);
#951=VECTOR('',#954,1.0);
#952=VECTOR('',#955,1.0);
#953=VECTOR('',#956,1.0);
#954=DIRECTION('',(-1,0,0));
#955=DIRECTION('',(-0.35460721324093863,0,-0.935015360471418));
#956=DIRECTION('',(0.9999336896871732,0,0.011515911974133238));
#957=FACE_SURFACE('',(#962),#958,.T.);
#958=PLANE('',#959);
#959=AXIS2_PLACEMENT_3D('',#48,#960,#961);
#960=DIRECTION('',(0,-1,-0));
#961=DIRECTION('',(-0.9999336896871732,0,-0.011515911974133238));
#962=FACE_BOUND('',#963,.T.);
#963=EDGE_LOOP('',(#964,#965,#966));
#964=ORIENTED_EDGE('',*,*,#967,.T.);
#965=ORIENTED_EDGE('',*,*,#968,.T.);
#966=ORIENTED_EDGE('',*,*,#969,.T.);
#967=EDGE_CURVE('',#49,#51,#970,.F.);
#968=EDGE_CURVE('',#51,#53,#971,.T.);
#969=EDGE_CURVE('',#53,#49,#972,.T.);
#970=LINE('',#48,#973);
#971=LINE('',#50,#974);
#972=LINE('',#52,#975);
#973=VECTOR('',#976,1.0);
#974=VECTOR('',#977,1.0);
#975=VECTOR('',#978,1.0);
#976=DIRECTION('',(-0.9999336896871732,0,-0.011515911974133238));
#977=DIRECTION('',(1,0,0));
#978=DIRECTION('',(-0.35460721324093863,0,0.935015360471418));
#979=FACE_SURFACE('',(#984),#980,.T.);
#980=PLANE('',#981);
#981=AXIS2_PLACEMENT_3D('',#52,#982,#983);
#982=DIRECTION('',(-0,-1,0));
#983=DIRECTION('',(-1,0,0));
#984=FACE_BOUND('',#985,.T.);
#985=EDGE_LOOP('',(#986,#987,#988));
#986=ORIENTED_EDGE('',*,*,#989,.T.);
#987=ORIENTED_EDGE('',*,*,#990,.T.);
#988=ORIENTED_EDGE('',*,*,#991,.T.);
#989=EDGE_CURVE('',#53,#51,#992,.F.);
#990=EDGE_CURVE('',#51,#55,#993,.T.);
#991=EDGE_CURVE('',#55,#53,#994,.T.);
#992=LINE('',#52,#995);
#993=LINE('',#50,#996);
#994=LINE('',#54,#997);
#995=VECTOR('',#998,1.0);
#996=VECTOR('',#999,1.0);
#997=VECTOR('',#1000,1.0);
#998=DIRECTION('',(-1,0,0));
#999=DIRECTION('',(-0.5680652439958387,0,-0.8229835226564066));
#1000=DIRECTION('',(0.9999497743536852,0,0.010022413382722011));
#1001=FACE_SURFACE('',(#1006),#1002,.T.);
#1002=PLANE('',#1003);
#1003=AXIS2_PLACEMENT_3D('',#52,#1004,#1005);
#1004=DIRECTION('',(0,-1,-0));
#1005=DIRECTION('',(-0.9999497743536852,0,-0.010022413382722011));
#1006=FACE_BOUND('',#1007,.T.);
#1007=EDGE_LOOP('',(#1008,#1009,#1010));
#1008=ORIENTED_EDGE('',*,*,#1011,.T.);
#1009=ORIENTED_EDGE('',*,*,#1012,.T.);
#1010=ORIENTED_EDGE('',*,*,#1013,.T.);
#1011=EDGE_CURVE('',#53,#55,#1014,.F.);
#1012=EDGE_CURVE('',#55,#57,#1015,.T.);
#1013=EDGE_CURVE('',#57,#53,#1016,.T.);
#1014=LINE('',#52,#1017);
#1015=LINE('',#54,#1018);
#1016=LINE('',#56,#1019);
#1017=VECTOR('',#1020,1.0);
#1018=VECTOR('',#1021,1.0);
#1019=VECTOR('',#1022,1.0);
#1020=DIRECTION('',(-0.9999497743536852,0,-0.010022413382722011));
#1021=DIRECTION('',(1,0,0));
#1022=DIRECTION('',(-0.5680652439958387,0,0.8229835226564066));
#1023=FACE_SURFACE('',(#1028),#1024,.T.);
#1024=PLANE('',#1025);
#1025=AXIS2_PLACEMENT_3D('',#56,#1026,#1027);
#1026=DIRECTION('',(-0,-1,-0));
#1027=DIRECTION('',(-1,0,0));
#1028=FACE_BOUND('',#1029,.T.);
#1029=EDGE_LOOP('',(#1030,#1031,#1032));
#1030=ORIENTED_EDGE('',*,*,#1033,.T.);
#1031=ORIENTED_EDGE('',*,*,#1034,.T.);
#1032=ORIENTED_EDGE('',*,*,#1035,.T.);
#1033=EDGE_CURVE('',#57,#55,#1036,.F.);
#1034=EDGE_CURVE('',#55,#59,#1037,.T.);
#1035=EDGE_CURVE('',#59,#57,#1038,.T.);
#1036=LINE('',#56,#1039);
#1037=LINE('',#54,#1040);
#1038=LINE('',#58,#1041);
#1039=VECTOR('',#1042,1.0);
#1040=VECTOR('',#1043,1.0);
#1041=VECTOR('',#1044,1.0);
#1042=DIRECTION('',(-1,0,0));
#1043=DIRECTION('',(0.9999684115800673,0,-0.0079483232217263));
#1044=DIRECTION('',(-0.7485098755901587,0,0.6631236431797658));
#1045=FACE_SURFACE('',(#1050),#1046,.T.);
#1046=PLANE('',#1047);
#1047=AXIS2_PLACEMENT_3D('',#58,#1048,#1049);
#1048=DIRECTION('',(0,-1,0));
#1049=DIRECTION('',(-0.9999684115800673,0,0.0079483232217263));
#1050=FACE_BOUND('',#1051,.T.);
#1051=EDGE_LOOP('',(#1052,#1053,#1054));
#1052=ORIENTED_EDGE('',*,*,#1055,.T.);
#1053=ORIENTED_EDGE('',*,*,#1056,.T.);
#1054=ORIENTED_EDGE('',*,*,#1057,.T.);
#1055=EDGE_CURVE('',#59,#55,#1058,.F.);
#1056=EDGE_CURVE('',#55,#61,#1059,.T.);
#1057=EDGE_CURVE('',#61,#59,#1060,.T.);
#1058=LINE('',#58,#1061);
#1059=LINE('',#54,#1062);
#1060=LINE('',#60,#1063);
#1061=VECTOR('',#1064,1.0);
#1062=VECTOR('',#1065,1.0);
#1063=VECTOR('',#1066,1.0);
#1064=DIRECTION('',(-0.9999684115800673,0,0.0079483232217263));
#1065=DIRECTION('',(-0.7485098755901587,0,-0.6631236431797658));
#1066=DIRECTION('',(1,0,0));
#1067=FACE_SURFACE('',(#1072),#1068,.T.);
#1068=PLANE('',#1069);
#1069=AXIS2_PLACEMENT_3D('',#58,#1070,#1071);
#1070=DIRECTION('',(-0,-1,0));
#1071=DIRECTION('',(-1,0,0));
#1072=FACE_BOUND('',#1073,.T.);
#1073=EDGE_LOOP('',(#1074,#1075,#1076));
#1074=ORIENTED_EDGE('',*,*,#1077,.T.);
#1075=ORIENTED_EDGE('',*,*,#1078,.T.);
#1076=ORIENTED_EDGE('',*,*,#1079,.T.);
#1077=EDGE_CURVE('',#59,#61,#1080,.F.);
#1078=EDGE_CURVE('',#61,#63,#1081,.T.);
#1079=EDGE_CURVE('',#63,#59,#1082,.T.);
#1080=LINE('',#58,#1083);
#1081=LINE('',#60,#1084);
#1082=LINE('',#62,#1085);
#1083=VECTOR('',#1086,1.0);
#1084=VECTOR('',#1087,1.0);
#1085=VECTOR('',#1088,1.0);
#1086=DIRECTION('',(-1,0,0));
#1087=DIRECTION('',(-0.6742346153302337,0,-0.7385172194949091));
#1088=DIRECTION('',(0.9832118522846145,0,0.18246767803382924));
#1089=FACE_SURFACE('',(#1094),#1090,.T.);
#1090=PLANE('',#1091);
#1091=AXIS2_PLACEMENT_3D('',#62,#1092,#1093);
#1092=DIRECTION('',(0,-1,0));
#1093=DIRECTION('',(0.6742346153302337,0,0.7385172194949091));
#1094=FACE_BOUND('',#1095,.T.);
#1095=EDGE_LOOP('',(#1096,#1097,#1098));
#1096=ORIENTED_EDGE('',*,*,#1099,.T.);
#1097=ORIENTED_EDGE('',*,*,#1100,.T.);
#1098=ORIENTED_EDGE('',*,*,#1101,.T.);
#1099=EDGE_CURVE('',#63,#61,#1102,.F.);
#1100=EDGE_CURVE('',#61,#65,#1103,.T.);
#1101=EDGE_CURVE('',#65,#63,#1104,.T.);
#1102=LINE('',#62,#1105);
#1103=LINE('',#60,#1106);
#1104=LINE('',#64,#1107);
#1105=VECTOR('',#1108,1.0);
#1106=VECTOR('',#1109,1.0);
#1107=VECTOR('',#1110,1.0);
#1108=DIRECTION('',(0.6742346153302337,0,0.7385172194949091));
#1109=DIRECTION('',(-0.8854560432345961,0,-0.46472313854523434));
#1110=DIRECTION('',(-0.6639154007539536,0,-0.7478076896112511));
#1111=FACE_SURFACE('',(#1116),#1112,.T.);
#1112=PLANE('',#1113);
#1113=AXIS2_PLACEMENT_3D('',#62,#1114,#1115);
#1114=DIRECTION('',(0,-1,0));
#1115=DIRECTION('',(0.6639154007539536,0,0.7478076896112511));
#1116=FACE_BOUND('',#1117,.T.);
#1117=EDGE_LOOP('',(#1118,#1119,#1120));
#1118=ORIENTED_EDGE('',*,*,#1121,.T.);
#1119=ORIENTED_EDGE('',*,*,#1122,.T.);
#1120=ORIENTED_EDGE('',*,*,#1123,.T.);
#1121=EDGE_CURVE('',#63,#65,#1124,.F.);
#1122=EDGE_CURVE('',#65,#67,#1125,.T.);
#1123=EDGE_CURVE('',#67,#63,#1126,.T.);
#1124=LINE('',#62,#1127);
#1125=LINE('',#64,#1128);
#1126=LINE('',#66,#1129);
#1127=VECTOR('',#1130,1.0);
#1128=VECTOR('',#1131,1.0);
#1129=VECTOR('',#1132,1.0);
#1130=DIRECTION('',(0.6639154007539536,0,0.7478076896112511));
#1131=DIRECTION('',(-0.9709413213317685,0,-0.23931767701220788));
#1132=DIRECTION('',(-0.645838541396329,0,-0.7634740194971025));
#1133=FACE_SURFACE('',(#1138),#1134,.T.);
#1134=PLANE('',#1135);
#1135=AXIS2_PLACEMENT_3D('',#66,#1136,#1137);
#1136=DIRECTION('',(-0,-1,0));
#1137=DIRECTION('',(-1,0,0));
#1138=FACE_BOUND('',#1139,.T.);
#1139=EDGE_LOOP('',(#1140,#1141,#1142));
#1140=ORIENTED_EDGE('',*,*,#1143,.T.);
#1141=ORIENTED_EDGE('',*,*,#1144,.T.);
#1142=ORIENTED_EDGE('',*,*,#1145,.T.);
#1143=EDGE_CURVE('',#67,#69,#1146,.F.);
#1144=EDGE_CURVE('',#69,#63,#1147,.T.);
#1145=EDGE_CURVE('',#63,#67,#1148,.T.);
#1146=LINE('',#66,#1149);
#1147=LINE('',#68,#1150);
#1148=LINE('',#62,#1151);
#1149=VECTOR('',#1152,1.0);
#1150=VECTOR('',#1153,1.0);
#1151=VECTOR('',#1154,1.0);
#1152=DIRECTION('',(-1,0,0));
#1153=DIRECTION('',(-0.620229432982801,0,-0.7844204551526134));
#1154=DIRECTION('',(0.645838541396329,0,0.7634740194971025));
#1155=FACE_SURFACE('',(#1160),#1156,.T.);
#1156=PLANE('',#1157);
#1157=AXIS2_PLACEMENT_3D('',#62,#1158,#1159);
#1158=DIRECTION('',(0,-1,0));
#1159=DIRECTION('',(0.620229432982801,0,0.7844204551526134));
#1160=FACE_BOUND('',#1161,.T.);
#1161=EDGE_LOOP('',(#1162,#1163,#1164));
#1162=ORIENTED_EDGE('',*,*,#1165,.T.);
#1163=ORIENTED_EDGE('',*,*,#1166,.T.);
#1164=ORIENTED_EDGE('',*,*,#1167,.T.);
#1165=EDGE_CURVE('',#63,#69,#1168,.F.);
#1166=EDGE_CURVE('',#69,#71,#1169,.T.);
#1167=EDGE_CURVE('',#71,#63,#1170,.T.);
#1168=LINE('',#62,#1171);
#1169=LINE('',#68,#1172);
#1170=LINE('',#70,#1173);
#1171=VECTOR('',#1174,1.0);
#1172=VECTOR('',#1175,1.0);
#1173=VECTOR('',#1176,1.0);
#1174=DIRECTION('',(0.620229432982801,0,0.7844204551526134));
#1175=DIRECTION('',(-0.970941159496386,0,0.23931833359735202));
#1176=DIRECTION('',(-0.5882592285700019,0,-0.8086724182276939));
#1177=FACE_SURFACE('',(#1182),#1178,.T.);
#1178=PLANE('',#1179);
#1179=AXIS2_PLACEMENT_3D('',#62,#1180,#1181);
#1180=DIRECTION('',(0,-1,0));
#1181=DIRECTION('',(0.5882592285700019,0,0.8086724182276939));
#1182=FACE_BOUND('',#1183,.T.);
#1183=EDGE_LOOP('',(#1184,#1185,#1186));
#1184=ORIENTED_EDGE('',*,*,#1187,.T.);
#1185=ORIENTED_EDGE('',*,*,#1188,.T.);
#1186=ORIENTED_EDGE('',*,*,#1189,.T.);
#1187=EDGE_CURVE('',#63,#71,#1190,.F.);
#1188=EDGE_CURVE('',#71,#73,#1191,.T.);
#1189=EDGE_CURVE('',#73,#63,#1192,.T.);
#1190=LINE('',#62,#1193);
#1191=LINE('',#70,#1194);
#1192=LINE('',#72,#1195);
#1193=VECTOR('',#1196,1.0);
#1194=VECTOR('',#1197,1.0);
#1195=VECTOR('',#1198,1.0);
#1196=DIRECTION('',(0.5882592285700019,0,0.8086724182276939));
#1197=DIRECTION('',(-0.8854566534882817,0,0.4647219758020199));
#1198=DIRECTION('',(-0.5522271132932057,0,-0.8336937179467366));
#1199=FACE_SURFACE('',(#1204),#1200,.T.);
#1200=PLANE('',#1201);
#1201=AXIS2_PLACEMENT_3D('',#72,#1202,#1203);
#1202=DIRECTION('',(-0,-1,0));
#1203=DIRECTION('',(-0.748508633043982,0,0.663125045718098));
#1204=FACE_BOUND('',#1205,.T.);
#1205=EDGE_LOOP('',(#1206,#1207,#1208));
#1206=ORIENTED_EDGE('',*,*,#1209,.T.);
#1207=ORIENTED_EDGE('',*,*,#1210,.T.);
#1208=ORIENTED_EDGE('',*,*,#1211,.T.);
#1209=EDGE_CURVE('',#73,#75,#1212,.F.);
#1210=EDGE_CURVE('',#75,#63,#1213,.T.);
#1211=EDGE_CURVE('',#63,#73,#1214,.T.);
#1212=LINE('',#72,#1215);
#1213=LINE('',#74,#1216);
#1214=LINE('',#62,#1217);
#1215=VECTOR('',#1218,1.0);
#1216=VECTOR('',#1219,1.0);
#1217=VECTOR('',#1220,1.0);
#1218=DIRECTION('',(-0.748508633043982,0,0.663125045718098));
#1219=DIRECTION('',(-0.5153688474939223,0,-0.8569684655999813));
#1220=DIRECTION('',(0.5522271132932057,0,0.8336937179467366));
#1221=FACE_SURFACE('',(#1226),#1222,.T.);
#1222=PLANE('',#1223);
#1223=AXIS2_PLACEMENT_3D('',#62,#1224,#1225);
#1224=DIRECTION('',(0,-1,0));
#1225=DIRECTION('',(0.5153688474939223,0,0.8569684655999813));
#1226=FACE_BOUND('',#1227,.T.);
#1227=EDGE_LOOP('',(#1228,#1229,#1230));
#1228=ORIENTED_EDGE('',*,*,#1231,.T.);
#1229=ORIENTED_EDGE('',*,*,#1232,.T.);
#1230=ORIENTED_EDGE('',*,*,#1233,.T.);
#1231=EDGE_CURVE('',#63,#75,#1234,.F.);
#1232=EDGE_CURVE('',#75,#77,#1235,.T.);
#1233=EDGE_CURVE('',#77,#63,#1236,.T.);
#1234=LINE('',#62,#1237);
#1235=LINE('',#74,#1238);
#1236=LINE('',#76,#1239);
#1237=VECTOR('',#1240,1.0);
#1238=VECTOR('',#1241,1.0);
#1239=VECTOR('',#1242,1.0);
#1240=DIRECTION('',(0.5153688474939223,0,0.8569684655999813));
#1241=DIRECTION('',(-0.5680671578262806,0,0.8229822016296414));
#1242=DIRECTION('',(-0.48125019150777576,0,-0.8765832836494939));
#1243=FACE_SURFACE('',(#1248),#1244,.T.);
#1244=PLANE('',#1245);
#1245=AXIS2_PLACEMENT_3D('',#62,#1246,#1247);
#1246=DIRECTION('',(0,-1,0));
#1247=DIRECTION('',(0.48125019150777576,0,0.8765832836494939));
#1248=FACE_BOUND('',#1249,.T.);
#1249=EDGE_LOOP('',(#1250,#1251,#1252));
#1250=ORIENTED_EDGE('',*,*,#1253,.T.);
#1251=ORIENTED_EDGE('',*,*,#1254,.T.);
#1252=ORIENTED_EDGE('',*,*,#1255,.T.);
#1253=EDGE_CURVE('',#63,#77,#1256,.F.);
#1254=EDGE_CURVE('',#77,#79,#1257,.T.);
#1255=EDGE_CURVE('',#79,#63,#1258,.T.);
#1256=LINE('',#62,#1259);
#1257=LINE('',#76,#1260);
#1258=LINE('',#78,#1261);
#1259=VECTOR('',#1262,1.0);
#1260=VECTOR('',#1263,1.0);
#1261=VECTOR('',#1264,1.0);
#1262=DIRECTION('',(0.48125019150777576,0,0.8765832836494939));
#1263=DIRECTION('',(-0.35460721324093863,0,0.935015360471418));
#1264=DIRECTION('',(-0.4529976973817968,0,-0.8915116859395562));
#1265=FACE_SURFACE('',(#1270),#1266,.T.);
#1266=PLANE('',#1267);
#1267=AXIS2_PLACEMENT_3D('',#78,#1268,#1269);
#1268=DIRECTION('',(-0,-1,0));
#1269=DIRECTION('',(-0.12053186759460549,0,0.992709458449025));
#1270=FACE_BOUND('',#1271,.T.);
#1271=EDGE_LOOP('',(#1272,#1273,#1274));
#1272=ORIENTED_EDGE('',*,*,#1275,.T.);
#1273=ORIENTED_EDGE('',*,*,#1276,.T.);
#1274=ORIENTED_EDGE('',*,*,#1277,.T.);
#1275=EDGE_CURVE('',#79,#81,#1278,.F.);
#1276=EDGE_CURVE('',#81,#63,#1279,.T.);
#1277=EDGE_CURVE('',#63,#79,#1280,.T.);
#1278=LINE('',#78,#1281);
#1279=LINE('',#80,#1282);
#1280=LINE('',#62,#1283);
#1281=VECTOR('',#1284,1.0);
#1282=VECTOR('',#1285,1.0);
#1283=VECTOR('',#1286,1.0);
#1284=DIRECTION('',(-0.12053186759460549,0,0.992709458449025));
#1285=DIRECTION('',(-0.4327311048521905,0,-0.9015230395799115));
#1286=DIRECTION('',(0.4529976973817968,0,0.8915116859395562));
#1287=FACE_SURFACE('',(#1292),#1288,.T.);
#1288=PLANE('',#1289);
#1289=AXIS2_PLACEMENT_3D('',#62,#1290,#1291);
#1290=DIRECTION('',(0,-1,0));
#1291=DIRECTION('',(0.4327311048521905,0,0.9015230395799115));
#1292=FACE_BOUND('',#1293,.T.);
#1293=EDGE_LOOP('',(#1294,#1295,#1296));
#1294=ORIENTED_EDGE('',*,*,#1297,.T.);
#1295=ORIENTED_EDGE('',*,*,#1298,.T.);
#1296=ORIENTED_EDGE('',*,*,#1299,.T.);
#1297=EDGE_CURVE('',#63,#81,#1300,.F.);
#1298=EDGE_CURVE('',#81,#83,#1301,.T.);
#1299=EDGE_CURVE('',#83,#63,#1302,.T.);
#1300=LINE('',#62,#1303);
#1301=LINE('',#80,#1304);
#1302=LINE('',#82,#1305);
#1303=VECTOR('',#1306,1.0);
#1304=VECTOR('',#1307,1.0);
#1305=VECTOR('',#1308,1.0);
#1306=DIRECTION('',(0.4327311048521905,0,0.9015230395799115));
#1307=DIRECTION('',(0.12053254379935671,0,0.9927093763459959));
#1308=DIRECTION('',(-0.4213952984216257,0,-0.9068770602833379));
#1309=FACE_SURFACE('',(#1314),#1310,.T.);
#1310=PLANE('',#1311);
#1311=AXIS2_PLACEMENT_3D('',#62,#1312,#1313);
#1312=DIRECTION('',(0,-1,0));
#1313=DIRECTION('',(0.4213952984216257,0,0.9068770602833379));
#1314=FACE_BOUND('',#1315,.T.);
#1315=EDGE_LOOP('',(#1316,#1317,#1318));
#1316=ORIENTED_EDGE('',*,*,#1319,.T.);
#1317=ORIENTED_EDGE('',*,*,#1320,.T.);
#1318=ORIENTED_EDGE('',*,*,#1321,.T.);
#1319=EDGE_CURVE('',#63,#83,#1322,.F.);
#1320=EDGE_CURVE('',#83,#85,#1323,.T.);
#1321=EDGE_CURVE('',#85,#63,#1324,.T.);
#1322=LINE('',#62,#1325);
#1323=LINE('',#82,#1326);
#1324=LINE('',#84,#1327);
#1325=VECTOR('',#1328,1.0);
#1326=VECTOR('',#1329,1.0);
#1327=VECTOR('',#1330,1.0);
#1328=DIRECTION('',(0.4213952984216257,0,0.9068770602833379));
#1329=DIRECTION('',(-0.11076934416680836,0,0.9938461412074081));
#1330=DIRECTION('',(0,0,-1));
#1331=FACE_SURFACE('',(#1336),#1332,.T.);
#1332=PLANE('',#1333);
#1333=AXIS2_PLACEMENT_3D('',#84,#1334,#1335);
#1334=DIRECTION('',(0,-1,0));
#1335=DIRECTION('',(0.11076934416680836,0,-0.9938461412074081));
#1336=FACE_BOUND('',#1337,.T.);
#1337=EDGE_LOOP('',(#1338,#1339,#1340));
#1338=ORIENTED_EDGE('',*,*,#1341,.T.);
#1339=ORIENTED_EDGE('',*,*,#1342,.T.);
#1340=ORIENTED_EDGE('',*,*,#1343,.T.);
#1341=EDGE_CURVE('',#85,#83,#1344,.F.);
#1342=EDGE_CURVE('',#83,#87,#1345,.T.);
#1343=EDGE_CURVE('',#87,#85,#1346,.T.);
#1344=LINE('',#84,#1347);
#1345=LINE('',#82,#1348);
#1346=LINE('',#86,#1349);
#1347=VECTOR('',#1350,1.0);
#1348=VECTOR('',#1351,1.0);
#1349=VECTOR('',#1352,1.0);
#1350=DIRECTION('',(0.11076934416680836,0,-0.9938461412074081));
#1351=DIRECTION('',(0.35460533946015727,0,0.9350160711059178));
#1352=DIRECTION('',(-0.11546462272744044,0,0.9933115930554772));
#1353=FACE_SURFACE('',(#1358),#1354,.T.);
#1354=PLANE('',#1355);
#1355=AXIS2_PLACEMENT_3D('',#84,#1356,#1357);
#1356=DIRECTION('',(0,-1,0));
#1357=DIRECTION('',(0.11546462272744044,0,-0.9933115930554772));
#1358=FACE_BOUND('',#1359,.T.);
#1359=EDGE_LOOP('',(#1360,#1361,#1362));
#1360=ORIENTED_EDGE('',*,*,#1363,.T.);
#1361=ORIENTED_EDGE('',*,*,#1364,.T.);
#1362=ORIENTED_EDGE('',*,*,#1365,.T.);
#1363=EDGE_CURVE('',#85,#87,#1366,.F.);
#1364=EDGE_CURVE('',#87,#89,#1367,.T.);
#1365=EDGE_CURVE('',#89,#85,#1368,.T.);
#1366=LINE('',#84,#1369);
#1367=LINE('',#86,#1370);
#1368=LINE('',#88,#1371);
#1369=VECTOR('',#1372,1.0);
#1370=VECTOR('',#1373,1.0);
#1371=VECTOR('',#1374,1.0);
#1372=DIRECTION('',(0.11546462272744044,0,-0.9933115930554772));
#1373=DIRECTION('',(0.5680671578262806,0,0.8229822016296414));
#1374=DIRECTION('',(-0.12230177285445258,0,0.9924929603562223));
#1375=FACE_SURFACE('',(#1380),#1376,.T.);
#1376=PLANE('',#1377);
#1377=AXIS2_PLACEMENT_3D('',#90,#1378,#1379);
#1378=DIRECTION('',(-0,-1,0));
#1379=DIRECTION('',(0,0,1));
#1380=FACE_BOUND('',#1381,.T.);
#1381=EDGE_LOOP('',(#1382,#1383,#1384));
#1382=ORIENTED_EDGE('',*,*,#1385,.T.);
#1383=ORIENTED_EDGE('',*,*,#1386,.T.);
#1384=ORIENTED_EDGE('',*,*,#1387,.T.);
#1385=EDGE_CURVE('',#91,#93,#1388,.F.);
#1386=EDGE_CURVE('',#93,#89,#1389,.T.);
#1387=EDGE_CURVE('',#89,#91,#1390,.T.);
#1388=LINE('',#90,#1391);
#1389=LINE('',#92,#1392);
#1390=LINE('',#88,#1393);
#1391=VECTOR('',#1394,1.0);
#1392=VECTOR('',#1395,1.0);
#1393=VECTOR('',#1396,1.0);
#1394=DIRECTION('',(0,0,1));
#1395=DIRECTION('',(-0.009047929172185963,0,-0.999959066651078));
#1396=DIRECTION('',(0.748508633043982,0,0.663125045718098));
#1397=FACE_SURFACE('',(#1402),#1398,.T.);
#1398=PLANE('',#1399);
#1399=AXIS2_PLACEMENT_3D('',#88,#1400,#1401);
#1400=DIRECTION('',(0,-1,0));
#1401=DIRECTION('',(0.009047929172185963,0,0.999959066651078));
#1402=FACE_BOUND('',#1403,.T.);
#1403=EDGE_LOOP('',(#1404,#1405,#1406));
#1404=ORIENTED_EDGE('',*,*,#1407,.T.);
#1405=ORIENTED_EDGE('',*,*,#1408,.T.);
#1406=ORIENTED_EDGE('',*,*,#1409,.T.);
#1407=EDGE_CURVE('',#89,#93,#1410,.F.);
#1408=EDGE_CURVE('',#93,#95,#1411,.T.);
#1409=EDGE_CURVE('',#95,#89,#1412,.T.);
#1410=LINE('',#88,#1413);
#1411=LINE('',#92,#1414);
#1412=LINE('',#94,#1415);
#1413=VECTOR('',#1416,1.0);
#1414=VECTOR('',#1417,1.0);
#1415=VECTOR('',#1418,1.0);
#1416=DIRECTION('',(0.009047929172185963,0,0.999959066651078));
#1417=DIRECTION('',(-0.7485093343142877,0,0.6631242541518007));
#1418=DIRECTION('',(0,0,-1));
#1419=FACE_SURFACE('',(#1424),#1420,.T.);
#1420=PLANE('',#1421);
#1421=AXIS2_PLACEMENT_3D('',#88,#1422,#1423);
#1422=DIRECTION('',(0,-1,0));
#1423=DIRECTION('',(0,0,1));
#1424=FACE_BOUND('',#1425,.T.);
#1425=EDGE_LOOP('',(#1426,#1427,#1428));
#1426=ORIENTED_EDGE('',*,*,#1429,.T.);
#1427=ORIENTED_EDGE('',*,*,#1430,.T.);
#1428=ORIENTED_EDGE('',*,*,#1431,.T.);
#1429=EDGE_CURVE('',#89,#95,#1432,.F.);
#1430=EDGE_CURVE('',#95,#85,#1433,.T.);
#1431=EDGE_CURVE('',#85,#89,#1434,.T.);
#1432=LINE('',#88,#1435);
#1433=LINE('',#94,#1436);
#1434=LINE('',#84,#1437);
#1435=VECTOR('',#1438,1.0);
#1436=VECTOR('',#1439,1.0);
#1437=VECTOR('',#1440,1.0);
#1438=DIRECTION('',(0,0,1));
#1439=DIRECTION('',(-0.7092314131799348,0,0.7049757460783972));
#1440=DIRECTION('',(0.12230177285445258,0,-0.9924929603562223));
#1441=FACE_SURFACE('',(#1446),#1442,.T.);
#1442=PLANE('',#1443);
#1443=AXIS2_PLACEMENT_3D('',#84,#1444,#1445);
#1444=DIRECTION('',(0,-1,0));
#1445=DIRECTION('',(0.7092314131799348,0,-0.7049757460783972));
#1446=FACE_BOUND('',#1447,.T.);
#1447=EDGE_LOOP('',(#1448,#1449,#1450));
#1448=ORIENTED_EDGE('',*,*,#1451,.T.);
#1449=ORIENTED_EDGE('',*,*,#1452,.T.);
#1450=ORIENTED_EDGE('',*,*,#1453,.T.);
#1451=EDGE_CURVE('',#85,#95,#1454,.F.);
#1452=EDGE_CURVE('',#95,#97,#1455,.T.);
#1453=EDGE_CURVE('',#97,#85,#1456,.T.);
#1454=LINE('',#84,#1457);
#1455=LINE('',#94,#1458);
#1456=LINE('',#96,#1459);
#1457=VECTOR('',#1460,1.0);
#1458=VECTOR('',#1461,1.0);
#1459=VECTOR('',#1462,1.0);
#1460=DIRECTION('',(0.7092314131799348,0,-0.7049757460783972));
#1461=DIRECTION('',(-0.5680678183403006,0,0.8229817457064836));
#1462=DIRECTION('',(-0.7174995844299901,0,0.696558932426246));
#1463=FACE_SURFACE('',(#1468),#1464,.T.);
#1464=PLANE('',#1465);
#1465=AXIS2_PLACEMENT_3D('',#84,#1466,#1467);
#1466=DIRECTION('',(0,-1,0));
#1467=DIRECTION('',(0.7174995844299901,0,-0.696558932426246));
#1468=FACE_BOUND('',#1469,.T.);
#1469=EDGE_LOOP('',(#1470,#1471,#1472));
#1470=ORIENTED_EDGE('',*,*,#1473,.T.);
#1471=ORIENTED_EDGE('',*,*,#1474,.T.);
#1472=ORIENTED_EDGE('',*,*,#1475,.T.);
#1473=EDGE_CURVE('',#85,#97,#1476,.F.);
#1474=EDGE_CURVE('',#97,#99,#1477,.T.);
#1475=EDGE_CURVE('',#99,#85,#1478,.T.);
#1476=LINE('',#84,#1479);
#1477=LINE('',#96,#1480);
#1478=LINE('',#98,#1481);
#1479=VECTOR('',#1482,1.0);
#1480=VECTOR('',#1483,1.0);
#1481=VECTOR('',#1484,1.0);
#1482=DIRECTION('',(0.7174995844299901,0,-0.696558932426246));
#1483=DIRECTION('',(-0.3546058079036296,0,0.9350158934483488));
#1484=DIRECTION('',(-0.7373809227708695,0,0.6754771459742963));
#1485=FACE_SURFACE('',(#1490),#1486,.T.);
#1486=PLANE('',#1487);
#1487=AXIS2_PLACEMENT_3D('',#92,#1488,#1489);
#1488=DIRECTION('',(0,-1,0));
#1489=DIRECTION('',(0,0,-1));
#1490=FACE_BOUND('',#1491,.T.);
#1491=EDGE_LOOP('',(#1492,#1493,#1494));
#1492=ORIENTED_EDGE('',*,*,#1495,.T.);
#1493=ORIENTED_EDGE('',*,*,#1496,.T.);
#1494=ORIENTED_EDGE('',*,*,#1497,.T.);
#1495=EDGE_CURVE('',#93,#91,#1498,.F.);
#1496=EDGE_CURVE('',#91,#101,#1499,.T.);
#1497=EDGE_CURVE('',#101,#93,#1500,.T.);
#1498=LINE('',#92,#1501);
#1499=LINE('',#90,#1502);
#1500=LINE('',#100,#1503);
#1501=VECTOR('',#1504,1.0);
#1502=VECTOR('',#1505,1.0);
#1503=VECTOR('',#1506,1.0);
#1504=DIRECTION('',(0,0,-1));
#1505=DIRECTION('',(0.010851117264844697,0,0.9999411248939133));
#1506=DIRECTION('',(-0.8854563628030274,0,0.46472252965789557));
#1507=FACE_SURFACE('',(#1512),#1508,.T.);
#1508=PLANE('',#1509);
#1509=AXIS2_PLACEMENT_3D('',#100,#1510,#1511);
#1510=DIRECTION('',(0,-1,-0));
#1511=DIRECTION('',(-0.010851117264844697,0,-0.9999411248939133));
#1512=FACE_BOUND('',#1513,.T.);
#1513=EDGE_LOOP('',(#1514,#1515,#1516));
#1514=ORIENTED_EDGE('',*,*,#1517,.T.);
#1515=ORIENTED_EDGE('',*,*,#1518,.T.);
#1516=ORIENTED_EDGE('',*,*,#1519,.T.);
#1517=EDGE_CURVE('',#101,#91,#1520,.F.);
#1518=EDGE_CURVE('',#91,#103,#1521,.T.);
#1519=EDGE_CURVE('',#103,#101,#1522,.T.);
#1520=LINE('',#100,#1523);
#1521=LINE('',#90,#1524);
#1522=LINE('',#102,#1525);
#1523=VECTOR('',#1526,1.0);
#1524=VECTOR('',#1527,1.0);
#1525=VECTOR('',#1528,1.0);
#1526=DIRECTION('',(-0.010851117264844697,0,-0.9999411248939133));
#1527=DIRECTION('',(0.8854566534882817,0,0.4647219758020199));
#1528=DIRECTION('',(0,0,1));
#1529=FACE_SURFACE('',(#1534),#1530,.T.);
#1530=PLANE('',#1531);
#1531=AXIS2_PLACEMENT_3D('',#100,#1532,#1533);
#1532=DIRECTION('',(0,-1,0));
#1533=DIRECTION('',(0,0,-1));
#1534=FACE_BOUND('',#1535,.T.);
#1535=EDGE_LOOP('',(#1536,#1537,#1538));
#1536=ORIENTED_EDGE('',*,*,#1539,.T.);
#1537=ORIENTED_EDGE('',*,*,#1540,.T.);
#1538=ORIENTED_EDGE('',*,*,#1541,.T.);
#1539=EDGE_CURVE('',#101,#103,#1542,.F.);
#1540=EDGE_CURVE('',#103,#105,#1543,.T.);
#1541=EDGE_CURVE('',#105,#101,#1544,.T.);
#1542=LINE('',#100,#1545);
#1543=LINE('',#102,#1546);
#1544=LINE('',#104,#1547);
#1545=VECTOR('',#1548,1.0);
#1546=VECTOR('',#1549,1.0);
#1547=VECTOR('',#1550,1.0);
#1548=DIRECTION('',(0,0,-1));
#1549=DIRECTION('',(0.012002090529384779,0,0.9999279723174687));
#1550=DIRECTION('',(-0.9709416519347484,0,0.23931633571117109));
#1551=FACE_SURFACE('',(#1556),#1552,.T.);
#1552=PLANE('',#1553);
#1553=AXIS2_PLACEMENT_3D('',#104,#1554,#1555);
#1554=DIRECTION('',(0,-1,-0));
#1555=DIRECTION('',(-0.012002090529384779,0,-0.9999279723174687));
#1556=FACE_BOUND('',#1557,.T.);
#1557=EDGE_LOOP('',(#1558,#1559,#1560));
#1558=ORIENTED_EDGE('',*,*,#1561,.T.);
#1559=ORIENTED_EDGE('',*,*,#1562,.T.);
#1560=ORIENTED_EDGE('',*,*,#1563,.T.);
#1561=EDGE_CURVE('',#105,#103,#1564,.F.);
#1562=EDGE_CURVE('',#103,#107,#1565,.T.);
#1563=EDGE_CURVE('',#107,#105,#1566,.T.);
#1564=LINE('',#104,#1567);
#1565=LINE('',#102,#1568);
#1566=LINE('',#106,#1569);
#1567=VECTOR('',#1570,1.0);
#1568=VECTOR('',#1571,1.0);
#1569=VECTOR('',#1572,1.0);
#1570=DIRECTION('',(-0.012002090529384779,0,-0.9999279723174687));
#1571=DIRECTION('',(0.9709424726573267,0,0.23931300589411436));
#1572=DIRECTION('',(0,0,1));
#1573=FACE_SURFACE('',(#1578),#1574,.T.);
#1574=PLANE('',#1575);
#1575=AXIS2_PLACEMENT_3D('',#104,#1576,#1577);
#1576=DIRECTION('',(0,-1,0));
#1577=DIRECTION('',(0,0,-1));
#1578=FACE_BOUND('',#1579,.T.);
#1579=EDGE_LOOP('',(#1580,#1581,#1582));
#1580=ORIENTED_EDGE('',*,*,#1583,.T.);
#1581=ORIENTED_EDGE('',*,*,#1584,.T.);
#1582=ORIENTED_EDGE('',*,*,#1585,.T.);
#1583=EDGE_CURVE('',#105,#107,#1586,.F.);
#1584=EDGE_CURVE('',#107,#109,#1587,.T.);
#1585=EDGE_CURVE('',#109,#105,#1588,.T.);
#1586=LINE('',#104,#1589);
#1587=LINE('',#106,#1590);
#1588=LINE('',#108,#1591);
#1589=VECTOR('',#1592,1.0);
#1590=VECTOR('',#1593,1.0);
#1591=VECTOR('',#1594,1.0);
#1592=DIRECTION('',(0,0,-1));
#1593=DIRECTION('',(0.012397919973529568,0,0.9999231428366533));
#1594=DIRECTION('',(-1,0,0));
#1595=FACE_SURFACE('',(#1600),#1596,.T.);
#1596=PLANE('',#1597);
#1597=AXIS2_PLACEMENT_3D('',#108,#1598,#1599);
#1598=DIRECTION('',(0,-1,-0));
#1599=DIRECTION('',(-0.012397919973529568,0,-0.9999231428366533));
#1600=FACE_BOUND('',#1601,.T.);
#1601=EDGE_LOOP('',(#1602,#1603,#1604));
#1602=ORIENTED_EDGE('',*,*,#1605,.T.);
#1603=ORIENTED_EDGE('',*,*,#1606,.T.);
#1604=ORIENTED_EDGE('',*,*,#1607,.T.);
#1605=EDGE_CURVE('',#109,#107,#1608,.F.);
#1606=EDGE_CURVE('',#107,#111,#1609,.T.);
#1607=EDGE_CURVE('',#111,#109,#1610,.T.);
#1608=LINE('',#108,#1611);
#1609=LINE('',#106,#1612);
#1610=LINE('',#110,#1613);
#1611=VECTOR('',#1614,1.0);
#1612=VECTOR('',#1615,1.0);
#1613=VECTOR('',#1616,1.0);
#1614=DIRECTION('',(-0.012397919973529568,0,-0.9999231428366533));
#1615=DIRECTION('',(1,0,0));
#1616=DIRECTION('',(0,0,1));
#1617=FACE_SURFACE('',(#1622),#1618,.T.);
#1618=PLANE('',#1619);
#1619=AXIS2_PLACEMENT_3D('',#108,#1620,#1621);
#1620=DIRECTION('',(0,-1,0));
#1621=DIRECTION('',(0,0,-1));
#1622=FACE_BOUND('',#1623,.T.);
#1623=EDGE_LOOP('',(#1624,#1625,#1626));
#1624=ORIENTED_EDGE('',*,*,#1627,.T.);
#1625=ORIENTED_EDGE('',*,*,#1628,.T.);
#1626=ORIENTED_EDGE('',*,*,#1629,.T.);
#1627=EDGE_CURVE('',#109,#111,#1630,.F.);
#1628=EDGE_CURVE('',#111,#113,#1631,.T.);
#1629=EDGE_CURVE('',#113,#109,#1632,.T.);
#1630=LINE('',#108,#1633);
#1631=LINE('',#110,#1634);
#1632=LINE('',#112,#1635);
#1633=VECTOR('',#1636,1.0);
#1634=VECTOR('',#1637,1.0);
#1635=VECTOR('',#1638,1.0);
#1636=DIRECTION('',(0,0,-1));
#1637=DIRECTION('',(0.012002124929455064,0,0.9999279719045656));
#1638=DIRECTION('',(-0.9709418137675109,0,-0.23931567913084226));
#1639=FACE_SURFACE('',(#1644),#1640,.T.);
#1640=PLANE('',#1641);
#1641=AXIS2_PLACEMENT_3D('',#112,#1642,#1643);
#1642=DIRECTION('',(0,-1,-0));
#1643=DIRECTION('',(-0.012002124929455064,0,-0.9999279719045656));
#1644=FACE_BOUND('',#1645,.T.);
#1645=EDGE_LOOP('',(#1646,#1647,#1648));
#1646=ORIENTED_EDGE('',*,*,#1649,.T.);
#1647=ORIENTED_EDGE('',*,*,#1650,.T.);
#1648=ORIENTED_EDGE('',*,*,#1651,.T.);
#1649=EDGE_CURVE('',#113,#111,#1652,.F.);
#1650=EDGE_CURVE('',#111,#115,#1653,.T.);
#1651=EDGE_CURVE('',#115,#113,#1654,.T.);
#1652=LINE('',#112,#1655);
#1653=LINE('',#110,#1656);
#1654=LINE('',#114,#1657);
#1655=VECTOR('',#1658,1.0);
#1656=VECTOR('',#1659,1.0);
#1657=VECTOR('',#1660,1.0);
#1658=DIRECTION('',(-0.012002124929455064,0,-0.9999279719045656));
#1659=DIRECTION('',(0.9709426344857225,0,-0.23931234932181114));
#1660=DIRECTION('',(0,0,1));
#1661=FACE_SURFACE('',(#1666),#1662,.T.);
#1662=PLANE('',#1663);
#1663=AXIS2_PLACEMENT_3D('',#112,#1664,#1665);
#1664=DIRECTION('',(0,-1,0));
#1665=DIRECTION('',(0,0,-1));
#1666=FACE_BOUND('',#1667,.T.);
#1667=EDGE_LOOP('',(#1668,#1669,#1670));
#1668=ORIENTED_EDGE('',*,*,#1671,.T.);
#1669=ORIENTED_EDGE('',*,*,#1672,.T.);
#1670=ORIENTED_EDGE('',*,*,#1673,.T.);
#1671=EDGE_CURVE('',#113,#115,#1674,.F.);
#1672=EDGE_CURVE('',#115,#117,#1675,.T.);
#1673=EDGE_CURVE('',#117,#113,#1676,.T.);
#1674=LINE('',#112,#1677);
#1675=LINE('',#114,#1678);
#1676=LINE('',#116,#1679);
#1677=VECTOR('',#1680,1.0);
#1678=VECTOR('',#1681,1.0);
#1679=VECTOR('',#1682,1.0);
#1680=DIRECTION('',(0,0,-1));
#1681=DIRECTION('',(0.010851082546821565,0,0.9999411252706641));
#1682=DIRECTION('',(-0.8854557525480876,0,-0.4647236924017323));
#1683=FACE_SURFACE('',(#1688),#1684,.T.);
#1684=PLANE('',#1685);
#1685=AXIS2_PLACEMENT_3D('',#116,#1686,#1687);
#1686=DIRECTION('',(0,-1,-0));
#1687=DIRECTION('',(-0.010851082546821565,0,-0.9999411252706641));
#1688=FACE_BOUND('',#1689,.T.);
#1689=EDGE_LOOP('',(#1690,#1691,#1692));
#1690=ORIENTED_EDGE('',*,*,#1693,.T.);
#1691=ORIENTED_EDGE('',*,*,#1694,.T.);
#1692=ORIENTED_EDGE('',*,*,#1695,.T.);
#1693=EDGE_CURVE('',#117,#115,#1696,.F.);
#1694=EDGE_CURVE('',#115,#119,#1697,.T.);
#1695=EDGE_CURVE('',#119,#117,#1698,.T.);
#1696=LINE('',#116,#1699);
#1697=LINE('',#114,#1700);
#1698=LINE('',#118,#1701);
#1699=VECTOR('',#1702,1.0);
#1700=VECTOR('',#1703,1.0);
#1701=VECTOR('',#1704,1.0);
#1702=DIRECTION('',(-0.010851082546821565,0,-0.9999411252706641));
#1703=DIRECTION('',(0.8854560432345961,0,-0.46472313854523434));
#1704=DIRECTION('',(0,0,1));
#1705=FACE_SURFACE('',(#1710),#1706,.T.);
#1706=PLANE('',#1707);
#1707=AXIS2_PLACEMENT_3D('',#116,#1708,#1709);
#1708=DIRECTION('',(0,-1,0));
#1709=DIRECTION('',(0,0,-1));
#1710=FACE_BOUND('',#1711,.T.);
#1711=EDGE_LOOP('',(#1712,#1713,#1714));
#1712=ORIENTED_EDGE('',*,*,#1715,.T.);
#1713=ORIENTED_EDGE('',*,*,#1716,.T.);
#1714=ORIENTED_EDGE('',*,*,#1717,.T.);
#1715=EDGE_CURVE('',#117,#119,#1718,.F.);
#1716=EDGE_CURVE('',#119,#121,#1719,.T.);
#1717=EDGE_CURVE('',#121,#117,#1720,.T.);
#1718=LINE('',#116,#1721);
#1719=LINE('',#118,#1722);
#1720=LINE('',#120,#1723);
#1721=VECTOR('',#1724,1.0);
#1722=VECTOR('',#1725,1.0);
#1723=VECTOR('',#1726,1.0);
#1724=DIRECTION('',(0,0,-1));
#1725=DIRECTION('',(0.009047963480570227,0,0.9999590663406449));
#1726=DIRECTION('',(-0.748510576858662,0,-0.6631228516125145));
#1727=FACE_SURFACE('',(#1732),#1728,.T.);
#1728=PLANE('',#1729);
#1729=AXIS2_PLACEMENT_3D('',#120,#1730,#1731);
#1730=DIRECTION('',(0,-1,-0));
#1731=DIRECTION('',(-0.009047963480570227,0,-0.9999590663406449));
#1732=FACE_BOUND('',#1733,.T.);
#1733=EDGE_LOOP('',(#1734,#1735,#1736));
#1734=ORIENTED_EDGE('',*,*,#1737,.T.);
#1735=ORIENTED_EDGE('',*,*,#1738,.T.);
#1736=ORIENTED_EDGE('',*,*,#1739,.T.);
#1737=EDGE_CURVE('',#121,#119,#1740,.F.);
#1738=EDGE_CURVE('',#119,#123,#1741,.T.);
#1739=EDGE_CURVE('',#123,#121,#1742,.T.);
#1740=LINE('',#120,#1743);
#1741=LINE('',#118,#1744);
#1742=LINE('',#122,#1745);
#1743=VECTOR('',#1746,1.0);
#1744=VECTOR('',#1747,1.0);
#1745=VECTOR('',#1748,1.0);
#1746=DIRECTION('',(-0.009047963480570227,0,-0.9999590663406449));
#1747=DIRECTION('',(0.7485098755901587,0,-0.6631236431797658));
#1748=DIRECTION('',(0,0,1));
#1749=FACE_SURFACE('',(#1754),#1750,.T.);
#1750=PLANE('',#1751);
#1751=AXIS2_PLACEMENT_3D('',#120,#1752,#1753);
#1752=DIRECTION('',(0,-1,0));
#1753=DIRECTION('',(0,0,-1));
#1754=FACE_BOUND('',#1755,.T.);
#1755=EDGE_LOOP('',(#1756,#1757,#1758));
#1756=ORIENTED_EDGE('',*,*,#1759,.T.);
#1757=ORIENTED_EDGE('',*,*,#1760,.T.);
#1758=ORIENTED_EDGE('',*,*,#1761,.T.);
#1759=EDGE_CURVE('',#121,#123,#1762,.F.);
#1760=EDGE_CURVE('',#123,#125,#1763,.T.);
#1761=EDGE_CURVE('',#125,#121,#1764,.T.);
#1762=LINE('',#120,#1765);
#1763=LINE('',#122,#1766);
#1764=LINE('',#124,#1767);
#1765=VECTOR('',#1768,1.0);
#1766=VECTOR('',#1769,1.0);
#1767=VECTOR('',#1770,1.0);
#1768=DIRECTION('',(0,0,-1));
#1769=DIRECTION('',(0.7040840112444772,0,0.7101166841511943));
#1770=DIRECTION('',(-1,0,0));
#1771=FACE_SURFACE('',(#1776),#1772,.T.);
#1772=PLANE('',#1773);
#1773=AXIS2_PLACEMENT_3D('',#124,#1774,#1775);
#1774=DIRECTION('',(0,-1,-0));
#1775=DIRECTION('',(-0.7040840112444772,0,-0.7101166841511943));
#1776=FACE_BOUND('',#1777,.T.);
#1777=EDGE_LOOP('',(#1778,#1779,#1780));
#1778=ORIENTED_EDGE('',*,*,#1781,.T.);
#1779=ORIENTED_EDGE('',*,*,#1782,.T.);
#1780=ORIENTED_EDGE('',*,*,#1783,.T.);
#1781=EDGE_CURVE('',#125,#123,#1784,.F.);
#1782=EDGE_CURVE('',#123,#127,#1785,.T.);
#1783=EDGE_CURVE('',#127,#125,#1786,.T.);
#1784=LINE('',#124,#1787);
#1785=LINE('',#122,#1788);
#1786=LINE('',#126,#1789);
#1787=VECTOR('',#1790,1.0);
#1788=VECTOR('',#1791,1.0);
#1789=VECTOR('',#1792,1.0);
#1790=DIRECTION('',(-0.7040840112444772,0,-0.7101166841511943));
#1791=DIRECTION('',(1,0,0));
#1792=DIRECTION('',(0,0,1));
#1793=FACE_SURFACE('',(#1798),#1794,.T.);
#1794=PLANE('',#1795);
#1795=AXIS2_PLACEMENT_3D('',#124,#1796,#1797);
#1796=DIRECTION('',(0,-1,0));
#1797=DIRECTION('',(0,0,-1));
#1798=FACE_BOUND('',#1799,.T.);
#1799=EDGE_LOOP('',(#1800,#1801,#1802));
#1800=ORIENTED_EDGE('',*,*,#1803,.T.);
#1801=ORIENTED_EDGE('',*,*,#1804,.T.);
#1802=ORIENTED_EDGE('',*,*,#1805,.T.);
#1803=EDGE_CURVE('',#125,#127,#1806,.F.);
#1804=EDGE_CURVE('',#127,#129,#1807,.T.);
#1805=EDGE_CURVE('',#129,#125,#1808,.T.);
#1806=LINE('',#124,#1809);
#1807=LINE('',#126,#1810);
#1808=LINE('',#128,#1811);
#1809=VECTOR('',#1812,1.0);
#1810=VECTOR('',#1813,1.0);
#1811=VECTOR('',#1814,1.0);
#1812=DIRECTION('',(0,0,-1));
#1813=DIRECTION('',(0.009047963326052434,0,0.999959066342043));
#1814=DIRECTION('',(-0.748510576858662,0,0.6631228516125145));
#1815=FACE_SURFACE('',(#1820),#1816,.T.);
#1816=PLANE('',#1817);
#1817=AXIS2_PLACEMENT_3D('',#128,#1818,#1819);
#1818=DIRECTION('',(0,-1,-0));
#1819=DIRECTION('',(-0.009047963326052434,0,-0.999959066342043));
#1820=FACE_BOUND('',#1821,.T.);
#1821=EDGE_LOOP('',(#1822,#1823,#1824));
#1822=ORIENTED_EDGE('',*,*,#1825,.T.);
#1823=ORIENTED_EDGE('',*,*,#1826,.T.);
#1824=ORIENTED_EDGE('',*,*,#1827,.T.);
#1825=EDGE_CURVE('',#129,#127,#1828,.F.);
#1826=EDGE_CURVE('',#127,#131,#1829,.T.);
#1827=EDGE_CURVE('',#131,#129,#1830,.T.);
#1828=LINE('',#128,#1831);
#1829=LINE('',#126,#1832);
#1830=LINE('',#130,#1833);
#1831=VECTOR('',#1834,1.0);
#1832=VECTOR('',#1835,1.0);
#1833=VECTOR('',#1836,1.0);
#1834=DIRECTION('',(-0.009047963326052434,0,-0.999959066342043));
#1835=DIRECTION('',(0.7485098755901587,0,0.6631236431797658));
#1836=DIRECTION('',(0,0,1));
#1837=FACE_SURFACE('',(#1842),#1838,.T.);
#1838=PLANE('',#1839);
#1839=AXIS2_PLACEMENT_3D('',#128,#1840,#1841);
#1840=DIRECTION('',(0,-1,0));
#1841=DIRECTION('',(0,0,-1));
#1842=FACE_BOUND('',#1843,.T.);
#1843=EDGE_LOOP('',(#1844,#1845,#1846));
#1844=ORIENTED_EDGE('',*,*,#1847,.T.);
#1845=ORIENTED_EDGE('',*,*,#1848,.T.);
#1846=ORIENTED_EDGE('',*,*,#1849,.T.);
#1847=EDGE_CURVE('',#129,#131,#1850,.F.);
#1848=EDGE_CURVE('',#131,#133,#1851,.T.);
#1849=EDGE_CURVE('',#133,#129,#1852,.T.);
#1850=LINE('',#128,#1853);
#1851=LINE('',#130,#1854);
#1852=LINE('',#132,#1855);
#1853=VECTOR('',#1856,1.0);
#1854=VECTOR('',#1857,1.0);
#1855=VECTOR('',#1858,1.0);
#1856=DIRECTION('',(0,0,-1));
#1857=DIRECTION('',(0.01085108264075431,0,0.9999411252696448));
#1858=DIRECTION('',(-0.8854557525480876,0,0.4647236924017323));
#1859=FACE_SURFACE('',(#1864),#1860,.T.);
#1860=PLANE('',#1861);
#1861=AXIS2_PLACEMENT_3D('',#132,#1862,#1863);
#1862=DIRECTION('',(0,-1,-0));
#1863=DIRECTION('',(-0.01085108264075431,0,-0.9999411252696448));
#1864=FACE_BOUND('',#1865,.T.);
#1865=EDGE_LOOP('',(#1866,#1867,#1868));
#1866=ORIENTED_EDGE('',*,*,#1869,.T.);
#1867=ORIENTED_EDGE('',*,*,#1870,.T.);
#1868=ORIENTED_EDGE('',*,*,#1871,.T.);
#1869=EDGE_CURVE('',#133,#131,#1872,.F.);
#1870=EDGE_CURVE('',#131,#135,#1873,.T.);
#1871=EDGE_CURVE('',#135,#133,#1874,.T.);
#1872=LINE('',#132,#1875);
#1873=LINE('',#130,#1876);
#1874=LINE('',#134,#1877);
#1875=VECTOR('',#1878,1.0);
#1876=VECTOR('',#1879,1.0);
#1877=VECTOR('',#1880,1.0);
#1878=DIRECTION('',(-0.01085108264075431,0,-0.9999411252696448));
#1879=DIRECTION('',(0.8854560432345961,0,0.46472313854523434));
#1880=DIRECTION('',(0,0,1));
#1881=FACE_SURFACE('',(#1886),#1882,.T.);
#1882=PLANE('',#1883);
#1883=AXIS2_PLACEMENT_3D('',#132,#1884,#1885);
#1884=DIRECTION('',(0,-1,0));
#1885=DIRECTION('',(0,0,-1));
#1886=FACE_BOUND('',#1887,.T.);
#1887=EDGE_LOOP('',(#1888,#1889,#1890));
#1888=ORIENTED_EDGE('',*,*,#1891,.T.);
#1889=ORIENTED_EDGE('',*,*,#1892,.T.);
#1890=ORIENTED_EDGE('',*,*,#1893,.T.);
#1891=EDGE_CURVE('',#133,#135,#1894,.F.);
#1892=EDGE_CURVE('',#135,#137,#1895,.T.);
#1893=EDGE_CURVE('',#137,#133,#1896,.T.);
#1894=LINE('',#132,#1897);
#1895=LINE('',#134,#1898);
#1896=LINE('',#136,#1899);
#1897=VECTOR('',#1900,1.0);
#1898=VECTOR('',#1901,1.0);
#1899=VECTOR('',#1902,1.0);
#1900=DIRECTION('',(0,0,-1));
#1901=DIRECTION('',(0.012002125453446496,0,0.9999279718982761));
#1902=DIRECTION('',(-0.9709418137675109,0,0.23931567913084226));
#1903=FACE_SURFACE('',(#1908),#1904,.T.);
#1904=PLANE('',#1905);
#1905=AXIS2_PLACEMENT_3D('',#136,#1906,#1907);
#1906=DIRECTION('',(0,-1,-0));
#1907=DIRECTION('',(-0.012002125453446496,0,-0.9999279718982761));
#1908=FACE_BOUND('',#1909,.T.);
#1909=EDGE_LOOP('',(#1910,#1911,#1912));
#1910=ORIENTED_EDGE('',*,*,#1913,.T.);
#1911=ORIENTED_EDGE('',*,*,#1914,.T.);
#1912=ORIENTED_EDGE('',*,*,#1915,.T.);
#1913=EDGE_CURVE('',#137,#135,#1916,.F.);
#1914=EDGE_CURVE('',#135,#139,#1917,.T.);
#1915=EDGE_CURVE('',#139,#137,#1918,.T.);
#1916=LINE('',#136,#1919);
#1917=LINE('',#134,#1920);
#1918=LINE('',#138,#1921);
#1919=VECTOR('',#1922,1.0);
#1920=VECTOR('',#1923,1.0);
#1921=VECTOR('',#1924,1.0);
#1922=DIRECTION('',(-0.012002125453446496,0,-0.9999279718982761));
#1923=DIRECTION('',(0.9709426344857225,0,0.23931234932181114));
#1924=DIRECTION('',(0,0,1));
#1925=FACE_SURFACE('',(#1930),#1926,.T.);
#1926=PLANE('',#1927);
#1927=AXIS2_PLACEMENT_3D('',#136,#1928,#1929);
#1928=DIRECTION('',(0,-1,0));
#1929=DIRECTION('',(0,0,-1));
#1930=FACE_BOUND('',#1931,.T.);
#1931=EDGE_LOOP('',(#1932,#1933,#1934));
#1932=ORIENTED_EDGE('',*,*,#1935,.T.);
#1933=ORIENTED_EDGE('',*,*,#1936,.T.);
#1934=ORIENTED_EDGE('',*,*,#1937,.T.);
#1935=EDGE_CURVE('',#137,#139,#1938,.F.);
#1936=EDGE_CURVE('',#139,#141,#1939,.T.);
#1937=EDGE_CURVE('',#141,#137,#1940,.T.);
#1938=LINE('',#136,#1941);
#1939=LINE('',#138,#1942);
#1940=LINE('',#140,#1943);
#1941=VECTOR('',#1944,1.0);
#1942=VECTOR('',#1945,1.0);
#1943=VECTOR('',#1946,1.0);
#1944=DIRECTION('',(0,0,-1));
#1945=DIRECTION('',(0.012397919973529568,0,0.9999231428366533));
#1946=DIRECTION('',(-1,0,0));
#1947=FACE_SURFACE('',(#1952),#1948,.T.);
#1948=PLANE('',#1949);
#1949=AXIS2_PLACEMENT_3D('',#140,#1950,#1951);
#1950=DIRECTION('',(0,-1,-0));
#1951=DIRECTION('',(-0.012397919973529568,0,-0.9999231428366533));
#1952=FACE_BOUND('',#1953,.T.);
#1953=EDGE_LOOP('',(#1954,#1955,#1956));
#1954=ORIENTED_EDGE('',*,*,#1957,.T.);
#1955=ORIENTED_EDGE('',*,*,#1958,.T.);
#1956=ORIENTED_EDGE('',*,*,#1959,.T.);
#1957=EDGE_CURVE('',#141,#139,#1960,.F.);
#1958=EDGE_CURVE('',#139,#143,#1961,.T.);
#1959=EDGE_CURVE('',#143,#141,#1962,.T.);
#1960=LINE('',#140,#1963);
#1961=LINE('',#138,#1964);
#1962=LINE('',#142,#1965);
#1963=VECTOR('',#1966,1.0);
#1964=VECTOR('',#1967,1.0);
#1965=VECTOR('',#1968,1.0);
#1966=DIRECTION('',(-0.012397919973529568,0,-0.9999231428366533));
#1967=DIRECTION('',(1,0,0));
#1968=DIRECTION('',(0,0,1));
#1969=FACE_SURFACE('',(#1974),#1970,.T.);
#1970=PLANE('',#1971);
#1971=AXIS2_PLACEMENT_3D('',#140,#1972,#1973);
#1972=DIRECTION('',(0,-1,0));
#1973=DIRECTION('',(0,0,-1));
#1974=FACE_BOUND('',#1975,.T.);
#1975=EDGE_LOOP('',(#1976,#1977,#1978));
#1976=ORIENTED_EDGE('',*,*,#1979,.T.);
#1977=ORIENTED_EDGE('',*,*,#1980,.T.);
#1978=ORIENTED_EDGE('',*,*,#1981,.T.);
#1979=EDGE_CURVE('',#141,#143,#1982,.F.);
#1980=EDGE_CURVE('',#143,#145,#1983,.T.);
#1981=EDGE_CURVE('',#145,#141,#1984,.T.);
#1982=LINE('',#140,#1985);
#1983=LINE('',#142,#1986);
#1984=LINE('',#144,#1987);
#1985=VECTOR('',#1988,1.0);
#1986=VECTOR('',#1989,1.0);
#1987=VECTOR('',#1990,1.0);
#1988=DIRECTION('',(0,0,-1));
#1989=DIRECTION('',(0.012002090005394872,0,0.9999279723237582));
#1990=DIRECTION('',(-0.9709416519347484,0,-0.23931633571117109));
#1991=FACE_SURFACE('',(#1996),#1992,.T.);
#1992=PLANE('',#1993);
#1993=AXIS2_PLACEMENT_3D('',#144,#1994,#1995);
#1994=DIRECTION('',(0,-1,-0));
#1995=DIRECTION('',(-0.012002090005394872,0,-0.9999279723237582));
#1996=FACE_BOUND('',#1997,.T.);
#1997=EDGE_LOOP('',(#1998,#1999,#2000));
#1998=ORIENTED_EDGE('',*,*,#2001,.T.);
#1999=ORIENTED_EDGE('',*,*,#2002,.T.);
#2000=ORIENTED_EDGE('',*,*,#2003,.T.);
#2001=EDGE_CURVE('',#145,#143,#2004,.F.);
#2002=EDGE_CURVE('',#143,#147,#2005,.T.);
#2003=EDGE_CURVE('',#147,#145,#2006,.T.);
#2004=LINE('',#144,#2007);
#2005=LINE('',#142,#2008);
#2006=LINE('',#146,#2009);
#2007=VECTOR('',#2010,1.0);
#2008=VECTOR('',#2011,1.0);
#2009=VECTOR('',#2012,1.0);
#2010=DIRECTION('',(-0.012002090005394872,0,-0.9999279723237582));
#2011=DIRECTION('',(0.9709424726573267,0,-0.23931300589411436));
#2012=DIRECTION('',(0,0,1));
#2013=FACE_SURFACE('',(#2018),#2014,.T.);
#2014=PLANE('',#2015);
#2015=AXIS2_PLACEMENT_3D('',#144,#2016,#2017);
#2016=DIRECTION('',(0,-1,0));
#2017=DIRECTION('',(0,0,-1));
#2018=FACE_BOUND('',#2019,.T.);
#2019=EDGE_LOOP('',(#2020,#2021,#2022));
#2020=ORIENTED_EDGE('',*,*,#2023,.T.);
#2021=ORIENTED_EDGE('',*,*,#2024,.T.);
#2022=ORIENTED_EDGE('',*,*,#2025,.T.);
#2023=EDGE_CURVE('',#145,#147,#2026,.F.);
#2024=EDGE_CURVE('',#147,#149,#2027,.T.);
#2025=EDGE_CURVE('',#149,#145,#2028,.T.);
#2026=LINE('',#144,#2029);
#2027=LINE('',#146,#2030);
#2028=LINE('',#148,#2031);
#2029=VECTOR('',#2032,1.0);
#2030=VECTOR('',#2033,1.0);
#2031=VECTOR('',#2034,1.0);
#2032=DIRECTION('',(0,0,-1));
#2033=DIRECTION('',(0.01085111717091165,0,0.9999411248949326));
#2034=DIRECTION('',(-0.8854563628030274,0,-0.46472252965789557));
#2035=FACE_SURFACE('',(#2040),#2036,.T.);
#2036=PLANE('',#2037);
#2037=AXIS2_PLACEMENT_3D('',#148,#2038,#2039);
#2038=DIRECTION('',(0,-1,-0));
#2039=DIRECTION('',(-0.01085111717091165,0,-0.9999411248949326));
#2040=FACE_BOUND('',#2041,.T.);
#2041=EDGE_LOOP('',(#2042,#2043,#2044));
#2042=ORIENTED_EDGE('',*,*,#2045,.T.);
#2043=ORIENTED_EDGE('',*,*,#2046,.T.);
#2044=ORIENTED_EDGE('',*,*,#2047,.T.);
#2045=EDGE_CURVE('',#149,#147,#2048,.F.);
#2046=EDGE_CURVE('',#147,#151,#2049,.T.);
#2047=EDGE_CURVE('',#151,#149,#2050,.T.);
#2048=LINE('',#148,#2051);
#2049=LINE('',#146,#2052);
#2050=LINE('',#150,#2053);
#2051=VECTOR('',#2054,1.0);
#2052=VECTOR('',#2055,1.0);
#2053=VECTOR('',#2056,1.0);
#2054=DIRECTION('',(-0.01085111717091165,0,-0.9999411248949326));
#2055=DIRECTION('',(0.8854566534882817,0,-0.4647219758020199));
#2056=DIRECTION('',(0,0,1));
#2057=FACE_SURFACE('',(#2062),#2058,.T.);
#2058=PLANE('',#2059);
#2059=AXIS2_PLACEMENT_3D('',#148,#2060,#2061);
#2060=DIRECTION('',(0,-1,0));
#2061=DIRECTION('',(0,0,-1));
#2062=FACE_BOUND('',#2063,.T.);
#2063=EDGE_LOOP('',(#2064,#2065,#2066));
#2064=ORIENTED_EDGE('',*,*,#2067,.T.);
#2065=ORIENTED_EDGE('',*,*,#2068,.T.);
#2066=ORIENTED_EDGE('',*,*,#2069,.T.);
#2067=EDGE_CURVE('',#149,#151,#2070,.F.);
#2068=EDGE_CURVE('',#151,#153,#2071,.T.);
#2069=EDGE_CURVE('',#153,#149,#2072,.T.);
#2070=LINE('',#148,#2073);
#2071=LINE('',#150,#2074);
#2072=LINE('',#152,#2075);
#2073=VECTOR('',#2076,1.0);
#2074=VECTOR('',#2077,1.0);
#2075=VECTOR('',#2078,1.0);
#2076=DIRECTION('',(0,0,-1));
#2077=DIRECTION('',(0.009047929326703173,0,0.9999590666496799));
#2078=DIRECTION('',(-0.7485093343142877,0,-0.6631242541518007));
#2079=FACE_SURFACE('',(#2084),#2080,.T.);
#2080=PLANE('',#2081);
#2081=AXIS2_PLACEMENT_3D('',#152,#2082,#2083);
#2082=DIRECTION('',(0,-1,-0));
#2083=DIRECTION('',(-0.009047929326703173,0,-0.9999590666496799));
#2084=FACE_BOUND('',#2085,.T.);
#2085=EDGE_LOOP('',(#2086,#2087,#2088));
#2086=ORIENTED_EDGE('',*,*,#2089,.T.);
#2087=ORIENTED_EDGE('',*,*,#2090,.T.);
#2088=ORIENTED_EDGE('',*,*,#2091,.T.);
#2089=EDGE_CURVE('',#153,#151,#2092,.F.);
#2090=EDGE_CURVE('',#151,#155,#2093,.T.);
#2091=EDGE_CURVE('',#155,#153,#2094,.T.);
#2092=LINE('',#152,#2095);
#2093=LINE('',#150,#2096);
#2094=LINE('',#154,#2097);
#2095=VECTOR('',#2098,1.0);
#2096=VECTOR('',#2099,1.0);
#2097=VECTOR('',#2100,1.0);
#2098=DIRECTION('',(-0.009047929326703173,0,-0.9999590666496799));
#2099=DIRECTION('',(0.748508633043982,0,-0.663125045718098));
#2100=DIRECTION('',(0,0,1));
#2101=FACE_SURFACE('',(#2106),#2102,.T.);
#2102=PLANE('',#2103);
#2103=AXIS2_PLACEMENT_3D('',#152,#2104,#2105);
#2104=DIRECTION('',(0,-1,0));
#2105=DIRECTION('',(0,0,-1));
#2106=FACE_BOUND('',#2107,.T.);
#2107=EDGE_LOOP('',(#2108,#2109,#2110));
#2108=ORIENTED_EDGE('',*,*,#2111,.T.);
#2109=ORIENTED_EDGE('',*,*,#2112,.T.);
#2110=ORIENTED_EDGE('',*,*,#2113,.T.);
#2111=EDGE_CURVE('',#153,#155,#2114,.F.);
#2112=EDGE_CURVE('',#155,#157,#2115,.T.);
#2113=EDGE_CURVE('',#157,#153,#2116,.T.);
#2114=LINE('',#152,#2117);
#2115=LINE('',#154,#2118);
#2116=LINE('',#156,#2119);
#2117=VECTOR('',#2120,1.0);
#2118=VECTOR('',#2121,1.0);
#2119=VECTOR('',#2122,1.0);
#2120=DIRECTION('',(0,0,-1));
#2121=DIRECTION('',(0.006745726947664591,0,0.9999772473251317));
#2122=DIRECTION('',(-0.5680678183403006,0,-0.8229817457064836));
#2123=FACE_SURFACE('',(#2128),#2124,.T.);
#2124=PLANE('',#2125);
#2125=AXIS2_PLACEMENT_3D('',#156,#2126,#2127);
#2126=DIRECTION('',(0,-1,-0));
#2127=DIRECTION('',(-0.006745726947664591,0,-0.9999772473251317));
#2128=FACE_BOUND('',#2129,.T.);
#2129=EDGE_LOOP('',(#2130,#2131,#2132));
#2130=ORIENTED_EDGE('',*,*,#2133,.T.);
#2131=ORIENTED_EDGE('',*,*,#2134,.T.);
#2132=ORIENTED_EDGE('',*,*,#2135,.T.);
#2133=EDGE_CURVE('',#157,#155,#2136,.F.);
#2134=EDGE_CURVE('',#155,#159,#2137,.T.);
#2135=EDGE_CURVE('',#159,#157,#2138,.T.);
#2136=LINE('',#156,#2139);
#2137=LINE('',#154,#2140);
#2138=LINE('',#158,#2141);
#2139=VECTOR('',#2142,1.0);
#2140=VECTOR('',#2143,1.0);
#2141=VECTOR('',#2144,1.0);
#2142=DIRECTION('',(-0.006745726947664591,0,-0.9999772473251317));
#2143=DIRECTION('',(0.5680671578262806,0,-0.8229822016296414));
#2144=DIRECTION('',(0,0,1));
#2145=FACE_SURFACE('',(#2150),#2146,.T.);
#2146=PLANE('',#2147);
#2147=AXIS2_PLACEMENT_3D('',#156,#2148,#2149);
#2148=DIRECTION('',(0,-1,0));
#2149=DIRECTION('',(0,0,-1));
#2150=FACE_BOUND('',#2151,.T.);
#2151=EDGE_LOOP('',(#2152,#2153,#2154));
#2152=ORIENTED_EDGE('',*,*,#2155,.T.);
#2153=ORIENTED_EDGE('',*,*,#2156,.T.);
#2154=ORIENTED_EDGE('',*,*,#2157,.T.);
#2155=EDGE_CURVE('',#157,#159,#2158,.F.);
#2156=EDGE_CURVE('',#159,#161,#2159,.T.);
#2157=EDGE_CURVE('',#161,#157,#2160,.T.);
#2158=LINE('',#156,#2161);
#2159=LINE('',#158,#2162);
#2160=LINE('',#160,#2163);
#2161=VECTOR('',#2164,1.0);
#2162=VECTOR('',#2165,1.0);
#2163=VECTOR('',#2166,1.0);
#2164=DIRECTION('',(0,0,-1));
#2165=DIRECTION('',(0.10882371939674482,0,0.9940610635653419));
#2166=DIRECTION('',(-0.554015175432168,0,-0.8325065677764135));
#2167=FACE_SURFACE('',(#2172),#2168,.T.);
#2168=PLANE('',#2169);
#2169=AXIS2_PLACEMENT_3D('',#160,#2170,#2171);
#2170=DIRECTION('',(0,-1,0));
#2171=DIRECTION('',(-0.10882371939674482,0,-0.9940610635653419));
#2172=FACE_BOUND('',#2173,.T.);
#2173=EDGE_LOOP('',(#2174,#2175,#2176));
#2174=ORIENTED_EDGE('',*,*,#2177,.T.);
#2175=ORIENTED_EDGE('',*,*,#2178,.T.);
#2176=ORIENTED_EDGE('',*,*,#2179,.T.);
#2177=EDGE_CURVE('',#161,#159,#2180,.F.);
#2178=EDGE_CURVE('',#159,#163,#2181,.T.);
#2179=EDGE_CURVE('',#163,#161,#2182,.T.);
#2180=LINE('',#160,#2183);
#2181=LINE('',#158,#2184);
#2182=LINE('',#162,#2185);
#2183=VECTOR('',#2186,1.0);
#2184=VECTOR('',#2187,1.0);
#2185=VECTOR('',#2188,1.0);
#2186=DIRECTION('',(-0.10882371939674482,0,-0.9940610635653419));
#2187=DIRECTION('',(0.35460533946015727,0,-0.9350160711059178));
#2188=DIRECTION('',(0.10445032342965413,0,0.9945301050925711));
#2189=FACE_SURFACE('',(#2194),#2190,.T.);
#2190=PLANE('',#2191);
#2191=AXIS2_PLACEMENT_3D('',#160,#2192,#2193);
#2192=DIRECTION('',(0,-1,-0));
#2193=DIRECTION('',(-0.10445032342965413,0,-0.9945301050925711));
#2194=FACE_BOUND('',#2195,.T.);
#2195=EDGE_LOOP('',(#2196,#2197,#2198));
#2196=ORIENTED_EDGE('',*,*,#2199,.T.);
#2197=ORIENTED_EDGE('',*,*,#2200,.T.);
#2198=ORIENTED_EDGE('',*,*,#2201,.T.);
#2199=EDGE_CURVE('',#161,#163,#2202,.F.);
#2200=EDGE_CURVE('',#163,#165,#2203,.T.);
#2201=EDGE_CURVE('',#165,#161,#2204,.T.);
#2202=LINE('',#160,#2205);
#2203=LINE('',#162,#2206);
#2204=LINE('',#164,#2207);
#2205=VECTOR('',#2208,1.0);
#2206=VECTOR('',#2209,1.0);
#2207=VECTOR('',#2210,1.0);
#2208=DIRECTION('',(-0.10445032342965413,0,-0.9945301050925711));
#2209=DIRECTION('',(0.4213952984216257,0,-0.9068770602833379));
#2210=DIRECTION('',(0,0,1));
#2211=FACE_SURFACE('',(#2216),#2212,.T.);
#2212=PLANE('',#2213);
#2213=AXIS2_PLACEMENT_3D('',#164,#2214,#2215);
#2214=DIRECTION('',(0,-1,0));
#2215=DIRECTION('',(-0.4213952984216257,0,0.9068770602833379));
#2216=FACE_BOUND('',#2217,.T.);
#2217=EDGE_LOOP('',(#2218,#2219,#2220));
#2218=ORIENTED_EDGE('',*,*,#2221,.T.);
#2219=ORIENTED_EDGE('',*,*,#2222,.T.);
#2220=ORIENTED_EDGE('',*,*,#2223,.T.);
#2221=EDGE_CURVE('',#165,#163,#2224,.F.);
#2222=EDGE_CURVE('',#163,#167,#2225,.T.);
#2223=EDGE_CURVE('',#167,#165,#2226,.T.);
#2224=LINE('',#164,#2227);
#2225=LINE('',#162,#2228);
#2226=LINE('',#166,#2229);
#2227=VECTOR('',#2230,1.0);
#2228=VECTOR('',#2231,1.0);
#2229=VECTOR('',#2232,1.0);
#2230=DIRECTION('',(-0.4213952984216257,0,0.9068770602833379));
#2231=DIRECTION('',(0.12053254379935671,0,-0.9927093763459959));
#2232=DIRECTION('',(0.4327311048521905,0,-0.9015230395799115));
#2233=FACE_SURFACE('',(#2238),#2234,.T.);
#2234=PLANE('',#2235);
#2235=AXIS2_PLACEMENT_3D('',#164,#2236,#2237);
#2236=DIRECTION('',(0,-1,0));
#2237=DIRECTION('',(-0.4327311048521905,0,0.9015230395799115));
#2238=FACE_BOUND('',#2239,.T.);
#2239=EDGE_LOOP('',(#2240,#2241,#2242));
#2240=ORIENTED_EDGE('',*,*,#2243,.T.);
#2241=ORIENTED_EDGE('',*,*,#2244,.T.);
#2242=ORIENTED_EDGE('',*,*,#2245,.T.);
#2243=EDGE_CURVE('',#165,#167,#2246,.F.);
#2244=EDGE_CURVE('',#167,#169,#2247,.T.);
#2245=EDGE_CURVE('',#169,#165,#2248,.T.);
#2246=LINE('',#164,#2249);
#2247=LINE('',#166,#2250);
#2248=LINE('',#168,#2251);
#2249=VECTOR('',#2252,1.0);
#2250=VECTOR('',#2253,1.0);
#2251=VECTOR('',#2254,1.0);
#2252=DIRECTION('',(-0.4327311048521905,0,0.9015230395799115));
#2253=DIRECTION('',(-0.12053186759460549,0,-0.992709458449025));
#2254=DIRECTION('',(0.4529976973817968,0,-0.8915116859395562));
#2255=FACE_SURFACE('',(#2260),#2256,.T.);
#2256=PLANE('',#2257);
#2257=AXIS2_PLACEMENT_3D('',#126,#2258,#2259);
#2258=DIRECTION('',(-0,-1,0));
#2259=DIRECTION('',(-1,0,0));
#2260=FACE_BOUND('',#2261,.T.);
#2261=EDGE_LOOP('',(#2262,#2263,#2264));
#2262=ORIENTED_EDGE('',*,*,#2265,.T.);
#2263=ORIENTED_EDGE('',*,*,#2266,.T.);
#2264=ORIENTED_EDGE('',*,*,#2267,.T.);
#2265=EDGE_CURVE('',#127,#123,#2268,.F.);
#2266=EDGE_CURVE('',#123,#171,#2269,.T.);
#2267=EDGE_CURVE('',#171,#127,#2270,.T.);
#2268=LINE('',#126,#2271);
#2269=LINE('',#122,#2272);
#2270=LINE('',#170,#2273);
#2271=VECTOR('',#2274,1.0);
#2272=VECTOR('',#2275,1.0);
#2273=VECTOR('',#2276,1.0);
#2274=DIRECTION('',(-1,0,0));
#2275=DIRECTION('',(0.9999497743536852,0,-0.010022413382722011));
#2276=DIRECTION('',(0.5680652439958387,0,0.8229835226564066));
#2277=FACE_SURFACE('',(#2282),#2278,.T.);
#2278=PLANE('',#2279);
#2279=AXIS2_PLACEMENT_3D('',#170,#2280,#2281);
#2280=DIRECTION('',(0,-1,0));
#2281=DIRECTION('',(-0.9999497743536852,0,0.010022413382722011));
#2282=FACE_BOUND('',#2283,.T.);
#2283=EDGE_LOOP('',(#2284,#2285,#2286));
#2284=ORIENTED_EDGE('',*,*,#2287,.T.);
#2285=ORIENTED_EDGE('',*,*,#2288,.T.);
#2286=ORIENTED_EDGE('',*,*,#2289,.T.);
#2287=EDGE_CURVE('',#171,#123,#2290,.F.);
#2288=EDGE_CURVE('',#123,#173,#2291,.T.);
#2289=EDGE_CURVE('',#173,#171,#2292,.T.);
#2290=LINE('',#170,#2293);
#2291=LINE('',#122,#2294);
#2292=LINE('',#172,#2295);
#2293=VECTOR('',#2296,1.0);
#2294=VECTOR('',#2297,1.0);
#2295=VECTOR('',#2298,1.0);
#2296=DIRECTION('',(-0.9999497743536852,0,0.010022413382722011));
#2297=DIRECTION('',(0.5680652439958387,0,-0.8229835226564066));
#2298=DIRECTION('',(1,0,0));
#2299=FACE_SURFACE('',(#2304),#2300,.T.);
#2300=PLANE('',#2301);
#2301=AXIS2_PLACEMENT_3D('',#170,#2302,#2303);
#2302=DIRECTION('',(-0,-1,0));
#2303=DIRECTION('',(-1,0,0));
#2304=FACE_BOUND('',#2305,.T.);
#2305=EDGE_LOOP('',(#2306,#2307,#2308));
#2306=ORIENTED_EDGE('',*,*,#2309,.T.);
#2307=ORIENTED_EDGE('',*,*,#2310,.T.);
#2308=ORIENTED_EDGE('',*,*,#2311,.T.);
#2309=EDGE_CURVE('',#171,#173,#2312,.F.);
#2310=EDGE_CURVE('',#173,#175,#2313,.T.);
#2311=EDGE_CURVE('',#175,#171,#2314,.T.);
#2312=LINE('',#170,#2315);
#2313=LINE('',#172,#2316);
#2314=LINE('',#174,#2317);
#2315=VECTOR('',#2318,1.0);
#2316=VECTOR('',#2319,1.0);
#2317=VECTOR('',#2320,1.0);
#2318=DIRECTION('',(-1,0,0));
#2319=DIRECTION('',(0.9999336888856704,0,-0.011515981568901193));
#2320=DIRECTION('',(0.35460533946015727,0,0.9350160711059178));
#2321=FACE_SURFACE('',(#2326),#2322,.T.);
#2322=PLANE('',#2323);
#2323=AXIS2_PLACEMENT_3D('',#174,#2324,#2325);
#2324=DIRECTION('',(0,-1,0));
#2325=DIRECTION('',(-0.9999336888856704,0,0.011515981568901193));
#2326=FACE_BOUND('',#2327,.T.);
#2327=EDGE_LOOP('',(#2328,#2329,#2330));
#2328=ORIENTED_EDGE('',*,*,#2331,.T.);
#2329=ORIENTED_EDGE('',*,*,#2332,.T.);
#2330=ORIENTED_EDGE('',*,*,#2333,.T.);
#2331=EDGE_CURVE('',#175,#173,#2334,.F.);
#2332=EDGE_CURVE('',#173,#41,#2335,.T.);
#2333=EDGE_CURVE('',#41,#175,#2336,.T.);
#2334=LINE('',#174,#2337);
#2335=LINE('',#172,#2338);
#2336=LINE('',#40,#2339);
#2337=VECTOR('',#2340,1.0);
#2338=VECTOR('',#2341,1.0);
#2339=VECTOR('',#2342,1.0);
#2340=DIRECTION('',(-0.9999336888856704,0,0.011515981568901193));
#2341=DIRECTION('',(0.35460533946015727,0,-0.9350160711059178));
#2342=DIRECTION('',(1,0,0));
#2343=FACE_SURFACE('',(#2348),#2344,.T.);
#2344=PLANE('',#2345);
#2345=AXIS2_PLACEMENT_3D('',#174,#2346,#2347);
#2346=DIRECTION('',(-0,-1,0));
#2347=DIRECTION('',(-1,0,0));
#2348=FACE_BOUND('',#2349,.T.);
#2349=EDGE_LOOP('',(#2350,#2351,#2352));
#2350=ORIENTED_EDGE('',*,*,#2353,.T.);
#2351=ORIENTED_EDGE('',*,*,#2354,.T.);
#2352=ORIENTED_EDGE('',*,*,#2355,.T.);
#2353=EDGE_CURVE('',#175,#41,#2356,.F.);
#2354=EDGE_CURVE('',#41,#45,#2357,.T.);
#2355=EDGE_CURVE('',#45,#175,#2358,.T.);
#2356=LINE('',#174,#2359);
#2357=LINE('',#40,#2360);
#2358=LINE('',#44,#2361);
#2359=VECTOR('',#2362,1.0);
#2360=VECTOR('',#2363,1.0);
#2361=VECTOR('',#2364,1.0);
#2362=DIRECTION('',(-1,0,0));
#2363=DIRECTION('',(0.999924372311691,0,-0.012298359934184606));
#2364=DIRECTION('',(0.12053532843399135,0,0.992709038237947));
#2365=FACE_SURFACE('',(#2370),#2366,.T.);
#2366=PLANE('',#2367);
#2367=AXIS2_PLACEMENT_3D('',#176,#2368,#2369);
#2368=DIRECTION('',(0,-1,0));
#2369=DIRECTION('',(0.12053220569603969,0,-0.9927094173976831));
#2370=FACE_BOUND('',#2371,.T.);
#2371=EDGE_LOOP('',(#2372,#2373,#2374));
#2372=ORIENTED_EDGE('',*,*,#2375,.T.);
#2373=ORIENTED_EDGE('',*,*,#2376,.T.);
#2374=ORIENTED_EDGE('',*,*,#2377,.T.);
#2375=EDGE_CURVE('',#177,#179,#2378,.F.);
#2376=EDGE_CURVE('',#179,#161,#2379,.T.);
#2377=EDGE_CURVE('',#161,#177,#2380,.T.);
#2378=LINE('',#176,#2381);
#2379=LINE('',#178,#2382);
#2380=LINE('',#160,#2383);
#2381=VECTOR('',#2384,1.0);
#2382=VECTOR('',#2385,1.0);
#2383=VECTOR('',#2386,1.0);
#2384=DIRECTION('',(0.12053220569603969,0,-0.9927094173976831));
#2385=DIRECTION('',(0.5843047666216521,0,0.8115343120923579));
#2386=DIRECTION('',(-0.6152432860239223,0,-0.7883373002734846));
#2387=FACE_SURFACE('',(#2392),#2388,.T.);
#2388=PLANE('',#2389);
#2389=AXIS2_PLACEMENT_3D('',#160,#2390,#2391);
#2390=DIRECTION('',(0,-1,0));
#2391=DIRECTION('',(-0.5843047666216521,0,-0.8115343120923579));
#2392=FACE_BOUND('',#2393,.T.);
#2393=EDGE_LOOP('',(#2394,#2395,#2396));
#2394=ORIENTED_EDGE('',*,*,#2397,.T.);
#2395=ORIENTED_EDGE('',*,*,#2398,.T.);
#2396=ORIENTED_EDGE('',*,*,#2399,.T.);
#2397=EDGE_CURVE('',#161,#179,#2400,.F.);
#2398=EDGE_CURVE('',#179,#181,#2401,.T.);
#2399=EDGE_CURVE('',#181,#161,#2402,.T.);
#2400=LINE('',#160,#2403);
#2401=LINE('',#178,#2404);
#2402=LINE('',#180,#2405);
#2403=VECTOR('',#2406,1.0);
#2404=VECTOR('',#2407,1.0);
#2405=VECTOR('',#2408,1.0);
#2406=DIRECTION('',(-0.5843047666216521,0,-0.8115343120923579));
#2407=DIRECTION('',(-0.12053220569603969,0,-0.9927094173976831));
#2408=DIRECTION('',(0.563669885351735,0,0.8260001575953614));
#2409=FACE_SURFACE('',(#2414),#2410,.T.);
#2410=PLANE('',#2411);
#2411=AXIS2_PLACEMENT_3D('',#160,#2412,#2413);
#2412=DIRECTION('',(0,-1,0));
#2413=DIRECTION('',(-0.563669885351735,0,-0.8260001575953614));
#2414=FACE_BOUND('',#2415,.T.);
#2415=EDGE_LOOP('',(#2416,#2417,#2418));
#2416=ORIENTED_EDGE('',*,*,#2419,.T.);
#2417=ORIENTED_EDGE('',*,*,#2420,.T.);
#2418=ORIENTED_EDGE('',*,*,#2421,.T.);
#2419=EDGE_CURVE('',#161,#181,#2422,.F.);
#2420=EDGE_CURVE('',#181,#157,#2423,.T.);
#2421=EDGE_CURVE('',#157,#161,#2424,.T.);
#2422=LINE('',#160,#2425);
#2423=LINE('',#180,#2426);
#2424=LINE('',#156,#2427);
#2425=VECTOR('',#2428,1.0);
#2426=VECTOR('',#2429,1.0);
#2427=VECTOR('',#2430,1.0);
#2428=DIRECTION('',(-0.563669885351735,0,-0.8260001575953614));
#2429=DIRECTION('',(-0.3546058079036296,0,-0.9350158934483488));
#2430=DIRECTION('',(0.554015175432168,0,0.8325065677764135));
#2431=FACE_SURFACE('',(#2436),#2432,.T.);
#2432=PLANE('',#2433);
#2433=AXIS2_PLACEMENT_3D('',#124,#2434,#2435);
#2434=DIRECTION('',(0,-1,0));
#2435=DIRECTION('',(-0.568065904509754,0,0.8229830667355891));
#2436=FACE_BOUND('',#2437,.T.);
#2437=EDGE_LOOP('',(#2438,#2439,#2440));
#2438=ORIENTED_EDGE('',*,*,#2441,.T.);
#2439=ORIENTED_EDGE('',*,*,#2442,.T.);
#2440=ORIENTED_EDGE('',*,*,#2443,.T.);
#2441=EDGE_CURVE('',#125,#183,#2444,.F.);
#2442=EDGE_CURVE('',#183,#121,#2445,.T.);
#2443=EDGE_CURVE('',#121,#125,#2446,.T.);
#2444=LINE('',#124,#2447);
#2445=LINE('',#182,#2448);
#2446=LINE('',#120,#2449);
#2447=VECTOR('',#2450,1.0);
#2448=VECTOR('',#2451,1.0);
#2449=VECTOR('',#2452,1.0);
#2450=DIRECTION('',(-0.568065904509754,0,0.8229830667355891));
#2451=DIRECTION('',(-0.9999497745261194,0,-0.01002239617870857));
#2452=DIRECTION('',(1,0,0));
#2453=FACE_SURFACE('',(#2458),#2454,.T.);
#2454=PLANE('',#2455);
#2455=AXIS2_PLACEMENT_3D('',#120,#2456,#2457);
#2456=DIRECTION('',(0,-1,0));
#2457=DIRECTION('',(0.9999497745261194,0,0.01002239617870857));
#2458=FACE_BOUND('',#2459,.T.);
#2459=EDGE_LOOP('',(#2460,#2461,#2462));
#2460=ORIENTED_EDGE('',*,*,#2463,.T.);
#2461=ORIENTED_EDGE('',*,*,#2464,.T.);
#2462=ORIENTED_EDGE('',*,*,#2465,.T.);
#2463=EDGE_CURVE('',#121,#183,#2466,.F.);
#2464=EDGE_CURVE('',#183,#185,#2467,.T.);
#2465=EDGE_CURVE('',#185,#121,#2468,.T.);
#2466=LINE('',#120,#2469);
#2467=LINE('',#182,#2470);
#2468=LINE('',#184,#2471);
#2469=VECTOR('',#2472,1.0);
#2470=VECTOR('',#2473,1.0);
#2471=VECTOR('',#2474,1.0);
#2472=DIRECTION('',(0.9999497745261194,0,0.01002239617870857));
#2473=DIRECTION('',(-1,0,0));
#2474=DIRECTION('',(-0.568065904509754,0,-0.8229830667355891));
#2475=FACE_SURFACE('',(#2480),#2476,.T.);
#2476=PLANE('',#2477);
#2477=AXIS2_PLACEMENT_3D('',#184,#2478,#2479);
#2478=DIRECTION('',(0,-1,0));
#2479=DIRECTION('',(1,0,0));
#2480=FACE_BOUND('',#2481,.T.);
#2481=EDGE_LOOP('',(#2482,#2483,#2484));
#2482=ORIENTED_EDGE('',*,*,#2485,.T.);
#2483=ORIENTED_EDGE('',*,*,#2486,.T.);
#2484=ORIENTED_EDGE('',*,*,#2487,.T.);
#2485=EDGE_CURVE('',#185,#183,#2488,.F.);
#2486=EDGE_CURVE('',#183,#187,#2489,.T.);
#2487=EDGE_CURVE('',#187,#185,#2490,.T.);
#2488=LINE('',#184,#2491);
#2489=LINE('',#182,#2492);
#2490=LINE('',#186,#2493);
#2491=VECTOR('',#2494,1.0);
#2492=VECTOR('',#2495,1.0);
#2493=VECTOR('',#2496,1.0);
#2494=DIRECTION('',(1,0,0));
#2495=DIRECTION('',(-0.3546058079036296,0,0.9350158934483488));
#2496=DIRECTION('',(-0.9999336890860466,0,-0.011515964170209222));
#2497=FACE_SURFACE('',(#2502),#2498,.T.);
#2498=PLANE('',#2499);
#2499=AXIS2_PLACEMENT_3D('',#184,#2500,#2501);
#2500=DIRECTION('',(0,-1,0));
#2501=DIRECTION('',(0.9999336890860466,0,0.011515964170209222));
#2502=FACE_BOUND('',#2503,.T.);
#2503=EDGE_LOOP('',(#2504,#2505,#2506));
#2504=ORIENTED_EDGE('',*,*,#2507,.T.);
#2505=ORIENTED_EDGE('',*,*,#2508,.T.);
#2506=ORIENTED_EDGE('',*,*,#2509,.T.);
#2507=EDGE_CURVE('',#185,#187,#2510,.F.);
#2508=EDGE_CURVE('',#187,#189,#2511,.T.);
#2509=EDGE_CURVE('',#189,#185,#2512,.T.);
#2510=LINE('',#184,#2513);
#2511=LINE('',#186,#2514);
#2512=LINE('',#188,#2515);
#2513=VECTOR('',#2516,1.0);
#2514=VECTOR('',#2517,1.0);
#2515=VECTOR('',#2518,1.0);
#2516=DIRECTION('',(0.9999336890860466,0,0.011515964170209222));
#2517=DIRECTION('',(-1,0,0));
#2518=DIRECTION('',(-0.3546058079036296,0,-0.9350158934483488));
#2519=FACE_SURFACE('',(#2524),#2520,.T.);
#2520=PLANE('',#2521);
#2521=AXIS2_PLACEMENT_3D('',#188,#2522,#2523);
#2522=DIRECTION('',(0,-1,0));
#2523=DIRECTION('',(1,0,0));
#2524=FACE_BOUND('',#2525,.T.);
#2525=EDGE_LOOP('',(#2526,#2527,#2528));
#2526=ORIENTED_EDGE('',*,*,#2529,.T.);
#2527=ORIENTED_EDGE('',*,*,#2530,.T.);
#2528=ORIENTED_EDGE('',*,*,#2531,.T.);
#2529=EDGE_CURVE('',#189,#187,#2532,.F.);
#2530=EDGE_CURVE('',#187,#191,#2533,.T.);
#2531=EDGE_CURVE('',#191,#189,#2534,.T.);
#2532=LINE('',#188,#2535);
#2533=LINE('',#186,#2536);
#2534=LINE('',#190,#2537);
#2535=VECTOR('',#2538,1.0);
#2536=VECTOR('',#2539,1.0);
#2537=VECTOR('',#2540,1.0);
#2538=DIRECTION('',(1,0,0));
#2539=DIRECTION('',(-0.12053499032309353,0,0.9927090792915172));
#2540=DIRECTION('',(-0.9999243718811999,0,-0.01229839493543648));
#2541=FACE_SURFACE('',(#2546),#2542,.T.);
#2542=PLANE('',#2543);
#2543=AXIS2_PLACEMENT_3D('',#188,#2544,#2545);
#2544=DIRECTION('',(0,-1,0));
#2545=DIRECTION('',(0.9999243718811999,0,0.01229839493543648));
#2546=FACE_BOUND('',#2547,.T.);
#2547=EDGE_LOOP('',(#2548,#2549,#2550));
#2548=ORIENTED_EDGE('',*,*,#2551,.T.);
#2549=ORIENTED_EDGE('',*,*,#2552,.T.);
#2550=ORIENTED_EDGE('',*,*,#2553,.T.);
#2551=EDGE_CURVE('',#189,#191,#2554,.F.);
#2552=EDGE_CURVE('',#191,#193,#2555,.T.);
#2553=EDGE_CURVE('',#193,#189,#2556,.T.);
#2554=LINE('',#188,#2557);
#2555=LINE('',#190,#2558);
#2556=LINE('',#192,#2559);
#2557=VECTOR('',#2560,1.0);
#2558=VECTOR('',#2561,1.0);
#2559=VECTOR('',#2562,1.0);
#2560=DIRECTION('',(0.9999243718811999,0,0.01229839493543648));
#2561=DIRECTION('',(-1,0,0));
#2562=DIRECTION('',(-0.12053499032309353,0,-0.9927090792915172));
#2563=FACE_SURFACE('',(#2568),#2564,.T.);
#2564=PLANE('',#2565);
#2565=AXIS2_PLACEMENT_3D('',#192,#2566,#2567);
#2566=DIRECTION('',(0,-1,0));
#2567=DIRECTION('',(1,0,0));
#2568=FACE_BOUND('',#2569,.T.);
#2569=EDGE_LOOP('',(#2570,#2571,#2572));
#2570=ORIENTED_EDGE('',*,*,#2573,.T.);
#2571=ORIENTED_EDGE('',*,*,#2574,.T.);
#2572=ORIENTED_EDGE('',*,*,#2575,.T.);
#2573=EDGE_CURVE('',#193,#191,#2576,.F.);
#2574=EDGE_CURVE('',#191,#195,#2577,.T.);
#2575=EDGE_CURVE('',#195,#193,#2578,.T.);
#2576=LINE('',#192,#2579);
#2577=LINE('',#190,#2580);
#2578=LINE('',#194,#2581);
#2579=VECTOR('',#2582,1.0);
#2580=VECTOR('',#2583,1.0);
#2581=VECTOR('',#2584,1.0);
#2582=DIRECTION('',(1,0,0));
#2583=DIRECTION('',(-0.9999243718811999,0,0.01229839493543648));
#2584=DIRECTION('',(0.12053499032309353,0,-0.9927090792915172));
#2585=FACE_SURFACE('',(#2590),#2586,.T.);
#2586=PLANE('',#2587);
#2587=AXIS2_PLACEMENT_3D('',#194,#2588,#2589);
#2588=DIRECTION('',(0,-1,0));
#2589=DIRECTION('',(0.9999243718811999,0,-0.01229839493543648));
#2590=FACE_BOUND('',#2591,.T.);
#2591=EDGE_LOOP('',(#2592,#2593,#2594));
#2592=ORIENTED_EDGE('',*,*,#2595,.T.);
#2593=ORIENTED_EDGE('',*,*,#2596,.T.);
#2594=ORIENTED_EDGE('',*,*,#2597,.T.);
#2595=EDGE_CURVE('',#195,#191,#2598,.F.);
#2596=EDGE_CURVE('',#191,#197,#2599,.T.);
#2597=EDGE_CURVE('',#197,#195,#2600,.T.);
#2598=LINE('',#194,#2601);
#2599=LINE('',#190,#2602);
#2600=LINE('',#196,#2603);
#2601=VECTOR('',#2604,1.0);
#2602=VECTOR('',#2605,1.0);
#2603=VECTOR('',#2606,1.0);
#2604=DIRECTION('',(0.9999243718811999,0,-0.01229839493543648));
#2605=DIRECTION('',(0.12053499032309353,0,0.9927090792915172));
#2606=DIRECTION('',(-1,0,0));
#2607=FACE_SURFACE('',(#2612),#2608,.T.);
#2608=PLANE('',#2609);
#2609=AXIS2_PLACEMENT_3D('',#194,#2610,#2611);
#2610=DIRECTION('',(0,-1,0));
#2611=DIRECTION('',(1,0,0));
#2612=FACE_BOUND('',#2613,.T.);
#2613=EDGE_LOOP('',(#2614,#2615,#2616));
#2614=ORIENTED_EDGE('',*,*,#2617,.T.);
#2615=ORIENTED_EDGE('',*,*,#2618,.T.);
#2616=ORIENTED_EDGE('',*,*,#2619,.T.);
#2617=EDGE_CURVE('',#195,#197,#2620,.F.);
#2618=EDGE_CURVE('',#197,#199,#2621,.T.);
#2619=EDGE_CURVE('',#199,#195,#2622,.T.);
#2620=LINE('',#194,#2623);
#2621=LINE('',#196,#2624);
#2622=LINE('',#198,#2625);
#2623=VECTOR('',#2626,1.0);
#2624=VECTOR('',#2627,1.0);
#2625=VECTOR('',#2628,1.0);
#2626=DIRECTION('',(1,0,0));
#2627=DIRECTION('',(-0.9999336890860466,0,0.011515964170209222));
#2628=DIRECTION('',(0.3546058079036296,0,-0.9350158934483488));
#2629=FACE_SURFACE('',(#2634),#2630,.T.);
#2630=PLANE('',#2631);
#2631=AXIS2_PLACEMENT_3D('',#198,#2632,#2633);
#2632=DIRECTION('',(0,-1,0));
#2633=DIRECTION('',(0.9999336890860466,0,-0.011515964170209222));
#2634=FACE_BOUND('',#2635,.T.);
#2635=EDGE_LOOP('',(#2636,#2637,#2638));
#2636=ORIENTED_EDGE('',*,*,#2639,.T.);
#2637=ORIENTED_EDGE('',*,*,#2640,.T.);
#2638=ORIENTED_EDGE('',*,*,#2641,.T.);
#2639=EDGE_CURVE('',#199,#197,#2642,.F.);
#2640=EDGE_CURVE('',#197,#201,#2643,.T.);
#2641=EDGE_CURVE('',#201,#199,#2644,.T.);
#2642=LINE('',#198,#2645);
#2643=LINE('',#196,#2646);
#2644=LINE('',#200,#2647);
#2645=VECTOR('',#2648,1.0);
#2646=VECTOR('',#2649,1.0);
#2647=VECTOR('',#2650,1.0);
#2648=DIRECTION('',(0.9999336890860466,0,-0.011515964170209222));
#2649=DIRECTION('',(0.3546058079036296,0,0.9350158934483488));
#2650=DIRECTION('',(-1,0,0));
#2651=FACE_SURFACE('',(#2656),#2652,.T.);
#2652=PLANE('',#2653);
#2653=AXIS2_PLACEMENT_3D('',#198,#2654,#2655);
#2654=DIRECTION('',(0,-1,0));
#2655=DIRECTION('',(1,0,0));
#2656=FACE_BOUND('',#2657,.T.);
#2657=EDGE_LOOP('',(#2658,#2659,#2660));
#2658=ORIENTED_EDGE('',*,*,#2661,.T.);
#2659=ORIENTED_EDGE('',*,*,#2662,.T.);
#2660=ORIENTED_EDGE('',*,*,#2663,.T.);
#2661=EDGE_CURVE('',#199,#201,#2664,.F.);
#2662=EDGE_CURVE('',#201,#203,#2665,.T.);
#2663=EDGE_CURVE('',#203,#199,#2666,.T.);
#2664=LINE('',#198,#2667);
#2665=LINE('',#200,#2668);
#2666=LINE('',#202,#2669);
#2667=VECTOR('',#2670,1.0);
#2668=VECTOR('',#2671,1.0);
#2669=VECTOR('',#2672,1.0);
#2670=DIRECTION('',(1,0,0));
#2671=DIRECTION('',(-0.9999497743536852,0,0.010022413382722011));
#2672=DIRECTION('',(0.5680652439958387,0,-0.8229835226564066));
#2673=FACE_SURFACE('',(#2678),#2674,.T.);
#2674=PLANE('',#2675);
#2675=AXIS2_PLACEMENT_3D('',#202,#2676,#2677);
#2676=DIRECTION('',(0,-1,0));
#2677=DIRECTION('',(0.9999497743536852,0,-0.010022413382722011));
#2678=FACE_BOUND('',#2679,.T.);
#2679=EDGE_LOOP('',(#2680,#2681,#2682));
#2680=ORIENTED_EDGE('',*,*,#2683,.T.);
#2681=ORIENTED_EDGE('',*,*,#2684,.T.);
#2682=ORIENTED_EDGE('',*,*,#2685,.T.);
#2683=EDGE_CURVE('',#203,#201,#2686,.F.);
#2684=EDGE_CURVE('',#201,#205,#2687,.T.);
#2685=EDGE_CURVE('',#205,#203,#2688,.T.);
#2686=LINE('',#202,#2689);
#2687=LINE('',#200,#2690);
#2688=LINE('',#204,#2691);
#2689=VECTOR('',#2692,1.0);
#2690=VECTOR('',#2693,1.0);
#2691=VECTOR('',#2694,1.0);
#2692=DIRECTION('',(0.9999497743536852,0,-0.010022413382722011));
#2693=DIRECTION('',(0.5680652439958387,0,0.8229835226564066));
#2694=DIRECTION('',(-1,0,0));
#2695=FACE_SURFACE('',(#2700),#2696,.T.);
#2696=PLANE('',#2697);
#2697=AXIS2_PLACEMENT_3D('',#202,#2698,#2699);
#2698=DIRECTION('',(0,-1,0));
#2699=DIRECTION('',(1,0,0));
#2700=FACE_BOUND('',#2701,.T.);
#2701=EDGE_LOOP('',(#2702,#2703,#2704));
#2702=ORIENTED_EDGE('',*,*,#2705,.T.);
#2703=ORIENTED_EDGE('',*,*,#2706,.T.);
#2704=ORIENTED_EDGE('',*,*,#2707,.T.);
#2705=EDGE_CURVE('',#203,#205,#2708,.F.);
#2706=EDGE_CURVE('',#205,#207,#2709,.T.);
#2707=EDGE_CURVE('',#207,#203,#2710,.T.);
#2708=LINE('',#202,#2711);
#2709=LINE('',#204,#2712);
#2710=LINE('',#206,#2713);
#2711=VECTOR('',#2714,1.0);
#2712=VECTOR('',#2715,1.0);
#2713=VECTOR('',#2716,1.0);
#2714=DIRECTION('',(1,0,0));
#2715=DIRECTION('',(-0.9999684118492604,0,0.007948289354806168));
#2716=DIRECTION('',(0.7485112781276424,0,-0.6631220600430385));
#2717=FACE_SURFACE('',(#2722),#2718,.T.);
#2718=PLANE('',#2719);
#2719=AXIS2_PLACEMENT_3D('',#206,#2720,#2721);
#2720=DIRECTION('',(0,-1,0));
#2721=DIRECTION('',(0.9999684118492604,0,-0.007948289354806168));
#2722=FACE_BOUND('',#2723,.T.);
#2723=EDGE_LOOP('',(#2724,#2725,#2726));
#2724=ORIENTED_EDGE('',*,*,#2727,.T.);
#2725=ORIENTED_EDGE('',*,*,#2728,.T.);
#2726=ORIENTED_EDGE('',*,*,#2729,.T.);
#2727=EDGE_CURVE('',#207,#205,#2730,.F.);
#2728=EDGE_CURVE('',#205,#209,#2731,.T.);
#2729=EDGE_CURVE('',#209,#207,#2732,.T.);
#2730=LINE('',#206,#2733);
#2731=LINE('',#204,#2734);
#2732=LINE('',#208,#2735);
#2733=VECTOR('',#2736,1.0);
#2734=VECTOR('',#2737,1.0);
#2735=VECTOR('',#2738,1.0);
#2736=DIRECTION('',(0.9999684118492604,0,-0.007948289354806168));
#2737=DIRECTION('',(0.7485112781276424,0,0.6631220600430385));
#2738=DIRECTION('',(-1,0,0));
#2739=FACE_SURFACE('',(#2744),#2740,.T.);
#2740=PLANE('',#2741);
#2741=AXIS2_PLACEMENT_3D('',#206,#2742,#2743);
#2742=DIRECTION('',(0,-1,0));
#2743=DIRECTION('',(1,0,0));
#2744=FACE_BOUND('',#2745,.T.);
#2745=EDGE_LOOP('',(#2746,#2747,#2748));
#2746=ORIENTED_EDGE('',*,*,#2749,.T.);
#2747=ORIENTED_EDGE('',*,*,#2750,.T.);
#2748=ORIENTED_EDGE('',*,*,#2751,.T.);
#2749=EDGE_CURVE('',#207,#209,#2752,.F.);
#2750=EDGE_CURVE('',#209,#211,#2753,.T.);
#2751=EDGE_CURVE('',#211,#207,#2754,.T.);
#2752=LINE('',#206,#2755);
#2753=LINE('',#208,#2756);
#2754=LINE('',#210,#2757);
#2755=VECTOR('',#2758,1.0);
#2756=VECTOR('',#2759,1.0);
#2757=VECTOR('',#2760,1.0);
#2758=DIRECTION('',(1,0,0));
#2759=DIRECTION('',(0.8854554618614235,0,0.46472424625768477));
#2760=DIRECTION('',(-0.9999850758038247,0,-0.005463347839833155));
#2761=FACE_SURFACE('',(#2766),#2762,.T.);
#2762=PLANE('',#2763);
#2763=AXIS2_PLACEMENT_3D('',#212,#2764,#2765);
#2764=DIRECTION('',(-0,-1,0));
#2765=DIRECTION('',(0.819821497345821,0,0.5726191688108738));
#2766=FACE_BOUND('',#2767,.T.);
#2767=EDGE_LOOP('',(#2768,#2769,#2770));
#2768=ORIENTED_EDGE('',*,*,#2771,.T.);
#2769=ORIENTED_EDGE('',*,*,#2772,.T.);
#2770=ORIENTED_EDGE('',*,*,#2773,.T.);
#2771=EDGE_CURVE('',#213,#161,#2774,.F.);
#2772=EDGE_CURVE('',#161,#211,#2775,.T.);
#2773=EDGE_CURVE('',#211,#213,#2776,.T.);
#2774=LINE('',#212,#2777);
#2775=LINE('',#160,#2778);
#2776=LINE('',#210,#2779);
#2777=VECTOR('',#2780,1.0);
#2778=VECTOR('',#2781,1.0);
#2779=VECTOR('',#2782,1.0);
#2780=DIRECTION('',(0.819821497345821,0,0.5726191688108738));
#2781=DIRECTION('',(-0.8301857734052668,0,-0.5574868443609221));
#2782=DIRECTION('',(0.9709419779119557,0,0.23931501316971154));
#2783=FACE_SURFACE('',(#2788),#2784,.T.);
#2784=PLANE('',#2785);
#2785=AXIS2_PLACEMENT_3D('',#210,#2786,#2787);
#2786=DIRECTION('',(0,-1,0));
#2787=DIRECTION('',(0.8301857734052668,0,0.5574868443609221));
#2788=FACE_BOUND('',#2789,.T.);
#2789=EDGE_LOOP('',(#2790,#2791,#2792));
#2790=ORIENTED_EDGE('',*,*,#2793,.T.);
#2791=ORIENTED_EDGE('',*,*,#2794,.T.);
#2792=ORIENTED_EDGE('',*,*,#2795,.T.);
#2793=EDGE_CURVE('',#211,#161,#2796,.F.);
#2794=EDGE_CURVE('',#161,#215,#2797,.T.);
#2795=EDGE_CURVE('',#215,#211,#2798,.T.);
#2796=LINE('',#210,#2799);
#2797=LINE('',#160,#2800);
#2798=LINE('',#214,#2801);
#2799=VECTOR('',#2802,1.0);
#2800=VECTOR('',#2803,1.0);
#2801=VECTOR('',#2804,1.0);
#2802=DIRECTION('',(0.8301857734052668,0,0.5574868443609221));
#2803=DIRECTION('',(-0.9943269434595479,0,-0.10636695685405859));
#2804=DIRECTION('',(1,0,0));
#2805=FACE_SURFACE('',(#2810),#2806,.T.);
#2806=PLANE('',#2807);
#2807=AXIS2_PLACEMENT_3D('',#210,#2808,#2809);
#2808=DIRECTION('',(-0,-1,0));
#2809=DIRECTION('',(-1,0,0));
#2810=FACE_BOUND('',#2811,.T.);
#2811=EDGE_LOOP('',(#2812,#2813,#2814));
#2812=ORIENTED_EDGE('',*,*,#2815,.T.);
#2813=ORIENTED_EDGE('',*,*,#2816,.T.);
#2814=ORIENTED_EDGE('',*,*,#2817,.T.);
#2815=EDGE_CURVE('',#211,#215,#2818,.F.);
#2816=EDGE_CURVE('',#215,#207,#2819,.T.);
#2817=EDGE_CURVE('',#207,#211,#2820,.T.);
#2818=LINE('',#210,#2821);
#2819=LINE('',#214,#2822);
#2820=LINE('',#206,#2823);
#2821=VECTOR('',#2824,1.0);
#2822=VECTOR('',#2825,1.0);
#2823=VECTOR('',#2826,1.0);
#2824=DIRECTION('',(-1,0,0));
#2825=DIRECTION('',(0.8854554618614235,0,-0.46472424625768477));
#2826=DIRECTION('',(0.9999850758038247,0,0.005463347839833155));
#2827=FACE_SURFACE('',(#2832),#2828,.T.);
#2828=PLANE('',#2829);
#2829=AXIS2_PLACEMENT_3D('',#212,#2830,#2831);
#2830=DIRECTION('',(0,-1,0));
#2831=DIRECTION('',(1,0,0));
#2832=FACE_BOUND('',#2833,.T.);
#2833=EDGE_LOOP('',(#2834,#2835,#2836));
#2834=ORIENTED_EDGE('',*,*,#2837,.T.);
#2835=ORIENTED_EDGE('',*,*,#2838,.T.);
#2836=ORIENTED_EDGE('',*,*,#2839,.T.);
#2837=EDGE_CURVE('',#213,#217,#2840,.F.);
#2838=EDGE_CURVE('',#217,#161,#2841,.T.);
#2839=EDGE_CURVE('',#161,#213,#2842,.T.);
#2840=LINE('',#212,#2843);
#2841=LINE('',#216,#2844);
#2842=LINE('',#160,#2845);
#2843=VECTOR('',#2846,1.0);
#2844=VECTOR('',#2847,1.0);
#2845=VECTOR('',#2848,1.0);
#2846=DIRECTION('',(1,0,0));
#2847=DIRECTION('',(0.801051597917035,0,0.5985953035854565));
#2848=DIRECTION('',(-0.819821497345821,0,-0.5726191688108738));
#2849=FACE_SURFACE('',(#2854),#2850,.T.);
#2850=PLANE('',#2851);
#2851=AXIS2_PLACEMENT_3D('',#160,#2852,#2853);
#2852=DIRECTION('',(0,-1,0));
#2853=DIRECTION('',(-0.801051597917035,0,-0.5985953035854565));
#2854=FACE_BOUND('',#2855,.T.);
#2855=EDGE_LOOP('',(#2856,#2857,#2858));
#2856=ORIENTED_EDGE('',*,*,#2859,.T.);
#2857=ORIENTED_EDGE('',*,*,#2860,.T.);
#2858=ORIENTED_EDGE('',*,*,#2861,.T.);
#2859=EDGE_CURVE('',#161,#217,#2862,.F.);
#2860=EDGE_CURVE('',#217,#219,#2863,.T.);
#2861=EDGE_CURVE('',#219,#161,#2864,.T.);
#2862=LINE('',#160,#2865);
#2863=LINE('',#216,#2866);
#2864=LINE('',#218,#2867);
#2865=VECTOR('',#2868,1.0);
#2866=VECTOR('',#2869,1.0);
#2867=VECTOR('',#2870,1.0);
#2868=DIRECTION('',(-0.801051597917035,0,-0.5985953035854565));
#2869=DIRECTION('',(0.9709418160800666,0,-0.23931566974843524));
#2870=DIRECTION('',(0.773430844114334,0,0.63388069017173));
#2871=FACE_SURFACE('',(#2876),#2872,.T.);
#2872=PLANE('',#2873);
#2873=AXIS2_PLACEMENT_3D('',#160,#2874,#2875);
#2874=DIRECTION('',(0,-1,0));
#2875=DIRECTION('',(-0.773430844114334,0,-0.63388069017173));
#2876=FACE_BOUND('',#2877,.T.);
#2877=EDGE_LOOP('',(#2878,#2879,#2880));
#2878=ORIENTED_EDGE('',*,*,#2881,.T.);
#2879=ORIENTED_EDGE('',*,*,#2882,.T.);
#2880=ORIENTED_EDGE('',*,*,#2883,.T.);
#2881=EDGE_CURVE('',#161,#219,#2884,.F.);
#2882=EDGE_CURVE('',#219,#221,#2885,.T.);
#2883=EDGE_CURVE('',#221,#161,#2886,.T.);
#2884=LINE('',#160,#2887);
#2885=LINE('',#218,#2888);
#2886=LINE('',#220,#2889);
#2887=VECTOR('',#2890,1.0);
#2888=VECTOR('',#2891,1.0);
#2889=VECTOR('',#2892,1.0);
#2890=DIRECTION('',(-0.773430844114334,0,-0.63388069017173));
#2891=DIRECTION('',(0.8854560721176176,0,-0.4647230835132257));
#2892=DIRECTION('',(0.7377214176101435,0,0.6751052584592124));
#2893=FACE_SURFACE('',(#2898),#2894,.T.);
#2894=PLANE('',#2895);
#2895=AXIS2_PLACEMENT_3D('',#220,#2896,#2897);
#2896=DIRECTION('',(0,-1,0));
#2897=DIRECTION('',(0.7485100355850703,0,-0.6631234625832785));
#2898=FACE_BOUND('',#2899,.T.);
#2899=EDGE_LOOP('',(#2900,#2901,#2902));
#2900=ORIENTED_EDGE('',*,*,#2903,.T.);
#2901=ORIENTED_EDGE('',*,*,#2904,.T.);
#2902=ORIENTED_EDGE('',*,*,#2905,.T.);
#2903=EDGE_CURVE('',#221,#223,#2906,.F.);
#2904=EDGE_CURVE('',#223,#161,#2907,.T.);
#2905=EDGE_CURVE('',#161,#221,#2908,.T.);
#2906=LINE('',#220,#2909);
#2907=LINE('',#222,#2910);
#2908=LINE('',#160,#2911);
#2909=VECTOR('',#2912,1.0);
#2910=VECTOR('',#2913,1.0);
#2911=VECTOR('',#2914,1.0);
#2912=DIRECTION('',(0.7485100355850703,0,-0.6631234625832785));
#2913=DIRECTION('',(0.696494539876129,0,0.7175620920329748));
#2914=DIRECTION('',(-0.7377214176101435,0,-0.6751052584592124));
#2915=FACE_SURFACE('',(#2920),#2916,.T.);
#2916=PLANE('',#2917);
#2917=AXIS2_PLACEMENT_3D('',#160,#2918,#2919);
#2918=DIRECTION('',(0,-1,0));
#2919=DIRECTION('',(-0.696494539876129,0,-0.7175620920329748));
#2920=FACE_BOUND('',#2921,.T.);
#2921=EDGE_LOOP('',(#2922,#2923,#2924));
#2922=ORIENTED_EDGE('',*,*,#2925,.T.);
#2923=ORIENTED_EDGE('',*,*,#2926,.T.);
#2924=ORIENTED_EDGE('',*,*,#2927,.T.);
#2925=EDGE_CURVE('',#161,#223,#2928,.F.);
#2926=EDGE_CURVE('',#223,#225,#2929,.T.);
#2927=EDGE_CURVE('',#225,#161,#2930,.T.);
#2928=LINE('',#160,#2931);
#2929=LINE('',#222,#2932);
#2930=LINE('',#224,#2933);
#2931=VECTOR('',#2934,1.0);
#2932=VECTOR('',#2935,1.0);
#2933=VECTOR('',#2936,1.0);
#2934=DIRECTION('',(-0.696494539876129,0,-0.7175620920329748));
#2935=DIRECTION('',(0.5680671578262806,0,-0.8229822016296414));
#2936=DIRECTION('',(0.6540253748228988,0,0.7564726096084157));
#2937=FACE_SURFACE('',(#2942),#2938,.T.);
#2938=PLANE('',#2939);
#2939=AXIS2_PLACEMENT_3D('',#160,#2940,#2941);
#2940=DIRECTION('',(0,-1,0));
#2941=DIRECTION('',(-0.6540253748228988,0,-0.7564726096084157));
#2942=FACE_BOUND('',#2943,.T.);
#2943=EDGE_LOOP('',(#2944,#2945,#2946));
#2944=ORIENTED_EDGE('',*,*,#2947,.T.);
#2945=ORIENTED_EDGE('',*,*,#2948,.T.);
#2946=ORIENTED_EDGE('',*,*,#2949,.T.);
#2947=EDGE_CURVE('',#161,#225,#2950,.F.);
#2948=EDGE_CURVE('',#225,#177,#2951,.T.);
#2949=EDGE_CURVE('',#177,#161,#2952,.T.);
#2950=LINE('',#160,#2953);
#2951=LINE('',#224,#2954);
#2952=LINE('',#176,#2955);
#2953=VECTOR('',#2956,1.0);
#2954=VECTOR('',#2957,1.0);
#2955=VECTOR('',#2958,1.0);
#2956=DIRECTION('',(-0.6540253748228988,0,-0.7564726096084157));
#2957=DIRECTION('',(0.3546058079036296,0,-0.9350158934483488));
#2958=DIRECTION('',(0.6152432860239223,0,0.7883373002734846));
#2959=FACE_SURFACE('',(#2964),#2960,.T.);
#2960=PLANE('',#2961);
#2961=AXIS2_PLACEMENT_3D('',#168,#2962,#2963);
#2962=DIRECTION('',(0,-1,-0));
#2963=DIRECTION('',(-0.35460721324093863,0,-0.935015360471418));
#2964=FACE_BOUND('',#2965,.T.);
#2965=EDGE_LOOP('',(#2966,#2967,#2968));
#2966=ORIENTED_EDGE('',*,*,#2969,.T.);
#2967=ORIENTED_EDGE('',*,*,#2970,.T.);
#2968=ORIENTED_EDGE('',*,*,#2971,.T.);
#2969=EDGE_CURVE('',#169,#227,#2972,.F.);
#2970=EDGE_CURVE('',#227,#165,#2973,.T.);
#2971=EDGE_CURVE('',#165,#169,#2974,.T.);
#2972=LINE('',#168,#2975);
#2973=LINE('',#226,#2976);
#2974=LINE('',#164,#2977);
#2975=VECTOR('',#2978,1.0);
#2976=VECTOR('',#2979,1.0);
#2977=VECTOR('',#2980,1.0);
#2978=DIRECTION('',(-0.35460721324093863,0,-0.935015360471418));
#2979=DIRECTION('',(0.48125019150777576,0,-0.8765832836494939));
#2980=DIRECTION('',(-0.4529976973817968,0,0.8915116859395562));
#2981=FACE_SURFACE('',(#2986),#2982,.T.);
#2982=PLANE('',#2983);
#2983=AXIS2_PLACEMENT_3D('',#164,#2984,#2985);
#2984=DIRECTION('',(0,-1,0));
#2985=DIRECTION('',(-0.48125019150777576,0,0.8765832836494939));
#2986=FACE_BOUND('',#2987,.T.);
#2987=EDGE_LOOP('',(#2988,#2989,#2990));
#2988=ORIENTED_EDGE('',*,*,#2991,.T.);
#2989=ORIENTED_EDGE('',*,*,#2992,.T.);
#2990=ORIENTED_EDGE('',*,*,#2993,.T.);
#2991=EDGE_CURVE('',#165,#227,#2994,.F.);
#2992=EDGE_CURVE('',#227,#229,#2995,.T.);
#2993=EDGE_CURVE('',#229,#165,#2996,.T.);
#2994=LINE('',#164,#2997);
#2995=LINE('',#226,#2998);
#2996=LINE('',#228,#2999);
#2997=VECTOR('',#3000,1.0);
#2998=VECTOR('',#3001,1.0);
#2999=VECTOR('',#3002,1.0);
#3000=DIRECTION('',(-0.48125019150777576,0,0.8765832836494939));
#3001=DIRECTION('',(-0.5680671578262806,0,-0.8229822016296414));
#3002=DIRECTION('',(0.5153688474939223,0,-0.8569684655999813));
#3003=FACE_SURFACE('',(#3008),#3004,.T.);
#3004=PLANE('',#3005);
#3005=AXIS2_PLACEMENT_3D('',#164,#3006,#3007);
#3006=DIRECTION('',(0,-1,0));
#3007=DIRECTION('',(-0.5153688474939223,0,0.8569684655999813));
#3008=FACE_BOUND('',#3009,.T.);
#3009=EDGE_LOOP('',(#3010,#3011,#3012));
#3010=ORIENTED_EDGE('',*,*,#3013,.T.);
#3011=ORIENTED_EDGE('',*,*,#3014,.T.);
#3012=ORIENTED_EDGE('',*,*,#3015,.T.);
#3013=EDGE_CURVE('',#165,#229,#3016,.F.);
#3014=EDGE_CURVE('',#229,#231,#3017,.T.);
#3015=EDGE_CURVE('',#231,#165,#3018,.T.);
#3016=LINE('',#164,#3019);
#3017=LINE('',#228,#3020);
#3018=LINE('',#230,#3021);
#3019=VECTOR('',#3022,1.0);
#3020=VECTOR('',#3023,1.0);
#3021=VECTOR('',#3024,1.0);
#3022=DIRECTION('',(-0.5153688474939223,0,0.8569684655999813));
#3023=DIRECTION('',(-0.748508633043982,0,-0.663125045718098));
#3024=DIRECTION('',(0.5522271132932057,0,-0.8336937179467366));
#3025=FACE_SURFACE('',(#3030),#3026,.T.);
#3026=PLANE('',#3027);
#3027=AXIS2_PLACEMENT_3D('',#230,#3028,#3029);
#3028=DIRECTION('',(0,-1,-0));
#3029=DIRECTION('',(-0.8854566534882817,0,-0.4647219758020199));
#3030=FACE_BOUND('',#3031,.T.);
#3031=EDGE_LOOP('',(#3032,#3033,#3034));
#3032=ORIENTED_EDGE('',*,*,#3035,.T.);
#3033=ORIENTED_EDGE('',*,*,#3036,.T.);
#3034=ORIENTED_EDGE('',*,*,#3037,.T.);
#3035=EDGE_CURVE('',#231,#233,#3038,.F.);
#3036=EDGE_CURVE('',#233,#165,#3039,.T.);
#3037=EDGE_CURVE('',#165,#231,#3040,.T.);
#3038=LINE('',#230,#3041);
#3039=LINE('',#232,#3042);
#3040=LINE('',#164,#3043);
#3041=VECTOR('',#3044,1.0);
#3042=VECTOR('',#3045,1.0);
#3043=VECTOR('',#3046,1.0);
#3044=DIRECTION('',(-0.8854566534882817,0,-0.4647219758020199));
#3045=DIRECTION('',(0.5882592285700019,0,-0.8086724182276939));
#3046=DIRECTION('',(-0.5522271132932057,0,0.8336937179467366));
#3047=FACE_SURFACE('',(#3052),#3048,.T.);
#3048=PLANE('',#3049);
#3049=AXIS2_PLACEMENT_3D('',#164,#3050,#3051);
#3050=DIRECTION('',(0,-1,0));
#3051=DIRECTION('',(-0.5882592285700019,0,0.8086724182276939));
#3052=FACE_BOUND('',#3053,.T.);
#3053=EDGE_LOOP('',(#3054,#3055,#3056));
#3054=ORIENTED_EDGE('',*,*,#3057,.T.);
#3055=ORIENTED_EDGE('',*,*,#3058,.T.);
#3056=ORIENTED_EDGE('',*,*,#3059,.T.);
#3057=EDGE_CURVE('',#165,#233,#3060,.F.);
#3058=EDGE_CURVE('',#233,#235,#3061,.T.);
#3059=EDGE_CURVE('',#235,#165,#3062,.T.);
#3060=LINE('',#164,#3063);
#3061=LINE('',#232,#3064);
#3062=LINE('',#234,#3065);
#3063=VECTOR('',#3066,1.0);
#3064=VECTOR('',#3067,1.0);
#3065=VECTOR('',#3068,1.0);
#3066=DIRECTION('',(-0.5882592285700019,0,0.8086724182276939));
#3067=DIRECTION('',(-0.970941159496386,0,-0.23931833359735202));
#3068=DIRECTION('',(0.620229432982801,0,-0.7844204551526134));
#3069=FACE_SURFACE('',(#3074),#3070,.T.);
#3070=PLANE('',#3071);
#3071=AXIS2_PLACEMENT_3D('',#164,#3072,#3073);
#3072=DIRECTION('',(0,-1,0));
#3073=DIRECTION('',(-0.620229432982801,0,0.7844204551526134));
#3074=FACE_BOUND('',#3075,.T.);
#3075=EDGE_LOOP('',(#3076,#3077,#3078));
#3076=ORIENTED_EDGE('',*,*,#3079,.T.);
#3077=ORIENTED_EDGE('',*,*,#3080,.T.);
#3078=ORIENTED_EDGE('',*,*,#3081,.T.);
#3079=EDGE_CURVE('',#165,#235,#3082,.F.);
#3080=EDGE_CURVE('',#235,#237,#3083,.T.);
#3081=EDGE_CURVE('',#237,#165,#3084,.T.);
#3082=LINE('',#164,#3085);
#3083=LINE('',#234,#3086);
#3084=LINE('',#236,#3087);
#3085=VECTOR('',#3088,1.0);
#3086=VECTOR('',#3089,1.0);
#3087=VECTOR('',#3090,1.0);
#3088=DIRECTION('',(-0.620229432982801,0,0.7844204551526134));
#3089=DIRECTION('',(-1,0,0));
#3090=DIRECTION('',(0.645838541396329,0,-0.7634740194971025));
#3091=FACE_SURFACE('',(#3096),#3092,.T.);
#3092=PLANE('',#3093);
#3093=AXIS2_PLACEMENT_3D('',#236,#3094,#3095);
#3094=DIRECTION('',(-0,-1,-0));
#3095=DIRECTION('',(-0.9709413213317685,0,0.23931767701220788));
#3096=FACE_BOUND('',#3097,.T.);
#3097=EDGE_LOOP('',(#3098,#3099,#3100));
#3098=ORIENTED_EDGE('',*,*,#3101,.T.);
#3099=ORIENTED_EDGE('',*,*,#3102,.T.);
#3100=ORIENTED_EDGE('',*,*,#3103,.T.);
#3101=EDGE_CURVE('',#237,#239,#3104,.F.);
#3102=EDGE_CURVE('',#239,#165,#3105,.T.);
#3103=EDGE_CURVE('',#165,#237,#3106,.T.);
#3104=LINE('',#236,#3107);
#3105=LINE('',#238,#3108);
#3106=LINE('',#164,#3109);
#3107=VECTOR('',#3110,1.0);
#3108=VECTOR('',#3111,1.0);
#3109=VECTOR('',#3112,1.0);
#3110=DIRECTION('',(-0.9709413213317685,0,0.23931767701220788));
#3111=DIRECTION('',(0.6639154007539536,0,-0.7478076896112511));
#3112=DIRECTION('',(-0.645838541396329,0,0.7634740194971025));
#3113=FACE_SURFACE('',(#3118),#3114,.T.);
#3114=PLANE('',#3115);
#3115=AXIS2_PLACEMENT_3D('',#164,#3116,#3117);
#3116=DIRECTION('',(0,-1,0));
#3117=DIRECTION('',(-0.6639154007539536,0,0.7478076896112511));
#3118=FACE_BOUND('',#3119,.T.);
#3119=EDGE_LOOP('',(#3120,#3121,#3122));
#3120=ORIENTED_EDGE('',*,*,#3123,.T.);
#3121=ORIENTED_EDGE('',*,*,#3124,.T.);
#3122=ORIENTED_EDGE('',*,*,#3125,.T.);
#3123=EDGE_CURVE('',#165,#239,#3126,.F.);
#3124=EDGE_CURVE('',#239,#59,#3127,.T.);
#3125=EDGE_CURVE('',#59,#165,#3128,.T.);
#3126=LINE('',#164,#3129);
#3127=LINE('',#238,#3130);
#3128=LINE('',#58,#3131);
#3129=VECTOR('',#3132,1.0);
#3130=VECTOR('',#3133,1.0);
#3131=VECTOR('',#3134,1.0);
#3132=DIRECTION('',(-0.6639154007539536,0,0.7478076896112511));
#3133=DIRECTION('',(-0.8854560432345961,0,0.46472313854523434));
#3134=DIRECTION('',(0.6742346153302337,0,-0.7385172194949091));
#3135=FACE_SURFACE('',(#3140),#3136,.T.);
#3136=PLANE('',#3137);
#3137=AXIS2_PLACEMENT_3D('',#164,#3138,#3139);
#3138=DIRECTION('',(0,-1,0));
#3139=DIRECTION('',(-0.6742346153302337,0,0.7385172194949091));
#3140=FACE_BOUND('',#3141,.T.);
#3141=EDGE_LOOP('',(#3142,#3143,#3144));
#3142=ORIENTED_EDGE('',*,*,#3145,.T.);
#3143=ORIENTED_EDGE('',*,*,#3146,.T.);
#3144=ORIENTED_EDGE('',*,*,#3147,.T.);
#3145=EDGE_CURVE('',#165,#59,#3148,.F.);
#3146=EDGE_CURVE('',#59,#63,#3149,.T.);
#3147=EDGE_CURVE('',#63,#165,#3150,.T.);
#3148=LINE('',#164,#3151);
#3149=LINE('',#58,#3152);
#3150=LINE('',#62,#3153);
#3151=VECTOR('',#3154,1.0);
#3152=VECTOR('',#3155,1.0);
#3153=VECTOR('',#3156,1.0);
#3154=DIRECTION('',(-0.6742346153302337,0,0.7385172194949091));
#3155=DIRECTION('',(-0.9832118522846145,0,-0.18246767803382924));
#3156=DIRECTION('',(1,0,0));
#3157=FACE_SURFACE('',(#3162),#3158,.T.);
#3158=PLANE('',#3159);
#3159=AXIS2_PLACEMENT_3D('',#98,#3160,#3161);
#3160=DIRECTION('',(0,-1,0));
#3161=DIRECTION('',(-0.12053220569603969,0,0.9927094173976831));
#3162=FACE_BOUND('',#3163,.T.);
#3163=EDGE_LOOP('',(#3164,#3165,#3166));
#3164=ORIENTED_EDGE('',*,*,#3167,.T.);
#3165=ORIENTED_EDGE('',*,*,#3168,.T.);
#3166=ORIENTED_EDGE('',*,*,#3169,.T.);
#3167=EDGE_CURVE('',#99,#241,#3170,.F.);
#3168=EDGE_CURVE('',#241,#85,#3171,.T.);
#3169=EDGE_CURVE('',#85,#99,#3172,.T.);
#3170=LINE('',#98,#3173);
#3171=LINE('',#240,#3174);
#3172=LINE('',#84,#3175);
#3173=VECTOR('',#3176,1.0);
#3174=VECTOR('',#3177,1.0);
#3175=VECTOR('',#3178,1.0);
#3176=DIRECTION('',(-0.12053220569603969,0,0.9927094173976831));
#3177=DIRECTION('',(-0.7682213129595268,0,0.6401843596298966));
#3178=DIRECTION('',(0.7373809227708695,0,-0.6754771459742963));
#3179=FACE_SURFACE('',(#3184),#3180,.T.);
#3180=PLANE('',#3181);
#3181=AXIS2_PLACEMENT_3D('',#84,#3182,#3183);
#3182=DIRECTION('',(0,-1,0));
#3183=DIRECTION('',(0.7682213129595268,0,-0.6401843596298966));
#3184=FACE_BOUND('',#3185,.T.);
#3185=EDGE_LOOP('',(#3186,#3187,#3188));
#3186=ORIENTED_EDGE('',*,*,#3189,.T.);
#3187=ORIENTED_EDGE('',*,*,#3190,.T.);
#3188=ORIENTED_EDGE('',*,*,#3191,.T.);
#3189=EDGE_CURVE('',#85,#241,#3192,.F.);
#3190=EDGE_CURVE('',#241,#243,#3193,.T.);
#3191=EDGE_CURVE('',#243,#85,#3194,.T.);
#3192=LINE('',#84,#3195);
#3193=LINE('',#240,#3196);
#3194=LINE('',#242,#3197);
#3195=VECTOR('',#3198,1.0);
#3196=VECTOR('',#3199,1.0);
#3197=VECTOR('',#3200,1.0);
#3198=DIRECTION('',(0.7682213129595268,0,-0.6401843596298966));
#3199=DIRECTION('',(0.12053220569603969,0,0.9927094173976831));
#3200=DIRECTION('',(-0.8069198730289313,0,0.5906609166949963));
#3201=FACE_SURFACE('',(#3206),#3202,.T.);
#3202=PLANE('',#3203);
#3203=AXIS2_PLACEMENT_3D('',#84,#3204,#3205);
#3204=DIRECTION('',(0,-1,0));
#3205=DIRECTION('',(0.8069198730289313,0,-0.5906609166949963));
#3206=FACE_BOUND('',#3207,.T.);
#3207=EDGE_LOOP('',(#3208,#3209,#3210));
#3208=ORIENTED_EDGE('',*,*,#3211,.T.);
#3209=ORIENTED_EDGE('',*,*,#3212,.T.);
#3210=ORIENTED_EDGE('',*,*,#3213,.T.);
#3211=EDGE_CURVE('',#85,#243,#3214,.F.);
#3212=EDGE_CURVE('',#243,#245,#3215,.T.);
#3213=EDGE_CURVE('',#245,#85,#3216,.T.);
#3214=LINE('',#84,#3217);
#3215=LINE('',#242,#3218);
#3216=LINE('',#244,#3219);
#3217=VECTOR('',#3220,1.0);
#3218=VECTOR('',#3221,1.0);
#3219=VECTOR('',#3222,1.0);
#3220=DIRECTION('',(0.8069198730289313,0,-0.5906609166949963));
#3221=DIRECTION('',(0.3546058079036296,0,0.9350158934483488));
#3222=DIRECTION('',(-0.8480832152336388,0,0.5298630578168037));
#3223=FACE_SURFACE('',(#3228),#3224,.T.);
#3224=PLANE('',#3225);
#3225=AXIS2_PLACEMENT_3D('',#244,#3226,#3227);
#3226=DIRECTION('',(0,-1,0));
#3227=DIRECTION('',(0.5680671578262806,0,0.8229822016296414));
#3228=FACE_BOUND('',#3229,.T.);
#3229=EDGE_LOOP('',(#3230,#3231,#3232));
#3230=ORIENTED_EDGE('',*,*,#3233,.T.);
#3231=ORIENTED_EDGE('',*,*,#3234,.T.);
#3232=ORIENTED_EDGE('',*,*,#3235,.T.);
#3233=EDGE_CURVE('',#245,#247,#3236,.F.);
#3234=EDGE_CURVE('',#247,#85,#3237,.T.);
#3235=EDGE_CURVE('',#85,#245,#3238,.T.);
#3236=LINE('',#244,#3239);
#3237=LINE('',#246,#3240);
#3238=LINE('',#84,#3241);
#3239=VECTOR('',#3242,1.0);
#3240=VECTOR('',#3243,1.0);
#3241=VECTOR('',#3244,1.0);
#3242=DIRECTION('',(0.5680671578262806,0,0.8229822016296414));
#3243=DIRECTION('',(-0.885694421914592,0,0.4642686625105949));
#3244=DIRECTION('',(0.8480832152336388,0,-0.5298630578168037));
#3245=FACE_SURFACE('',(#3250),#3246,.T.);
#3246=PLANE('',#3247);
#3247=AXIS2_PLACEMENT_3D('',#84,#3248,#3249);
#3248=DIRECTION('',(0,-1,0));
#3249=DIRECTION('',(0.885694421914592,0,-0.4642686625105949));
#3250=FACE_BOUND('',#3251,.T.);
#3251=EDGE_LOOP('',(#3252,#3253,#3254));
#3252=ORIENTED_EDGE('',*,*,#3255,.T.);
#3253=ORIENTED_EDGE('',*,*,#3256,.T.);
#3254=ORIENTED_EDGE('',*,*,#3257,.T.);
#3255=EDGE_CURVE('',#85,#247,#3258,.F.);
#3256=EDGE_CURVE('',#247,#249,#3259,.T.);
#3257=EDGE_CURVE('',#249,#85,#3260,.T.);
#3258=LINE('',#84,#3261);
#3259=LINE('',#246,#3262);
#3260=LINE('',#248,#3263);
#3261=VECTOR('',#3264,1.0);
#3262=VECTOR('',#3265,1.0);
#3263=VECTOR('',#3266,1.0);
#3264=DIRECTION('',(0.885694421914592,0,-0.4642686625105949));
#3265=DIRECTION('',(0.7485100355850703,0,0.6631234625832785));
#3266=DIRECTION('',(-0.9154954768739438,0,0.4023282637639941));
#3267=FACE_SURFACE('',(#3272),#3268,.T.);
#3268=PLANE('',#3269);
#3269=AXIS2_PLACEMENT_3D('',#84,#3270,#3271);
#3270=DIRECTION('',(0,-1,0));
#3271=DIRECTION('',(0.9154954768739438,0,-0.4023282637639941));
#3272=FACE_BOUND('',#3273,.T.);
#3273=EDGE_LOOP('',(#3274,#3275,#3276));
#3274=ORIENTED_EDGE('',*,*,#3277,.T.);
#3275=ORIENTED_EDGE('',*,*,#3278,.T.);
#3276=ORIENTED_EDGE('',*,*,#3279,.T.);
#3277=EDGE_CURVE('',#85,#249,#3280,.F.);
#3278=EDGE_CURVE('',#249,#251,#3281,.T.);
#3279=EDGE_CURVE('',#251,#85,#3282,.T.);
#3280=LINE('',#84,#3283);
#3281=LINE('',#248,#3284);
#3282=LINE('',#250,#3285);
#3283=VECTOR('',#3286,1.0);
#3284=VECTOR('',#3287,1.0);
#3285=VECTOR('',#3288,1.0);
#3286=DIRECTION('',(0.9154954768739438,0,-0.4023282637639941));
#3287=DIRECTION('',(-0.7385496143930596,0,0.6741991301387616));
#3288=DIRECTION('',(0.005188872100538216,0,-0.9999865377125455));
#3289=FACE_SURFACE('',(#3294),#3290,.T.);
#3290=PLANE('',#3291);
#3291=AXIS2_PLACEMENT_3D('',#250,#3292,#3293);
#3292=DIRECTION('',(0,-1,0));
#3293=DIRECTION('',(0.7385496143930596,0,-0.6741991301387616));
#3294=FACE_BOUND('',#3295,.T.);
#3295=EDGE_LOOP('',(#3296,#3297,#3298));
#3296=ORIENTED_EDGE('',*,*,#3299,.T.);
#3297=ORIENTED_EDGE('',*,*,#3300,.T.);
#3298=ORIENTED_EDGE('',*,*,#3301,.T.);
#3299=EDGE_CURVE('',#251,#249,#3302,.F.);
#3300=EDGE_CURVE('',#249,#253,#3303,.T.);
#3301=EDGE_CURVE('',#253,#251,#3304,.T.);
#3302=LINE('',#250,#3305);
#3303=LINE('',#248,#3306);
#3304=LINE('',#252,#3307);
#3305=VECTOR('',#3308,1.0);
#3306=VECTOR('',#3309,1.0);
#3307=VECTOR('',#3310,1.0);
#3308=DIRECTION('',(0.7385496143930596,0,-0.6741991301387616));
#3309=DIRECTION('',(0.8854560721176176,0,0.4647230835132257));
#3310=DIRECTION('',(-0.7741454926008546,0,0.6330077063399623));
#3311=FACE_SURFACE('',(#3316),#3312,.T.);
#3312=PLANE('',#3313);
#3313=AXIS2_PLACEMENT_3D('',#250,#3314,#3315);
#3314=DIRECTION('',(0,-1,0));
#3315=DIRECTION('',(0.7741454926008546,0,-0.6330077063399623));
#3316=FACE_BOUND('',#3317,.T.);
#3317=EDGE_LOOP('',(#3318,#3319,#3320));
#3318=ORIENTED_EDGE('',*,*,#3321,.T.);
#3319=ORIENTED_EDGE('',*,*,#3322,.T.);
#3320=ORIENTED_EDGE('',*,*,#3323,.T.);
#3321=EDGE_CURVE('',#251,#253,#3324,.F.);
#3322=EDGE_CURVE('',#253,#255,#3325,.T.);
#3323=EDGE_CURVE('',#255,#251,#3326,.T.);
#3324=LINE('',#250,#3327);
#3325=LINE('',#252,#3328);
#3326=LINE('',#254,#3329);
#3327=VECTOR('',#3330,1.0);
#3328=VECTOR('',#3331,1.0);
#3329=VECTOR('',#3332,1.0);
#3330=DIRECTION('',(0.7741454926008546,0,-0.6330077063399623));
#3331=DIRECTION('',(0.9709418160800666,0,0.23931566974843524));
#3332=DIRECTION('',(-0.8016668868548946,0,0.5977710285053816));
#3333=FACE_SURFACE('',(#3338),#3334,.T.);
#3334=PLANE('',#3335);
#3335=AXIS2_PLACEMENT_3D('',#254,#3336,#3337);
#3336=DIRECTION('',(0,-1,0));
#3337=DIRECTION('',(1,0,0));
#3338=FACE_BOUND('',#3339,.T.);
#3339=EDGE_LOOP('',(#3340,#3341,#3342));
#3340=ORIENTED_EDGE('',*,*,#3343,.T.);
#3341=ORIENTED_EDGE('',*,*,#3344,.T.);
#3342=ORIENTED_EDGE('',*,*,#3345,.T.);
#3343=EDGE_CURVE('',#255,#257,#3346,.F.);
#3344=EDGE_CURVE('',#257,#251,#3347,.T.);
#3345=EDGE_CURVE('',#251,#255,#3348,.T.);
#3346=LINE('',#254,#3349);
#3347=LINE('',#256,#3350);
#3348=LINE('',#250,#3351);
#3349=VECTOR('',#3352,1.0);
#3350=VECTOR('',#3353,1.0);
#3351=VECTOR('',#3354,1.0);
#3352=DIRECTION('',(1,0,0));
#3353=DIRECTION('',(-0.8203601337283443,0,0.5718472269664453));
#3354=DIRECTION('',(0.8016668868548946,0,-0.5977710285053816));
#3355=FACE_SURFACE('',(#3360),#3356,.T.);
#3356=PLANE('',#3357);
#3357=AXIS2_PLACEMENT_3D('',#250,#3358,#3359);
#3358=DIRECTION('',(0,-1,0));
#3359=DIRECTION('',(0.8203601337283443,0,-0.5718472269664453));
#3360=FACE_BOUND('',#3361,.T.);
#3361=EDGE_LOOP('',(#3362,#3363,#3364));
#3362=ORIENTED_EDGE('',*,*,#3365,.T.);
#3363=ORIENTED_EDGE('',*,*,#3366,.T.);
#3364=ORIENTED_EDGE('',*,*,#3367,.T.);
#3365=EDGE_CURVE('',#251,#257,#3368,.F.);
#3366=EDGE_CURVE('',#257,#215,#3369,.T.);
#3367=EDGE_CURVE('',#215,#251,#3370,.T.);
#3368=LINE('',#250,#3371);
#3369=LINE('',#256,#3372);
#3370=LINE('',#214,#3373);
#3371=VECTOR('',#3374,1.0);
#3372=VECTOR('',#3375,1.0);
#3373=VECTOR('',#3376,1.0);
#3374=DIRECTION('',(0.8203601337283443,0,-0.5718472269664453));
#3375=DIRECTION('',(0.9709419779119557,0,-0.23931501316971154));
#3376=DIRECTION('',(-0.8306719836265515,0,0.5567621176210987));
#3377=FACE_SURFACE('',(#3382),#3378,.T.);
#3378=PLANE('',#3379);
#3379=AXIS2_PLACEMENT_3D('',#250,#3380,#3381);
#3380=DIRECTION('',(0,-1,0));
#3381=DIRECTION('',(0.8306719836265515,0,-0.5567621176210987));
#3382=FACE_BOUND('',#3383,.T.);
#3383=EDGE_LOOP('',(#3384,#3385,#3386));
#3384=ORIENTED_EDGE('',*,*,#3387,.T.);
#3385=ORIENTED_EDGE('',*,*,#3388,.T.);
#3386=ORIENTED_EDGE('',*,*,#3389,.T.);
#3387=EDGE_CURVE('',#251,#215,#3390,.F.);
#3388=EDGE_CURVE('',#215,#161,#3391,.T.);
#3389=EDGE_CURVE('',#161,#251,#3392,.T.);
#3390=LINE('',#250,#3393);
#3391=LINE('',#214,#3394);
#3392=LINE('',#160,#3395);
#3393=VECTOR('',#3396,1.0);
#3394=VECTOR('',#3397,1.0);
#3395=VECTOR('',#3398,1.0);
#3396=DIRECTION('',(0.8306719836265515,0,-0.5567621176210987));
#3397=DIRECTION('',(0.9943269434595479,0,0.10636695685405859));
#3398=DIRECTION('',(-1,0,0));
#3399=FACE_SURFACE('',(#3404),#3400,.T.);
#3400=PLANE('',#3401);
#3401=AXIS2_PLACEMENT_3D('',#250,#3402,#3403);
#3402=DIRECTION('',(0,-1,0));
#3403=DIRECTION('',(0,0,-1));
#3404=FACE_BOUND('',#3405,.T.);
#3405=EDGE_LOOP('',(#3406,#3407,#3408));
#3406=ORIENTED_EDGE('',*,*,#3409,.T.);
#3407=ORIENTED_EDGE('',*,*,#3410,.T.);
#3408=ORIENTED_EDGE('',*,*,#3411,.T.);
#3409=EDGE_CURVE('',#251,#259,#3412,.F.);
#3410=EDGE_CURVE('',#259,#85,#3413,.T.);
#3411=EDGE_CURVE('',#85,#251,#3414,.T.);
#3412=LINE('',#250,#3415);
#3413=LINE('',#258,#3416);
#3414=LINE('',#84,#3417);
#3415=VECTOR('',#3418,1.0);
#3416=VECTOR('',#3419,1.0);
#3417=VECTOR('',#3420,1.0);
#3418=DIRECTION('',(0,0,-1));
#3419=DIRECTION('',(1,0,0));
#3420=DIRECTION('',(-0.005188872100538216,0,0.9999865377125455));
#3421=FACE_SURFACE('',(#3426),#3422,.T.);
#3422=PLANE('',#3423);
#3423=AXIS2_PLACEMENT_3D('',#260,#3424,#3425);
#3424=DIRECTION('',(0,0,-1));
#3425=DIRECTION('',(-1,0,0));
#3426=FACE_BOUND('',#3427,.T.);
#3427=EDGE_LOOP('',(#3428,#3429,#3430));
#3428=ORIENTED_EDGE('',*,*,#3431,.T.);
#3429=ORIENTED_EDGE('',*,*,#3432,.T.);
#3430=ORIENTED_EDGE('',*,*,#3433,.T.);
#3431=EDGE_CURVE('',#261,#263,#3434,.F.);
#3432=EDGE_CURVE('',#263,#265,#3435,.T.);
#3433=EDGE_CURVE('',#265,#261,#3436,.T.);
#3434=LINE('',#260,#3437);
#3435=LINE('',#262,#3438);
#3436=LINE('',#264,#3439);
#3437=VECTOR('',#3440,1.0);
#3438=VECTOR('',#3441,1.0);
#3439=VECTOR('',#3442,1.0);
#3440=DIRECTION('',(-1,0,0));
#3441=DIRECTION('',(0.9999696489824789,0.007791091955430084,0));
#3442=DIRECTION('',(0,-1,0));
#3443=FACE_SURFACE('',(#3448),#3444,.T.);
#3444=PLANE('',#3445);
#3445=AXIS2_PLACEMENT_3D('',#264,#3446,#3447);
#3446=DIRECTION('',(-0,0,-1));
#3447=DIRECTION('',(-0.9999696489824789,-0.007791091955430084,0));
#3448=FACE_BOUND('',#3449,.T.);
#3449=EDGE_LOOP('',(#3450,#3451,#3452));
#3450=ORIENTED_EDGE('',*,*,#3453,.T.);
#3451=ORIENTED_EDGE('',*,*,#3454,.T.);
#3452=ORIENTED_EDGE('',*,*,#3455,.T.);
#3453=EDGE_CURVE('',#265,#263,#3456,.F.);
#3454=EDGE_CURVE('',#263,#267,#3457,.T.);
#3455=EDGE_CURVE('',#267,#265,#3458,.T.);
#3456=LINE('',#264,#3459);
#3457=LINE('',#262,#3460);
#3458=LINE('',#266,#3461);
#3459=VECTOR('',#3462,1.0);
#3460=VECTOR('',#3463,1.0);
#3461=VECTOR('',#3464,1.0);
#3462=DIRECTION('',(-0.9999696489824789,-0.007791091955430084,0));
#3463=DIRECTION('',(-0.03328102198002983,0.9994460333484569,0));
#3464=DIRECTION('',(1,0,0));
#3465=FACE_SURFACE('',(#3470),#3466,.T.);
#3466=PLANE('',#3467);
#3467=AXIS2_PLACEMENT_3D('',#266,#3468,#3469);
#3468=DIRECTION('',(0,0,-1));
#3469=DIRECTION('',(0.03328102198002983,-0.9994460333484569,0));
#3470=FACE_BOUND('',#3471,.T.);
#3471=EDGE_LOOP('',(#3472,#3473,#3474));
#3472=ORIENTED_EDGE('',*,*,#3475,.T.);
#3473=ORIENTED_EDGE('',*,*,#3476,.T.);
#3474=ORIENTED_EDGE('',*,*,#3477,.T.);
#3475=EDGE_CURVE('',#267,#263,#3478,.F.);
#3476=EDGE_CURVE('',#263,#269,#3479,.T.);
#3477=EDGE_CURVE('',#269,#267,#3480,.T.);
#3478=LINE('',#266,#3481);
#3479=LINE('',#262,#3482);
#3480=LINE('',#268,#3483);
#3481=VECTOR('',#3484,1.0);
#3482=VECTOR('',#3485,1.0);
#3483=VECTOR('',#3486,1.0);
#3484=DIRECTION('',(0.03328102198002983,-0.9994460333484569,0));
#3485=DIRECTION('',(0,-1,0));
#3486=DIRECTION('',(-0.004279973195990723,0.999990840872776,0));
#3487=FACE_SURFACE('',(#3492),#3488,.T.);
#3488=PLANE('',#3489);
#3489=AXIS2_PLACEMENT_3D('',#266,#3490,#3491);
#3490=DIRECTION('',(0,0,-1));
#3491=DIRECTION('',(0.004279973195990723,-0.999990840872776,0));
#3492=FACE_BOUND('',#3493,.T.);
#3493=EDGE_LOOP('',(#3494,#3495,#3496));
#3494=ORIENTED_EDGE('',*,*,#3497,.T.);
#3495=ORIENTED_EDGE('',*,*,#3498,.T.);
#3496=ORIENTED_EDGE('',*,*,#3499,.T.);
#3497=EDGE_CURVE('',#267,#269,#3500,.F.);
#3498=EDGE_CURVE('',#269,#259,#3501,.T.);
#3499=EDGE_CURVE('',#259,#267,#3502,.T.);
#3500=LINE('',#266,#3503);
#3501=LINE('',#268,#3504);
#3502=LINE('',#258,#3505);
#3503=VECTOR('',#3506,1.0);
#3504=VECTOR('',#3507,1.0);
#3505=VECTOR('',#3508,1.0);
#3506=DIRECTION('',(0.004279973195990723,-0.999990840872776,0));
#3507=DIRECTION('',(-0.00031208818582548946,-0.9999999513004809,0));
#3508=DIRECTION('',(0,1,0));
#3509=FACE_SURFACE('',(#3514),#3510,.T.);
#3510=PLANE('',#3511);
#3511=AXIS2_PLACEMENT_3D('',#258,#3512,#3513);
#3512=DIRECTION('',(0,0,-1));
#3513=DIRECTION('',(0.00031208818582548946,0.9999999513004809,0));
#3514=FACE_BOUND('',#3515,.T.);
#3515=EDGE_LOOP('',(#3516,#3517,#3518));
#3516=ORIENTED_EDGE('',*,*,#3519,.T.);
#3517=ORIENTED_EDGE('',*,*,#3520,.T.);
#3518=ORIENTED_EDGE('',*,*,#3521,.T.);
#3519=EDGE_CURVE('',#259,#269,#3522,.F.);
#3520=EDGE_CURVE('',#269,#271,#3523,.T.);
#3521=EDGE_CURVE('',#271,#259,#3524,.T.);
#3522=LINE('',#258,#3525);
#3523=LINE('',#268,#3526);
#3524=LINE('',#270,#3527);
#3525=VECTOR('',#3528,1.0);
#3526=VECTOR('',#3529,1.0);
#3527=VECTOR('',#3530,1.0);
#3528=DIRECTION('',(0.00031208818582548946,0.9999999513004809,0));
#3529=DIRECTION('',(0,-1,0));
#3530=DIRECTION('',(-0.005188872100538216,-0.9999865377125455,0));
#3531=FACE_SURFACE('',(#3536),#3532,.T.);
#3532=PLANE('',#3533);
#3533=AXIS2_PLACEMENT_3D('',#258,#3534,#3535);
#3534=DIRECTION('',(0,0,-1));
#3535=DIRECTION('',(0.005188872100538216,0.9999865377125455,0));
#3536=FACE_BOUND('',#3537,.T.);
#3537=EDGE_LOOP('',(#3538,#3539,#3540));
#3538=ORIENTED_EDGE('',*,*,#3541,.T.);
#3539=ORIENTED_EDGE('',*,*,#3542,.T.);
#3540=ORIENTED_EDGE('',*,*,#3543,.T.);
#3541=EDGE_CURVE('',#259,#271,#3544,.F.);
#3542=EDGE_CURVE('',#271,#85,#3545,.T.);
#3543=EDGE_CURVE('',#85,#259,#3546,.T.);
#3544=LINE('',#258,#3547);
#3545=LINE('',#270,#3548);
#3546=LINE('',#84,#3549);
#3547=VECTOR('',#3550,1.0);
#3548=VECTOR('',#3551,1.0);
#3549=VECTOR('',#3552,1.0);
#3550=DIRECTION('',(0.005188872100538216,0.9999865377125455,0));
#3551=DIRECTION('',(0,-1,0));
#3552=DIRECTION('',(-1,0,0));
#3553=FACE_SURFACE('',(#3558),#3554,.T.);
#3554=PLANE('',#3555);
#3555=AXIS2_PLACEMENT_3D('',#268,#3556,#3557);
#3556=DIRECTION('',(0,0,-1));
#3557=DIRECTION('',(1,0,0));
#3558=FACE_BOUND('',#3559,.T.);
#3559=EDGE_LOOP('',(#3560,#3561,#3562));
#3560=ORIENTED_EDGE('',*,*,#3563,.T.);
#3561=ORIENTED_EDGE('',*,*,#3564,.T.);
#3562=ORIENTED_EDGE('',*,*,#3565,.T.);
#3563=EDGE_CURVE('',#269,#273,#3566,.F.);
#3564=EDGE_CURVE('',#273,#271,#3567,.T.);
#3565=EDGE_CURVE('',#271,#269,#3568,.T.);
#3566=LINE('',#268,#3569);
#3567=LINE('',#272,#3570);
#3568=LINE('',#270,#3571);
#3569=VECTOR('',#3572,1.0);
#3570=VECTOR('',#3573,1.0);
#3571=VECTOR('',#3574,1.0);
#3572=DIRECTION('',(1,0,0));
#3573=DIRECTION('',(-0.7879952428888258,-0.6156813276237801,0));
#3574=DIRECTION('',(0,1,0));
#3575=FACE_SURFACE('',(#3580),#3576,.T.);
#3576=PLANE('',#3577);
#3577=AXIS2_PLACEMENT_3D('',#270,#3578,#3579);
#3578=DIRECTION('',(0,0,-1));
#3579=DIRECTION('',(0.7879952428888258,0.6156813276237801,0));
#3580=FACE_BOUND('',#3581,.T.);
#3581=EDGE_LOOP('',(#3582,#3583,#3584));
#3582=ORIENTED_EDGE('',*,*,#3585,.T.);
#3583=ORIENTED_EDGE('',*,*,#3586,.T.);
#3584=ORIENTED_EDGE('',*,*,#3587,.T.);
#3585=EDGE_CURVE('',#271,#273,#3588,.F.);
#3586=EDGE_CURVE('',#273,#275,#3589,.T.);
#3587=EDGE_CURVE('',#275,#271,#3590,.T.);
#3588=LINE('',#270,#3591);
#3589=LINE('',#272,#3592);
#3590=LINE('',#274,#3593);
#3591=VECTOR('',#3594,1.0);
#3592=VECTOR('',#3595,1.0);
#3593=VECTOR('',#3596,1.0);
#3594=DIRECTION('',(0.7879952428888258,0.6156813276237801,0));
#3595=DIRECTION('',(0,-1,0));
#3596=DIRECTION('',(-1,0,0));
#3597=FACE_SURFACE('',(#3602),#3598,.T.);
#3598=PLANE('',#3599);
#3599=AXIS2_PLACEMENT_3D('',#250,#3600,#3601);
#3600=DIRECTION('',(-1,0,0));
#3601=DIRECTION('',(0,1,0));
#3602=FACE_BOUND('',#3603,.T.);
#3603=EDGE_LOOP('',(#3604,#3605,#3606));
#3604=ORIENTED_EDGE('',*,*,#3607,.T.);
#3605=ORIENTED_EDGE('',*,*,#3608,.T.);
#3606=ORIENTED_EDGE('',*,*,#3609,.T.);
#3607=EDGE_CURVE('',#251,#277,#3610,.F.);
#3608=EDGE_CURVE('',#277,#259,#3611,.T.);
#3609=EDGE_CURVE('',#259,#251,#3612,.T.);
#3610=LINE('',#250,#3613);
#3611=LINE('',#276,#3614);
#3612=LINE('',#258,#3615);
#3613=VECTOR('',#3616,1.0);
#3614=VECTOR('',#3617,1.0);
#3615=VECTOR('',#3618,1.0);
#3616=DIRECTION('',(0,1,0));
#3617=DIRECTION('',(0,-0.9984324829807267,-0.0559694285207633));
#3618=DIRECTION('',(0,0,1));
#3619=FACE_SURFACE('',(#3624),#3620,.T.);
#3620=PLANE('',#3621);
#3621=AXIS2_PLACEMENT_3D('',#258,#3622,#3623);
#3622=DIRECTION('',(-1,0,0));
#3623=DIRECTION('',(0,0.9984324829807267,0.0559694285207633));
#3624=FACE_BOUND('',#3625,.T.);
#3625=EDGE_LOOP('',(#3626,#3627,#3628));
#3626=ORIENTED_EDGE('',*,*,#3629,.T.);
#3627=ORIENTED_EDGE('',*,*,#3630,.T.);
#3628=ORIENTED_EDGE('',*,*,#3631,.T.);
#3629=EDGE_CURVE('',#259,#277,#3632,.F.);
#3630=EDGE_CURVE('',#277,#267,#3633,.T.);
#3631=EDGE_CURVE('',#267,#259,#3634,.T.);
#3632=LINE('',#258,#3635);
#3633=LINE('',#276,#3636);
#3634=LINE('',#266,#3637);
#3635=VECTOR('',#3638,1.0);
#3636=VECTOR('',#3639,1.0);
#3637=VECTOR('',#3640,1.0);
#3638=DIRECTION('',(0,0.9984324829807267,0.0559694285207633));
#3639=DIRECTION('',(0,0,-1));
#3640=DIRECTION('',(0,-1,0));
#3641=FACE_SURFACE('',(#3646),#3642,.T.);
#3642=PLANE('',#3643);
#3643=AXIS2_PLACEMENT_3D('',#276,#3644,#3645);
#3644=DIRECTION('',(-0,1,0));
#3645=DIRECTION('',(1,0,0));
#3646=FACE_BOUND('',#3647,.T.);
#3647=EDGE_LOOP('',(#3648,#3649,#3650));
#3648=ORIENTED_EDGE('',*,*,#3651,.T.);
#3649=ORIENTED_EDGE('',*,*,#3652,.T.);
#3650=ORIENTED_EDGE('',*,*,#3653,.T.);
#3651=EDGE_CURVE('',#277,#279,#3654,.F.);
#3652=EDGE_CURVE('',#279,#267,#3655,.T.);
#3653=EDGE_CURVE('',#267,#277,#3656,.T.);
#3654=LINE('',#276,#3657);
#3655=LINE('',#278,#3658);
#3656=LINE('',#266,#3659);
#3657=VECTOR('',#3660,1.0);
#3658=VECTOR('',#3661,1.0);
#3659=VECTOR('',#3662,1.0);
#3660=DIRECTION('',(1,0,0));
#3661=DIRECTION('',(-0.9987529848200858,0,-0.04992469642340977));
#3662=DIRECTION('',(0,0,1));
#3663=FACE_SURFACE('',(#3668),#3664,.T.);
#3664=PLANE('',#3665);
#3665=AXIS2_PLACEMENT_3D('',#266,#3666,#3667);
#3666=DIRECTION('',(0,1,0));
#3667=DIRECTION('',(0.9987529848200858,0,0.04992469642340977));
#3668=FACE_BOUND('',#3669,.T.);
#3669=EDGE_LOOP('',(#3670,#3671,#3672));
#3670=ORIENTED_EDGE('',*,*,#3673,.T.);
#3671=ORIENTED_EDGE('',*,*,#3674,.T.);
#3672=ORIENTED_EDGE('',*,*,#3675,.T.);
#3673=EDGE_CURVE('',#267,#279,#3676,.F.);
#3674=EDGE_CURVE('',#279,#265,#3677,.T.);
#3675=EDGE_CURVE('',#265,#267,#3678,.T.);
#3676=LINE('',#266,#3679);
#3677=LINE('',#278,#3680);
#3678=LINE('',#264,#3681);
#3679=VECTOR('',#3682,1.0);
#3680=VECTOR('',#3683,1.0);
#3681=VECTOR('',#3684,1.0);
#3682=DIRECTION('',(0.9987529848200858,0,0.04992469642340977));
#3683=DIRECTION('',(0,0,-1));
#3684=DIRECTION('',(-1,0,0));
#3685=FACE_SURFACE('',(#3690),#3686,.T.);
#3686=PLANE('',#3687);
#3687=AXIS2_PLACEMENT_3D('',#160,#3688,#3689);
#3688=DIRECTION('',(1,-0,0));
#3689=DIRECTION('',(0,0.7071067811865475,-0.7071067811865475));
#3690=FACE_BOUND('',#3691,.T.);
#3691=EDGE_LOOP('',(#3692,#3693,#3694));
#3692=ORIENTED_EDGE('',*,*,#3695,.T.);
#3693=ORIENTED_EDGE('',*,*,#3696,.T.);
#3694=ORIENTED_EDGE('',*,*,#3697,.T.);
#3695=EDGE_CURVE('',#161,#275,#3698,.F.);
#3696=EDGE_CURVE('',#275,#279,#3699,.T.);
#3697=EDGE_CURVE('',#279,#161,#3700,.T.);
#3698=LINE('',#160,#3701);
#3699=LINE('',#274,#3702);
#3700=LINE('',#278,#3703);
#3701=VECTOR('',#3704,1.0);
#3702=VECTOR('',#3705,1.0);
#3703=VECTOR('',#3706,1.0);
#3704=DIRECTION('',(0,0.7071067811865475,-0.7071067811865475));
#3705=DIRECTION('',(0,0.9982412820285381,0.059281893137960485));
#3706=DIRECTION('',(0,-1,0));
#3707=FACE_SURFACE('',(#3712),#3708,.T.);
#3708=PLANE('',#3709);
#3709=AXIS2_PLACEMENT_3D('',#278,#3710,#3711);
#3710=DIRECTION('',(1,0,0));
#3711=DIRECTION('',(0,-0.9982412820285381,-0.059281893137960485));
#3712=FACE_BOUND('',#3713,.T.);
#3713=EDGE_LOOP('',(#3714,#3715,#3716));
#3714=ORIENTED_EDGE('',*,*,#3717,.T.);
#3715=ORIENTED_EDGE('',*,*,#3718,.T.);
#3716=ORIENTED_EDGE('',*,*,#3719,.T.);
#3717=EDGE_CURVE('',#279,#275,#3720,.F.);
#3718=EDGE_CURVE('',#275,#273,#3721,.T.);
#3719=EDGE_CURVE('',#273,#279,#3722,.T.);
#3720=LINE('',#278,#3723);
#3721=LINE('',#274,#3724);
#3722=LINE('',#272,#3725);
#3723=VECTOR('',#3726,1.0);
#3724=VECTOR('',#3727,1.0);
#3725=VECTOR('',#3728,1.0);
#3726=DIRECTION('',(0,-0.9982412820285381,-0.059281893137960485));
#3727=DIRECTION('',(0,1,0));
#3728=DIRECTION('',(0,0.7714363818171059,0.6363064582486433));
#3729=FACE_SURFACE('',(#3734),#3730,.T.);
#3730=PLANE('',#3731);
#3731=AXIS2_PLACEMENT_3D('',#278,#3732,#3733);
#3732=DIRECTION('',(1,0,0));
#3733=DIRECTION('',(0,-0.7714363818171059,-0.6363064582486433));
#3734=FACE_BOUND('',#3735,.T.);
#3735=EDGE_LOOP('',(#3736,#3737,#3738));
#3736=ORIENTED_EDGE('',*,*,#3739,.T.);
#3737=ORIENTED_EDGE('',*,*,#3740,.T.);
#3738=ORIENTED_EDGE('',*,*,#3741,.T.);
#3739=EDGE_CURVE('',#279,#273,#3742,.F.);
#3740=EDGE_CURVE('',#273,#261,#3743,.T.);
#3741=EDGE_CURVE('',#261,#279,#3744,.T.);
#3742=LINE('',#278,#3745);
#3743=LINE('',#272,#3746);
#3744=LINE('',#260,#3747);
#3745=VECTOR('',#3748,1.0);
#3746=VECTOR('',#3749,1.0);
#3747=VECTOR('',#3750,1.0);
#3748=DIRECTION('',(0,-0.7714363818171059,-0.6363064582486433));
#3749=DIRECTION('',(0,1,0));
#3750=DIRECTION('',(0,0.1539684557633579,0.9880757636081593));
#3751=FACE_SURFACE('',(#3756),#3752,.T.);
#3752=PLANE('',#3753);
#3753=AXIS2_PLACEMENT_3D('',#260,#3754,#3755);
#3754=DIRECTION('',(1,0,0));
#3755=DIRECTION('',(0,-1,0));
#3756=FACE_BOUND('',#3757,.T.);
#3757=EDGE_LOOP('',(#3758,#3759,#3760));
#3758=ORIENTED_EDGE('',*,*,#3761,.T.);
#3759=ORIENTED_EDGE('',*,*,#3762,.T.);
#3760=ORIENTED_EDGE('',*,*,#3763,.T.);
#3761=EDGE_CURVE('',#261,#273,#3764,.F.);
#3762=EDGE_CURVE('',#273,#281,#3765,.T.);
#3763=EDGE_CURVE('',#281,#261,#3766,.T.);
#3764=LINE('',#260,#3767);
#3765=LINE('',#272,#3768);
#3766=LINE('',#280,#3769);
#3767=VECTOR('',#3770,1.0);
#3768=VECTOR('',#3771,1.0);
#3769=VECTOR('',#3772,1.0);
#3770=DIRECTION('',(0,-1,0));
#3771=DIRECTION('',(0,0.9948482165915938,-0.10137566741839538));
#3772=DIRECTION('',(0,-0.7660441010309345,0.6427880173709739));
#3773=FACE_SURFACE('',(#3778),#3774,.T.);
#3774=PLANE('',#3775);
#3775=AXIS2_PLACEMENT_3D('',#280,#3776,#3777);
#3776=DIRECTION('',(1,0,0));
#3777=DIRECTION('',(0,-0.9948482165915938,0.10137566741839538));
#3778=FACE_BOUND('',#3779,.T.);
#3779=EDGE_LOOP('',(#3780,#3781,#3782));
#3780=ORIENTED_EDGE('',*,*,#3783,.T.);
#3781=ORIENTED_EDGE('',*,*,#3784,.T.);
#3782=ORIENTED_EDGE('',*,*,#3785,.T.);
#3783=EDGE_CURVE('',#281,#273,#3786,.F.);
#3784=EDGE_CURVE('',#273,#283,#3787,.T.);
#3785=EDGE_CURVE('',#283,#281,#3788,.T.);
#3786=LINE('',#280,#3789);
#3787=LINE('',#272,#3790);
#3788=LINE('',#282,#3791);
#3789=VECTOR('',#3792,1.0);
#3790=VECTOR('',#3793,1.0);
#3791=VECTOR('',#3794,1.0);
#3792=DIRECTION('',(0,-0.9948482165915938,0.10137566741839538));
#3793=DIRECTION('',(0,-0.6427875958425474,-0.7660444547354662));
#3794=DIRECTION('',(0,0.6729034819678881,0.7397302913599606));
#3795=FACE_SURFACE('',(#3800),#3796,.T.);
#3796=PLANE('',#3797);
#3797=AXIS2_PLACEMENT_3D('',#280,#3798,#3799);
#3798=DIRECTION('',(1,0,0));
#3799=DIRECTION('',(0,-0.6729034819678881,-0.7397302913599606));
#3800=FACE_BOUND('',#3801,.T.);
#3801=EDGE_LOOP('',(#3802,#3803,#3804));
#3802=ORIENTED_EDGE('',*,*,#3805,.T.);
#3803=ORIENTED_EDGE('',*,*,#3806,.T.);
#3804=ORIENTED_EDGE('',*,*,#3807,.T.);
#3805=EDGE_CURVE('',#281,#283,#3808,.F.);
#3806=EDGE_CURVE('',#283,#285,#3809,.T.);
#3807=EDGE_CURVE('',#285,#281,#3810,.T.);
#3808=LINE('',#280,#3811);
#3809=LINE('',#282,#3812);
#3810=LINE('',#284,#3813);
#3811=VECTOR('',#3814,1.0);
#3812=VECTOR('',#3815,1.0);
#3813=VECTOR('',#3816,1.0);
#3814=DIRECTION('',(0,-0.6729034819678881,-0.7397302913599606));
#3815=DIRECTION('',(0,0,-1));
#3816=DIRECTION('',(0,0.6427876218841388,0.7660444328839766));
#3817=FACE_SURFACE('',(#3822),#3818,.T.);
#3818=PLANE('',#3819);
#3819=AXIS2_PLACEMENT_3D('',#284,#3820,#3821);
#3820=DIRECTION('',(1,0,-0));
#3821=DIRECTION('',(0,0,1));
#3822=FACE_BOUND('',#3823,.T.);
#3823=EDGE_LOOP('',(#3824,#3825,#3826));
#3824=ORIENTED_EDGE('',*,*,#3827,.T.);
#3825=ORIENTED_EDGE('',*,*,#3828,.T.);
#3826=ORIENTED_EDGE('',*,*,#3829,.T.);
#3827=EDGE_CURVE('',#285,#283,#3830,.F.);
#3828=EDGE_CURVE('',#283,#165,#3831,.T.);
#3829=EDGE_CURVE('',#165,#285,#3832,.T.);
#3830=LINE('',#284,#3833);
#3831=LINE('',#282,#3834);
#3832=LINE('',#164,#3835);
#3833=VECTOR('',#3836,1.0);
#3834=VECTOR('',#3837,1.0);
#3835=VECTOR('',#3838,1.0);
#3836=DIRECTION('',(0,0,1));
#3837=DIRECTION('',(0,-0.523622137214962,-0.8519506191196973));
#3838=DIRECTION('',(0,0.9974670948758037,0.07112942176079115));
#3839=FACE_SURFACE('',(#3844),#3840,.T.);
#3840=PLANE('',#3841);
#3841=AXIS2_PLACEMENT_3D('',#284,#3842,#3843);
#3842=DIRECTION('',(1,0,0));
#3843=DIRECTION('',(0,-0.9974670948758037,-0.07112942176079115));
#3844=FACE_BOUND('',#3845,.T.);
#3845=EDGE_LOOP('',(#3846,#3847,#3848));
#3846=ORIENTED_EDGE('',*,*,#3849,.T.);
#3847=ORIENTED_EDGE('',*,*,#3850,.T.);
#3848=ORIENTED_EDGE('',*,*,#3851,.T.);
#3849=EDGE_CURVE('',#285,#165,#3852,.F.);
#3850=EDGE_CURVE('',#165,#287,#3853,.T.);
#3851=EDGE_CURVE('',#287,#285,#3854,.T.);
#3852=LINE('',#284,#3855);
#3853=LINE('',#164,#3856);
#3854=LINE('',#286,#3857);
#3855=VECTOR('',#3858,1.0);
#3856=VECTOR('',#3859,1.0);
#3857=VECTOR('',#3860,1.0);
#3858=DIRECTION('',(0,-0.9974670948758037,-0.07112942176079115));
#3859=DIRECTION('',(0,1,0));
#3860=DIRECTION('',(0,0,1));
#3861=FACE_SURFACE('',(#3866),#3862,.T.);
#3862=PLANE('',#3863);
#3863=AXIS2_PLACEMENT_3D('',#160,#3864,#3865);
#3864=DIRECTION('',(1,0,0));
#3865=DIRECTION('',(0,0,-1));
#3866=FACE_BOUND('',#3867,.T.);
#3867=EDGE_LOOP('',(#3868,#3869,#3870));
#3868=ORIENTED_EDGE('',*,*,#3871,.T.);
#3869=ORIENTED_EDGE('',*,*,#3872,.T.);
#3870=ORIENTED_EDGE('',*,*,#3873,.T.);
#3871=EDGE_CURVE('',#161,#165,#3874,.F.);
#3872=EDGE_CURVE('',#165,#275,#3875,.T.);
#3873=EDGE_CURVE('',#275,#161,#3876,.T.);
#3874=LINE('',#160,#3877);
#3875=LINE('',#164,#3878);
#3876=LINE('',#274,#3879);
#3877=VECTOR('',#3880,1.0);
#3878=VECTOR('',#3881,1.0);
#3879=VECTOR('',#3882,1.0);
#3880=DIRECTION('',(0,0,-1));
#3881=DIRECTION('',(0,0.049322612310635,0.9987828992903588));
#3882=DIRECTION('',(0,-0.7071067811865475,0.7071067811865475));
#3883=FACE_SURFACE('',(#3888),#3884,.T.);
#3884=PLANE('',#3885);
#3885=AXIS2_PLACEMENT_3D('',#274,#3886,#3887);
#3886=DIRECTION('',(1,0,0));
#3887=DIRECTION('',(0,-0.049322612310635,-0.9987828992903588));
#3888=FACE_BOUND('',#3889,.T.);
#3889=EDGE_LOOP('',(#3890,#3891,#3892));
#3890=ORIENTED_EDGE('',*,*,#3893,.T.);
#3891=ORIENTED_EDGE('',*,*,#3894,.T.);
#3892=ORIENTED_EDGE('',*,*,#3895,.T.);
#3893=EDGE_CURVE('',#275,#165,#3896,.F.);
#3894=EDGE_CURVE('',#165,#283,#3897,.T.);
#3895=EDGE_CURVE('',#283,#275,#3898,.T.);
#3896=LINE('',#274,#3899);
#3897=LINE('',#164,#3900);
#3898=LINE('',#282,#3901);
#3899=VECTOR('',#3902,1.0);
#3900=VECTOR('',#3903,1.0);
#3901=VECTOR('',#3904,1.0);
#3902=DIRECTION('',(0,-0.049322612310635,-0.9987828992903588));
#3903=DIRECTION('',(0,0.523622137214962,0.8519506191196973));
#3904=DIRECTION('',(0,0,1));
#3905=FACE_SURFACE('',(#3910),#3906,.T.);
#3906=PLANE('',#3907);
#3907=AXIS2_PLACEMENT_3D('',#260,#3908,#3909);
#3908=DIRECTION('',(1,0,0));
#3909=DIRECTION('',(0,1,0));
#3910=FACE_BOUND('',#3911,.T.);
#3911=EDGE_LOOP('',(#3912,#3913,#3914));
#3912=ORIENTED_EDGE('',*,*,#3915,.T.);
#3913=ORIENTED_EDGE('',*,*,#3916,.T.);
#3914=ORIENTED_EDGE('',*,*,#3917,.T.);
#3915=EDGE_CURVE('',#261,#265,#3918,.F.);
#3916=EDGE_CURVE('',#265,#279,#3919,.T.);
#3917=EDGE_CURVE('',#279,#261,#3920,.T.);
#3918=LINE('',#260,#3921);
#3919=LINE('',#264,#3922);
#3920=LINE('',#278,#3923);
#3921=VECTOR('',#3924,1.0);
#3922=VECTOR('',#3925,1.0);
#3923=VECTOR('',#3926,1.0);
#3924=DIRECTION('',(0,1,0));
#3925=DIRECTION('',(0,0,1));
#3926=DIRECTION('',(0,-0.1539684557633579,-0.9880757636081593));
#3927=FACE_SURFACE('',(#3932),#3928,.T.);
#3928=PLANE('',#3929);
#3929=AXIS2_PLACEMENT_3D('',#288,#3930,#3931);
#3930=DIRECTION('',(0,-0.766044537974696,0.6427874966418797));
#3931=DIRECTION('',(-1,0,0));
#3932=FACE_BOUND('',#3933,.T.);
#3933=EDGE_LOOP('',(#3934,#3935,#3936));
#3934=ORIENTED_EDGE('',*,*,#3937,.T.);
#3935=ORIENTED_EDGE('',*,*,#3938,.T.);
#3936=ORIENTED_EDGE('',*,*,#3939,.T.);
#3937=EDGE_CURVE('',#289,#291,#3940,.F.);
#3938=EDGE_CURVE('',#291,#293,#3941,.T.);
#3939=EDGE_CURVE('',#293,#289,#3942,.T.);
#3940=LINE('',#288,#3943);
#3941=LINE('',#290,#3944);
#3942=LINE('',#292,#3945);
#3943=VECTOR('',#3946,1.0);
#3944=VECTOR('',#3947,1.0);
#3945=VECTOR('',#3948,1.0);
#3946=DIRECTION('',(-1,0,0));
#3947=DIRECTION('',(-0.6102425728133626,-0.5092256516563202,-0.6068716816768797));
#3948=DIRECTION('',(0.8555003351710347,0.33283681601610354,0.3966595901103483));
#3949=FACE_SURFACE('',(#3954),#3950,.T.);
#3950=PLANE('',#3951);
#3951=AXIS2_PLACEMENT_3D('',#292,#3952,#3953);
#3952=DIRECTION('',(-1.5371277487396388E-06,-0.7660437768814709,0.6427884036748083));
#3953=DIRECTION('',(0.6102425728133626,0.5092256516563202,0.6068716816768797));
#3954=FACE_BOUND('',#3955,.T.);
#3955=EDGE_LOOP('',(#3956,#3957,#3958));
#3956=ORIENTED_EDGE('',*,*,#3959,.T.);
#3957=ORIENTED_EDGE('',*,*,#3960,.T.);
#3958=ORIENTED_EDGE('',*,*,#3961,.T.);
#3959=EDGE_CURVE('',#293,#291,#3962,.F.);
#3960=EDGE_CURVE('',#291,#295,#3963,.T.);
#3961=EDGE_CURVE('',#295,#293,#3964,.T.);
#3962=LINE('',#292,#3965);
#3963=LINE('',#290,#3966);
#3964=LINE('',#294,#3967);
#3965=VECTOR('',#3968,1.0);
#3966=VECTOR('',#3969,1.0);
#3967=VECTOR('',#3970,1.0);
#3968=DIRECTION('',(0.6102425728133626,0.5092256516563202,0.6068716816768797));
#3969=DIRECTION('',(-0.15317797801424163,0.6352027920375706,0.7570032496886281));
#3970=DIRECTION('',(-0.5802916600721729,-0.5234918080461323,-0.6238733173964672));
#3971=FACE_SURFACE('',(#3976),#3972,.T.);
#3972=PLANE('',#3973);
#3973=AXIS2_PLACEMENT_3D('',#292,#3974,#3975);
#3974=DIRECTION('',(-1.4516960213771563E-06,-0.7660438160098805,0.6427883570436795));
#3975=DIRECTION('',(0.5802916600721729,0.5234918080461323,0.6238733173964672));
#3976=FACE_BOUND('',#3977,.T.);
#3977=EDGE_LOOP('',(#3978,#3979,#3980));
#3978=ORIENTED_EDGE('',*,*,#3981,.T.);
#3979=ORIENTED_EDGE('',*,*,#3982,.T.);
#3980=ORIENTED_EDGE('',*,*,#3983,.T.);
#3981=EDGE_CURVE('',#293,#295,#3984,.F.);
#3982=EDGE_CURVE('',#295,#297,#3985,.T.);
#3983=EDGE_CURVE('',#297,#293,#3986,.T.);
#3984=LINE('',#292,#3987);
#3985=LINE('',#294,#3988);
#3986=LINE('',#296,#3989);
#3987=VECTOR('',#3990,1.0);
#3988=VECTOR('',#3991,1.0);
#3989=VECTOR('',#3992,1.0);
#3990=DIRECTION('',(0.5802916600721729,0.5234918080461323,0.6238733173964672));
#3991=DIRECTION('',(-0.06546303035801261,0.6414096457999886,0.7644005873434944));
#3992=DIRECTION('',(-0.5543703231232483,-0.5349729235432034,-0.6375558923858072));
#3993=FACE_SURFACE('',(#3998),#3994,.T.);
#3994=PLANE('',#3995);
#3995=AXIS2_PLACEMENT_3D('',#296,#3996,#3997);
#3996=DIRECTION('',(1.854337040028174E-06,-0.7660452315107503,0.6427866701139675));
#3997=DIRECTION('',(0.02205950860004278,0.6426302853778729,0.7658587953372855));
#3998=FACE_BOUND('',#3999,.T.);
#3999=EDGE_LOOP('',(#4000,#4001,#4002));
#4000=ORIENTED_EDGE('',*,*,#4003,.T.);
#4001=ORIENTED_EDGE('',*,*,#4004,.T.);
#4002=ORIENTED_EDGE('',*,*,#4005,.T.);
#4003=EDGE_CURVE('',#297,#299,#4006,.F.);
#4004=EDGE_CURVE('',#299,#293,#4007,.T.);
#4005=EDGE_CURVE('',#293,#297,#4008,.T.);
#4006=LINE('',#296,#4009);
#4007=LINE('',#298,#4010);
#4008=LINE('',#292,#4011);
#4009=VECTOR('',#4012,1.0);
#4010=VECTOR('',#4013,1.0);
#4011=VECTOR('',#4014,1.0);
#4012=DIRECTION('',(0.02205950860004278,0.6426302853778729,0.7658587953372855));
#4013=DIRECTION('',(-0.532864292247001,-0.5439272952542007,-0.6482273856645924));
#4014=DIRECTION('',(0.5543703231232483,0.5349729235432034,0.6375558923858072));
#4015=FACE_SURFACE('',(#4020),#4016,.T.);
#4016=PLANE('',#4017);
#4017=AXIS2_PLACEMENT_3D('',#292,#4018,#4019);
#4018=DIRECTION('',(6.986422866574505E-06,-0.766047308812252,0.6427841944328564));
#4019=DIRECTION('',(0.532864292247001,0.5439272952542007,0.6482273856645924));
#4020=FACE_BOUND('',#4021,.T.);
#4021=EDGE_LOOP('',(#4022,#4023,#4024));
#4022=ORIENTED_EDGE('',*,*,#4025,.T.);
#4023=ORIENTED_EDGE('',*,*,#4026,.T.);
#4024=ORIENTED_EDGE('',*,*,#4027,.T.);
#4025=EDGE_CURVE('',#293,#299,#4028,.F.);
#4026=EDGE_CURVE('',#299,#301,#4029,.T.);
#4027=EDGE_CURVE('',#301,#293,#4030,.T.);
#4028=LINE('',#292,#4031);
#4029=LINE('',#298,#4032);
#4030=LINE('',#300,#4033);
#4031=VECTOR('',#4034,1.0);
#4032=VECTOR('',#4035,1.0);
#4033=VECTOR('',#4036,1.0);
#4034=DIRECTION('',(0.532864292247001,0.5439272952542007,0.6482273856645924));
#4035=DIRECTION('',(0.10964478528289523,0.6389093293661569,0.7614281909078199));
#4036=DIRECTION('',(-0.5158807680504773,-0.5506505231670752,-0.6562400738231976));
#4037=FACE_SURFACE('',(#4042),#4038,.T.);
#4038=PLANE('',#4039);
#4039=AXIS2_PLACEMENT_3D('',#292,#4040,#4041);
#4040=DIRECTION('',(-1.242021955720121E-05,-0.766039796708094,0.6427931469027656));
#4041=DIRECTION('',(0.5158807680504773,0.5506505231670752,0.6562400738231976));
#4042=FACE_BOUND('',#4043,.T.);
#4043=EDGE_LOOP('',(#4044,#4045,#4046));
#4044=ORIENTED_EDGE('',*,*,#4047,.T.);
#4045=ORIENTED_EDGE('',*,*,#4048,.T.);
#4046=ORIENTED_EDGE('',*,*,#4049,.T.);
#4047=EDGE_CURVE('',#293,#301,#4050,.F.);
#4048=EDGE_CURVE('',#301,#303,#4051,.T.);
#4049=EDGE_CURVE('',#303,#293,#4052,.T.);
#4050=LINE('',#292,#4053);
#4051=LINE('',#300,#4054);
#4052=LINE('',#302,#4055);
#4053=VECTOR('',#4056,1.0);
#4054=VECTOR('',#4057,1.0);
#4055=VECTOR('',#4058,1.0);
#4056=DIRECTION('',(0.5158807680504773,0.5506505231670752,0.6562400738231976));
#4057=DIRECTION('',(0.19754960379090028,0.6301236733983615,0.7509449448961044));
#4058=DIRECTION('',(-0.5033221895589276,-0.5554320120023664,-0.6619381040101938));
#4059=FACE_SURFACE('',(#4064),#4060,.T.);
#4060=PLANE('',#4061);
#4061=AXIS2_PLACEMENT_3D('',#302,#4062,#4063);
#4062=DIRECTION('',(1.37909978320022E-05,-0.7660496104929899,0.642781451251782));
#4063=DIRECTION('',(0.28594510008279517,0.6159457765627513,0.7340614416199435));
#4064=FACE_BOUND('',#4065,.T.);
#4065=EDGE_LOOP('',(#4066,#4067,#4068));
#4066=ORIENTED_EDGE('',*,*,#4069,.T.);
#4067=ORIENTED_EDGE('',*,*,#4070,.T.);
#4068=ORIENTED_EDGE('',*,*,#4071,.T.);
#4069=EDGE_CURVE('',#303,#305,#4072,.F.);
#4070=EDGE_CURVE('',#305,#293,#4073,.T.);
#4071=EDGE_CURVE('',#293,#303,#4074,.T.);
#4072=LINE('',#302,#4075);
#4073=LINE('',#304,#4076);
#4074=LINE('',#292,#4077);
#4075=VECTOR('',#4078,1.0);
#4076=VECTOR('',#4079,1.0);
#4077=VECTOR('',#4080,1.0);
#4078=DIRECTION('',(0.28594510008279517,0.6159457765627513,0.7340614416199435));
#4079=DIRECTION('',(-0.4949554771720203,-0.5585298184328231,-0.6656301657368116));
#4080=DIRECTION('',(0.5033221895589276,0.5554320120023664,0.6619381040101938));
#4081=FACE_SURFACE('',(#4086),#4082,.T.);
#4082=PLANE('',#4083);
#4083=AXIS2_PLACEMENT_3D('',#292,#4084,#4085);
#4084=DIRECTION('',(-1.7031559844847507E-05,-0.7660383248788359,0.6427949008251023));
#4085=DIRECTION('',(0.4949554771720203,0.5585298184328231,0.6656301657368116));
#4086=FACE_BOUND('',#4087,.T.);
#4087=EDGE_LOOP('',(#4088,#4089,#4090));
#4088=ORIENTED_EDGE('',*,*,#4091,.T.);
#4089=ORIENTED_EDGE('',*,*,#4092,.T.);
#4090=ORIENTED_EDGE('',*,*,#4093,.T.);
#4091=EDGE_CURVE('',#293,#305,#4094,.F.);
#4092=EDGE_CURVE('',#305,#307,#4095,.T.);
#4093=EDGE_CURVE('',#307,#293,#4096,.T.);
#4094=LINE('',#292,#4097);
#4095=LINE('',#304,#4098);
#4096=LINE('',#306,#4099);
#4097=VECTOR('',#4100,1.0);
#4098=VECTOR('',#4101,1.0);
#4099=VECTOR('',#4102,1.0);
#4100=DIRECTION('',(0.4949554771720203,0.5585298184328231,0.6656301657368116));
#4101=DIRECTION('',(0.37487118080988674,0.5959154198709314,0.7101805475780455));
#4102=DIRECTION('',(-0.4904695637349117,-0.5601625666714533,-0.6675758428446427));
#4103=FACE_SURFACE('',(#4108),#4104,.T.);
#4104=PLANE('',#4105);
#4105=AXIS2_PLACEMENT_3D('',#292,#4106,#4107);
#4106=DIRECTION('',(-8.790681550158678E-08,-0.7660444547354633,0.6427875958425451));
#4107=DIRECTION('',(0.4904695637349117,0.5601625666714533,0.6675758428446427));
#4108=FACE_BOUND('',#4109,.T.);
#4109=EDGE_LOOP('',(#4110,#4111,#4112));
#4110=ORIENTED_EDGE('',*,*,#4113,.T.);
#4111=ORIENTED_EDGE('',*,*,#4114,.T.);
#4112=ORIENTED_EDGE('',*,*,#4115,.T.);
#4113=EDGE_CURVE('',#293,#307,#4116,.F.);
#4114=EDGE_CURVE('',#307,#269,#4117,.T.);
#4115=EDGE_CURVE('',#269,#293,#4118,.T.);
#4116=LINE('',#292,#4119);
#4117=LINE('',#306,#4120);
#4118=LINE('',#268,#4121);
#4119=VECTOR('',#4122,1.0);
#4120=VECTOR('',#4123,1.0);
#4121=VECTOR('',#4124,1.0);
#4122=DIRECTION('',(0.4904695637349117,0.5601625666714533,0.6675758428446427));
#4123=DIRECTION('',(-0.07929345784254672,0.6407636665933737,0.7636324188490089));
#4124=DIRECTION('',(0,-0.6427875958425474,-0.7660444547354662));
#4125=FACE_SURFACE('',(#4130),#4126,.T.);
#4126=PLANE('',#4127);
#4127=AXIS2_PLACEMENT_3D('',#268,#4128,#4129);
#4128=DIRECTION('',(-2.6340852001554894E-06,-0.7660445849184936,0.6427874406910222));
#4129=DIRECTION('',(0.07929345784254672,-0.6407636665933737,-0.7636324188490089));
#4130=FACE_BOUND('',#4131,.T.);
#4131=EDGE_LOOP('',(#4132,#4133,#4134));
#4132=ORIENTED_EDGE('',*,*,#4135,.T.);
#4133=ORIENTED_EDGE('',*,*,#4136,.T.);
#4134=ORIENTED_EDGE('',*,*,#4137,.T.);
#4135=EDGE_CURVE('',#269,#307,#4138,.F.);
#4136=EDGE_CURVE('',#307,#309,#4139,.T.);
#4137=EDGE_CURVE('',#309,#269,#4140,.T.);
#4138=LINE('',#268,#4141);
#4139=LINE('',#306,#4142);
#4140=LINE('',#308,#4143);
#4141=VECTOR('',#4144,1.0);
#4142=VECTOR('',#4145,1.0);
#4143=VECTOR('',#4146,1.0);
#4144=DIRECTION('',(0.07929345784254672,-0.6407636665933737,-0.7636324188490089));
#4145=DIRECTION('',(0.4641232467611912,0.5693613008105003,0.6785405816568568));
#4146=DIRECTION('',(-0.08255842225691822,0.640593276571597,0.763429342457908));
#4147=FACE_SURFACE('',(#4152),#4148,.T.);
#4148=PLANE('',#4149);
#4149=AXIS2_PLACEMENT_3D('',#268,#4150,#4151);
#4150=DIRECTION('',(3.253344940113684E-07,-0.7660444273340663,0.6427876284981816));
#4151=DIRECTION('',(0.08255842225691822,-0.640593276571597,-0.763429342457908));
#4152=FACE_BOUND('',#4153,.T.);
#4153=EDGE_LOOP('',(#4154,#4155,#4156));
#4154=ORIENTED_EDGE('',*,*,#4157,.T.);
#4155=ORIENTED_EDGE('',*,*,#4158,.T.);
#4156=ORIENTED_EDGE('',*,*,#4159,.T.);
#4157=EDGE_CURVE('',#269,#309,#4160,.F.);
#4158=EDGE_CURVE('',#309,#311,#4161,.T.);
#4159=EDGE_CURVE('',#311,#269,#4162,.T.);
#4160=LINE('',#268,#4163);
#4161=LINE('',#308,#4164);
#4162=LINE('',#310,#4165);
#4163=VECTOR('',#4166,1.0);
#4164=VECTOR('',#4167,1.0);
#4165=VECTOR('',#4168,1.0);
#4166=DIRECTION('',(0.08255842225691822,-0.640593276571597,-0.763429342457908));
#4167=DIRECTION('',(0.5531358547698695,0.5355007692303866,0.6381846537810747));
#4168=DIRECTION('',(-0.08627254922322096,0.6403910202746107,0.7631883046812039));
#4169=FACE_SURFACE('',(#4174),#4170,.T.);
#4170=PLANE('',#4171);
#4171=AXIS2_PLACEMENT_3D('',#310,#4172,#4173);
#4172=DIRECTION('',(3.8683063151218445E-07,-0.7660444239110232,0.6427876325775713));
#4173=DIRECTION('',(0.6408711068547912,0.49343515390480114,0.5880526960142773));
#4174=FACE_BOUND('',#4175,.T.);
#4175=EDGE_LOOP('',(#4176,#4177,#4178));
#4176=ORIENTED_EDGE('',*,*,#4179,.T.);
#4177=ORIENTED_EDGE('',*,*,#4180,.T.);
#4178=ORIENTED_EDGE('',*,*,#4181,.T.);
#4179=EDGE_CURVE('',#311,#313,#4182,.F.);
#4180=EDGE_CURVE('',#313,#269,#4183,.T.);
#4181=EDGE_CURVE('',#269,#311,#4184,.T.);
#4182=LINE('',#310,#4185);
#4183=LINE('',#312,#4186);
#4184=LINE('',#268,#4187);
#4185=VECTOR('',#4188,1.0);
#4186=VECTOR('',#4189,1.0);
#4187=VECTOR('',#4190,1.0);
#4188=DIRECTION('',(0.6408711068547912,0.49343515390480114,0.5880526960142773));
#4189=DIRECTION('',(-0.09038705998397416,0.6401564910131836,0.7629088060844108));
#4190=DIRECTION('',(0.08627254922322096,-0.6403910202746107,-0.7631883046812039));
#4191=FACE_SURFACE('',(#4196),#4192,.T.);
#4192=PLANE('',#4193);
#4193=AXIS2_PLACEMENT_3D('',#268,#4194,#4195);
#4194=DIRECTION('',(9.466206956291865E-07,-0.7660443912534346,0.6427876714967848));
#4195=DIRECTION('',(0.09038705998397416,-0.6401564910131836,-0.7629088060844108));
#4196=FACE_BOUND('',#4197,.T.);
#4197=EDGE_LOOP('',(#4198,#4199,#4200));
#4198=ORIENTED_EDGE('',*,*,#4201,.T.);
#4199=ORIENTED_EDGE('',*,*,#4202,.T.);
#4200=ORIENTED_EDGE('',*,*,#4203,.T.);
#4201=EDGE_CURVE('',#269,#313,#4204,.F.);
#4202=EDGE_CURVE('',#313,#315,#4205,.T.);
#4203=EDGE_CURVE('',#315,#269,#4206,.T.);
#4204=LINE('',#268,#4207);
#4205=LINE('',#312,#4208);
#4206=LINE('',#314,#4209);
#4207=VECTOR('',#4210,1.0);
#4208=VECTOR('',#4211,1.0);
#4209=VECTOR('',#4212,1.0);
#4210=DIRECTION('',(0.09038705998397416,-0.6401564910131836,-0.7629088060844108));
#4211=DIRECTION('',(0.725636585203905,0.4422886807094853,0.527097969195366));
#4212=DIRECTION('',(-0.09484501124123766,0.6398899487559309,0.7625911600089407));
#4213=FACE_SURFACE('',(#4218),#4214,.T.);
#4214=PLANE('',#4215);
#4215=AXIS2_PLACEMENT_3D('',#268,#4216,#4217);
#4216=DIRECTION('',(-2.4569857768764686E-06,-0.7660445996926303,0.6427874230845846));
#4217=DIRECTION('',(0.09484501124123766,-0.6398899487559309,-0.7625911600089407));
#4218=FACE_BOUND('',#4219,.T.);
#4219=EDGE_LOOP('',(#4220,#4221,#4222));
#4220=ORIENTED_EDGE('',*,*,#4223,.T.);
#4221=ORIENTED_EDGE('',*,*,#4224,.T.);
#4222=ORIENTED_EDGE('',*,*,#4225,.T.);
#4223=EDGE_CURVE('',#269,#315,#4226,.F.);
#4224=EDGE_CURVE('',#315,#317,#4227,.T.);
#4225=EDGE_CURVE('',#317,#269,#4228,.T.);
#4226=LINE('',#268,#4229);
#4227=LINE('',#314,#4230);
#4228=LINE('',#316,#4231);
#4229=VECTOR('',#4232,1.0);
#4230=VECTOR('',#4233,1.0);
#4231=VECTOR('',#4234,1.0);
#4232=DIRECTION('',(0.09484501124123766,-0.6398899487559309,-0.7625911600089407));
#4233=DIRECTION('',(0.8049699052674892,0.3813743178230057,0.454507515139944));
#4234=DIRECTION('',(-0.09958243289483092,0.6395925171503688,0.7622366765408247));
#4235=FACE_SURFACE('',(#4240),#4236,.T.);
#4236=PLANE('',#4237);
#4237=AXIS2_PLACEMENT_3D('',#316,#4238,#4239);
#4238=DIRECTION('',(4.975517510800199E-06,-0.7660441215515685,0.6427879928962036));
#4239=DIRECTION('',(0.8756345444865439,0.3104533984239989,0.36997679914939613));
#4240=FACE_BOUND('',#4241,.T.);
#4241=EDGE_LOOP('',(#4242,#4243,#4244));
#4242=ORIENTED_EDGE('',*,*,#4245,.T.);
#4243=ORIENTED_EDGE('',*,*,#4246,.T.);
#4244=ORIENTED_EDGE('',*,*,#4247,.T.);
#4245=EDGE_CURVE('',#317,#319,#4248,.F.);
#4246=EDGE_CURVE('',#319,#269,#4249,.T.);
#4247=EDGE_CURVE('',#269,#317,#4250,.T.);
#4248=LINE('',#316,#4251);
#4249=LINE('',#318,#4252);
#4250=LINE('',#268,#4253);
#4251=VECTOR('',#4254,1.0);
#4252=VECTOR('',#4255,1.0);
#4253=VECTOR('',#4256,1.0);
#4254=DIRECTION('',(0.8756345444865439,0.3104533984239989,0.36997679914939613));
#4255=DIRECTION('',(-0.10452923528154436,0.639266282456053,0.7618479238576904));
#4256=DIRECTION('',(0.09958243289483092,-0.6395925171503688,-0.7622366765408247));
#4257=FACE_SURFACE('',(#4262),#4258,.T.);
#4258=PLANE('',#4259);
#4259=AXIS2_PLACEMENT_3D('',#268,#4260,#4261);
#4260=DIRECTION('',(-5.389376288029472E-06,-0.7660448218042346,0.6427871583641611));
#4261=DIRECTION('',(0.10452923528154436,-0.639266282456053,-0.7618479238576904));
#4262=FACE_BOUND('',#4263,.T.);
#4263=EDGE_LOOP('',(#4264,#4265,#4266));
#4264=ORIENTED_EDGE('',*,*,#4267,.T.);
#4265=ORIENTED_EDGE('',*,*,#4268,.T.);
#4266=ORIENTED_EDGE('',*,*,#4269,.T.);
#4267=EDGE_CURVE('',#269,#319,#4270,.F.);
#4268=EDGE_CURVE('',#319,#321,#4271,.T.);
#4269=EDGE_CURVE('',#321,#269,#4272,.T.);
#4270=LINE('',#268,#4273);
#4271=LINE('',#318,#4274);
#4272=LINE('',#320,#4275);
#4273=VECTOR('',#4276,1.0);
#4274=VECTOR('',#4277,1.0);
#4275=VECTOR('',#4278,1.0);
#4276=DIRECTION('',(0.10452923528154436,-0.639266282456053,-0.7618479238576904));
#4277=DIRECTION('',(0.9337749661650826,0.23002443603250516,0.27414060514875693));
#4278=DIRECTION('',(-0.10961073228921375,0.6389145553122257,0.7614287086636563));
#4279=FACE_SURFACE('',(#4284),#4280,.T.);
#4280=PLANE('',#4281);
#4281=AXIS2_PLACEMENT_3D('',#268,#4282,#4283);
#4282=DIRECTION('',(6.266391178785987E-06,-0.7660439955984072,0.6427881429898655));
#4283=DIRECTION('',(0.10961073228921375,-0.6389145553122257,-0.7614287086636563));
#4284=FACE_BOUND('',#4285,.T.);
#4285=EDGE_LOOP('',(#4286,#4287,#4288));
#4286=ORIENTED_EDGE('',*,*,#4289,.T.);
#4287=ORIENTED_EDGE('',*,*,#4290,.T.);
#4288=ORIENTED_EDGE('',*,*,#4291,.T.);
#4289=EDGE_CURVE('',#269,#321,#4292,.F.);
#4290=EDGE_CURVE('',#321,#323,#4293,.T.);
#4291=EDGE_CURVE('',#323,#269,#4294,.T.);
#4292=LINE('',#268,#4295);
#4293=LINE('',#320,#4296);
#4294=LINE('',#322,#4297);
#4295=VECTOR('',#4298,1.0);
#4296=VECTOR('',#4299,1.0);
#4297=VECTOR('',#4300,1.0);
#4298=DIRECTION('',(0.10961073228921375,-0.6389145553122257,-0.7614287086636563));
#4299=DIRECTION('',(0.9754259952762069,0.14162847089875955,0.16877649116598065));
#4300=DIRECTION('',(-0.11474924471061833,0.6385416480389594,0.7609843458035338));
#4301=FACE_SURFACE('',(#4306),#4302,.T.);
#4302=PLANE('',#4303);
#4303=AXIS2_PLACEMENT_3D('',#322,#4304,#4305);
#4304=DIRECTION('',(-9.52520214594263E-06,-0.7660451681018449,0.6427867456140387));
#4305=DIRECTION('',(0.9972264349686533,0.04783366731186287,0.05702085295055215));
#4306=FACE_BOUND('',#4307,.T.);
#4307=EDGE_LOOP('',(#4308,#4309,#4310));
#4308=ORIENTED_EDGE('',*,*,#4311,.T.);
#4309=ORIENTED_EDGE('',*,*,#4312,.T.);
#4310=ORIENTED_EDGE('',*,*,#4313,.T.);
#4311=EDGE_CURVE('',#323,#325,#4314,.F.);
#4312=EDGE_CURVE('',#325,#269,#4315,.T.);
#4313=EDGE_CURVE('',#269,#323,#4316,.T.);
#4314=LINE('',#322,#4317);
#4315=LINE('',#324,#4318);
#4316=LINE('',#268,#4319);
#4317=VECTOR('',#4320,1.0);
#4318=VECTOR('',#4321,1.0);
#4319=VECTOR('',#4322,1.0);
#4320=DIRECTION('',(0.9972264349686533,0.04783366731186287,0.05702085295055215));
#4321=DIRECTION('',(-0.11986569013032233,0.6381532030139604,0.7605213381704714));
#4322=DIRECTION('',(0.11474924471061833,-0.6385416480389594,-0.7609843458035338));
#4323=FACE_SURFACE('',(#4328),#4324,.T.);
#4324=PLANE('',#4325);
#4325=AXIS2_PLACEMENT_3D('',#268,#4326,#4327);
#4326=DIRECTION('',(9.69842766968634E-06,-0.7660436761983728,0.6427885235926535));
#4327=DIRECTION('',(0.11986569013032233,-0.6381532030139604,-0.7605213381704714));
#4328=FACE_BOUND('',#4329,.T.);
#4329=EDGE_LOOP('',(#4330,#4331,#4332));
#4330=ORIENTED_EDGE('',*,*,#4333,.T.);
#4331=ORIENTED_EDGE('',*,*,#4334,.T.);
#4332=ORIENTED_EDGE('',*,*,#4335,.T.);
#4333=EDGE_CURVE('',#269,#325,#4336,.F.);
#4334=EDGE_CURVE('',#325,#327,#4337,.T.);
#4335=EDGE_CURVE('',#327,#269,#4338,.T.);
#4336=LINE('',#268,#4339);
#4337=LINE('',#324,#4340);
#4338=LINE('',#326,#4341);
#4339=VECTOR('',#4342,1.0);
#4340=VECTOR('',#4343,1.0);
#4341=VECTOR('',#4344,1.0);
#4342=DIRECTION('',(0.11986569013032233,-0.6381532030139604,-0.7605213381704714));
#4343=DIRECTION('',(0.9972264349686533,-0.04783366731186287,-0.05702085295055215));
#4344=DIRECTION('',(-0.12488147290653871,0.6377556335144261,0.7600476101174889));
#4345=FACE_SURFACE('',(#4350),#4346,.T.);
#4346=PLANE('',#4347);
#4347=AXIS2_PLACEMENT_3D('',#268,#4348,#4349);
#4348=DIRECTION('',(-6.618046563248202E-06,-0.766044996312342,0.642786950381715));
#4349=DIRECTION('',(0.12488147290653871,-0.6377556335144261,-0.7600476101174889));
#4350=FACE_BOUND('',#4351,.T.);
#4351=EDGE_LOOP('',(#4352,#4353,#4354));
#4352=ORIENTED_EDGE('',*,*,#4355,.T.);
#4353=ORIENTED_EDGE('',*,*,#4356,.T.);
#4354=ORIENTED_EDGE('',*,*,#4357,.T.);
#4355=EDGE_CURVE('',#269,#327,#4358,.F.);
#4356=EDGE_CURVE('',#327,#329,#4359,.T.);
#4357=EDGE_CURVE('',#329,#269,#4360,.T.);
#4358=LINE('',#268,#4361);
#4359=LINE('',#326,#4362);
#4360=LINE('',#328,#4363);
#4361=VECTOR('',#4364,1.0);
#4362=VECTOR('',#4365,1.0);
#4363=VECTOR('',#4366,1.0);
#4364=DIRECTION('',(0.12488147290653871,-0.6377556335144261,-0.7600476101174889));
#4365=DIRECTION('',(0.9754259952762069,-0.14162847089875955,-0.16877649116598065));
#4366=DIRECTION('',(-0.12972020763322042,0.6373564684124415,0.7595718530227502));
#4367=FACE_SURFACE('',(#4372),#4368,.T.);
#4368=PLANE('',#4369);
#4369=AXIS2_PLACEMENT_3D('',#328,#4370,#4371);
#4370=DIRECTION('',(5.913638222427251E-06,-0.7660439424878657,0.6427882062877914));
#4371=DIRECTION('',(0.9337749661650826,-0.23002443603250516,-0.27414060514875693));
#4372=FACE_BOUND('',#4373,.T.);
#4373=EDGE_LOOP('',(#4374,#4375,#4376));
#4374=ORIENTED_EDGE('',*,*,#4377,.T.);
#4375=ORIENTED_EDGE('',*,*,#4378,.T.);
#4376=ORIENTED_EDGE('',*,*,#4379,.T.);
#4377=EDGE_CURVE('',#329,#331,#4380,.F.);
#4378=EDGE_CURVE('',#331,#269,#4381,.T.);
#4379=EDGE_CURVE('',#269,#329,#4382,.T.);
#4380=LINE('',#328,#4383);
#4381=LINE('',#330,#4384);
#4382=LINE('',#268,#4385);
#4383=VECTOR('',#4386,1.0);
#4384=VECTOR('',#4387,1.0);
#4385=VECTOR('',#4388,1.0);
#4386=DIRECTION('',(0.9337749661650826,-0.23002443603250516,-0.27414060514875693));
#4387=DIRECTION('',(-0.13430937138837856,0.6369635829180559,0.7591036732841249));
#4388=DIRECTION('',(0.12972020763322042,-0.6373564684124415,-0.7595718530227502));
#4389=FACE_SURFACE('',(#4394),#4390,.T.);
#4390=PLANE('',#4391);
#4391=AXIS2_PLACEMENT_3D('',#268,#4392,#4393);
#4392=DIRECTION('',(-5.689284492267727E-06,-0.7660449533560293,0.6427870015840325));
#4393=DIRECTION('',(0.13430937138837856,-0.6369635829180559,-0.7591036732841249));
#4394=FACE_BOUND('',#4395,.T.);
#4395=EDGE_LOOP('',(#4396,#4397,#4398));
#4396=ORIENTED_EDGE('',*,*,#4399,.T.);
#4397=ORIENTED_EDGE('',*,*,#4400,.T.);
#4398=ORIENTED_EDGE('',*,*,#4401,.T.);
#4399=EDGE_CURVE('',#269,#331,#4402,.F.);
#4400=EDGE_CURVE('',#331,#333,#4403,.T.);
#4401=EDGE_CURVE('',#333,#269,#4404,.T.);
#4402=LINE('',#268,#4405);
#4403=LINE('',#330,#4406);
#4404=LINE('',#332,#4407);
#4405=VECTOR('',#4408,1.0);
#4406=VECTOR('',#4409,1.0);
#4407=VECTOR('',#4410,1.0);
#4408=DIRECTION('',(0.13430937138837856,-0.6369635829180559,-0.7591036732841249));
#4409=DIRECTION('',(0.8756345444865439,-0.3104533984239989,-0.36997679914939613));
#4410=DIRECTION('',(-0.13858188647003847,0.6365853400111643,0.7586528623983934));
#4411=FACE_SURFACE('',(#4416),#4412,.T.);
#4412=PLANE('',#4413);
#4413=AXIS2_PLACEMENT_3D('',#268,#4414,#4415);
#4414=DIRECTION('',(2.94162288684531E-06,-0.7660441770443733,0.6427879267750413));
#4415=DIRECTION('',(0.13858188647003847,-0.6365853400111643,-0.7586528623983934));
#4416=FACE_BOUND('',#4417,.T.);
#4417=EDGE_LOOP('',(#4418,#4419,#4420));
#4418=ORIENTED_EDGE('',*,*,#4421,.T.);
#4419=ORIENTED_EDGE('',*,*,#4422,.T.);
#4420=ORIENTED_EDGE('',*,*,#4423,.T.);
#4421=EDGE_CURVE('',#269,#333,#4424,.F.);
#4422=EDGE_CURVE('',#333,#335,#4425,.T.);
#4423=EDGE_CURVE('',#335,#269,#4426,.T.);
#4424=LINE('',#268,#4427);
#4425=LINE('',#332,#4428);
#4426=LINE('',#334,#4429);
#4427=VECTOR('',#4430,1.0);
#4428=VECTOR('',#4431,1.0);
#4429=VECTOR('',#4432,1.0);
#4430=DIRECTION('',(0.13858188647003847,-0.6365853400111643,-0.7586528623983934));
#4431=DIRECTION('',(0.8049699052674892,-0.3813743178230057,-0.454507515139944));
#4432=DIRECTION('',(-0.1424772681150313,0.6362299311070362,0.758229320742751));
#4433=FACE_SURFACE('',(#4438),#4434,.T.);
#4434=PLANE('',#4435);
#4435=AXIS2_PLACEMENT_3D('',#268,#4436,#4437);
#4436=DIRECTION('',(7.244083551206451E-09,-0.7660444485557643,0.6427876032072297));
#4437=DIRECTION('',(0.1424772681150313,-0.6362299311070362,-0.758229320742751));
#4438=FACE_BOUND('',#4439,.T.);
#4439=EDGE_LOOP('',(#4440,#4441,#4442));
#4440=ORIENTED_EDGE('',*,*,#4443,.T.);
#4441=ORIENTED_EDGE('',*,*,#4444,.T.);
#4442=ORIENTED_EDGE('',*,*,#4445,.T.);
#4443=EDGE_CURVE('',#269,#335,#4446,.F.);
#4444=EDGE_CURVE('',#335,#337,#4447,.T.);
#4445=EDGE_CURVE('',#337,#269,#4448,.T.);
#4446=LINE('',#268,#4449);
#4447=LINE('',#334,#4450);
#4448=LINE('',#336,#4451);
#4449=VECTOR('',#4452,1.0);
#4450=VECTOR('',#4453,1.0);
#4451=VECTOR('',#4454,1.0);
#4452=DIRECTION('',(0.1424772681150313,-0.6362299311070362,-0.758229320742751));
#4453=DIRECTION('',(0.9999677398885378,0.00516312198782398,0.006153158014255899));
#4454=DIRECTION('',(-0.6320109931265162,0.4981343054539282,0.5936533654390981));
#4455=FACE_SURFACE('',(#4460),#4456,.T.);
#4456=PLANE('',#4457);
#4457=AXIS2_PLACEMENT_3D('',#336,#4458,#4459);
#4458=DIRECTION('',(-1.4783904324005093E-09,-0.766043750566057,0.6427884350380682));
#4459=DIRECTION('',(-0.9999677398885378,-0.00516312198782398,-0.006153158014255899));
#4460=FACE_BOUND('',#4461,.T.);
#4461=EDGE_LOOP('',(#4462,#4463,#4464));
#4462=ORIENTED_EDGE('',*,*,#4465,.T.);
#4463=ORIENTED_EDGE('',*,*,#4466,.T.);
#4464=ORIENTED_EDGE('',*,*,#4467,.T.);
#4465=EDGE_CURVE('',#337,#335,#4468,.F.);
#4466=EDGE_CURVE('',#335,#339,#4469,.T.);
#4467=EDGE_CURVE('',#339,#337,#4470,.T.);
#4468=LINE('',#336,#4471);
#4469=LINE('',#334,#4472);
#4470=LINE('',#338,#4473);
#4471=VECTOR('',#4474,1.0);
#4472=VECTOR('',#4475,1.0);
#4473=VECTOR('',#4476,1.0);
#4474=DIRECTION('',(-0.9999677398885378,-0.00516312198782398,-0.006153158014255899));
#4475=DIRECTION('',(0.725636585203905,-0.4422886807094853,-0.527097969195366));
#4476=DIRECTION('',(0.9999016018921648,0.009017075116459756,0.010746110451076447));
#4477=FACE_SURFACE('',(#4482),#4478,.T.);
#4478=PLANE('',#4479);
#4479=AXIS2_PLACEMENT_3D('',#336,#4480,#4481);
#4480=DIRECTION('',(6.074002487205385E-09,-0.7660440965947144,0.6427880226578492));
#4481=DIRECTION('',(-0.9999016018921648,-0.009017075116459756,-0.010746110451076447));
#4482=FACE_BOUND('',#4483,.T.);
#4483=EDGE_LOOP('',(#4484,#4485,#4486));
#4484=ORIENTED_EDGE('',*,*,#4487,.T.);
#4485=ORIENTED_EDGE('',*,*,#4488,.T.);
#4486=ORIENTED_EDGE('',*,*,#4489,.T.);
#4487=EDGE_CURVE('',#337,#339,#4490,.F.);
#4488=EDGE_CURVE('',#339,#341,#4491,.T.);
#4489=EDGE_CURVE('',#341,#337,#4492,.T.);
#4490=LINE('',#336,#4493);
#4491=LINE('',#338,#4494);
#4492=LINE('',#340,#4495);
#4493=VECTOR('',#4496,1.0);
#4494=VECTOR('',#4497,1.0);
#4495=VECTOR('',#4498,1.0);
#4496=DIRECTION('',(-0.9999016018921648,-0.009017075116459756,-0.010746110451076447));
#4497=DIRECTION('',(0.9999714532928232,0.004856888129381131,0.005788198090748656));
#4498=DIRECTION('',(0.7149409072444156,0.44942767106799325,0.5356064484553296));
#4499=FACE_SURFACE('',(#4504),#4500,.T.);
#4500=PLANE('',#4501);
#4501=AXIS2_PLACEMENT_3D('',#340,#4502,#4503);
#4502=DIRECTION('',(7.4345799977583995E-09,-0.7660442123361091,0.6427878847227522));
#4503=DIRECTION('',(-0.9999714532928232,-0.004856888129381131,-0.005788198090748656));
#4504=FACE_BOUND('',#4505,.T.);
#4505=EDGE_LOOP('',(#4506,#4507,#4508));
#4506=ORIENTED_EDGE('',*,*,#4509,.T.);
#4507=ORIENTED_EDGE('',*,*,#4510,.T.);
#4508=ORIENTED_EDGE('',*,*,#4511,.T.);
#4509=EDGE_CURVE('',#341,#339,#4512,.F.);
#4510=EDGE_CURVE('',#339,#343,#4513,.T.);
#4511=EDGE_CURVE('',#343,#341,#4514,.T.);
#4512=LINE('',#340,#4515);
#4513=LINE('',#338,#4516);
#4514=LINE('',#342,#4517);
#4515=VECTOR('',#4518,1.0);
#4516=VECTOR('',#4519,1.0);
#4517=VECTOR('',#4520,1.0);
#4518=DIRECTION('',(-0.9999714532928232,-0.004856888129381131,-0.005788198090748656));
#4519=DIRECTION('',(0.6408688316229352,-0.4934363748616509,-0.5880541510929468));
#4520=DIRECTION('',(0.9998945085509204,0.009336414414087868,0.011126685742019813));
#4521=FACE_SURFACE('',(#4526),#4522,.T.);
#4522=PLANE('',#4523);
#4523=AXIS2_PLACEMENT_3D('',#340,#4524,#4525);
#4524=DIRECTION('',(-4.5234841938204894E-08,-0.766041881728376,0.6427906622206384));
#4525=DIRECTION('',(-0.9998945085509204,-0.009336414414087868,-0.011126685742019813));
#4526=FACE_BOUND('',#4527,.T.);
#4527=EDGE_LOOP('',(#4528,#4529,#4530));
#4528=ORIENTED_EDGE('',*,*,#4531,.T.);
#4529=ORIENTED_EDGE('',*,*,#4532,.T.);
#4530=ORIENTED_EDGE('',*,*,#4533,.T.);
#4531=EDGE_CURVE('',#341,#343,#4534,.F.);
#4532=EDGE_CURVE('',#343,#345,#4535,.T.);
#4533=EDGE_CURVE('',#345,#341,#4536,.T.);
#4534=LINE('',#340,#4537);
#4535=LINE('',#342,#4538);
#4536=LINE('',#344,#4539);
#4537=VECTOR('',#4540,1.0);
#4538=VECTOR('',#4541,1.0);
#4539=VECTOR('',#4542,1.0);
#4540=DIRECTION('',(-0.9998945085509204,-0.009336414414087868,-0.011126685742019813));
#4541=DIRECTION('',(0.9999756385208101,0.004486734644430578,0.00534710923102313));
#4542=DIRECTION('',(0.627627915567277,0.5004211575323588,0.596373930260746));
#4543=FACE_SURFACE('',(#4548),#4544,.T.);
#4544=PLANE('',#4545);
#4545=AXIS2_PLACEMENT_3D('',#344,#4546,#4547);
#4546=DIRECTION('',(-1.90107592845666E-08,-0.7660442966004647,0.6427877843004635));
#4547=DIRECTION('',(-0.9999756385208101,-0.004486734644430578,-0.00534710923102313));
#4548=FACE_BOUND('',#4549,.T.);
#4549=EDGE_LOOP('',(#4550,#4551,#4552));
#4550=ORIENTED_EDGE('',*,*,#4553,.T.);
#4551=ORIENTED_EDGE('',*,*,#4554,.T.);
#4552=ORIENTED_EDGE('',*,*,#4555,.T.);
#4553=EDGE_CURVE('',#345,#343,#4556,.F.);
#4554=EDGE_CURVE('',#343,#347,#4557,.T.);
#4555=EDGE_CURVE('',#347,#345,#4558,.T.);
#4556=LINE('',#344,#4559);
#4557=LINE('',#342,#4560);
#4558=LINE('',#346,#4561);
#4559=VECTOR('',#4562,1.0);
#4560=VECTOR('',#4563,1.0);
#4561=VECTOR('',#4564,1.0);
#4562=DIRECTION('',(-0.9999756385208101,-0.004486734644430578,-0.00534710923102313));
#4563=DIRECTION('',(0.5531384566894065,-0.5354996587720007,-0.6381833303889504));
#4564=DIRECTION('',(0.9998898101918027,0.00954202827941589,0.01137177079067604));
#4565=FACE_SURFACE('',(#4570),#4566,.T.);
#4566=PLANE('',#4567);
#4567=AXIS2_PLACEMENT_3D('',#344,#4568,#4569);
#4568=DIRECTION('',(4.086820657465402E-09,-0.7660452966282947,0.6427865925123735));
#4569=DIRECTION('',(-0.9998898101918027,-0.00954202827941589,-0.01137177079067604));
#4570=FACE_BOUND('',#4571,.T.);
#4571=EDGE_LOOP('',(#4572,#4573,#4574));
#4572=ORIENTED_EDGE('',*,*,#4575,.T.);
#4573=ORIENTED_EDGE('',*,*,#4576,.T.);
#4574=ORIENTED_EDGE('',*,*,#4577,.T.);
#4575=EDGE_CURVE('',#345,#347,#4578,.F.);
#4576=EDGE_CURVE('',#347,#349,#4579,.T.);
#4577=EDGE_CURVE('',#349,#345,#4580,.T.);
#4578=LINE('',#344,#4581);
#4579=LINE('',#346,#4582);
#4580=LINE('',#348,#4583);
#4581=VECTOR('',#4584,1.0);
#4582=VECTOR('',#4585,1.0);
#4583=VECTOR('',#4586,1.0);
#4584=DIRECTION('',(-0.9998898101918027,-0.00954202827941589,-0.01137177079067604));
#4585=DIRECTION('',(0.9999800547112383,0.0040597579489973085,0.0048382378098213216));
#4586=DIRECTION('',(0.5375229968589097,0.5420292109067036,0.6459669978966982));
#4587=FACE_SURFACE('',(#4592),#4588,.T.);
#4588=PLANE('',#4589);
#4589=AXIS2_PLACEMENT_3D('',#348,#4590,#4591);
#4590=DIRECTION('',(5.791784968438382E-09,-0.7660454701446326,0.6427863857230399));
#4591=DIRECTION('',(-0.9999800547112383,-0.0040597579489973085,-0.0048382378098213216));
#4592=FACE_BOUND('',#4593,.T.);
#4593=EDGE_LOOP('',(#4594,#4595,#4596));
#4594=ORIENTED_EDGE('',*,*,#4597,.T.);
#4595=ORIENTED_EDGE('',*,*,#4598,.T.);
#4596=ORIENTED_EDGE('',*,*,#4599,.T.);
#4597=EDGE_CURVE('',#349,#347,#4600,.F.);
#4598=EDGE_CURVE('',#347,#351,#4601,.T.);
#4599=EDGE_CURVE('',#351,#349,#4602,.T.);
#4600=LINE('',#348,#4603);
#4601=LINE('',#346,#4604);
#4602=LINE('',#350,#4605);
#4603=VECTOR('',#4606,1.0);
#4604=VECTOR('',#4607,1.0);
#4605=VECTOR('',#4608,1.0);
#4606=DIRECTION('',(-0.9999800547112383,-0.0040597579489973085,-0.0048382378098213216));
#4607=DIRECTION('',(0.464120383563544,-0.5693622651463988,-0.6785417309113645));
#4608=DIRECTION('',(0.9998877774766521,0.00962963215690498,0.011476176947219276));
#4609=FACE_SURFACE('',(#4614),#4610,.T.);
#4610=PLANE('',#4611);
#4611=AXIS2_PLACEMENT_3D('',#348,#4612,#4613);
#4612=DIRECTION('',(1.0109975915717996E-08,-0.7660456554025893,0.6427861649404235));
#4613=DIRECTION('',(-0.9998877774766521,-0.00962963215690498,-0.011476176947219276));
#4614=FACE_BOUND('',#4615,.T.);
#4615=EDGE_LOOP('',(#4616,#4617,#4618));
#4616=ORIENTED_EDGE('',*,*,#4619,.T.);
#4617=ORIENTED_EDGE('',*,*,#4620,.T.);
#4618=ORIENTED_EDGE('',*,*,#4621,.T.);
#4619=EDGE_CURVE('',#349,#351,#4622,.F.);
#4620=EDGE_CURVE('',#351,#353,#4623,.T.);
#4621=EDGE_CURVE('',#353,#349,#4624,.T.);
#4622=LINE('',#348,#4625);
#4623=LINE('',#350,#4626);
#4624=LINE('',#352,#4627);
#4625=VECTOR('',#4628,1.0);
#4626=VECTOR('',#4629,1.0);
#4627=VECTOR('',#4630,1.0);
#4628=DIRECTION('',(-0.9998877774766521,-0.00962963215690498,-0.011476176947219276));
#4629=DIRECTION('',(0.9999844465494597,0.003585041143436344,0.004272486298464142));
#4630=DIRECTION('',(0.44631092265603184,0.5752151743858901,0.6855173691994474));
#4631=FACE_SURFACE('',(#4636),#4632,.T.);
#4632=PLANE('',#4633);
#4633=AXIS2_PLACEMENT_3D('',#352,#4634,#4635);
#4634=DIRECTION('',(-1.505037653194814E-08,-0.7660427557166124,0.64278962064901));
#4635=DIRECTION('',(-0.9999844465494597,-0.003585041143436344,-0.004272486298464142));
#4636=FACE_BOUND('',#4637,.T.);
#4637=EDGE_LOOP('',(#4638,#4639,#4640));
#4638=ORIENTED_EDGE('',*,*,#4641,.T.);
#4639=ORIENTED_EDGE('',*,*,#4642,.T.);
#4640=ORIENTED_EDGE('',*,*,#4643,.T.);
#4641=EDGE_CURVE('',#353,#351,#4644,.F.);
#4642=EDGE_CURVE('',#351,#355,#4645,.T.);
#4643=EDGE_CURVE('',#355,#353,#4646,.T.);
#4644=LINE('',#352,#4647);
#4645=LINE('',#350,#4648);
#4646=LINE('',#354,#4649);
#4647=VECTOR('',#4650,1.0);
#4648=VECTOR('',#4651,1.0);
#4649=VECTOR('',#4652,1.0);
#4650=DIRECTION('',(-0.9999844465494597,-0.003585041143436344,-0.004272486298464142));
#4651=DIRECTION('',(0.37487118080988674,-0.5959154198709314,-0.7101805475780455));
#4652=DIRECTION('',(0.9998885265626675,0.009597473567798123,0.011437786038095947));
#4653=FACE_SURFACE('',(#4658),#4654,.T.);
#4654=PLANE('',#4655);
#4655=AXIS2_PLACEMENT_3D('',#352,#4656,#4657);
#4656=DIRECTION('',(5.62391967439724E-09,-0.7660436456596824,0.6427885600603226));
#4657=DIRECTION('',(-0.9998885265626675,-0.009597473567798123,-0.011437786038095947));
#4658=FACE_BOUND('',#4659,.T.);
#4659=EDGE_LOOP('',(#4660,#4661,#4662));
#4660=ORIENTED_EDGE('',*,*,#4663,.T.);
#4661=ORIENTED_EDGE('',*,*,#4664,.T.);
#4662=ORIENTED_EDGE('',*,*,#4665,.T.);
#4663=EDGE_CURVE('',#353,#355,#4666,.F.);
#4664=EDGE_CURVE('',#355,#357,#4667,.T.);
#4665=EDGE_CURVE('',#357,#353,#4668,.T.);
#4666=LINE('',#352,#4669);
#4667=LINE('',#354,#4670);
#4668=LINE('',#356,#4671);
#4669=VECTOR('',#4672,1.0);
#4670=VECTOR('',#4673,1.0);
#4671=VECTOR('',#4674,1.0);
#4672=DIRECTION('',(-0.9998885265626675,-0.009597473567798123,-0.011437786038095947));
#4673=DIRECTION('',(0.9999885667522428,0.0030737412921395826,0.003663124249082723));
#4674=DIRECTION('',(0.35501066928625846,0.600918760449021,0.7161452841660937));
#4675=FACE_SURFACE('',(#4680),#4676,.T.);
#4676=PLANE('',#4677);
#4677=AXIS2_PLACEMENT_3D('',#356,#4678,#4679);
#4678=DIRECTION('',(3.027694293138622E-08,-0.7660469595143709,0.6427846107513675));
#4679=DIRECTION('',(-0.9999885667522428,-0.0030737412921395826,-0.003663124249082723));
#4680=FACE_BOUND('',#4681,.T.);
#4681=EDGE_LOOP('',(#4682,#4683,#4684));
#4682=ORIENTED_EDGE('',*,*,#4685,.T.);
#4683=ORIENTED_EDGE('',*,*,#4686,.T.);
#4684=ORIENTED_EDGE('',*,*,#4687,.T.);
#4685=EDGE_CURVE('',#357,#355,#4688,.F.);
#4686=EDGE_CURVE('',#355,#359,#4689,.T.);
#4687=EDGE_CURVE('',#359,#357,#4690,.T.);
#4688=LINE('',#356,#4691);
#4689=LINE('',#354,#4692);
#4690=LINE('',#358,#4693);
#4691=VECTOR('',#4694,1.0);
#4692=VECTOR('',#4695,1.0);
#4693=VECTOR('',#4696,1.0);
#4694=DIRECTION('',(-0.9999885667522428,-0.0030737412921395826,-0.003663124249082723));
#4695=DIRECTION('',(0.28594831117416886,-0.6159451606397419,-0.7340607075856349));
#4696=DIRECTION('',(0.9998919980976976,0.009446817176539541,0.01125832071966401));
#4697=FACE_SURFACE('',(#4702),#4698,.T.);
#4698=PLANE('',#4699);
#4699=AXIS2_PLACEMENT_3D('',#356,#4700,#4701);
#4700=DIRECTION('',(-1.3203609176891002E-08,-0.7660450580184196,0.6427868768772088));
#4701=DIRECTION('',(-0.9998919980976976,-0.009446817176539541,-0.01125832071966401));
#4702=FACE_BOUND('',#4703,.T.);
#4703=EDGE_LOOP('',(#4704,#4705,#4706));
#4704=ORIENTED_EDGE('',*,*,#4707,.T.);
#4705=ORIENTED_EDGE('',*,*,#4708,.T.);
#4706=ORIENTED_EDGE('',*,*,#4709,.T.);
#4707=EDGE_CURVE('',#357,#359,#4710,.F.);
#4708=EDGE_CURVE('',#359,#361,#4711,.T.);
#4709=EDGE_CURVE('',#361,#357,#4712,.T.);
#4710=LINE('',#356,#4713);
#4711=LINE('',#358,#4714);
#4712=LINE('',#360,#4715);
#4713=VECTOR('',#4716,1.0);
#4714=VECTOR('',#4717,1.0);
#4715=VECTOR('',#4718,1.0);
#4716=DIRECTION('',(-0.9998919980976976,-0.009446817176539541,-0.01125832071966401));
#4717=DIRECTION('',(0.9999922030814165,0.0025382881484608205,0.003025040437832109));
#4718=DIRECTION('',(0.26411175411929433,0.6199628521880985,0.7388443971790184));
#4719=FACE_SURFACE('',(#4724),#4720,.T.);
#4720=PLANE('',#4721);
#4721=AXIS2_PLACEMENT_3D('',#360,#4722,#4723);
#4722=DIRECTION('',(-3.561341653617397E-08,-0.766041410247503,0.6427912241046976));
#4723=DIRECTION('',(-0.9999922030814165,-0.0025382881484608205,-0.003025040437832109));
#4724=FACE_BOUND('',#4725,.T.);
#4725=EDGE_LOOP('',(#4726,#4727,#4728));
#4726=ORIENTED_EDGE('',*,*,#4729,.T.);
#4727=ORIENTED_EDGE('',*,*,#4730,.T.);
#4728=ORIENTED_EDGE('',*,*,#4731,.T.);
#4729=EDGE_CURVE('',#361,#359,#4732,.F.);
#4730=EDGE_CURVE('',#359,#363,#4733,.T.);
#4731=EDGE_CURVE('',#363,#361,#4734,.T.);
#4732=LINE('',#360,#4735);
#4733=LINE('',#358,#4736);
#4734=LINE('',#362,#4737);
#4735=VECTOR('',#4738,1.0);
#4736=VECTOR('',#4739,1.0);
#4737=VECTOR('',#4740,1.0);
#4738=DIRECTION('',(-0.9999922030814165,-0.0025382881484608205,-0.003025040437832109));
#4739=DIRECTION('',(0.19754960379090028,-0.6301236733983615,-0.7509449448961044));
#4740=DIRECTION('',(0.9998979667919642,0.00918212791982358,0.0109427844792911));
#4741=FACE_SURFACE('',(#4746),#4742,.T.);
#4742=PLANE('',#4743);
#4743=AXIS2_PLACEMENT_3D('',#360,#4744,#4745);
#4744=DIRECTION('',(5.2229231594423014E-08,-0.766045362591731,0.642786513899989));
#4745=DIRECTION('',(-0.9998979667919642,-0.00918212791982358,-0.0109427844792911));
#4746=FACE_BOUND('',#4747,.T.);
#4747=EDGE_LOOP('',(#4748,#4749,#4750));
#4748=ORIENTED_EDGE('',*,*,#4751,.T.);
#4749=ORIENTED_EDGE('',*,*,#4752,.T.);
#4750=ORIENTED_EDGE('',*,*,#4753,.T.);
#4751=EDGE_CURVE('',#361,#363,#4754,.F.);
#4752=EDGE_CURVE('',#363,#365,#4755,.T.);
#4753=EDGE_CURVE('',#365,#361,#4756,.T.);
#4754=LINE('',#360,#4757);
#4755=LINE('',#362,#4758);
#4756=LINE('',#364,#4759);
#4757=VECTOR('',#4760,1.0);
#4758=VECTOR('',#4761,1.0);
#4759=VECTOR('',#4762,1.0);
#4760=DIRECTION('',(-0.9998979667919642,-0.00918212791982358,-0.0109427844792911));
#4761=DIRECTION('',(0.9999951948695512,0.001992702857261951,0.0023747364340093845));
#4762=DIRECTION('',(0.17378231472965985,0.6330059401428797,0.754389280697327));
#4763=FACE_SURFACE('',(#4768),#4764,.T.);
#4764=PLANE('',#4765);
#4765=AXIS2_PLACEMENT_3D('',#364,#4766,#4767);
#4766=DIRECTION('',(5.9206270249122284E-08,-0.7660468092573122,0.6427847898221363));
#4767=DIRECTION('',(-0.9999951948695512,-0.001992702857261951,-0.0023747364340093845));
#4768=FACE_BOUND('',#4769,.T.);
#4769=EDGE_LOOP('',(#4770,#4771,#4772));
#4770=ORIENTED_EDGE('',*,*,#4773,.T.);
#4771=ORIENTED_EDGE('',*,*,#4774,.T.);
#4772=ORIENTED_EDGE('',*,*,#4775,.T.);
#4773=EDGE_CURVE('',#365,#363,#4776,.F.);
#4774=EDGE_CURVE('',#363,#367,#4777,.T.);
#4775=EDGE_CURVE('',#367,#365,#4778,.T.);
#4776=LINE('',#364,#4779);
#4777=LINE('',#362,#4780);
#4778=LINE('',#366,#4781);
#4779=VECTOR('',#4782,1.0);
#4780=VECTOR('',#4783,1.0);
#4781=VECTOR('',#4784,1.0);
#4782=DIRECTION('',(-0.9999951948695512,-0.001992702857261951,-0.0023747364340093845));
#4783=DIRECTION('',(0.10964478528289523,-0.6389093293661569,-0.7614281909078199));
#4784=DIRECTION('',(0.9999060516197672,0.008810839144229398,0.010500335601401008));
#4785=FACE_SURFACE('',(#4790),#4786,.T.);
#4786=PLANE('',#4787);
#4787=AXIS2_PLACEMENT_3D('',#364,#4788,#4789);
#4788=DIRECTION('',(-7.534235758424378E-09,-0.766043679821145,0.6427885193483771));
#4789=DIRECTION('',(-0.9999060516197672,-0.008810839144229398,-0.010500335601401008));
#4790=FACE_BOUND('',#4791,.T.);
#4791=EDGE_LOOP('',(#4792,#4793,#4794));
#4792=ORIENTED_EDGE('',*,*,#4795,.T.);
#4793=ORIENTED_EDGE('',*,*,#4796,.T.);
#4794=ORIENTED_EDGE('',*,*,#4797,.T.);
#4795=EDGE_CURVE('',#365,#367,#4798,.F.);
#4796=EDGE_CURVE('',#367,#369,#4799,.T.);
#4797=EDGE_CURVE('',#369,#365,#4800,.T.);
#4798=LINE('',#364,#4801);
#4799=LINE('',#366,#4802);
#4800=LINE('',#368,#4803);
#4801=VECTOR('',#4804,1.0);
#4802=VECTOR('',#4805,1.0);
#4803=VECTOR('',#4806,1.0);
#4804=DIRECTION('',(-0.9999060516197672,-0.008810839144229398,-0.010500335601401008));
#4805=DIRECTION('',(0.9999974505320663,0.0014514627091174242,0.0017297934477099916));
#4806=DIRECTION('',(0.08392699745594112,0.6405207004329642,0.7633410059828408));
#4807=FACE_SURFACE('',(#4812),#4808,.T.);
#4808=PLANE('',#4809);
#4809=AXIS2_PLACEMENT_3D('',#368,#4810,#4811);
#4810=DIRECTION('',(-2.1754915476411265E-09,-0.766045205242842,0.6427867014215929));
#4811=DIRECTION('',(-0.9999974505320663,-0.0014514627091174242,-0.0017297934477099916));
#4812=FACE_BOUND('',#4813,.T.);
#4813=EDGE_LOOP('',(#4814,#4815,#4816));
#4814=ORIENTED_EDGE('',*,*,#4817,.T.);
#4815=ORIENTED_EDGE('',*,*,#4818,.T.);
#4816=ORIENTED_EDGE('',*,*,#4819,.T.);
#4817=EDGE_CURVE('',#369,#367,#4820,.F.);
#4818=EDGE_CURVE('',#367,#371,#4821,.T.);
#4819=EDGE_CURVE('',#371,#369,#4822,.T.);
#4820=LINE('',#368,#4823);
#4821=LINE('',#366,#4824);
#4822=LINE('',#370,#4825);
#4823=VECTOR('',#4826,1.0);
#4824=VECTOR('',#4827,1.0);
#4825=VECTOR('',#4828,1.0);
#4826=DIRECTION('',(-0.9999974505320663,-0.0014514627091174242,-0.0017297934477099916));
#4827=DIRECTION('',(0.02205950860004278,-0.6426302853778729,-0.7658587953372855));
#4828=DIRECTION('',(0.999915753968418,0.008343482768778153,0.009943402891225936));
#4829=FACE_SURFACE('',(#4834),#4830,.T.);
#4830=PLANE('',#4831);
#4831=AXIS2_PLACEMENT_3D('',#368,#4832,#4833);
#4832=DIRECTION('',(9.195253505389984E-09,-0.7660457682817569,0.6427860304157308));
#4833=DIRECTION('',(-0.999915753968418,-0.008343482768778153,-0.009943402891225936));
#4834=FACE_BOUND('',#4835,.T.);
#4835=EDGE_LOOP('',(#4836,#4837,#4838));
#4836=ORIENTED_EDGE('',*,*,#4839,.T.);
#4837=ORIENTED_EDGE('',*,*,#4840,.T.);
#4838=ORIENTED_EDGE('',*,*,#4841,.T.);
#4839=EDGE_CURVE('',#369,#371,#4842,.F.);
#4840=EDGE_CURVE('',#371,#373,#4843,.T.);
#4841=EDGE_CURVE('',#373,#369,#4844,.T.);
#4842=LINE('',#368,#4845);
#4843=LINE('',#370,#4846);
#4844=LINE('',#372,#4847);
#4845=VECTOR('',#4848,1.0);
#4846=VECTOR('',#4849,1.0);
#4847=VECTOR('',#4850,1.0);
#4848=DIRECTION('',(-0.999915753968418,-0.008343482768778153,-0.009943402891225936));
#4849=DIRECTION('',(0.9999989545735752,0.0009294613648835927,0.001107679253150653));
#4850=DIRECTION('',(-0.005663570478162861,0.6427757212809894,0.7660334823629726));
#4851=FACE_SURFACE('',(#4856),#4852,.T.);
#4852=PLANE('',#4853);
#4853=AXIS2_PLACEMENT_3D('',#372,#4854,#4855);
#4854=DIRECTION('',(4.666262446978851E-09,-0.7660437549904028,0.6427884297653497));
#4855=DIRECTION('',(-0.9999989545735752,-0.0009294613648835927,-0.001107679253150653));
#4856=FACE_BOUND('',#4857,.T.);
#4857=EDGE_LOOP('',(#4858,#4859,#4860));
#4858=ORIENTED_EDGE('',*,*,#4861,.T.);
#4859=ORIENTED_EDGE('',*,*,#4862,.T.);
#4860=ORIENTED_EDGE('',*,*,#4863,.T.);
#4861=EDGE_CURVE('',#373,#371,#4864,.F.);
#4862=EDGE_CURVE('',#371,#375,#4865,.T.);
#4863=EDGE_CURVE('',#375,#373,#4866,.T.);
#4864=LINE('',#372,#4867);
#4865=LINE('',#370,#4868);
#4866=LINE('',#374,#4869);
#4867=VECTOR('',#4870,1.0);
#4868=VECTOR('',#4871,1.0);
#4869=VECTOR('',#4872,1.0);
#4870=DIRECTION('',(-0.9999989545735752,-0.0009294613648835927,-0.001107679253150653));
#4871=DIRECTION('',(-0.06545963932085004,-0.6414097887940405,-0.7644007577567989));
#4872=DIRECTION('',(0.999926502918046,0.007793101204437801,0.009287428907094006));
#4873=FACE_SURFACE('',(#4878),#4874,.T.);
#4874=PLANE('',#4875);
#4875=AXIS2_PLACEMENT_3D('',#372,#4876,#4877);
#4876=DIRECTION('',(-1.875862710825191E-08,-0.7660425131318975,0.6427899097485633));
#4877=DIRECTION('',(-0.999926502918046,-0.007793101204437801,-0.009287428907094006));
#4878=FACE_BOUND('',#4879,.T.);
#4879=EDGE_LOOP('',(#4880,#4881,#4882));
#4880=ORIENTED_EDGE('',*,*,#4883,.T.);
#4881=ORIENTED_EDGE('',*,*,#4884,.T.);
#4882=ORIENTED_EDGE('',*,*,#4885,.T.);
#4883=EDGE_CURVE('',#373,#375,#4886,.F.);
#4884=EDGE_CURVE('',#375,#377,#4887,.T.);
#4885=EDGE_CURVE('',#377,#373,#4888,.T.);
#4886=LINE('',#372,#4889);
#4887=LINE('',#374,#4890);
#4888=LINE('',#376,#4891);
#4889=VECTOR('',#4892,1.0);
#4890=VECTOR('',#4893,1.0);
#4891=VECTOR('',#4894,1.0);
#4892=DIRECTION('',(-0.999926502918046,-0.007793101204437801,-0.009287428907094006));
#4893=DIRECTION('',(0.9999997644863708,0.0004411414828567693,0.0005257579244347762));
#4894=DIRECTION('',(-0.09527687887978695,0.6398657380824581,0.7625576395126585));
#4895=FACE_SURFACE('',(#4900),#4896,.T.);
#4896=PLANE('',#4897);
#4897=AXIS2_PLACEMENT_3D('',#376,#4898,#4899);
#4898=DIRECTION('',(-1.7574699253819183E-08,-0.7660436219766509,0.6427885882845881));
#4899=DIRECTION('',(-0.9999997644863708,-0.0004411414828567693,-0.0005257579244347762));
#4900=FACE_BOUND('',#4901,.T.);
#4901=EDGE_LOOP('',(#4902,#4903,#4904));
#4902=ORIENTED_EDGE('',*,*,#4905,.T.);
#4903=ORIENTED_EDGE('',*,*,#4906,.T.);
#4904=ORIENTED_EDGE('',*,*,#4907,.T.);
#4905=EDGE_CURVE('',#377,#375,#4908,.F.);
#4906=EDGE_CURVE('',#375,#289,#4909,.T.);
#4907=EDGE_CURVE('',#289,#377,#4910,.T.);
#4908=LINE('',#376,#4911);
#4909=LINE('',#374,#4912);
#4910=LINE('',#288,#4913);
#4911=VECTOR('',#4914,1.0);
#4912=VECTOR('',#4915,1.0);
#4913=VECTOR('',#4916,1.0);
#4914=DIRECTION('',(-0.9999997644863708,-0.0004411414828567693,-0.0005257579244347762));
#4915=DIRECTION('',(-0.15317797801424163,-0.6352027920375706,-0.7570032496886281));
#4916=DIRECTION('',(0.9999377037508845,0.007174745924676308,0.008550534388255647));
#4917=FACE_SURFACE('',(#4922),#4918,.T.);
#4918=PLANE('',#4919);
#4919=AXIS2_PLACEMENT_3D('',#376,#4920,#4921);
#4920=DIRECTION('',(0,-0.7660446339973924,0.6427873822064347));
#4921=DIRECTION('',(-0.9999377037508845,-0.007174745924676308,-0.008550534388255647));
#4922=FACE_BOUND('',#4923,.T.);
#4923=EDGE_LOOP('',(#4924,#4925,#4926));
#4924=ORIENTED_EDGE('',*,*,#4927,.T.);
#4925=ORIENTED_EDGE('',*,*,#4928,.T.);
#4926=ORIENTED_EDGE('',*,*,#4929,.T.);
#4927=EDGE_CURVE('',#377,#289,#4930,.F.);
#4928=EDGE_CURVE('',#289,#379,#4931,.T.);
#4929=EDGE_CURVE('',#379,#377,#4932,.T.);
#4930=LINE('',#376,#4933);
#4931=LINE('',#288,#4934);
#4932=LINE('',#378,#4935);
#4933=VECTOR('',#4936,1.0);
#4934=VECTOR('',#4937,1.0);
#4935=VECTOR('',#4938,1.0);
#4936=DIRECTION('',(-0.9999377037508845,-0.007174745924676308,-0.008550534388255647));
#4937=DIRECTION('',(1,0,0));
#4938=DIRECTION('',(-0.18517957858453044,0.6316701803760981,0.7527956607864337));
#4939=FACE_SURFACE('',(#4944),#4940,.T.);
#4940=PLANE('',#4941);
#4941=AXIS2_PLACEMENT_3D('',#378,#4942,#4943);
#4942=DIRECTION('',(0,-0.7660445379746958,0.6427874966418797));
#4943=DIRECTION('',(-1,0,0));
#4944=FACE_BOUND('',#4945,.T.);
#4945=EDGE_LOOP('',(#4946,#4947,#4948));
#4946=ORIENTED_EDGE('',*,*,#4949,.T.);
#4947=ORIENTED_EDGE('',*,*,#4950,.T.);
#4948=ORIENTED_EDGE('',*,*,#4951,.T.);
#4949=EDGE_CURVE('',#379,#289,#4952,.F.);
#4950=EDGE_CURVE('',#289,#293,#4953,.T.);
#4951=EDGE_CURVE('',#293,#379,#4954,.T.);
#4952=LINE('',#378,#4955);
#4953=LINE('',#288,#4956);
#4954=LINE('',#292,#4957);
#4955=VECTOR('',#4958,1.0);
#4956=VECTOR('',#4959,1.0);
#4957=VECTOR('',#4960,1.0);
#4958=DIRECTION('',(-1,0,0));
#4959=DIRECTION('',(-0.8555003351710347,-0.33283681601610354,-0.3966595901103483));
#4960=DIRECTION('',(0.9923177911155046,0.0795224556942774,0.09477120066769974));
#4961=FACE_SURFACE('',(#4966),#4962,.T.);
#4962=PLANE('',#4963);
#4963=AXIS2_PLACEMENT_3D('',#378,#4964,#4965);
#4964=DIRECTION('',(0,-0.7660445379746958,0.6427874966418797));
#4965=DIRECTION('',(-0.9923177911155046,-0.0795224556942774,-0.09477120066769974));
#4966=FACE_BOUND('',#4967,.T.);
#4967=EDGE_LOOP('',(#4968,#4969,#4970));
#4968=ORIENTED_EDGE('',*,*,#4971,.T.);
#4969=ORIENTED_EDGE('',*,*,#4972,.T.);
#4970=ORIENTED_EDGE('',*,*,#4973,.T.);
#4971=EDGE_CURVE('',#379,#293,#4974,.F.);
#4972=EDGE_CURVE('',#293,#283,#4975,.T.);
#4973=EDGE_CURVE('',#283,#379,#4976,.T.);
#4974=LINE('',#378,#4977);
#4975=LINE('',#292,#4978);
#4976=LINE('',#282,#4979);
#4977=VECTOR('',#4980,1.0);
#4978=VECTOR('',#4981,1.0);
#4979=VECTOR('',#4982,1.0);
#4980=DIRECTION('',(-0.9923177911155046,-0.0795224556942774,-0.09477120066769974));
#4981=DIRECTION('',(1,0,0));
#4982=DIRECTION('',(-0.857796935354939,0.3303855310151705,0.39373826152851643));
#4983=FACE_SURFACE('',(#4988),#4984,.T.);
#4984=PLANE('',#4985);
#4985=AXIS2_PLACEMENT_3D('',#268,#4986,#4987);
#4986=DIRECTION('',(0,-0.766044452353254,0.6427875986815575));
#4987=DIRECTION('',(0.6320109931265162,-0.4981343054539282,-0.5936533654390981));
#4988=FACE_BOUND('',#4989,.T.);
#4989=EDGE_LOOP('',(#4990,#4991,#4992));
#4990=ORIENTED_EDGE('',*,*,#4993,.T.);
#4991=ORIENTED_EDGE('',*,*,#4994,.T.);
#4992=ORIENTED_EDGE('',*,*,#4995,.T.);
#4993=EDGE_CURVE('',#269,#337,#4996,.F.);
#4994=EDGE_CURVE('',#337,#273,#4997,.T.);
#4995=EDGE_CURVE('',#273,#269,#4998,.T.);
#4996=LINE('',#268,#4999);
#4997=LINE('',#336,#5000);
#4998=LINE('',#272,#5001);
#4999=VECTOR('',#5002,1.0);
#5000=VECTOR('',#5003,1.0);
#5001=VECTOR('',#5004,1.0);
#5002=DIRECTION('',(0.6320109931265162,-0.4981343054539282,-0.5936533654390981));
#5003=DIRECTION('',(0.14494939614604377,0.6359991636243245,0.7579543102496725));
#5004=DIRECTION('',(-1,0,0));
#5005=FACE_SURFACE('',(#5010),#5006,.T.);
#5006=PLANE('',#5007);
#5007=AXIS2_PLACEMENT_3D('',#272,#5008,#5009);
#5008=DIRECTION('',(1.0104193828888657E-06,-0.7660445475001644,0.6427874852890709));
#5009=DIRECTION('',(-0.14494939614604377,-0.6359991636243245,-0.7579543102496725));
#5010=FACE_BOUND('',#5011,.T.);
#5011=EDGE_LOOP('',(#5012,#5013,#5014));
#5012=ORIENTED_EDGE('',*,*,#5015,.T.);
#5013=ORIENTED_EDGE('',*,*,#5016,.T.);
#5014=ORIENTED_EDGE('',*,*,#5017,.T.);
#5015=EDGE_CURVE('',#273,#337,#5018,.F.);
#5016=EDGE_CURVE('',#337,#381,#5019,.T.);
#5017=EDGE_CURVE('',#381,#273,#5020,.T.);
#5018=LINE('',#272,#5021);
#5019=LINE('',#336,#5022);
#5020=LINE('',#380,#5023);
#5021=VECTOR('',#5024,1.0);
#5022=VECTOR('',#5025,1.0);
#5023=VECTOR('',#5026,1.0);
#5024=DIRECTION('',(-0.14494939614604377,-0.6359991636243245,-0.7579543102496725));
#5025=DIRECTION('',(0.7969379936747927,0.3882835438286646,0.46273720817484487));
#5026=DIRECTION('',(0.14079281706376945,0.6363848404369419,0.7584139486621378));
#5027=FACE_SURFACE('',(#5032),#5028,.T.);
#5028=PLANE('',#5029);
#5029=AXIS2_PLACEMENT_3D('',#272,#5030,#5031);
#5030=DIRECTION('',(3.512366684520771E-06,-0.7660447761997662,0.6427872127265085));
#5031=DIRECTION('',(-0.14079281706376945,-0.6363848404369419,-0.7584139486621378));
#5032=FACE_BOUND('',#5033,.T.);
#5033=EDGE_LOOP('',(#5034,#5035,#5036));
#5034=ORIENTED_EDGE('',*,*,#5037,.T.);
#5035=ORIENTED_EDGE('',*,*,#5038,.T.);
#5036=ORIENTED_EDGE('',*,*,#5039,.T.);
#5037=EDGE_CURVE('',#273,#381,#5040,.F.);
#5038=EDGE_CURVE('',#381,#383,#5041,.T.);
#5039=EDGE_CURVE('',#383,#273,#5042,.T.);
#5040=LINE('',#272,#5043);
#5041=LINE('',#380,#5044);
#5042=LINE('',#382,#5045);
#5043=VECTOR('',#5046,1.0);
#5044=VECTOR('',#5047,1.0);
#5045=VECTOR('',#5048,1.0);
#5046=DIRECTION('',(-0.14079281706376945,-0.6363848404369419,-0.7584139486621378));
#5047=DIRECTION('',(0.8702461418855171,0.31665034372511525,0.3773648265964104));
#5048=DIRECTION('',(0.13620972452811497,0.6367968181462418,0.7589049501372338));
#5049=FACE_SURFACE('',(#5054),#5050,.T.);
#5050=PLANE('',#5051);
#5051=AXIS2_PLACEMENT_3D('',#382,#5052,#5053);
#5052=DIRECTION('',(-6.261221892850524E-06,-0.7660439124230125,0.6427882421143382));
#5053=DIRECTION('',(0.9307825833481614,0.23498170599327403,0.28004888927509314));
#5054=FACE_BOUND('',#5055,.T.);
#5055=EDGE_LOOP('',(#5056,#5057,#5058));
#5056=ORIENTED_EDGE('',*,*,#5059,.T.);
#5057=ORIENTED_EDGE('',*,*,#5060,.T.);
#5058=ORIENTED_EDGE('',*,*,#5061,.T.);
#5059=EDGE_CURVE('',#383,#385,#5062,.F.);
#5060=EDGE_CURVE('',#385,#273,#5063,.T.);
#5061=EDGE_CURVE('',#273,#383,#5064,.T.);
#5062=LINE('',#382,#5065);
#5063=LINE('',#384,#5066);
#5064=LINE('',#272,#5067);
#5065=VECTOR('',#5068,1.0);
#5066=VECTOR('',#5069,1.0);
#5067=VECTOR('',#5070,1.0);
#5068=DIRECTION('',(0.9307825833481614,0.23498170599327403,0.28004888927509314));
#5069=DIRECTION('',(0.13126812212044153,0.6372255028669775,0.7594157877019022));
#5070=DIRECTION('',(-0.13620972452811497,-0.6367968181462418,-0.7589049501372338));
#5071=FACE_SURFACE('',(#5076),#5072,.T.);
#5072=PLANE('',#5073);
#5073=AXIS2_PLACEMENT_3D('',#272,#5074,#5075);
#5074=DIRECTION('',(6.5318701963937585E-06,-0.7660450012931855,0.642786944446648));
#5075=DIRECTION('',(-0.13126812212044153,-0.6372255028669775,-0.7594157877019022));
#5076=FACE_BOUND('',#5077,.T.);
#5077=EDGE_LOOP('',(#5078,#5079,#5080));
#5078=ORIENTED_EDGE('',*,*,#5081,.T.);
#5079=ORIENTED_EDGE('',*,*,#5082,.T.);
#5080=ORIENTED_EDGE('',*,*,#5083,.T.);
#5081=EDGE_CURVE('',#273,#385,#5084,.F.);
#5082=EDGE_CURVE('',#385,#387,#5085,.T.);
#5083=EDGE_CURVE('',#387,#273,#5086,.T.);
#5084=LINE('',#272,#5087);
#5085=LINE('',#384,#5088);
#5086=LINE('',#386,#5089);
#5087=VECTOR('',#5090,1.0);
#5088=VECTOR('',#5091,1.0);
#5089=VECTOR('',#5092,1.0);
#5090=DIRECTION('',(-0.13126812212044153,-0.6372255028669775,-0.7594157877019022));
#5091=DIRECTION('',(0.9742802420454791,0.14485033434884137,0.172616310349953));
#5092=DIRECTION('',(0.12604398812535303,0.6376611265089536,0.7599349977444044));
#5093=FACE_SURFACE('',(#5098),#5094,.T.);
#5094=PLANE('',#5095);
#5095=AXIS2_PLACEMENT_3D('',#272,#5096,#5097);
#5096=DIRECTION('',(-2.9973177074939333E-06,-0.7660442230492893,0.6427878719483021));
#5097=DIRECTION('',(-0.12604398812535303,-0.6376611265089536,-0.7599349977444044));
#5098=FACE_BOUND('',#5099,.T.);
#5099=EDGE_LOOP('',(#5100,#5101,#5102));
#5100=ORIENTED_EDGE('',*,*,#5103,.T.);
#5101=ORIENTED_EDGE('',*,*,#5104,.T.);
#5102=ORIENTED_EDGE('',*,*,#5105,.T.);
#5103=EDGE_CURVE('',#273,#387,#5106,.F.);
#5104=EDGE_CURVE('',#387,#389,#5107,.T.);
#5105=EDGE_CURVE('',#389,#273,#5108,.T.);
#5106=LINE('',#272,#5109);
#5107=LINE('',#386,#5110);
#5108=LINE('',#388,#5111);
#5109=VECTOR('',#5112,1.0);
#5110=VECTOR('',#5113,1.0);
#5111=VECTOR('',#5114,1.0);
#5112=DIRECTION('',(-0.12604398812535303,-0.6376611265089536,-0.7599349977444044));
#5113=DIRECTION('',(0.9970950954110259,0.04895676062666651,0.058349004243606575));
#5114=DIRECTION('',(0.1206198613548882,0.6380944532562155,0.7604513908004765));
#5115=FACE_SURFACE('',(#5120),#5116,.T.);
#5116=PLANE('',#5117);
#5117=AXIS2_PLACEMENT_3D('',#388,#5118,#5119);
#5118=DIRECTION('',(2.942188668451827E-06,-0.7660446869438693,0.6427873191005037));
#5119=DIRECTION('',(0.9970950954110259,-0.04895676062666651,-0.058349004243606575));
#5120=FACE_BOUND('',#5121,.T.);
#5121=EDGE_LOOP('',(#5122,#5123,#5124));
#5122=ORIENTED_EDGE('',*,*,#5125,.T.);
#5123=ORIENTED_EDGE('',*,*,#5126,.T.);
#5124=ORIENTED_EDGE('',*,*,#5127,.T.);
#5125=EDGE_CURVE('',#389,#391,#5128,.F.);
#5126=EDGE_CURVE('',#391,#273,#5129,.T.);
#5127=EDGE_CURVE('',#273,#389,#5130,.T.);
#5128=LINE('',#388,#5131);
#5129=LINE('',#390,#5132);
#5130=LINE('',#272,#5133);
#5131=VECTOR('',#5134,1.0);
#5132=VECTOR('',#5135,1.0);
#5133=VECTOR('',#5136,1.0);
#5134=DIRECTION('',(0.9970950954110259,-0.04895676062666651,-0.058349004243606575));
#5135=DIRECTION('',(0.11508297223366082,0.6385168240733117,0.7609547784705725));
#5136=DIRECTION('',(-0.1206198613548882,-0.6380944532562155,-0.7604513908004765));
#5137=FACE_SURFACE('',(#5142),#5138,.T.);
#5138=PLANE('',#5139);
#5139=AXIS2_PLACEMENT_3D('',#272,#5140,#5141);
#5140=DIRECTION('',(-6.174471457132794E-06,-0.7660440080267498,0.6427881281792539));
#5141=DIRECTION('',(-0.11508297223366082,-0.6385168240733117,-0.7609547784705725));
#5142=FACE_BOUND('',#5143,.T.);
#5143=EDGE_LOOP('',(#5144,#5145,#5146));
#5144=ORIENTED_EDGE('',*,*,#5147,.T.);
#5145=ORIENTED_EDGE('',*,*,#5148,.T.);
#5146=ORIENTED_EDGE('',*,*,#5149,.T.);
#5147=EDGE_CURVE('',#273,#391,#5150,.F.);
#5148=EDGE_CURVE('',#391,#393,#5151,.T.);
#5149=EDGE_CURVE('',#393,#273,#5152,.T.);
#5150=LINE('',#272,#5153);
#5151=LINE('',#390,#5154);
#5152=LINE('',#392,#5155);
#5153=VECTOR('',#5156,1.0);
#5154=VECTOR('',#5157,1.0);
#5155=VECTOR('',#5158,1.0);
#5156=DIRECTION('',(-0.11508297223366082,-0.6385168240733117,-0.7609547784705725));
#5157=DIRECTION('',(0.9742802420454791,-0.14485033434884137,-0.172616310349953));
#5158=DIRECTION('',(0.10952320231574945,0.6389207506531749,0.7614361053557198));
#5159=FACE_SURFACE('',(#5164),#5160,.T.);
#5160=PLANE('',#5161);
#5161=AXIS2_PLACEMENT_3D('',#272,#5162,#5163);
#5162=DIRECTION('',(5.689355773273705E-06,-0.7660448482991463,0.6427871267861307));
#5163=DIRECTION('',(-0.10952320231574945,-0.6389207506531749,-0.7614361053557198));
#5164=FACE_BOUND('',#5165,.T.);
#5165=EDGE_LOOP('',(#5166,#5167,#5168));
#5166=ORIENTED_EDGE('',*,*,#5169,.T.);
#5167=ORIENTED_EDGE('',*,*,#5170,.T.);
#5168=ORIENTED_EDGE('',*,*,#5171,.T.);
#5169=EDGE_CURVE('',#273,#393,#5172,.F.);
#5170=EDGE_CURVE('',#393,#395,#5173,.T.);
#5171=EDGE_CURVE('',#395,#273,#5174,.T.);
#5172=LINE('',#272,#5175);
#5173=LINE('',#392,#5176);
#5174=LINE('',#394,#5177);
#5175=VECTOR('',#5178,1.0);
#5176=VECTOR('',#5179,1.0);
#5177=VECTOR('',#5180,1.0);
#5178=DIRECTION('',(-0.10952320231574945,-0.6389207506531749,-0.7614361053557198));
#5179=DIRECTION('',(0.9307831195763578,-0.23498082841851306,-0.2800478433901123));
#5180=DIRECTION('',(0.10403094646270541,0.6392998562491782,0.7618879550024752));
#5181=FACE_SURFACE('',(#5186),#5182,.T.);
#5182=PLANE('',#5183);
#5183=AXIS2_PLACEMENT_3D('',#394,#5184,#5185);
#5184=DIRECTION('',(-3.0579554179271074E-06,-0.7660442601859893,0.6427878276902491));
#5185=DIRECTION('',(0.8702451916882258,-0.3166514227111752,-0.37736611246707336));
#5186=FACE_BOUND('',#5187,.T.);
#5187=EDGE_LOOP('',(#5188,#5189,#5190));
#5188=ORIENTED_EDGE('',*,*,#5191,.T.);
#5189=ORIENTED_EDGE('',*,*,#5192,.T.);
#5190=ORIENTED_EDGE('',*,*,#5193,.T.);
#5191=EDGE_CURVE('',#395,#397,#5194,.F.);
#5192=EDGE_CURVE('',#397,#273,#5195,.T.);
#5193=EDGE_CURVE('',#273,#395,#5196,.T.);
#5194=LINE('',#394,#5197);
#5195=LINE('',#396,#5198);
#5196=LINE('',#272,#5199);
#5197=VECTOR('',#5200,1.0);
#5198=VECTOR('',#5201,1.0);
#5199=VECTOR('',#5202,1.0);
#5200=DIRECTION('',(0.8702451916882258,-0.3166514227111752,-0.37736611246707336));
#5201=DIRECTION('',(0.09869493328510118,0.6396493371570223,0.7623044245040371));
#5202=DIRECTION('',(-0.10403094646270541,-0.6392998562491782,-0.7618879550024752));
#5203=FACE_SURFACE('',(#5208),#5204,.T.);
#5204=PLANE('',#5205);
#5205=AXIS2_PLACEMENT_3D('',#272,#5206,#5207);
#5206=DIRECTION('',(-8.384684181582686E-07,-0.7660444016841355,0.6427876590661118));
#5207=DIRECTION('',(-0.09869493328510118,-0.6396493371570223,-0.7623044245040371));
#5208=FACE_BOUND('',#5209,.T.);
#5209=EDGE_LOOP('',(#5210,#5211,#5212));
#5210=ORIENTED_EDGE('',*,*,#5213,.T.);
#5211=ORIENTED_EDGE('',*,*,#5214,.T.);
#5212=ORIENTED_EDGE('',*,*,#5215,.T.);
#5213=EDGE_CURVE('',#273,#397,#5216,.F.);
#5214=EDGE_CURVE('',#397,#399,#5217,.T.);
#5215=EDGE_CURVE('',#399,#273,#5218,.T.);
#5216=LINE('',#272,#5219);
#5217=LINE('',#396,#5220);
#5218=LINE('',#398,#5221);
#5219=VECTOR('',#5222,1.0);
#5220=VECTOR('',#5223,1.0);
#5221=VECTOR('',#5224,1.0);
#5222=DIRECTION('',(-0.09869493328510118,-0.6396493371570223,-0.7623044245040371));
#5223=DIRECTION('',(0.7969393817425271,-0.38828236670132005,-0.46273580533243824));
#5224=DIRECTION('',(0.09360003712536934,0.6399656839554276,0.7626814252422772));
#5225=FACE_SURFACE('',(#5230),#5226,.T.);
#5226=PLANE('',#5227);
#5227=AXIS2_PLACEMENT_3D('',#272,#5228,#5229);
#5228=DIRECTION('',(-5.012529123902777E-07,-0.7660444220623236,0.6427876347806866));
#5229=DIRECTION('',(-0.09360003712536934,-0.6399656839554276,-0.7626814252422772));
#5230=FACE_BOUND('',#5231,.T.);
#5231=EDGE_LOOP('',(#5232,#5233,#5234));
#5232=ORIENTED_EDGE('',*,*,#5235,.T.);
#5233=ORIENTED_EDGE('',*,*,#5236,.T.);
#5234=ORIENTED_EDGE('',*,*,#5237,.T.);
#5235=EDGE_CURVE('',#273,#399,#5238,.F.);
#5236=EDGE_CURVE('',#399,#401,#5239,.T.);
#5237=EDGE_CURVE('',#401,#273,#5240,.T.);
#5238=LINE('',#272,#5241);
#5239=LINE('',#398,#5242);
#5240=LINE('',#400,#5243);
#5241=VECTOR('',#5244,1.0);
#5242=VECTOR('',#5245,1.0);
#5243=VECTOR('',#5246,1.0);
#5244=DIRECTION('',(-0.09360003712536934,-0.6399656839554276,-0.7626814252422772));
#5245=DIRECTION('',(0.7149409072444156,-0.44942767106799325,-0.5356064484553296));
#5246=DIRECTION('',(0.08882550054031221,0.6402467915904584,0.7630164325307071));
#5247=FACE_SURFACE('',(#5252),#5248,.T.);
#5248=PLANE('',#5249);
#5249=AXIS2_PLACEMENT_3D('',#400,#5250,#5251);
#5250=DIRECTION('',(-4.423111486491742E-06,-0.7660441972440721,0.6427879026935099));
#5251=DIRECTION('',(0.6276257494633148,-0.5004222800255868,-0.5963752679853564));
#5252=FACE_BOUND('',#5253,.T.);
#5253=EDGE_LOOP('',(#5254,#5255,#5256));
#5254=ORIENTED_EDGE('',*,*,#5257,.T.);
#5255=ORIENTED_EDGE('',*,*,#5258,.T.);
#5256=ORIENTED_EDGE('',*,*,#5259,.T.);
#5257=EDGE_CURVE('',#401,#403,#5260,.F.);
#5258=EDGE_CURVE('',#403,#273,#5261,.T.);
#5259=EDGE_CURVE('',#273,#401,#5262,.T.);
#5260=LINE('',#400,#5263);
#5261=LINE('',#402,#5264);
#5262=LINE('',#272,#5265);
#5263=VECTOR('',#5266,1.0);
#5264=VECTOR('',#5267,1.0);
#5265=VECTOR('',#5268,1.0);
#5266=DIRECTION('',(0.6276257494633148,-0.5004222800255868,-0.5963752679853564));
#5267=DIRECTION('',(0.08444320119332555,0.6404917673942119,0.7633083529429389));
#5268=DIRECTION('',(-0.08882550054031221,-0.6402467915904584,-0.7630164325307071));
#5269=FACE_SURFACE('',(#5274),#5270,.T.);
#5270=PLANE('',#5271);
#5271=AXIS2_PLACEMENT_3D('',#272,#5272,#5273);
#5272=DIRECTION('',(1.8456041716438526E-06,-0.7660445387298626,0.6427874957392575));
#5273=DIRECTION('',(-0.08444320119332555,-0.6404917673942119,-0.7633083529429389));
#5274=FACE_BOUND('',#5275,.T.);
#5275=EDGE_LOOP('',(#5276,#5277,#5278));
#5276=ORIENTED_EDGE('',*,*,#5279,.T.);
#5277=ORIENTED_EDGE('',*,*,#5280,.T.);
#5278=ORIENTED_EDGE('',*,*,#5281,.T.);
#5279=EDGE_CURVE('',#273,#403,#5282,.F.);
#5280=EDGE_CURVE('',#403,#405,#5283,.T.);
#5281=EDGE_CURVE('',#405,#273,#5284,.T.);
#5282=LINE('',#272,#5285);
#5283=LINE('',#402,#5286);
#5284=LINE('',#404,#5287);
#5285=VECTOR('',#5288,1.0);
#5286=VECTOR('',#5289,1.0);
#5287=VECTOR('',#5290,1.0);
#5288=DIRECTION('',(-0.08444320119332555,-0.6404917673942119,-0.7633083529429389));
#5289=DIRECTION('',(0.5375254635411884,-0.5420282002059391,-0.6459657933871894));
#5290=DIRECTION('',(0.08051622319530717,0.6407006703622875,0.7635573251561922));
#5291=FACE_SURFACE('',(#5296),#5292,.T.);
#5292=PLANE('',#5293);
#5293=AXIS2_PLACEMENT_3D('',#272,#5294,#5295);
#5294=DIRECTION('',(3.24630094884147E-06,-0.7660446114560665,0.6427874090619584));
#5295=DIRECTION('',(-0.08051622319530717,-0.6407006703622875,-0.7635573251561922));
#5296=FACE_BOUND('',#5297,.T.);
#5297=EDGE_LOOP('',(#5298,#5299,#5300));
#5298=ORIENTED_EDGE('',*,*,#5301,.T.);
#5299=ORIENTED_EDGE('',*,*,#5302,.T.);
#5300=ORIENTED_EDGE('',*,*,#5303,.T.);
#5301=EDGE_CURVE('',#273,#405,#5304,.F.);
#5302=EDGE_CURVE('',#405,#407,#5305,.T.);
#5303=EDGE_CURVE('',#407,#273,#5306,.T.);
#5304=LINE('',#272,#5307);
#5305=LINE('',#404,#5308);
#5306=LINE('',#406,#5309);
#5307=VECTOR('',#5310,1.0);
#5308=VECTOR('',#5311,1.0);
#5309=VECTOR('',#5312,1.0);
#5310=DIRECTION('',(-0.08051622319530717,-0.6407006703622875,-0.7635573251561922));
#5311=DIRECTION('',(0.4463082185930642,-0.5752160412587081,-0.685518402302189));
#5312=DIRECTION('',(0.07709810519815896,0.6408743513631536,0.7637643274857178));
#5313=FACE_SURFACE('',(#5318),#5314,.T.);
#5314=PLANE('',#5315);
#5315=AXIS2_PLACEMENT_3D('',#272,#5316,#5317);
#5316=DIRECTION('',(9.324597536770866E-08,-0.7660444547354629,0.6427875958425446));
#5317=DIRECTION('',(-0.07709810519815896,-0.6408743513631536,-0.7637643274857178));
#5318=FACE_BOUND('',#5319,.T.);
#5319=EDGE_LOOP('',(#5320,#5321,#5322));
#5320=ORIENTED_EDGE('',*,*,#5323,.T.);
#5321=ORIENTED_EDGE('',*,*,#5324,.T.);
#5322=ORIENTED_EDGE('',*,*,#5325,.T.);
#5323=EDGE_CURVE('',#273,#407,#5326,.F.);
#5324=EDGE_CURVE('',#407,#283,#5327,.T.);
#5325=EDGE_CURVE('',#283,#273,#5328,.T.);
#5326=LINE('',#272,#5329);
#5327=LINE('',#406,#5330);
#5328=LINE('',#282,#5331);
#5329=VECTOR('',#5332,1.0);
#5330=VECTOR('',#5333,1.0);
#5331=VECTOR('',#5334,1.0);
#5332=DIRECTION('',(-0.07709810519815896,-0.6408743513631536,-0.7637643274857178));
#5333=DIRECTION('',(0.469727323389742,-0.5674602834747154,-0.6762729244468569));
#5334=DIRECTION('',(0,0.6427875958425474,0.7660444547354662));
#5335=FACE_SURFACE('',(#5340),#5336,.T.);
#5336=PLANE('',#5337);
#5337=AXIS2_PLACEMENT_3D('',#282,#5338,#5339);
#5338=DIRECTION('',(8.602430800023951E-06,-0.7660415444294306,0.6427910641368398));
#5339=DIRECTION('',(-0.469727323389742,0.5674602834747154,0.6762729244468569));
#5340=FACE_BOUND('',#5341,.T.);
#5341=EDGE_LOOP('',(#5342,#5343,#5344));
#5342=ORIENTED_EDGE('',*,*,#5345,.T.);
#5343=ORIENTED_EDGE('',*,*,#5346,.T.);
#5344=ORIENTED_EDGE('',*,*,#5347,.T.);
#5345=EDGE_CURVE('',#283,#407,#5348,.F.);
#5346=EDGE_CURVE('',#407,#409,#5349,.T.);
#5347=EDGE_CURVE('',#409,#283,#5350,.T.);
#5348=LINE('',#282,#5351);
#5349=LINE('',#406,#5352);
#5350=LINE('',#408,#5353);
#5351=VECTOR('',#5354,1.0);
#5352=VECTOR('',#5355,1.0);
#5353=VECTOR('',#5356,1.0);
#5354=DIRECTION('',(-0.469727323389742,0.5674602834747154,0.6762729244468569));
#5355=DIRECTION('',(0.35501066928625846,-0.600918760449021,-0.7161452841660937));
#5356=DIRECTION('',(0.47450706520891933,-0.5658147962946344,-0.674311991114558));
#5357=FACE_SURFACE('',(#5362),#5358,.T.);
#5358=PLANE('',#5359);
#5359=AXIS2_PLACEMENT_3D('',#282,#5360,#5361);
#5360=DIRECTION('',(-3.1389850207678153E-06,-0.766045612861773,0.6427862156311206));
#5361=DIRECTION('',(-0.47450706520891933,0.5658147962946344,0.674311991114558));
#5362=FACE_BOUND('',#5363,.T.);
#5363=EDGE_LOOP('',(#5364,#5365,#5366));
#5364=ORIENTED_EDGE('',*,*,#5367,.T.);
#5365=ORIENTED_EDGE('',*,*,#5368,.T.);
#5366=ORIENTED_EDGE('',*,*,#5369,.T.);
#5367=EDGE_CURVE('',#283,#409,#5370,.F.);
#5368=EDGE_CURVE('',#409,#411,#5371,.T.);
#5369=EDGE_CURVE('',#411,#283,#5372,.T.);
#5370=LINE('',#282,#5373);
#5371=LINE('',#408,#5374);
#5372=LINE('',#410,#5375);
#5373=VECTOR('',#5376,1.0);
#5374=VECTOR('',#5377,1.0);
#5375=VECTOR('',#5378,1.0);
#5376=DIRECTION('',(-0.47450706520891933,0.5658147962946344,0.674311991114558));
#5377=DIRECTION('',(0.2641147671102135,-0.6199623218454573,-0.7388437651400378));
#5378=DIRECTION('',(0.4835786991723821,-0.5626325071161433,-0.6705194282367587));
#5379=FACE_SURFACE('',(#5384),#5380,.T.);
#5380=PLANE('',#5381);
#5381=AXIS2_PLACEMENT_3D('',#410,#5382,#5383);
#5382=DIRECTION('',(-3.552125966280635E-06,-0.7660457595757181,0.6427860407814125));
#5383=DIRECTION('',(0.1737792155924922,-0.6330062916775142,-0.7543896996411998));
#5384=FACE_BOUND('',#5385,.T.);
#5385=EDGE_LOOP('',(#5386,#5387,#5388));
#5386=ORIENTED_EDGE('',*,*,#5389,.T.);
#5387=ORIENTED_EDGE('',*,*,#5390,.T.);
#5388=ORIENTED_EDGE('',*,*,#5391,.T.);
#5389=EDGE_CURVE('',#411,#413,#5392,.F.);
#5390=EDGE_CURVE('',#413,#283,#5393,.T.);
#5391=EDGE_CURVE('',#283,#411,#5394,.T.);
#5392=LINE('',#410,#5395);
#5393=LINE('',#412,#5396);
#5394=LINE('',#282,#5397);
#5395=VECTOR('',#5398,1.0);
#5396=VECTOR('',#5399,1.0);
#5397=VECTOR('',#5400,1.0);
#5398=DIRECTION('',(0.1737792155924922,-0.6330062916775142,-0.7543896996411998));
#5399=DIRECTION('',(0.4973212737099663,-0.5576609588250839,-0.6645944671134306));
#5400=DIRECTION('',(-0.4835786991723821,0.5626325071161433,0.6705194282367587));
#5401=FACE_SURFACE('',(#5406),#5402,.T.);
#5402=PLANE('',#5403);
#5403=AXIS2_PLACEMENT_3D('',#282,#5404,#5405);
#5404=DIRECTION('',(2.4512557177973815E-06,-0.7660435475148503,0.6427886770197923));
#5405=DIRECTION('',(-0.4973212737099663,0.5576609588250839,0.6645944671134306));
#5406=FACE_BOUND('',#5407,.T.);
#5407=EDGE_LOOP('',(#5408,#5409,#5410));
#5408=ORIENTED_EDGE('',*,*,#5411,.T.);
#5409=ORIENTED_EDGE('',*,*,#5412,.T.);
#5410=ORIENTED_EDGE('',*,*,#5413,.T.);
#5411=EDGE_CURVE('',#283,#413,#5414,.F.);
#5412=EDGE_CURVE('',#413,#415,#5415,.T.);
#5413=EDGE_CURVE('',#415,#283,#5416,.T.);
#5414=LINE('',#282,#5417);
#5415=LINE('',#412,#5418);
#5416=LINE('',#414,#5419);
#5417=VECTOR('',#5420,1.0);
#5418=VECTOR('',#5421,1.0);
#5419=VECTOR('',#5422,1.0);
#5420=DIRECTION('',(-0.4973212737099663,0.5576609588250839,0.6645944671134306));
#5421=DIRECTION('',(0.08393014517281264,-0.6405205300176569,-0.7633408028902756));
#5422=DIRECTION('',(0.5160249614935695,-0.550594807207144,-0.6561734506912696));
#5423=FACE_SURFACE('',(#5428),#5424,.T.);
#5424=PLANE('',#5425);
#5425=AXIS2_PLACEMENT_3D('',#282,#5426,#5427);
#5426=DIRECTION('',(-3.253172957838448E-06,-0.7660457564613171,0.6427860444946089));
#5427=DIRECTION('',(-0.5160249614935695,0.550594807207144,0.6561734506912696));
#5428=FACE_BOUND('',#5429,.T.);
#5429=EDGE_LOOP('',(#5430,#5431,#5432));
#5430=ORIENTED_EDGE('',*,*,#5433,.T.);
#5431=ORIENTED_EDGE('',*,*,#5434,.T.);
#5432=ORIENTED_EDGE('',*,*,#5435,.T.);
#5433=EDGE_CURVE('',#283,#415,#5436,.F.);
#5434=EDGE_CURVE('',#415,#417,#5437,.T.);
#5435=EDGE_CURVE('',#417,#283,#5438,.T.);
#5436=LINE('',#282,#5439);
#5437=LINE('',#414,#5440);
#5438=LINE('',#416,#5441);
#5439=VECTOR('',#5442,1.0);
#5440=VECTOR('',#5443,1.0);
#5441=VECTOR('',#5444,1.0);
#5442=DIRECTION('',(-0.5160249614935695,0.550594807207144,0.6561734506912696));
#5443=DIRECTION('',(-0.005666732615885435,-0.6427757097659424,-0.7660334686398167));
#5444=DIRECTION('',(0.5398188186645758,-0.5410865738988273,-0.6448418120454121));
#5445=FACE_SURFACE('',(#5450),#5446,.T.);
#5446=PLANE('',#5447);
#5447=AXIS2_PLACEMENT_3D('',#416,#5448,#5449);
#5448=DIRECTION('',(4.018111620186776E-06,-0.7660427591774346,0.6427896165120263));
#5449=DIRECTION('',(-0.09527687887978695,-0.6398657380824581,-0.7625576395126585));
#5450=FACE_BOUND('',#5451,.T.);
#5451=EDGE_LOOP('',(#5452,#5453,#5454));
#5452=ORIENTED_EDGE('',*,*,#5455,.T.);
#5453=ORIENTED_EDGE('',*,*,#5456,.T.);
#5454=ORIENTED_EDGE('',*,*,#5457,.T.);
#5455=EDGE_CURVE('',#417,#419,#5458,.F.);
#5456=EDGE_CURVE('',#419,#283,#5459,.T.);
#5457=EDGE_CURVE('',#283,#417,#5460,.T.);
#5458=LINE('',#416,#5461);
#5459=LINE('',#418,#5462);
#5460=LINE('',#282,#5463);
#5461=VECTOR('',#5464,1.0);
#5462=VECTOR('',#5465,1.0);
#5463=VECTOR('',#5466,1.0);
#5464=DIRECTION('',(-0.09527687887978695,-0.6398657380824581,-0.7625576395126585));
#5465=DIRECTION('',(0.5685773109610311,-0.5287761645147525,-0.6301710952601607));
#5466=DIRECTION('',(-0.5398188186645758,0.5410865738988273,0.6448418120454121));
#5467=FACE_SURFACE('',(#5472),#5468,.T.);
#5468=PLANE('',#5469);
#5469=AXIS2_PLACEMENT_3D('',#282,#5470,#5471);
#5470=DIRECTION('',(-1.5858068364932995E-07,-0.7660446147891374,0.6427874050979352));
#5471=DIRECTION('',(-0.5685773109610311,0.5287761645147525,0.6301710952601607));
#5472=FACE_BOUND('',#5473,.T.);
#5473=EDGE_LOOP('',(#5474,#5475,#5476));
#5474=ORIENTED_EDGE('',*,*,#5477,.T.);
#5475=ORIENTED_EDGE('',*,*,#5478,.T.);
#5476=ORIENTED_EDGE('',*,*,#5479,.T.);
#5477=EDGE_CURVE('',#283,#419,#5480,.F.);
#5478=EDGE_CURVE('',#419,#421,#5481,.T.);
#5479=EDGE_CURVE('',#421,#283,#5482,.T.);
#5480=LINE('',#282,#5483);
#5481=LINE('',#418,#5484);
#5482=LINE('',#420,#5485);
#5483=VECTOR('',#5486,1.0);
#5484=VECTOR('',#5487,1.0);
#5485=VECTOR('',#5488,1.0);
#5486=DIRECTION('',(-0.5685773109610311,0.5287761645147525,0.6301710952601607));
#5487=DIRECTION('',(-0.18517957858453044,-0.6316701803760981,-0.7527956607864337));
#5488=DIRECTION('',(0.6018246106597374,-0.5133482762244117,-0.6117848357892508));
#5489=FACE_SURFACE('',(#5494),#5490,.T.);
#5490=PLANE('',#5491);
#5491=AXIS2_PLACEMENT_3D('',#282,#5492,#5493);
#5492=DIRECTION('',(0,-0.766044537974696,0.6427874966418797));
#5493=DIRECTION('',(-0.6018246106597374,0.5133482762244117,0.6117848357892508));
#5494=FACE_BOUND('',#5495,.T.);
#5495=EDGE_LOOP('',(#5496,#5497,#5498));
#5496=ORIENTED_EDGE('',*,*,#5499,.T.);
#5497=ORIENTED_EDGE('',*,*,#5500,.T.);
#5498=ORIENTED_EDGE('',*,*,#5501,.T.);
#5499=EDGE_CURVE('',#283,#421,#5502,.F.);
#5500=EDGE_CURVE('',#421,#379,#5503,.T.);
#5501=EDGE_CURVE('',#379,#283,#5504,.T.);
#5502=LINE('',#282,#5505);
#5503=LINE('',#420,#5506);
#5504=LINE('',#378,#5507);
#5505=VECTOR('',#5508,1.0);
#5506=VECTOR('',#5509,1.0);
#5507=VECTOR('',#5510,1.0);
#5508=DIRECTION('',(-0.6018246106597374,0.5133482762244117,0.6117848357892508));
#5509=DIRECTION('',(-1,0,0));
#5510=DIRECTION('',(0.857796935354939,-0.3303855310151705,-0.39373826152851643));
#5511=FACE_SURFACE('',(#5516),#5512,.T.);
#5512=PLANE('',#5513);
#5513=AXIS2_PLACEMENT_3D('',#270,#5514,#5515);
#5514=DIRECTION('',(-1,-0,-0));
#5515=DIRECTION('',(0,0,-1));
#5516=FACE_BOUND('',#5517,.T.);
#5517=EDGE_LOOP('',(#5518,#5519,#5520));
#5518=ORIENTED_EDGE('',*,*,#5521,.T.);
#5519=ORIENTED_EDGE('',*,*,#5522,.T.);
#5520=ORIENTED_EDGE('',*,*,#5523,.T.);
#5521=EDGE_CURVE('',#271,#293,#5524,.F.);
#5522=EDGE_CURVE('',#293,#85,#5525,.T.);
#5523=EDGE_CURVE('',#85,#271,#5526,.T.);
#5524=LINE('',#270,#5527);
#5525=LINE('',#292,#5528);
#5526=LINE('',#84,#5529);
#5527=VECTOR('',#5530,1.0);
#5528=VECTOR('',#5531,1.0);
#5529=VECTOR('',#5532,1.0);
#5530=DIRECTION('',(0,0,-1));
#5531=DIRECTION('',(0,-0.05361988943537673,0.9985614189707802));
#5532=DIRECTION('',(0,1,0));
#5533=FACE_SURFACE('',(#5538),#5534,.T.);
#5534=PLANE('',#5535);
#5535=AXIS2_PLACEMENT_3D('',#84,#5536,#5537);
#5536=DIRECTION('',(-1,0,0));
#5537=DIRECTION('',(0,0.05361988943537673,-0.9985614189707802));
#5538=FACE_BOUND('',#5539,.T.);
#5539=EDGE_LOOP('',(#5540,#5541,#5542));
#5540=ORIENTED_EDGE('',*,*,#5543,.T.);
#5541=ORIENTED_EDGE('',*,*,#5544,.T.);
#5542=ORIENTED_EDGE('',*,*,#5545,.T.);
#5543=EDGE_CURVE('',#85,#293,#5546,.F.);
#5544=EDGE_CURVE('',#293,#63,#5547,.T.);
#5545=EDGE_CURVE('',#63,#85,#5548,.T.);
#5546=LINE('',#84,#5549);
#5547=LINE('',#292,#5550);
#5548=LINE('',#62,#5551);
#5549=VECTOR('',#5552,1.0);
#5550=VECTOR('',#5553,1.0);
#5551=VECTOR('',#5554,1.0);
#5552=DIRECTION('',(0,0.05361988943537673,-0.9985614189707802));
#5553=DIRECTION('',(0,-0.523622137214962,-0.8519506191196973));
#5554=DIRECTION('',(0,0,1));
#5555=FACE_SURFACE('',(#5560),#5556,.T.);
#5556=PLANE('',#5557);
#5557=AXIS2_PLACEMENT_3D('',#62,#5558,#5559);
#5558=DIRECTION('',(-1,0,0));
#5559=DIRECTION('',(0,0.523622137214962,0.8519506191196973));
#5560=FACE_BOUND('',#5561,.T.);
#5561=EDGE_LOOP('',(#5562,#5563,#5564));
#5562=ORIENTED_EDGE('',*,*,#5565,.T.);
#5563=ORIENTED_EDGE('',*,*,#5566,.T.);
#5564=ORIENTED_EDGE('',*,*,#5567,.T.);
#5565=EDGE_CURVE('',#63,#293,#5568,.F.);
#5566=EDGE_CURVE('',#293,#423,#5569,.T.);
#5567=EDGE_CURVE('',#423,#63,#5570,.T.);
#5568=LINE('',#62,#5571);
#5569=LINE('',#292,#5572);
#5570=LINE('',#422,#5573);
#5571=VECTOR('',#5574,1.0);
#5572=VECTOR('',#5575,1.0);
#5573=VECTOR('',#5576,1.0);
#5574=DIRECTION('',(0,0.523622137214962,0.8519506191196973));
#5575=DIRECTION('',(0,0,-1));
#5576=DIRECTION('',(0,-0.9974670948758037,-0.07112942176079115));
#5577=FACE_SURFACE('',(#5582),#5578,.T.);
#5578=PLANE('',#5579);
#5579=AXIS2_PLACEMENT_3D('',#62,#5580,#5581);
#5580=DIRECTION('',(-1,0,0));
#5581=DIRECTION('',(0,0.9974670948758037,0.07112942176079115));
#5582=FACE_BOUND('',#5583,.T.);
#5583=EDGE_LOOP('',(#5584,#5585,#5586));
#5584=ORIENTED_EDGE('',*,*,#5587,.T.);
#5585=ORIENTED_EDGE('',*,*,#5588,.T.);
#5586=ORIENTED_EDGE('',*,*,#5589,.T.);
#5587=EDGE_CURVE('',#63,#423,#5590,.F.);
#5588=EDGE_CURVE('',#423,#425,#5591,.T.);
#5589=EDGE_CURVE('',#425,#63,#5592,.T.);
#5590=LINE('',#62,#5593);
#5591=LINE('',#422,#5594);
#5592=LINE('',#424,#5595);
#5593=VECTOR('',#5596,1.0);
#5594=VECTOR('',#5597,1.0);
#5595=VECTOR('',#5598,1.0);
#5596=DIRECTION('',(0,0.9974670948758037,0.07112942176079115));
#5597=DIRECTION('',(0,0,-1));
#5598=DIRECTION('',(0,-1,0));
#5599=FACE_SURFACE('',(#5604),#5600,.T.);
#5600=PLANE('',#5601);
#5601=AXIS2_PLACEMENT_3D('',#422,#5602,#5603);
#5602=DIRECTION('',(-1,0,0));
#5603=DIRECTION('',(0,0,1));
#5604=FACE_BOUND('',#5605,.T.);
#5605=EDGE_LOOP('',(#5606,#5607,#5608));
#5606=ORIENTED_EDGE('',*,*,#5609,.T.);
#5607=ORIENTED_EDGE('',*,*,#5610,.T.);
#5608=ORIENTED_EDGE('',*,*,#5611,.T.);
#5609=EDGE_CURVE('',#423,#293,#5612,.F.);
#5610=EDGE_CURVE('',#293,#427,#5613,.T.);
#5611=EDGE_CURVE('',#427,#423,#5614,.T.);
#5612=LINE('',#422,#5615);
#5613=LINE('',#292,#5616);
#5614=LINE('',#426,#5617);
#5615=VECTOR('',#5618,1.0);
#5616=VECTOR('',#5619,1.0);
#5617=VECTOR('',#5620,1.0);
#5618=DIRECTION('',(0,0,1));
#5619=DIRECTION('',(0,0.6729034819678881,0.7397302913599606));
#5620=DIRECTION('',(0,-0.6427876218841388,-0.7660444328839766));
#5621=FACE_SURFACE('',(#5626),#5622,.T.);
#5622=PLANE('',#5623);
#5623=AXIS2_PLACEMENT_3D('',#426,#5624,#5625);
#5624=DIRECTION('',(-1,-0,0));
#5625=DIRECTION('',(0,-0.6729034819678881,-0.7397302913599606));
#5626=FACE_BOUND('',#5627,.T.);
#5627=EDGE_LOOP('',(#5628,#5629,#5630));
#5628=ORIENTED_EDGE('',*,*,#5631,.T.);
#5629=ORIENTED_EDGE('',*,*,#5632,.T.);
#5630=ORIENTED_EDGE('',*,*,#5633,.T.);
#5631=EDGE_CURVE('',#427,#293,#5634,.F.);
#5632=EDGE_CURVE('',#293,#269,#5635,.T.);
#5633=EDGE_CURVE('',#269,#427,#5636,.T.);
#5634=LINE('',#426,#5637);
#5635=LINE('',#292,#5638);
#5636=LINE('',#268,#5639);
#5637=VECTOR('',#5640,1.0);
#5638=VECTOR('',#5641,1.0);
#5639=VECTOR('',#5642,1.0);
#5640=DIRECTION('',(0,-0.6729034819678881,-0.7397302913599606));
#5641=DIRECTION('',(0,0.6427875958425474,0.7660444547354662));
#5642=DIRECTION('',(0,0.9948482165915938,-0.10137566741839538));
#5643=FACE_SURFACE('',(#5648),#5644,.T.);
#5644=PLANE('',#5645);
#5645=AXIS2_PLACEMENT_3D('',#426,#5646,#5647);
#5646=DIRECTION('',(-1,0,0));
#5647=DIRECTION('',(0,-0.9948482165915938,0.10137566741839538));
#5648=FACE_BOUND('',#5649,.T.);
#5649=EDGE_LOOP('',(#5650,#5651,#5652));
#5650=ORIENTED_EDGE('',*,*,#5653,.T.);
#5651=ORIENTED_EDGE('',*,*,#5654,.T.);
#5652=ORIENTED_EDGE('',*,*,#5655,.T.);
#5653=EDGE_CURVE('',#427,#269,#5656,.F.);
#5654=EDGE_CURVE('',#269,#263,#5657,.T.);
#5655=EDGE_CURVE('',#263,#427,#5658,.T.);
#5656=LINE('',#426,#5659);
#5657=LINE('',#268,#5660);
#5658=LINE('',#262,#5661);
#5659=VECTOR('',#5662,1.0);
#5660=VECTOR('',#5663,1.0);
#5661=VECTOR('',#5664,1.0);
#5662=DIRECTION('',(0,-0.9948482165915938,0.10137566741839538));
#5663=DIRECTION('',(0,1,0));
#5664=DIRECTION('',(0,0.7660441010309345,-0.6427880173709739));
#5665=FACE_SURFACE('',(#5670),#5666,.T.);
#5666=PLANE('',#5667);
#5667=AXIS2_PLACEMENT_3D('',#274,#5668,#5669);
#5668=DIRECTION('',(0,1,0));
#5669=DIRECTION('',(-0.9557906040030092,0,-0.29404816153066304));
#5670=FACE_BOUND('',#5671,.T.);
#5671=EDGE_LOOP('',(#5672,#5673,#5674));
#5672=ORIENTED_EDGE('',*,*,#5675,.T.);
#5673=ORIENTED_EDGE('',*,*,#5676,.T.);
#5674=ORIENTED_EDGE('',*,*,#5677,.T.);
#5675=EDGE_CURVE('',#275,#429,#5678,.F.);
#5676=EDGE_CURVE('',#429,#271,#5679,.T.);
#5677=EDGE_CURVE('',#271,#275,#5680,.T.);
#5678=LINE('',#274,#5681);
#5679=LINE('',#428,#5682);
#5680=LINE('',#270,#5683);
#5681=VECTOR('',#5684,1.0);
#5682=VECTOR('',#5685,1.0);
#5683=VECTOR('',#5686,1.0);
#5684=DIRECTION('',(-0.9557906040030092,0,-0.29404816153066304));
#5685=DIRECTION('',(-0.9988012287151967,0,0.04895003081728637));
#5686=DIRECTION('',(1,0,0));
#5687=FACE_SURFACE('',(#5692),#5688,.T.);
#5688=PLANE('',#5689);
#5689=AXIS2_PLACEMENT_3D('',#270,#5690,#5691);
#5690=DIRECTION('',(0,1,0));
#5691=DIRECTION('',(0.9988012287151967,0,-0.04895003081728637));
#5692=FACE_BOUND('',#5693,.T.);
#5693=EDGE_LOOP('',(#5694,#5695,#5696));
#5694=ORIENTED_EDGE('',*,*,#5697,.T.);
#5695=ORIENTED_EDGE('',*,*,#5698,.T.);
#5696=ORIENTED_EDGE('',*,*,#5699,.T.);
#5697=EDGE_CURVE('',#271,#429,#5700,.F.);
#5698=EDGE_CURVE('',#429,#431,#5701,.T.);
#5699=EDGE_CURVE('',#431,#271,#5702,.T.);
#5700=LINE('',#270,#5703);
#5701=LINE('',#428,#5704);
#5702=LINE('',#430,#5705);
#5703=VECTOR('',#5706,1.0);
#5704=VECTOR('',#5707,1.0);
#5705=VECTOR('',#5708,1.0);
#5706=DIRECTION('',(0.9988012287151967,0,-0.04895003081728637));
#5707=DIRECTION('',(-1,0,0));
#5708=DIRECTION('',(-0.9557906040030092,0,0.29404816153066304));
#5709=FACE_SURFACE('',(#5714),#5710,.T.);
#5710=PLANE('',#5711);
#5711=AXIS2_PLACEMENT_3D('',#270,#5712,#5713);
#5712=DIRECTION('',(0,1,0));
#5713=DIRECTION('',(0.9557906040030092,0,-0.29404816153066304));
#5714=FACE_BOUND('',#5715,.T.);
#5715=EDGE_LOOP('',(#5716,#5717,#5718));
#5716=ORIENTED_EDGE('',*,*,#5719,.T.);
#5717=ORIENTED_EDGE('',*,*,#5720,.T.);
#5718=ORIENTED_EDGE('',*,*,#5721,.T.);
#5719=EDGE_CURVE('',#271,#431,#5722,.F.);
#5720=EDGE_CURVE('',#431,#433,#5723,.T.);
#5721=EDGE_CURVE('',#433,#271,#5724,.T.);
#5722=LINE('',#270,#5725);
#5723=LINE('',#430,#5726);
#5724=LINE('',#432,#5727);
#5725=VECTOR('',#5728,1.0);
#5726=VECTOR('',#5729,1.0);
#5727=VECTOR('',#5730,1.0);
#5728=DIRECTION('',(0.9557906040030092,0,-0.29404816153066304));
#5729=DIRECTION('',(-0.9709419779119557,0,0.23931501316971154));
#5730=DIRECTION('',(-0.9547439649468484,0,0.29742891822681133));
#5731=FACE_SURFACE('',(#5736),#5732,.T.);
#5732=PLANE('',#5733);
#5733=AXIS2_PLACEMENT_3D('',#282,#5734,#5735);
#5734=DIRECTION('',(0,1,-0));
#5735=DIRECTION('',(-0.6090783636912027,0,0.7931100471455693));
#5736=FACE_BOUND('',#5737,.T.);
#5737=EDGE_LOOP('',(#5738,#5739,#5740));
#5738=ORIENTED_EDGE('',*,*,#5741,.T.);
#5739=ORIENTED_EDGE('',*,*,#5742,.T.);
#5740=ORIENTED_EDGE('',*,*,#5743,.T.);
#5741=EDGE_CURVE('',#283,#435,#5744,.F.);
#5742=EDGE_CURVE('',#435,#275,#5745,.T.);
#5743=EDGE_CURVE('',#275,#283,#5746,.T.);
#5744=LINE('',#282,#5747);
#5745=LINE('',#434,#5748);
#5746=LINE('',#274,#5749);
#5747=VECTOR('',#5750,1.0);
#5748=VECTOR('',#5751,1.0);
#5749=VECTOR('',#5752,1.0);
#5750=DIRECTION('',(-0.6090783636912027,0,0.7931100471455693));
#5751=DIRECTION('',(0.11546462272744044,0,0.9933115930554772));
#5752=DIRECTION('',(0,0,-1));
#5753=FACE_SURFACE('',(#5758),#5754,.T.);
#5754=PLANE('',#5755);
#5755=AXIS2_PLACEMENT_3D('',#274,#5756,#5757);
#5756=DIRECTION('',(0,1,0));
#5757=DIRECTION('',(-0.11546462272744044,0,-0.9933115930554772));
#5758=FACE_BOUND('',#5759,.T.);
#5759=EDGE_LOOP('',(#5760,#5761,#5762));
#5760=ORIENTED_EDGE('',*,*,#5763,.T.);
#5761=ORIENTED_EDGE('',*,*,#5764,.T.);
#5762=ORIENTED_EDGE('',*,*,#5765,.T.);
#5763=EDGE_CURVE('',#275,#435,#5766,.F.);
#5764=EDGE_CURVE('',#435,#437,#5767,.T.);
#5765=EDGE_CURVE('',#437,#275,#5768,.T.);
#5766=LINE('',#274,#5769);
#5767=LINE('',#434,#5770);
#5768=LINE('',#436,#5771);
#5769=VECTOR('',#5772,1.0);
#5770=VECTOR('',#5773,1.0);
#5771=VECTOR('',#5774,1.0);
#5772=DIRECTION('',(-0.11546462272744044,0,-0.9933115930554772));
#5773=DIRECTION('',(-0.5680671578262806,0,0.8229822016296414));
#5774=DIRECTION('',(0.12230177285445258,0,0.9924929603562223));
#5775=FACE_SURFACE('',(#5780),#5776,.T.);
#5776=PLANE('',#5777);
#5777=AXIS2_PLACEMENT_3D('',#274,#5778,#5779);
#5778=DIRECTION('',(0,1,0));
#5779=DIRECTION('',(-0.12230177285445258,0,-0.9924929603562223));
#5780=FACE_BOUND('',#5781,.T.);
#5781=EDGE_LOOP('',(#5782,#5783,#5784));
#5782=ORIENTED_EDGE('',*,*,#5785,.T.);
#5783=ORIENTED_EDGE('',*,*,#5786,.T.);
#5784=ORIENTED_EDGE('',*,*,#5787,.T.);
#5785=EDGE_CURVE('',#275,#437,#5788,.F.);
#5786=EDGE_CURVE('',#437,#439,#5789,.T.);
#5787=EDGE_CURVE('',#439,#275,#5790,.T.);
#5788=LINE('',#274,#5791);
#5789=LINE('',#436,#5792);
#5790=LINE('',#438,#5793);
#5791=VECTOR('',#5794,1.0);
#5792=VECTOR('',#5795,1.0);
#5793=VECTOR('',#5796,1.0);
#5794=DIRECTION('',(-0.12230177285445258,0,-0.9924929603562223));
#5795=DIRECTION('',(0,0,1));
#5796=DIRECTION('',(0.7092314131799348,0,0.7049757460783972));
#5797=FACE_SURFACE('',(#5802),#5798,.T.);
#5798=PLANE('',#5799);
#5799=AXIS2_PLACEMENT_3D('',#438,#5800,#5801);
#5800=DIRECTION('',(0,1,0));
#5801=DIRECTION('',(0,0,-1));
#5802=FACE_BOUND('',#5803,.T.);
#5803=EDGE_LOOP('',(#5804,#5805,#5806));
#5804=ORIENTED_EDGE('',*,*,#5807,.T.);
#5805=ORIENTED_EDGE('',*,*,#5808,.T.);
#5806=ORIENTED_EDGE('',*,*,#5809,.T.);
#5807=EDGE_CURVE('',#439,#437,#5810,.F.);
#5808=EDGE_CURVE('',#437,#441,#5811,.T.);
#5809=EDGE_CURVE('',#441,#439,#5812,.T.);
#5810=LINE('',#438,#5813);
#5811=LINE('',#436,#5814);
#5812=LINE('',#440,#5815);
#5813=VECTOR('',#5816,1.0);
#5814=VECTOR('',#5817,1.0);
#5815=VECTOR('',#5818,1.0);
#5816=DIRECTION('',(0,0,-1));
#5817=DIRECTION('',(-0.009047929172185963,0,0.999959066651078));
#5818=DIRECTION('',(0.7485093343142877,0,0.6631242541518007));
#5819=FACE_SURFACE('',(#5824),#5820,.T.);
#5820=PLANE('',#5821);
#5821=AXIS2_PLACEMENT_3D('',#440,#5822,#5823);
#5822=DIRECTION('',(0,1,0));
#5823=DIRECTION('',(0.009047929172185963,0,-0.999959066651078));
#5824=FACE_BOUND('',#5825,.T.);
#5825=EDGE_LOOP('',(#5826,#5827,#5828));
#5826=ORIENTED_EDGE('',*,*,#5829,.T.);
#5827=ORIENTED_EDGE('',*,*,#5830,.T.);
#5828=ORIENTED_EDGE('',*,*,#5831,.T.);
#5829=EDGE_CURVE('',#441,#437,#5832,.F.);
#5830=EDGE_CURVE('',#437,#443,#5833,.T.);
#5831=EDGE_CURVE('',#443,#441,#5834,.T.);
#5832=LINE('',#440,#5835);
#5833=LINE('',#436,#5836);
#5834=LINE('',#442,#5837);
#5835=VECTOR('',#5838,1.0);
#5836=VECTOR('',#5839,1.0);
#5837=VECTOR('',#5840,1.0);
#5838=DIRECTION('',(0.009047929172185963,0,-0.999959066651078));
#5839=DIRECTION('',(-0.748508633043982,0,0.663125045718098));
#5840=DIRECTION('',(0,0,1));
#5841=FACE_SURFACE('',(#5846),#5842,.T.);
#5842=PLANE('',#5843);
#5843=AXIS2_PLACEMENT_3D('',#440,#5844,#5845);
#5844=DIRECTION('',(0,1,0));
#5845=DIRECTION('',(0,0,-1));
#5846=FACE_BOUND('',#5847,.T.);
#5847=EDGE_LOOP('',(#5848,#5849,#5850));
#5848=ORIENTED_EDGE('',*,*,#5851,.T.);
#5849=ORIENTED_EDGE('',*,*,#5852,.T.);
#5850=ORIENTED_EDGE('',*,*,#5853,.T.);
#5851=EDGE_CURVE('',#441,#443,#5854,.F.);
#5852=EDGE_CURVE('',#443,#445,#5855,.T.);
#5853=EDGE_CURVE('',#445,#441,#5856,.T.);
#5854=LINE('',#440,#5857);
#5855=LINE('',#442,#5858);
#5856=LINE('',#444,#5859);
#5857=VECTOR('',#5860,1.0);
#5858=VECTOR('',#5861,1.0);
#5859=VECTOR('',#5862,1.0);
#5860=DIRECTION('',(0,0,-1));
#5861=DIRECTION('',(-0.010851117264844697,0,0.9999411248939133));
#5862=DIRECTION('',(0.8854563628030274,0,0.46472252965789557));
#5863=FACE_SURFACE('',(#5868),#5864,.T.);
#5864=PLANE('',#5865);
#5865=AXIS2_PLACEMENT_3D('',#444,#5866,#5867);
#5866=DIRECTION('',(0,1,0));
#5867=DIRECTION('',(0.010851117264844697,0,-0.9999411248939133));
#5868=FACE_BOUND('',#5869,.T.);
#5869=EDGE_LOOP('',(#5870,#5871,#5872));
#5870=ORIENTED_EDGE('',*,*,#5873,.T.);
#5871=ORIENTED_EDGE('',*,*,#5874,.T.);
#5872=ORIENTED_EDGE('',*,*,#5875,.T.);
#5873=EDGE_CURVE('',#445,#443,#5876,.F.);
#5874=EDGE_CURVE('',#443,#447,#5877,.T.);
#5875=EDGE_CURVE('',#447,#445,#5878,.T.);
#5876=LINE('',#444,#5879);
#5877=LINE('',#442,#5880);
#5878=LINE('',#446,#5881);
#5879=VECTOR('',#5882,1.0);
#5880=VECTOR('',#5883,1.0);
#5881=VECTOR('',#5884,1.0);
#5882=DIRECTION('',(0.010851117264844697,0,-0.9999411248939133));
#5883=DIRECTION('',(-0.8854566534882817,0,0.4647219758020199));
#5884=DIRECTION('',(0,0,1));
#5885=FACE_SURFACE('',(#5890),#5886,.T.);
#5886=PLANE('',#5887);
#5887=AXIS2_PLACEMENT_3D('',#444,#5888,#5889);
#5888=DIRECTION('',(0,1,0));
#5889=DIRECTION('',(0,0,-1));
#5890=FACE_BOUND('',#5891,.T.);
#5891=EDGE_LOOP('',(#5892,#5893,#5894));
#5892=ORIENTED_EDGE('',*,*,#5895,.T.);
#5893=ORIENTED_EDGE('',*,*,#5896,.T.);
#5894=ORIENTED_EDGE('',*,*,#5897,.T.);
#5895=EDGE_CURVE('',#445,#447,#5898,.F.);
#5896=EDGE_CURVE('',#447,#449,#5899,.T.);
#5897=EDGE_CURVE('',#449,#445,#5900,.T.);
#5898=LINE('',#444,#5901);
#5899=LINE('',#446,#5902);
#5900=LINE('',#448,#5903);
#5901=VECTOR('',#5904,1.0);
#5902=VECTOR('',#5905,1.0);
#5903=VECTOR('',#5906,1.0);
#5904=DIRECTION('',(0,0,-1));
#5905=DIRECTION('',(-0.012002090529384779,0,0.9999279723174687));
#5906=DIRECTION('',(0.9709416519347484,0,0.23931633571117109));
#5907=FACE_SURFACE('',(#5912),#5908,.T.);
#5908=PLANE('',#5909);
#5909=AXIS2_PLACEMENT_3D('',#448,#5910,#5911);
#5910=DIRECTION('',(0,1,0));
#5911=DIRECTION('',(0.012002090529384779,0,-0.9999279723174687));
#5912=FACE_BOUND('',#5913,.T.);
#5913=EDGE_LOOP('',(#5914,#5915,#5916));
#5914=ORIENTED_EDGE('',*,*,#5917,.T.);
#5915=ORIENTED_EDGE('',*,*,#5918,.T.);
#5916=ORIENTED_EDGE('',*,*,#5919,.T.);
#5917=EDGE_CURVE('',#449,#447,#5920,.F.);
#5918=EDGE_CURVE('',#447,#451,#5921,.T.);
#5919=EDGE_CURVE('',#451,#449,#5922,.T.);
#5920=LINE('',#448,#5923);
#5921=LINE('',#446,#5924);
#5922=LINE('',#450,#5925);
#5923=VECTOR('',#5926,1.0);
#5924=VECTOR('',#5927,1.0);
#5925=VECTOR('',#5928,1.0);
#5926=DIRECTION('',(0.012002090529384779,0,-0.9999279723174687));
#5927=DIRECTION('',(-0.9709424726573267,0,0.23931300589411436));
#5928=DIRECTION('',(0,0,1));
#5929=FACE_SURFACE('',(#5934),#5930,.T.);
#5930=PLANE('',#5931);
#5931=AXIS2_PLACEMENT_3D('',#448,#5932,#5933);
#5932=DIRECTION('',(0,1,0));
#5933=DIRECTION('',(0,0,-1));
#5934=FACE_BOUND('',#5935,.T.);
#5935=EDGE_LOOP('',(#5936,#5937,#5938));
#5936=ORIENTED_EDGE('',*,*,#5939,.T.);
#5937=ORIENTED_EDGE('',*,*,#5940,.T.);
#5938=ORIENTED_EDGE('',*,*,#5941,.T.);
#5939=EDGE_CURVE('',#449,#451,#5942,.F.);
#5940=EDGE_CURVE('',#451,#453,#5943,.T.);
#5941=EDGE_CURVE('',#453,#449,#5944,.T.);
#5942=LINE('',#448,#5945);
#5943=LINE('',#450,#5946);
#5944=LINE('',#452,#5947);
#5945=VECTOR('',#5948,1.0);
#5946=VECTOR('',#5949,1.0);
#5947=VECTOR('',#5950,1.0);
#5948=DIRECTION('',(0,0,-1));
#5949=DIRECTION('',(-0.012397919973529568,0,0.9999231428366533));
#5950=DIRECTION('',(1,0,0));
#5951=FACE_SURFACE('',(#5956),#5952,.T.);
#5952=PLANE('',#5953);
#5953=AXIS2_PLACEMENT_3D('',#452,#5954,#5955);
#5954=DIRECTION('',(0,1,0));
#5955=DIRECTION('',(0.012397919973529568,0,-0.9999231428366533));
#5956=FACE_BOUND('',#5957,.T.);
#5957=EDGE_LOOP('',(#5958,#5959,#5960));
#5958=ORIENTED_EDGE('',*,*,#5961,.T.);
#5959=ORIENTED_EDGE('',*,*,#5962,.T.);
#5960=ORIENTED_EDGE('',*,*,#5963,.T.);
#5961=EDGE_CURVE('',#453,#451,#5964,.F.);
#5962=EDGE_CURVE('',#451,#455,#5965,.T.);
#5963=EDGE_CURVE('',#455,#453,#5966,.T.);
#5964=LINE('',#452,#5967);
#5965=LINE('',#450,#5968);
#5966=LINE('',#454,#5969);
#5967=VECTOR('',#5970,1.0);
#5968=VECTOR('',#5971,1.0);
#5969=VECTOR('',#5972,1.0);
#5970=DIRECTION('',(0.012397919973529568,0,-0.9999231428366533));
#5971=DIRECTION('',(-1,0,0));
#5972=DIRECTION('',(0,0,1));
#5973=FACE_SURFACE('',(#5978),#5974,.T.);
#5974=PLANE('',#5975);
#5975=AXIS2_PLACEMENT_3D('',#452,#5976,#5977);
#5976=DIRECTION('',(0,1,0));
#5977=DIRECTION('',(0,0,-1));
#5978=FACE_BOUND('',#5979,.T.);
#5979=EDGE_LOOP('',(#5980,#5981,#5982));
#5980=ORIENTED_EDGE('',*,*,#5983,.T.);
#5981=ORIENTED_EDGE('',*,*,#5984,.T.);
#5982=ORIENTED_EDGE('',*,*,#5985,.T.);
#5983=EDGE_CURVE('',#453,#455,#5986,.F.);
#5984=EDGE_CURVE('',#455,#457,#5987,.T.);
#5985=EDGE_CURVE('',#457,#453,#5988,.T.);
#5986=LINE('',#452,#5989);
#5987=LINE('',#454,#5990);
#5988=LINE('',#456,#5991);
#5989=VECTOR('',#5992,1.0);
#5990=VECTOR('',#5993,1.0);
#5991=VECTOR('',#5994,1.0);
#5992=DIRECTION('',(0,0,-1));
#5993=DIRECTION('',(-0.012002124929455064,0,0.9999279719045656));
#5994=DIRECTION('',(0.9709418137675109,0,-0.23931567913084226));
#5995=FACE_SURFACE('',(#6000),#5996,.T.);
#5996=PLANE('',#5997);
#5997=AXIS2_PLACEMENT_3D('',#456,#5998,#5999);
#5998=DIRECTION('',(0,1,0));
#5999=DIRECTION('',(0.012002124929455064,0,-0.9999279719045656));
#6000=FACE_BOUND('',#6001,.T.);
#6001=EDGE_LOOP('',(#6002,#6003,#6004));
#6002=ORIENTED_EDGE('',*,*,#6005,.T.);
#6003=ORIENTED_EDGE('',*,*,#6006,.T.);
#6004=ORIENTED_EDGE('',*,*,#6007,.T.);
#6005=EDGE_CURVE('',#457,#455,#6008,.F.);
#6006=EDGE_CURVE('',#455,#459,#6009,.T.);
#6007=EDGE_CURVE('',#459,#457,#6010,.T.);
#6008=LINE('',#456,#6011);
#6009=LINE('',#454,#6012);
#6010=LINE('',#458,#6013);
#6011=VECTOR('',#6014,1.0);
#6012=VECTOR('',#6015,1.0);
#6013=VECTOR('',#6016,1.0);
#6014=DIRECTION('',(0.012002124929455064,0,-0.9999279719045656));
#6015=DIRECTION('',(-0.9709426344857225,0,-0.23931234932181114));
#6016=DIRECTION('',(0,0,1));
#6017=FACE_SURFACE('',(#6022),#6018,.T.);
#6018=PLANE('',#6019);
#6019=AXIS2_PLACEMENT_3D('',#456,#6020,#6021);
#6020=DIRECTION('',(0,1,0));
#6021=DIRECTION('',(0,0,-1));
#6022=FACE_BOUND('',#6023,.T.);
#6023=EDGE_LOOP('',(#6024,#6025,#6026));
#6024=ORIENTED_EDGE('',*,*,#6027,.T.);
#6025=ORIENTED_EDGE('',*,*,#6028,.T.);
#6026=ORIENTED_EDGE('',*,*,#6029,.T.);
#6027=EDGE_CURVE('',#457,#459,#6030,.F.);
#6028=EDGE_CURVE('',#459,#461,#6031,.T.);
#6029=EDGE_CURVE('',#461,#457,#6032,.T.);
#6030=LINE('',#456,#6033);
#6031=LINE('',#458,#6034);
#6032=LINE('',#460,#6035);
#6033=VECTOR('',#6036,1.0);
#6034=VECTOR('',#6037,1.0);
#6035=VECTOR('',#6038,1.0);
#6036=DIRECTION('',(0,0,-1));
#6037=DIRECTION('',(-0.010851082546821565,0,0.9999411252706641));
#6038=DIRECTION('',(0.8854557525480876,0,-0.4647236924017323));
#6039=FACE_SURFACE('',(#6044),#6040,.T.);
#6040=PLANE('',#6041);
#6041=AXIS2_PLACEMENT_3D('',#460,#6042,#6043);
#6042=DIRECTION('',(0,1,0));
#6043=DIRECTION('',(0.010851082546821565,0,-0.9999411252706641));
#6044=FACE_BOUND('',#6045,.T.);
#6045=EDGE_LOOP('',(#6046,#6047,#6048));
#6046=ORIENTED_EDGE('',*,*,#6049,.T.);
#6047=ORIENTED_EDGE('',*,*,#6050,.T.);
#6048=ORIENTED_EDGE('',*,*,#6051,.T.);
#6049=EDGE_CURVE('',#461,#459,#6052,.F.);
#6050=EDGE_CURVE('',#459,#463,#6053,.T.);
#6051=EDGE_CURVE('',#463,#461,#6054,.T.);
#6052=LINE('',#460,#6055);
#6053=LINE('',#458,#6056);
#6054=LINE('',#462,#6057);
#6055=VECTOR('',#6058,1.0);
#6056=VECTOR('',#6059,1.0);
#6057=VECTOR('',#6060,1.0);
#6058=DIRECTION('',(0.010851082546821565,0,-0.9999411252706641));
#6059=DIRECTION('',(-0.8854560432345961,0,-0.46472313854523434));
#6060=DIRECTION('',(0,0,1));
#6061=FACE_SURFACE('',(#6066),#6062,.T.);
#6062=PLANE('',#6063);
#6063=AXIS2_PLACEMENT_3D('',#460,#6064,#6065);
#6064=DIRECTION('',(0,1,0));
#6065=DIRECTION('',(0,0,-1));
#6066=FACE_BOUND('',#6067,.T.);
#6067=EDGE_LOOP('',(#6068,#6069,#6070));
#6068=ORIENTED_EDGE('',*,*,#6071,.T.);
#6069=ORIENTED_EDGE('',*,*,#6072,.T.);
#6070=ORIENTED_EDGE('',*,*,#6073,.T.);
#6071=EDGE_CURVE('',#461,#463,#6074,.F.);
#6072=EDGE_CURVE('',#463,#465,#6075,.T.);
#6073=EDGE_CURVE('',#465,#461,#6076,.T.);
#6074=LINE('',#460,#6077);
#6075=LINE('',#462,#6078);
#6076=LINE('',#464,#6079);
#6077=VECTOR('',#6080,1.0);
#6078=VECTOR('',#6081,1.0);
#6079=VECTOR('',#6082,1.0);
#6080=DIRECTION('',(0,0,-1));
#6081=DIRECTION('',(-0.7160447314855656,0,0.6980543979603339));
#6082=DIRECTION('',(1,0,0));
#6083=FACE_SURFACE('',(#6088),#6084,.T.);
#6084=PLANE('',#6085);
#6085=AXIS2_PLACEMENT_3D('',#464,#6086,#6087);
#6086=DIRECTION('',(0,1,0));
#6087=DIRECTION('',(0.7160447314855656,0,-0.6980543979603339));
#6088=FACE_BOUND('',#6089,.T.);
#6089=EDGE_LOOP('',(#6090,#6091,#6092));
#6090=ORIENTED_EDGE('',*,*,#6093,.T.);
#6091=ORIENTED_EDGE('',*,*,#6094,.T.);
#6092=ORIENTED_EDGE('',*,*,#6095,.T.);
#6093=EDGE_CURVE('',#465,#463,#6096,.F.);
#6094=EDGE_CURVE('',#463,#467,#6097,.T.);
#6095=EDGE_CURVE('',#467,#465,#6098,.T.);
#6096=LINE('',#464,#6099);
#6097=LINE('',#462,#6100);
#6098=LINE('',#466,#6101);
#6099=VECTOR('',#6102,1.0);
#6100=VECTOR('',#6103,1.0);
#6101=VECTOR('',#6104,1.0);
#6102=DIRECTION('',(0.7160447314855656,0,-0.6980543979603339));
#6103=DIRECTION('',(-1,0,0));
#6104=DIRECTION('',(0,0,1));
#6105=FACE_SURFACE('',(#6110),#6106,.T.);
#6106=PLANE('',#6107);
#6107=AXIS2_PLACEMENT_3D('',#464,#6108,#6109);
#6108=DIRECTION('',(0,1,0));
#6109=DIRECTION('',(0,0,-1));
#6110=FACE_BOUND('',#6111,.T.);
#6111=EDGE_LOOP('',(#6112,#6113,#6114));
#6112=ORIENTED_EDGE('',*,*,#6115,.T.);
#6113=ORIENTED_EDGE('',*,*,#6116,.T.);
#6114=ORIENTED_EDGE('',*,*,#6117,.T.);
#6115=EDGE_CURVE('',#465,#467,#6118,.F.);
#6116=EDGE_CURVE('',#467,#469,#6119,.T.);
#6117=EDGE_CURVE('',#469,#465,#6120,.T.);
#6118=LINE('',#464,#6121);
#6119=LINE('',#466,#6122);
#6120=LINE('',#468,#6123);
#6121=VECTOR('',#6124,1.0);
#6122=VECTOR('',#6125,1.0);
#6123=VECTOR('',#6126,1.0);
#6124=DIRECTION('',(0,0,-1));
#6125=DIRECTION('',(-0.01085108264075431,0,0.9999411252696448));
#6126=DIRECTION('',(0.8854557525480876,0,0.4647236924017323));
#6127=FACE_SURFACE('',(#6132),#6128,.T.);
#6128=PLANE('',#6129);
#6129=AXIS2_PLACEMENT_3D('',#468,#6130,#6131);
#6130=DIRECTION('',(0,1,0));
#6131=DIRECTION('',(0.01085108264075431,0,-0.9999411252696448));
#6132=FACE_BOUND('',#6133,.T.);
#6133=EDGE_LOOP('',(#6134,#6135,#6136));
#6134=ORIENTED_EDGE('',*,*,#6137,.T.);
#6135=ORIENTED_EDGE('',*,*,#6138,.T.);
#6136=ORIENTED_EDGE('',*,*,#6139,.T.);
#6137=EDGE_CURVE('',#469,#467,#6140,.F.);
#6138=EDGE_CURVE('',#467,#471,#6141,.T.);
#6139=EDGE_CURVE('',#471,#469,#6142,.T.);
#6140=LINE('',#468,#6143);
#6141=LINE('',#466,#6144);
#6142=LINE('',#470,#6145);
#6143=VECTOR('',#6146,1.0);
#6144=VECTOR('',#6147,1.0);
#6145=VECTOR('',#6148,1.0);
#6146=DIRECTION('',(0.01085108264075431,0,-0.9999411252696448));
#6147=DIRECTION('',(-0.8854560432345961,0,0.46472313854523434));
#6148=DIRECTION('',(0,0,1));
#6149=FACE_SURFACE('',(#6154),#6150,.T.);
#6150=PLANE('',#6151);
#6151=AXIS2_PLACEMENT_3D('',#468,#6152,#6153);
#6152=DIRECTION('',(0,1,0));
#6153=DIRECTION('',(0,0,-1));
#6154=FACE_BOUND('',#6155,.T.);
#6155=EDGE_LOOP('',(#6156,#6157,#6158));
#6156=ORIENTED_EDGE('',*,*,#6159,.T.);
#6157=ORIENTED_EDGE('',*,*,#6160,.T.);
#6158=ORIENTED_EDGE('',*,*,#6161,.T.);
#6159=EDGE_CURVE('',#469,#471,#6162,.F.);
#6160=EDGE_CURVE('',#471,#473,#6163,.T.);
#6161=EDGE_CURVE('',#473,#469,#6164,.T.);
#6162=LINE('',#468,#6165);
#6163=LINE('',#470,#6166);
#6164=LINE('',#472,#6167);
#6165=VECTOR('',#6168,1.0);
#6166=VECTOR('',#6169,1.0);
#6167=VECTOR('',#6170,1.0);
#6168=DIRECTION('',(0,0,-1));
#6169=DIRECTION('',(-0.012002125453446496,0,0.9999279718982761));
#6170=DIRECTION('',(0.9709418137675109,0,0.23931567913084226));
#6171=FACE_SURFACE('',(#6176),#6172,.T.);
#6172=PLANE('',#6173);
#6173=AXIS2_PLACEMENT_3D('',#472,#6174,#6175);
#6174=DIRECTION('',(0,1,0));
#6175=DIRECTION('',(0.012002125453446496,0,-0.9999279718982761));
#6176=FACE_BOUND('',#6177,.T.);
#6177=EDGE_LOOP('',(#6178,#6179,#6180));
#6178=ORIENTED_EDGE('',*,*,#6181,.T.);
#6179=ORIENTED_EDGE('',*,*,#6182,.T.);
#6180=ORIENTED_EDGE('',*,*,#6183,.T.);
#6181=EDGE_CURVE('',#473,#471,#6184,.F.);
#6182=EDGE_CURVE('',#471,#475,#6185,.T.);
#6183=EDGE_CURVE('',#475,#473,#6186,.T.);
#6184=LINE('',#472,#6187);
#6185=LINE('',#470,#6188);
#6186=LINE('',#474,#6189);
#6187=VECTOR('',#6190,1.0);
#6188=VECTOR('',#6191,1.0);
#6189=VECTOR('',#6192,1.0);
#6190=DIRECTION('',(0.012002125453446496,0,-0.9999279718982761));
#6191=DIRECTION('',(-0.9709426344857225,0,0.23931234932181114));
#6192=DIRECTION('',(0,0,1));
#6193=FACE_SURFACE('',(#6198),#6194,.T.);
#6194=PLANE('',#6195);
#6195=AXIS2_PLACEMENT_3D('',#472,#6196,#6197);
#6196=DIRECTION('',(0,1,0));
#6197=DIRECTION('',(0,0,-1));
#6198=FACE_BOUND('',#6199,.T.);
#6199=EDGE_LOOP('',(#6200,#6201,#6202));
#6200=ORIENTED_EDGE('',*,*,#6203,.T.);
#6201=ORIENTED_EDGE('',*,*,#6204,.T.);
#6202=ORIENTED_EDGE('',*,*,#6205,.T.);
#6203=EDGE_CURVE('',#473,#475,#6206,.F.);
#6204=EDGE_CURVE('',#475,#477,#6207,.T.);
#6205=EDGE_CURVE('',#477,#473,#6208,.T.);
#6206=LINE('',#472,#6209);
#6207=LINE('',#474,#6210);
#6208=LINE('',#476,#6211);
#6209=VECTOR('',#6212,1.0);
#6210=VECTOR('',#6213,1.0);
#6211=VECTOR('',#6214,1.0);
#6212=DIRECTION('',(0,0,-1));
#6213=DIRECTION('',(-0.012397919973529568,0,0.9999231428366533));
#6214=DIRECTION('',(1,0,0));
#6215=FACE_SURFACE('',(#6220),#6216,.T.);
#6216=PLANE('',#6217);
#6217=AXIS2_PLACEMENT_3D('',#476,#6218,#6219);
#6218=DIRECTION('',(0,1,0));
#6219=DIRECTION('',(0.012397919973529568,0,-0.9999231428366533));
#6220=FACE_BOUND('',#6221,.T.);
#6221=EDGE_LOOP('',(#6222,#6223,#6224));
#6222=ORIENTED_EDGE('',*,*,#6225,.T.);
#6223=ORIENTED_EDGE('',*,*,#6226,.T.);
#6224=ORIENTED_EDGE('',*,*,#6227,.T.);
#6225=EDGE_CURVE('',#477,#475,#6228,.F.);
#6226=EDGE_CURVE('',#475,#479,#6229,.T.);
#6227=EDGE_CURVE('',#479,#477,#6230,.T.);
#6228=LINE('',#476,#6231);
#6229=LINE('',#474,#6232);
#6230=LINE('',#478,#6233);
#6231=VECTOR('',#6234,1.0);
#6232=VECTOR('',#6235,1.0);
#6233=VECTOR('',#6236,1.0);
#6234=DIRECTION('',(0.012397919973529568,0,-0.9999231428366533));
#6235=DIRECTION('',(-1,0,0));
#6236=DIRECTION('',(0,0,1));
#6237=FACE_SURFACE('',(#6242),#6238,.T.);
#6238=PLANE('',#6239);
#6239=AXIS2_PLACEMENT_3D('',#476,#6240,#6241);
#6240=DIRECTION('',(0,1,0));
#6241=DIRECTION('',(0,0,-1));
#6242=FACE_BOUND('',#6243,.T.);
#6243=EDGE_LOOP('',(#6244,#6245,#6246));
#6244=ORIENTED_EDGE('',*,*,#6247,.T.);
#6245=ORIENTED_EDGE('',*,*,#6248,.T.);
#6246=ORIENTED_EDGE('',*,*,#6249,.T.);
#6247=EDGE_CURVE('',#477,#479,#6250,.F.);
#6248=EDGE_CURVE('',#479,#481,#6251,.T.);
#6249=EDGE_CURVE('',#481,#477,#6252,.T.);
#6250=LINE('',#476,#6253);
#6251=LINE('',#478,#6254);
#6252=LINE('',#480,#6255);
#6253=VECTOR('',#6256,1.0);
#6254=VECTOR('',#6257,1.0);
#6255=VECTOR('',#6258,1.0);
#6256=DIRECTION('',(0,0,-1));
#6257=DIRECTION('',(-0.012002090005394872,0,0.9999279723237582));
#6258=DIRECTION('',(0.9709416519347484,0,-0.23931633571117109));
#6259=FACE_SURFACE('',(#6264),#6260,.T.);
#6260=PLANE('',#6261);
#6261=AXIS2_PLACEMENT_3D('',#480,#6262,#6263);
#6262=DIRECTION('',(0,1,0));
#6263=DIRECTION('',(0.012002090005394872,0,-0.9999279723237582));
#6264=FACE_BOUND('',#6265,.T.);
#6265=EDGE_LOOP('',(#6266,#6267,#6268));
#6266=ORIENTED_EDGE('',*,*,#6269,.T.);
#6267=ORIENTED_EDGE('',*,*,#6270,.T.);
#6268=ORIENTED_EDGE('',*,*,#6271,.T.);
#6269=EDGE_CURVE('',#481,#479,#6272,.F.);
#6270=EDGE_CURVE('',#479,#483,#6273,.T.);
#6271=EDGE_CURVE('',#483,#481,#6274,.T.);
#6272=LINE('',#480,#6275);
#6273=LINE('',#478,#6276);
#6274=LINE('',#482,#6277);
#6275=VECTOR('',#6278,1.0);
#6276=VECTOR('',#6279,1.0);
#6277=VECTOR('',#6280,1.0);
#6278=DIRECTION('',(0.012002090005394872,0,-0.9999279723237582));
#6279=DIRECTION('',(-0.9709424726573267,0,-0.23931300589411436));
#6280=DIRECTION('',(0,0,1));
#6281=FACE_SURFACE('',(#6286),#6282,.T.);
#6282=PLANE('',#6283);
#6283=AXIS2_PLACEMENT_3D('',#480,#6284,#6285);
#6284=DIRECTION('',(0,1,0));
#6285=DIRECTION('',(0,0,-1));
#6286=FACE_BOUND('',#6287,.T.);
#6287=EDGE_LOOP('',(#6288,#6289,#6290));
#6288=ORIENTED_EDGE('',*,*,#6291,.T.);
#6289=ORIENTED_EDGE('',*,*,#6292,.T.);
#6290=ORIENTED_EDGE('',*,*,#6293,.T.);
#6291=EDGE_CURVE('',#481,#483,#6294,.F.);
#6292=EDGE_CURVE('',#483,#485,#6295,.T.);
#6293=EDGE_CURVE('',#485,#481,#6296,.T.);
#6294=LINE('',#480,#6297);
#6295=LINE('',#482,#6298);
#6296=LINE('',#484,#6299);
#6297=VECTOR('',#6300,1.0);
#6298=VECTOR('',#6301,1.0);
#6299=VECTOR('',#6302,1.0);
#6300=DIRECTION('',(0,0,-1));
#6301=DIRECTION('',(-0.01085111717091165,0,0.9999411248949326));
#6302=DIRECTION('',(0.8854563628030274,0,-0.46472252965789557));
#6303=FACE_SURFACE('',(#6308),#6304,.T.);
#6304=PLANE('',#6305);
#6305=AXIS2_PLACEMENT_3D('',#484,#6306,#6307);
#6306=DIRECTION('',(0,1,0));
#6307=DIRECTION('',(0.01085111717091165,0,-0.9999411248949326));
#6308=FACE_BOUND('',#6309,.T.);
#6309=EDGE_LOOP('',(#6310,#6311,#6312));
#6310=ORIENTED_EDGE('',*,*,#6313,.T.);
#6311=ORIENTED_EDGE('',*,*,#6314,.T.);
#6312=ORIENTED_EDGE('',*,*,#6315,.T.);
#6313=EDGE_CURVE('',#485,#483,#6316,.F.);
#6314=EDGE_CURVE('',#483,#487,#6317,.T.);
#6315=EDGE_CURVE('',#487,#485,#6318,.T.);
#6316=LINE('',#484,#6319);
#6317=LINE('',#482,#6320);
#6318=LINE('',#486,#6321);
#6319=VECTOR('',#6322,1.0);
#6320=VECTOR('',#6323,1.0);
#6321=VECTOR('',#6324,1.0);
#6322=DIRECTION('',(0.01085111717091165,0,-0.9999411248949326));
#6323=DIRECTION('',(-0.8854566534882817,0,-0.4647219758020199));
#6324=DIRECTION('',(0,0,1));
#6325=FACE_SURFACE('',(#6330),#6326,.T.);
#6326=PLANE('',#6327);
#6327=AXIS2_PLACEMENT_3D('',#484,#6328,#6329);
#6328=DIRECTION('',(0,1,0));
#6329=DIRECTION('',(0,0,-1));
#6330=FACE_BOUND('',#6331,.T.);
#6331=EDGE_LOOP('',(#6332,#6333,#6334));
#6332=ORIENTED_EDGE('',*,*,#6335,.T.);
#6333=ORIENTED_EDGE('',*,*,#6336,.T.);
#6334=ORIENTED_EDGE('',*,*,#6337,.T.);
#6335=EDGE_CURVE('',#485,#487,#6338,.F.);
#6336=EDGE_CURVE('',#487,#489,#6339,.T.);
#6337=EDGE_CURVE('',#489,#485,#6340,.T.);
#6338=LINE('',#484,#6341);
#6339=LINE('',#486,#6342);
#6340=LINE('',#488,#6343);
#6341=VECTOR('',#6344,1.0);
#6342=VECTOR('',#6345,1.0);
#6343=VECTOR('',#6346,1.0);
#6344=DIRECTION('',(0,0,-1));
#6345=DIRECTION('',(-0.009047929326703173,0,0.9999590666496799));
#6346=DIRECTION('',(0.7485093343142877,0,-0.6631242541518007));
#6347=FACE_SURFACE('',(#6352),#6348,.T.);
#6348=PLANE('',#6349);
#6349=AXIS2_PLACEMENT_3D('',#488,#6350,#6351);
#6350=DIRECTION('',(0,1,0));
#6351=DIRECTION('',(0.009047929326703173,0,-0.9999590666496799));
#6352=FACE_BOUND('',#6353,.T.);
#6353=EDGE_LOOP('',(#6354,#6355,#6356));
#6354=ORIENTED_EDGE('',*,*,#6357,.T.);
#6355=ORIENTED_EDGE('',*,*,#6358,.T.);
#6356=ORIENTED_EDGE('',*,*,#6359,.T.);
#6357=EDGE_CURVE('',#489,#487,#6360,.F.);
#6358=EDGE_CURVE('',#487,#491,#6361,.T.);
#6359=EDGE_CURVE('',#491,#489,#6362,.T.);
#6360=LINE('',#488,#6363);
#6361=LINE('',#486,#6364);
#6362=LINE('',#490,#6365);
#6363=VECTOR('',#6366,1.0);
#6364=VECTOR('',#6367,1.0);
#6365=VECTOR('',#6368,1.0);
#6366=DIRECTION('',(0.009047929326703173,0,-0.9999590666496799));
#6367=DIRECTION('',(-0.748508633043982,0,-0.663125045718098));
#6368=DIRECTION('',(0,0,1));
#6369=FACE_SURFACE('',(#6374),#6370,.T.);
#6370=PLANE('',#6371);
#6371=AXIS2_PLACEMENT_3D('',#488,#6372,#6373);
#6372=DIRECTION('',(0,1,0));
#6373=DIRECTION('',(0,0,-1));
#6374=FACE_BOUND('',#6375,.T.);
#6375=EDGE_LOOP('',(#6376,#6377,#6378));
#6376=ORIENTED_EDGE('',*,*,#6379,.T.);
#6377=ORIENTED_EDGE('',*,*,#6380,.T.);
#6378=ORIENTED_EDGE('',*,*,#6381,.T.);
#6379=EDGE_CURVE('',#489,#491,#6382,.F.);
#6380=EDGE_CURVE('',#491,#271,#6383,.T.);
#6381=EDGE_CURVE('',#271,#489,#6384,.T.);
#6382=LINE('',#488,#6385);
#6383=LINE('',#490,#6386);
#6384=LINE('',#270,#6387);
#6385=VECTOR('',#6388,1.0);
#6386=VECTOR('',#6389,1.0);
#6387=VECTOR('',#6390,1.0);
#6388=DIRECTION('',(0,0,-1));
#6389=DIRECTION('',(-0.12230177285445258,0,0.9924929603562223));
#6390=DIRECTION('',(0.7092314131799348,0,-0.7049757460783972));
#6391=FACE_SURFACE('',(#6396),#6392,.T.);
#6392=PLANE('',#6393);
#6393=AXIS2_PLACEMENT_3D('',#270,#6394,#6395);
#6394=DIRECTION('',(0,1,0));
#6395=DIRECTION('',(0.12230177285445258,0,-0.9924929603562223));
#6396=FACE_BOUND('',#6397,.T.);
#6397=EDGE_LOOP('',(#6398,#6399,#6400));
#6398=ORIENTED_EDGE('',*,*,#6401,.T.);
#6399=ORIENTED_EDGE('',*,*,#6402,.T.);
#6400=ORIENTED_EDGE('',*,*,#6403,.T.);
#6401=EDGE_CURVE('',#271,#491,#6404,.F.);
#6402=EDGE_CURVE('',#491,#493,#6405,.T.);
#6403=EDGE_CURVE('',#493,#271,#6406,.T.);
#6404=LINE('',#270,#6407);
#6405=LINE('',#490,#6408);
#6406=LINE('',#492,#6409);
#6407=VECTOR('',#6410,1.0);
#6408=VECTOR('',#6411,1.0);
#6409=VECTOR('',#6412,1.0);
#6410=DIRECTION('',(0.12230177285445258,0,-0.9924929603562223));
#6411=DIRECTION('',(-0.5680671578262806,0,-0.8229822016296414));
#6412=DIRECTION('',(-0.11546462272744044,0,0.9933115930554772));
#6413=FACE_SURFACE('',(#6418),#6414,.T.);
#6414=PLANE('',#6415);
#6415=AXIS2_PLACEMENT_3D('',#270,#6416,#6417);
#6416=DIRECTION('',(0,1,0));
#6417=DIRECTION('',(0.11546462272744044,0,-0.9933115930554772));
#6418=FACE_BOUND('',#6419,.T.);
#6419=EDGE_LOOP('',(#6420,#6421,#6422));
#6420=ORIENTED_EDGE('',*,*,#6423,.T.);
#6421=ORIENTED_EDGE('',*,*,#6424,.T.);
#6422=ORIENTED_EDGE('',*,*,#6425,.T.);
#6423=EDGE_CURVE('',#271,#493,#6426,.F.);
#6424=EDGE_CURVE('',#493,#293,#6427,.T.);
#6425=EDGE_CURVE('',#293,#271,#6428,.T.);
#6426=LINE('',#270,#6429);
#6427=LINE('',#492,#6430);
#6428=LINE('',#292,#6431);
#6429=VECTOR('',#6432,1.0);
#6430=VECTOR('',#6433,1.0);
#6431=VECTOR('',#6434,1.0);
#6432=DIRECTION('',(0.11546462272744044,0,-0.9933115930554772));
#6433=DIRECTION('',(-0.6090783636912027,0,-0.7931100471455693));
#6434=DIRECTION('',(0,0,1));
#6435=FACE_SURFACE('',(#6440),#6436,.T.);
#6436=PLANE('',#6437);
#6437=AXIS2_PLACEMENT_3D('',#292,#6438,#6439);
#6438=DIRECTION('',(0,1,0));
#6439=DIRECTION('',(0.6090783636912027,0,0.7931100471455693));
#6440=FACE_BOUND('',#6441,.T.);
#6441=EDGE_LOOP('',(#6442,#6443,#6444));
#6442=ORIENTED_EDGE('',*,*,#6445,.T.);
#6443=ORIENTED_EDGE('',*,*,#6446,.T.);
#6444=ORIENTED_EDGE('',*,*,#6447,.T.);
#6445=EDGE_CURVE('',#293,#493,#6448,.F.);
#6446=EDGE_CURVE('',#493,#495,#6449,.T.);
#6447=EDGE_CURVE('',#495,#293,#6450,.T.);
#6448=LINE('',#292,#6451);
#6449=LINE('',#492,#6452);
#6450=LINE('',#494,#6453);
#6451=VECTOR('',#6454,1.0);
#6452=VECTOR('',#6455,1.0);
#6453=VECTOR('',#6456,1.0);
#6454=DIRECTION('',(0.6090783636912027,0,0.7931100471455693));
#6455=DIRECTION('',(-0.35460533946015727,0,-0.9350160711059178));
#6456=DIRECTION('',(-0.6221805357647555,0,-0.7828737962887006));
#6457=FACE_SURFACE('',(#6462),#6458,.T.);
#6458=PLANE('',#6459);
#6459=AXIS2_PLACEMENT_3D('',#292,#6460,#6461);
#6460=DIRECTION('',(0,1,0));
#6461=DIRECTION('',(0.6221805357647555,0,0.7828737962887006));
#6462=FACE_BOUND('',#6463,.T.);
#6463=EDGE_LOOP('',(#6464,#6465,#6466));
#6464=ORIENTED_EDGE('',*,*,#6467,.T.);
#6465=ORIENTED_EDGE('',*,*,#6468,.T.);
#6466=ORIENTED_EDGE('',*,*,#6469,.T.);
#6467=EDGE_CURVE('',#293,#495,#6470,.F.);
#6468=EDGE_CURVE('',#495,#497,#6471,.T.);
#6469=EDGE_CURVE('',#497,#293,#6472,.T.);
#6470=LINE('',#292,#6473);
#6471=LINE('',#494,#6474);
#6472=LINE('',#496,#6475);
#6473=VECTOR('',#6476,1.0);
#6474=VECTOR('',#6477,1.0);
#6475=VECTOR('',#6478,1.0);
#6476=DIRECTION('',(0.6221805357647555,0,0.7828737962887006));
#6477=DIRECTION('',(-0.12053254379935671,0,-0.9927093763459959));
#6478=DIRECTION('',(-0.6467048132630229,0,-0.7627403781775546));
#6479=FACE_SURFACE('',(#6484),#6480,.T.);
#6480=PLANE('',#6481);
#6481=AXIS2_PLACEMENT_3D('',#292,#6482,#6483);
#6482=DIRECTION('',(0,1,0));
#6483=DIRECTION('',(0.9963969383899662,0,0.08481238805210997));
#6484=FACE_BOUND('',#6485,.T.);
#6485=EDGE_LOOP('',(#6486,#6487,#6488));
#6486=ORIENTED_EDGE('',*,*,#6489,.T.);
#6487=ORIENTED_EDGE('',*,*,#6490,.T.);
#6488=ORIENTED_EDGE('',*,*,#6491,.T.);
#6489=EDGE_CURVE('',#293,#499,#6492,.F.);
#6490=EDGE_CURVE('',#499,#283,#6493,.T.);
#6491=EDGE_CURVE('',#283,#293,#6494,.T.);
#6492=LINE('',#292,#6495);
#6493=LINE('',#498,#6496);
#6494=LINE('',#282,#6497);
#6495=VECTOR('',#6498,1.0);
#6496=VECTOR('',#6499,1.0);
#6497=VECTOR('',#6500,1.0);
#6498=DIRECTION('',(0.9963969383899662,0,0.08481238805210997));
#6499=DIRECTION('',(0.8819880526045403,0,-0.4712717634898685));
#6500=DIRECTION('',(-1,0,0));
#6501=FACE_SURFACE('',(#6506),#6502,.T.);
#6502=PLANE('',#6503);
#6503=AXIS2_PLACEMENT_3D('',#282,#6504,#6505);
#6504=DIRECTION('',(0,1,0));
#6505=DIRECTION('',(-0.8819880526045403,0,0.4712717634898685));
#6506=FACE_BOUND('',#6507,.T.);
#6507=EDGE_LOOP('',(#6508,#6509,#6510));
#6508=ORIENTED_EDGE('',*,*,#6511,.T.);
#6509=ORIENTED_EDGE('',*,*,#6512,.T.);
#6510=ORIENTED_EDGE('',*,*,#6513,.T.);
#6511=EDGE_CURVE('',#283,#499,#6514,.F.);
#6512=EDGE_CURVE('',#499,#501,#6515,.T.);
#6513=EDGE_CURVE('',#501,#283,#6516,.T.);
#6514=LINE('',#282,#6517);
#6515=LINE('',#498,#6518);
#6516=LINE('',#500,#6519);
#6517=VECTOR('',#6520,1.0);
#6518=VECTOR('',#6521,1.0);
#6519=VECTOR('',#6522,1.0);
#6520=DIRECTION('',(-0.8819880526045403,0,0.4712717634898685));
#6521=DIRECTION('',(0.9709413213317685,0,-0.23931767701220788));
#6522=DIRECTION('',(0.8752612314791822,0,-0.4836504695227179));
#6523=FACE_SURFACE('',(#6528),#6524,.T.);
#6524=PLANE('',#6525);
#6525=AXIS2_PLACEMENT_3D('',#282,#6526,#6527);
#6526=DIRECTION('',(0,1,0));
#6527=DIRECTION('',(-0.8752612314791822,0,0.4836504695227179));
#6528=FACE_BOUND('',#6529,.T.);
#6529=EDGE_LOOP('',(#6530,#6531,#6532));
#6530=ORIENTED_EDGE('',*,*,#6533,.T.);
#6531=ORIENTED_EDGE('',*,*,#6534,.T.);
#6532=ORIENTED_EDGE('',*,*,#6535,.T.);
#6533=EDGE_CURVE('',#283,#501,#6536,.F.);
#6534=EDGE_CURVE('',#501,#503,#6537,.T.);
#6535=EDGE_CURVE('',#503,#283,#6538,.T.);
#6536=LINE('',#282,#6539);
#6537=LINE('',#500,#6540);
#6538=LINE('',#502,#6541);
#6539=VECTOR('',#6542,1.0);
#6540=VECTOR('',#6543,1.0);
#6541=VECTOR('',#6544,1.0);
#6542=DIRECTION('',(-0.8752612314791822,0,0.4836504695227179));
#6543=DIRECTION('',(1,0,0));
#6544=DIRECTION('',(0.8608241552824606,0,-0.5089025188405321));
#6545=FACE_SURFACE('',(#6550),#6546,.T.);
#6546=PLANE('',#6547);
#6547=AXIS2_PLACEMENT_3D('',#504,#6548,#6549);
#6548=DIRECTION('',(0,1,0));
#6549=DIRECTION('',(0.12053499032309353,0,0.9927090792915172));
#6550=FACE_BOUND('',#6551,.T.);
#6551=EDGE_LOOP('',(#6552,#6553,#6554));
#6552=ORIENTED_EDGE('',*,*,#6555,.T.);
#6553=ORIENTED_EDGE('',*,*,#6556,.T.);
#6554=ORIENTED_EDGE('',*,*,#6557,.T.);
#6555=EDGE_CURVE('',#505,#507,#6558,.F.);
#6556=EDGE_CURVE('',#507,#509,#6559,.T.);
#6557=EDGE_CURVE('',#509,#505,#6560,.T.);
#6558=LINE('',#504,#6561);
#6559=LINE('',#506,#6562);
#6560=LINE('',#508,#6563);
#6561=VECTOR('',#6564,1.0);
#6562=VECTOR('',#6565,1.0);
#6563=VECTOR('',#6566,1.0);
#6564=DIRECTION('',(0.12053499032309353,0,0.9927090792915172));
#6565=DIRECTION('',(1,0,0));
#6566=DIRECTION('',(-0.9999243718811999,0,-0.01229839493543648));
#6567=FACE_SURFACE('',(#6572),#6568,.T.);
#6568=PLANE('',#6569);
#6569=AXIS2_PLACEMENT_3D('',#508,#6570,#6571);
#6570=DIRECTION('',(0,1,0));
#6571=DIRECTION('',(-1,0,0));
#6572=FACE_BOUND('',#6573,.T.);
#6573=EDGE_LOOP('',(#6574,#6575,#6576));
#6574=ORIENTED_EDGE('',*,*,#6577,.T.);
#6575=ORIENTED_EDGE('',*,*,#6578,.T.);
#6576=ORIENTED_EDGE('',*,*,#6579,.T.);
#6577=EDGE_CURVE('',#509,#507,#6580,.F.);
#6578=EDGE_CURVE('',#507,#511,#6581,.T.);
#6579=EDGE_CURVE('',#511,#509,#6582,.T.);
#6580=LINE('',#508,#6583);
#6581=LINE('',#506,#6584);
#6582=LINE('',#510,#6585);
#6583=VECTOR('',#6586,1.0);
#6584=VECTOR('',#6587,1.0);
#6585=VECTOR('',#6588,1.0);
#6586=DIRECTION('',(-1,0,0));
#6587=DIRECTION('',(-0.12053499032309353,0,0.9927090792915172));
#6588=DIRECTION('',(0.9999243718811999,0,-0.01229839493543648));
#6589=FACE_SURFACE('',(#6594),#6590,.T.);
#6590=PLANE('',#6591);
#6591=AXIS2_PLACEMENT_3D('',#508,#6592,#6593);
#6592=DIRECTION('',(0,1,-0));
#6593=DIRECTION('',(-0.9999243718811999,0,0.01229839493543648));
#6594=FACE_BOUND('',#6595,.T.);
#6595=EDGE_LOOP('',(#6596,#6597,#6598));
#6596=ORIENTED_EDGE('',*,*,#6599,.T.);
#6597=ORIENTED_EDGE('',*,*,#6600,.T.);
#6598=ORIENTED_EDGE('',*,*,#6601,.T.);
#6599=EDGE_CURVE('',#509,#511,#6602,.F.);
#6600=EDGE_CURVE('',#511,#513,#6603,.T.);
#6601=EDGE_CURVE('',#513,#509,#6604,.T.);
#6602=LINE('',#508,#6605);
#6603=LINE('',#510,#6606);
#6604=LINE('',#512,#6607);
#6605=VECTOR('',#6608,1.0);
#6606=VECTOR('',#6609,1.0);
#6607=VECTOR('',#6610,1.0);
#6608=DIRECTION('',(-0.9999243718811999,0,0.01229839493543648));
#6609=DIRECTION('',(1,0,0));
#6610=DIRECTION('',(-0.12053499032309353,0,-0.9927090792915172));
#6611=FACE_SURFACE('',(#6616),#6612,.T.);
#6612=PLANE('',#6613);
#6613=AXIS2_PLACEMENT_3D('',#512,#6614,#6615);
#6614=DIRECTION('',(0,1,0));
#6615=DIRECTION('',(-1,0,0));
#6616=FACE_BOUND('',#6617,.T.);
#6617=EDGE_LOOP('',(#6618,#6619,#6620));
#6618=ORIENTED_EDGE('',*,*,#6621,.T.);
#6619=ORIENTED_EDGE('',*,*,#6622,.T.);
#6620=ORIENTED_EDGE('',*,*,#6623,.T.);
#6621=EDGE_CURVE('',#513,#511,#6624,.F.);
#6622=EDGE_CURVE('',#511,#515,#6625,.T.);
#6623=EDGE_CURVE('',#515,#513,#6626,.T.);
#6624=LINE('',#512,#6627);
#6625=LINE('',#510,#6628);
#6626=LINE('',#514,#6629);
#6627=VECTOR('',#6630,1.0);
#6628=VECTOR('',#6631,1.0);
#6629=VECTOR('',#6632,1.0);
#6630=DIRECTION('',(-1,0,0));
#6631=DIRECTION('',(-0.3546058079036296,0,0.9350158934483488));
#6632=DIRECTION('',(0.9999336890860466,0,-0.011515964170209222));
#6633=FACE_SURFACE('',(#6638),#6634,.T.);
#6634=PLANE('',#6635);
#6635=AXIS2_PLACEMENT_3D('',#512,#6636,#6637);
#6636=DIRECTION('',(0,1,-0));
#6637=DIRECTION('',(-0.9999336890860466,0,0.011515964170209222));
#6638=FACE_BOUND('',#6639,.T.);
#6639=EDGE_LOOP('',(#6640,#6641,#6642));
#6640=ORIENTED_EDGE('',*,*,#6643,.T.);
#6641=ORIENTED_EDGE('',*,*,#6644,.T.);
#6642=ORIENTED_EDGE('',*,*,#6645,.T.);
#6643=EDGE_CURVE('',#513,#515,#6646,.F.);
#6644=EDGE_CURVE('',#515,#517,#6647,.T.);
#6645=EDGE_CURVE('',#517,#513,#6648,.T.);
#6646=LINE('',#512,#6649);
#6647=LINE('',#514,#6650);
#6648=LINE('',#516,#6651);
#6649=VECTOR('',#6652,1.0);
#6650=VECTOR('',#6653,1.0);
#6651=VECTOR('',#6654,1.0);
#6652=DIRECTION('',(-0.9999336890860466,0,0.011515964170209222));
#6653=DIRECTION('',(1,0,0));
#6654=DIRECTION('',(-0.3546058079036296,0,-0.9350158934483488));
#6655=FACE_SURFACE('',(#6660),#6656,.T.);
#6656=PLANE('',#6657);
#6657=AXIS2_PLACEMENT_3D('',#516,#6658,#6659);
#6658=DIRECTION('',(0,1,0));
#6659=DIRECTION('',(-1,0,0));
#6660=FACE_BOUND('',#6661,.T.);
#6661=EDGE_LOOP('',(#6662,#6663,#6664));
#6662=ORIENTED_EDGE('',*,*,#6665,.T.);
#6663=ORIENTED_EDGE('',*,*,#6666,.T.);
#6664=ORIENTED_EDGE('',*,*,#6667,.T.);
#6665=EDGE_CURVE('',#517,#515,#6668,.F.);
#6666=EDGE_CURVE('',#515,#519,#6669,.T.);
#6667=EDGE_CURVE('',#519,#517,#6670,.T.);
#6668=LINE('',#516,#6671);
#6669=LINE('',#514,#6672);
#6670=LINE('',#518,#6673);
#6671=VECTOR('',#6674,1.0);
#6672=VECTOR('',#6675,1.0);
#6673=VECTOR('',#6676,1.0);
#6674=DIRECTION('',(-1,0,0));
#6675=DIRECTION('',(-0.5680652439958387,0,0.8229835226564066));
#6676=DIRECTION('',(0.9999497743536852,0,-0.010022413382722011));
#6677=FACE_SURFACE('',(#6682),#6678,.T.);
#6678=PLANE('',#6679);
#6679=AXIS2_PLACEMENT_3D('',#516,#6680,#6681);
#6680=DIRECTION('',(0,1,-0));
#6681=DIRECTION('',(-0.9999497743536852,0,0.010022413382722011));
#6682=FACE_BOUND('',#6683,.T.);
#6683=EDGE_LOOP('',(#6684,#6685,#6686));
#6684=ORIENTED_EDGE('',*,*,#6687,.T.);
#6685=ORIENTED_EDGE('',*,*,#6688,.T.);
#6686=ORIENTED_EDGE('',*,*,#6689,.T.);
#6687=EDGE_CURVE('',#517,#519,#6690,.F.);
#6688=EDGE_CURVE('',#519,#521,#6691,.T.);
#6689=EDGE_CURVE('',#521,#517,#6692,.T.);
#6690=LINE('',#516,#6693);
#6691=LINE('',#518,#6694);
#6692=LINE('',#520,#6695);
#6693=VECTOR('',#6696,1.0);
#6694=VECTOR('',#6697,1.0);
#6695=VECTOR('',#6698,1.0);
#6696=DIRECTION('',(-0.9999497743536852,0,0.010022413382722011));
#6697=DIRECTION('',(1,0,0));
#6698=DIRECTION('',(-0.5680652439958387,0,-0.8229835226564066));
#6699=FACE_SURFACE('',(#6704),#6700,.T.);
#6700=PLANE('',#6701);
#6701=AXIS2_PLACEMENT_3D('',#520,#6702,#6703);
#6702=DIRECTION('',(0,1,0));
#6703=DIRECTION('',(-1,0,0));
#6704=FACE_BOUND('',#6705,.T.);
#6705=EDGE_LOOP('',(#6706,#6707,#6708));
#6706=ORIENTED_EDGE('',*,*,#6709,.T.);
#6707=ORIENTED_EDGE('',*,*,#6710,.T.);
#6708=ORIENTED_EDGE('',*,*,#6711,.T.);
#6709=EDGE_CURVE('',#521,#519,#6712,.F.);
#6710=EDGE_CURVE('',#519,#523,#6713,.T.);
#6711=EDGE_CURVE('',#523,#521,#6714,.T.);
#6712=LINE('',#520,#6715);
#6713=LINE('',#518,#6716);
#6714=LINE('',#522,#6717);
#6715=VECTOR('',#6718,1.0);
#6716=VECTOR('',#6719,1.0);
#6717=VECTOR('',#6720,1.0);
#6718=DIRECTION('',(-1,0,0));
#6719=DIRECTION('',(-0.7485112781276424,0,0.6631220600430385));
#6720=DIRECTION('',(0.9999684118492604,0,-0.007948289354806168));
#6721=FACE_SURFACE('',(#6726),#6722,.T.);
#6722=PLANE('',#6723);
#6723=AXIS2_PLACEMENT_3D('',#520,#6724,#6725);
#6724=DIRECTION('',(0,1,-0));
#6725=DIRECTION('',(-0.9999684118492604,0,0.007948289354806168));
#6726=FACE_BOUND('',#6727,.T.);
#6727=EDGE_LOOP('',(#6728,#6729,#6730));
#6728=ORIENTED_EDGE('',*,*,#6731,.T.);
#6729=ORIENTED_EDGE('',*,*,#6732,.T.);
#6730=ORIENTED_EDGE('',*,*,#6733,.T.);
#6731=EDGE_CURVE('',#521,#523,#6734,.F.);
#6732=EDGE_CURVE('',#523,#525,#6735,.T.);
#6733=EDGE_CURVE('',#525,#521,#6736,.T.);
#6734=LINE('',#520,#6737);
#6735=LINE('',#522,#6738);
#6736=LINE('',#524,#6739);
#6737=VECTOR('',#6740,1.0);
#6738=VECTOR('',#6741,1.0);
#6739=VECTOR('',#6742,1.0);
#6740=DIRECTION('',(-0.9999684118492604,0,0.007948289354806168));
#6741=DIRECTION('',(1,0,0));
#6742=DIRECTION('',(-0.7485112781276424,0,-0.6631220600430385));
#6743=FACE_SURFACE('',(#6748),#6744,.T.);
#6744=PLANE('',#6745);
#6745=AXIS2_PLACEMENT_3D('',#524,#6746,#6747);
#6746=DIRECTION('',(0,1,0));
#6747=DIRECTION('',(-1,0,0));
#6748=FACE_BOUND('',#6749,.T.);
#6749=EDGE_LOOP('',(#6750,#6751,#6752));
#6750=ORIENTED_EDGE('',*,*,#6753,.T.);
#6751=ORIENTED_EDGE('',*,*,#6754,.T.);
#6752=ORIENTED_EDGE('',*,*,#6755,.T.);
#6753=EDGE_CURVE('',#525,#523,#6756,.F.);
#6754=EDGE_CURVE('',#523,#431,#6757,.T.);
#6755=EDGE_CURVE('',#431,#525,#6758,.T.);
#6756=LINE('',#524,#6759);
#6757=LINE('',#522,#6760);
#6758=LINE('',#430,#6761);
#6759=VECTOR('',#6762,1.0);
#6760=VECTOR('',#6763,1.0);
#6761=VECTOR('',#6764,1.0);
#6762=DIRECTION('',(-1,0,0));
#6763=DIRECTION('',(-0.8854554618614235,0,0.46472424625768477));
#6764=DIRECTION('',(0.9999850758038247,0,-0.005463347839833155));
#6765=FACE_SURFACE('',(#6770),#6766,.T.);
#6766=PLANE('',#6767);
#6767=AXIS2_PLACEMENT_3D('',#524,#6768,#6769);
#6768=DIRECTION('',(0,1,-0));
#6769=DIRECTION('',(-0.9999850758038247,0,0.005463347839833155));
#6770=FACE_BOUND('',#6771,.T.);
#6771=EDGE_LOOP('',(#6772,#6773,#6774));
#6772=ORIENTED_EDGE('',*,*,#6775,.T.);
#6773=ORIENTED_EDGE('',*,*,#6776,.T.);
#6774=ORIENTED_EDGE('',*,*,#6777,.T.);
#6775=EDGE_CURVE('',#525,#431,#6778,.F.);
#6776=EDGE_CURVE('',#431,#429,#6779,.T.);
#6777=EDGE_CURVE('',#429,#525,#6780,.T.);
#6778=LINE('',#524,#6781);
#6779=LINE('',#430,#6782);
#6780=LINE('',#428,#6783);
#6781=VECTOR('',#6784,1.0);
#6782=VECTOR('',#6785,1.0);
#6783=VECTOR('',#6786,1.0);
#6784=DIRECTION('',(-0.9999850758038247,0,0.005463347839833155));
#6785=DIRECTION('',(1,0,0));
#6786=DIRECTION('',(-0.8854554618614235,0,-0.46472424625768477));
#6787=FACE_SURFACE('',(#6792),#6788,.T.);
#6788=PLANE('',#6789);
#6789=AXIS2_PLACEMENT_3D('',#432,#6790,#6791);
#6790=DIRECTION('',(0,1,0));
#6791=DIRECTION('',(-1,0,0));
#6792=FACE_BOUND('',#6793,.T.);
#6793=EDGE_LOOP('',(#6794,#6795,#6796));
#6794=ORIENTED_EDGE('',*,*,#6797,.T.);
#6795=ORIENTED_EDGE('',*,*,#6798,.T.);
#6796=ORIENTED_EDGE('',*,*,#6799,.T.);
#6797=EDGE_CURVE('',#433,#527,#6800,.F.);
#6798=EDGE_CURVE('',#527,#271,#6801,.T.);
#6799=EDGE_CURVE('',#271,#433,#6802,.T.);
#6800=LINE('',#432,#6803);
#6801=LINE('',#526,#6804);
#6802=LINE('',#270,#6805);
#6803=VECTOR('',#6806,1.0);
#6804=VECTOR('',#6807,1.0);
#6805=VECTOR('',#6808,1.0);
#6806=DIRECTION('',(-1,0,0));
#6807=DIRECTION('',(-0.9486955822296008,0,0.31619091109334374));
#6808=DIRECTION('',(0.9547439649468484,0,-0.29742891822681133));
#6809=FACE_SURFACE('',(#6814),#6810,.T.);
#6810=PLANE('',#6811);
#6811=AXIS2_PLACEMENT_3D('',#270,#6812,#6813);
#6812=DIRECTION('',(0,1,0));
#6813=DIRECTION('',(0.9486955822296008,0,-0.31619091109334374));
#6814=FACE_BOUND('',#6815,.T.);
#6815=EDGE_LOOP('',(#6816,#6817,#6818));
#6816=ORIENTED_EDGE('',*,*,#6819,.T.);
#6817=ORIENTED_EDGE('',*,*,#6820,.T.);
#6818=ORIENTED_EDGE('',*,*,#6821,.T.);
#6819=EDGE_CURVE('',#271,#527,#6822,.F.);
#6820=EDGE_CURVE('',#527,#529,#6823,.T.);
#6821=EDGE_CURVE('',#529,#271,#6824,.T.);
#6822=LINE('',#270,#6825);
#6823=LINE('',#526,#6826);
#6824=LINE('',#528,#6827);
#6825=VECTOR('',#6828,1.0);
#6826=VECTOR('',#6829,1.0);
#6827=VECTOR('',#6830,1.0);
#6828=DIRECTION('',(0.9486955822296008,0,-0.31619091109334374));
#6829=DIRECTION('',(-0.9709418160800666,0,-0.23931566974843524));
#6830=DIRECTION('',(-0.9361825294469793,0,0.3515142551280895));
#6831=FACE_SURFACE('',(#6836),#6832,.T.);
#6832=PLANE('',#6833);
#6833=AXIS2_PLACEMENT_3D('',#270,#6834,#6835);
#6834=DIRECTION('',(0,1,0));
#6835=DIRECTION('',(0.9361825294469793,0,-0.3515142551280895));
#6836=FACE_BOUND('',#6837,.T.);
#6837=EDGE_LOOP('',(#6838,#6839,#6840));
#6838=ORIENTED_EDGE('',*,*,#6841,.T.);
#6839=ORIENTED_EDGE('',*,*,#6842,.T.);
#6840=ORIENTED_EDGE('',*,*,#6843,.T.);
#6841=EDGE_CURVE('',#271,#529,#6844,.F.);
#6842=EDGE_CURVE('',#529,#531,#6845,.T.);
#6843=EDGE_CURVE('',#531,#271,#6846,.T.);
#6844=LINE('',#270,#6847);
#6845=LINE('',#528,#6848);
#6846=LINE('',#530,#6849);
#6847=VECTOR('',#6850,1.0);
#6848=VECTOR('',#6851,1.0);
#6849=VECTOR('',#6852,1.0);
#6850=DIRECTION('',(0.9361825294469793,0,-0.3515142551280895));
#6851=DIRECTION('',(-0.8854560721176176,0,-0.4647230835132257));
#6852=DIRECTION('',(-0.9154954768739438,0,0.4023282637639941));
#6853=FACE_SURFACE('',(#6858),#6854,.T.);
#6854=PLANE('',#6855);
#6855=AXIS2_PLACEMENT_3D('',#530,#6856,#6857);
#6856=DIRECTION('',(0,1,0));
#6857=DIRECTION('',(-0.7485100355850703,0,-0.6631234625832785));
#6858=FACE_BOUND('',#6859,.T.);
#6859=EDGE_LOOP('',(#6860,#6861,#6862));
#6860=ORIENTED_EDGE('',*,*,#6863,.T.);
#6861=ORIENTED_EDGE('',*,*,#6864,.T.);
#6862=ORIENTED_EDGE('',*,*,#6865,.T.);
#6863=EDGE_CURVE('',#531,#533,#6866,.F.);
#6864=EDGE_CURVE('',#533,#271,#6867,.T.);
#6865=EDGE_CURVE('',#271,#531,#6868,.T.);
#6866=LINE('',#530,#6869);
#6867=LINE('',#532,#6870);
#6868=LINE('',#270,#6871);
#6869=VECTOR('',#6872,1.0);
#6870=VECTOR('',#6873,1.0);
#6871=VECTOR('',#6874,1.0);
#6872=DIRECTION('',(-0.7485100355850703,0,-0.6631234625832785));
#6873=DIRECTION('',(-0.885694421914592,0,0.4642686625105949));
#6874=DIRECTION('',(0.9154954768739438,0,-0.4023282637639941));
#6875=FACE_SURFACE('',(#6880),#6876,.T.);
#6876=PLANE('',#6877);
#6877=AXIS2_PLACEMENT_3D('',#270,#6878,#6879);
#6878=DIRECTION('',(0,1,0));
#6879=DIRECTION('',(0.885694421914592,0,-0.4642686625105949));
#6880=FACE_BOUND('',#6881,.T.);
#6881=EDGE_LOOP('',(#6882,#6883,#6884));
#6882=ORIENTED_EDGE('',*,*,#6885,.T.);
#6883=ORIENTED_EDGE('',*,*,#6886,.T.);
#6884=ORIENTED_EDGE('',*,*,#6887,.T.);
#6885=EDGE_CURVE('',#271,#533,#6888,.F.);
#6886=EDGE_CURVE('',#533,#535,#6889,.T.);
#6887=EDGE_CURVE('',#535,#271,#6890,.T.);
#6888=LINE('',#270,#6891);
#6889=LINE('',#532,#6892);
#6890=LINE('',#534,#6893);
#6891=VECTOR('',#6894,1.0);
#6892=VECTOR('',#6895,1.0);
#6893=VECTOR('',#6896,1.0);
#6894=DIRECTION('',(0.885694421914592,0,-0.4642686625105949));
#6895=DIRECTION('',(-0.5680671578262806,0,-0.8229822016296414));
#6896=DIRECTION('',(-0.8480832152336388,0,0.5298630578168037));
#6897=FACE_SURFACE('',(#6902),#6898,.T.);
#6898=PLANE('',#6899);
#6899=AXIS2_PLACEMENT_3D('',#270,#6900,#6901);
#6900=DIRECTION('',(0,1,0));
#6901=DIRECTION('',(0.8480832152336388,0,-0.5298630578168037));
#6902=FACE_BOUND('',#6903,.T.);
#6903=EDGE_LOOP('',(#6904,#6905,#6906));
#6904=ORIENTED_EDGE('',*,*,#6907,.T.);
#6905=ORIENTED_EDGE('',*,*,#6908,.T.);
#6906=ORIENTED_EDGE('',*,*,#6909,.T.);
#6907=EDGE_CURVE('',#271,#535,#6910,.F.);
#6908=EDGE_CURVE('',#535,#537,#6911,.T.);
#6909=EDGE_CURVE('',#537,#271,#6912,.T.);
#6910=LINE('',#270,#6913);
#6911=LINE('',#534,#6914);
#6912=LINE('',#536,#6915);
#6913=VECTOR('',#6916,1.0);
#6914=VECTOR('',#6917,1.0);
#6915=VECTOR('',#6918,1.0);
#6916=DIRECTION('',(0.8480832152336388,0,-0.5298630578168037));
#6917=DIRECTION('',(-0.3546058079036296,0,-0.9350158934483488));
#6918=DIRECTION('',(-0.8069198730289313,0,0.5906609166949963));
#6919=FACE_SURFACE('',(#6924),#6920,.T.);
#6920=PLANE('',#6921);
#6921=AXIS2_PLACEMENT_3D('',#536,#6922,#6923);
#6922=DIRECTION('',(0,1,0));
#6923=DIRECTION('',(-0.12053220569603969,0,-0.9927094173976831));
#6924=FACE_BOUND('',#6925,.T.);
#6925=EDGE_LOOP('',(#6926,#6927,#6928));
#6926=ORIENTED_EDGE('',*,*,#6929,.T.);
#6927=ORIENTED_EDGE('',*,*,#6930,.T.);
#6928=ORIENTED_EDGE('',*,*,#6931,.T.);
#6929=EDGE_CURVE('',#537,#539,#6932,.F.);
#6930=EDGE_CURVE('',#539,#271,#6933,.T.);
#6931=EDGE_CURVE('',#271,#537,#6934,.T.);
#6932=LINE('',#536,#6935);
#6933=LINE('',#538,#6936);
#6934=LINE('',#270,#6937);
#6935=VECTOR('',#6938,1.0);
#6936=VECTOR('',#6939,1.0);
#6937=VECTOR('',#6940,1.0);
#6938=DIRECTION('',(-0.12053220569603969,0,-0.9927094173976831));
#6939=DIRECTION('',(-0.7682213129595268,0,0.6401843596298966));
#6940=DIRECTION('',(0.8069198730289313,0,-0.5906609166949963));
#6941=FACE_SURFACE('',(#6946),#6942,.T.);
#6942=PLANE('',#6943);
#6943=AXIS2_PLACEMENT_3D('',#270,#6944,#6945);
#6944=DIRECTION('',(0,1,0));
#6945=DIRECTION('',(0.7682213129595268,0,-0.6401843596298966));
#6946=FACE_BOUND('',#6947,.T.);
#6947=EDGE_LOOP('',(#6948,#6949,#6950));
#6948=ORIENTED_EDGE('',*,*,#6951,.T.);
#6949=ORIENTED_EDGE('',*,*,#6952,.T.);
#6950=ORIENTED_EDGE('',*,*,#6953,.T.);
#6951=EDGE_CURVE('',#271,#539,#6954,.F.);
#6952=EDGE_CURVE('',#539,#541,#6955,.T.);
#6953=EDGE_CURVE('',#541,#271,#6956,.T.);
#6954=LINE('',#270,#6957);
#6955=LINE('',#538,#6958);
#6956=LINE('',#540,#6959);
#6957=VECTOR('',#6960,1.0);
#6958=VECTOR('',#6961,1.0);
#6959=VECTOR('',#6962,1.0);
#6960=DIRECTION('',(0.7682213129595268,0,-0.6401843596298966));
#6961=DIRECTION('',(0.12053220569603969,0,-0.9927094173976831));
#6962=DIRECTION('',(-0.7373809227708695,0,0.6754771459742963));
#6963=FACE_SURFACE('',(#6968),#6964,.T.);
#6964=PLANE('',#6965);
#6965=AXIS2_PLACEMENT_3D('',#270,#6966,#6967);
#6966=DIRECTION('',(0,1,0));
#6967=DIRECTION('',(0.7373809227708695,0,-0.6754771459742963));
#6968=FACE_BOUND('',#6969,.T.);
#6969=EDGE_LOOP('',(#6970,#6971,#6972));
#6970=ORIENTED_EDGE('',*,*,#6973,.T.);
#6971=ORIENTED_EDGE('',*,*,#6974,.T.);
#6972=ORIENTED_EDGE('',*,*,#6975,.T.);
#6973=EDGE_CURVE('',#271,#541,#6976,.F.);
#6974=EDGE_CURVE('',#541,#543,#6977,.T.);
#6975=EDGE_CURVE('',#543,#271,#6978,.T.);
#6976=LINE('',#270,#6979);
#6977=LINE('',#540,#6980);
#6978=LINE('',#542,#6981);
#6979=VECTOR('',#6982,1.0);
#6980=VECTOR('',#6983,1.0);
#6981=VECTOR('',#6984,1.0);
#6982=DIRECTION('',(0.7373809227708695,0,-0.6754771459742963));
#6983=DIRECTION('',(0.3546058079036296,0,-0.9350158934483488));
#6984=DIRECTION('',(-0.7174995844299901,0,0.696558932426246));
#6985=FACE_SURFACE('',(#6990),#6986,.T.);
#6986=PLANE('',#6987);
#6987=AXIS2_PLACEMENT_3D('',#542,#6988,#6989);
#6988=DIRECTION('',(0,1,0));
#6989=DIRECTION('',(0.5680678183403006,0,-0.8229817457064836));
#6990=FACE_BOUND('',#6991,.T.);
#6991=EDGE_LOOP('',(#6992,#6993,#6994));
#6992=ORIENTED_EDGE('',*,*,#6995,.T.);
#6993=ORIENTED_EDGE('',*,*,#6996,.T.);
#6994=ORIENTED_EDGE('',*,*,#6997,.T.);
#6995=EDGE_CURVE('',#543,#489,#6998,.F.);
#6996=EDGE_CURVE('',#489,#271,#6999,.T.);
#6997=EDGE_CURVE('',#271,#543,#7000,.T.);
#6998=LINE('',#542,#7001);
#6999=LINE('',#488,#7002);
#7000=LINE('',#270,#7003);
#7001=VECTOR('',#7004,1.0);
#7002=VECTOR('',#7005,1.0);
#7003=VECTOR('',#7006,1.0);
#7004=DIRECTION('',(0.5680678183403006,0,-0.8229817457064836));
#7005=DIRECTION('',(-0.7092314131799348,0,0.7049757460783972));
#7006=DIRECTION('',(0.7174995844299901,0,-0.696558932426246));
#7007=FACE_SURFACE('',(#7012),#7008,.T.);
#7008=PLANE('',#7009);
#7009=AXIS2_PLACEMENT_3D('',#464,#7010,#7011);
#7010=DIRECTION('',(0,1,0));
#7011=DIRECTION('',(0.748510576858662,0,0.6631228516125145));
#7012=FACE_BOUND('',#7013,.T.);
#7013=EDGE_LOOP('',(#7014,#7015,#7016));
#7014=ORIENTED_EDGE('',*,*,#7017,.T.);
#7015=ORIENTED_EDGE('',*,*,#7018,.T.);
#7016=ORIENTED_EDGE('',*,*,#7019,.T.);
#7017=EDGE_CURVE('',#465,#545,#7020,.F.);
#7018=EDGE_CURVE('',#545,#461,#7021,.T.);
#7019=EDGE_CURVE('',#461,#465,#7022,.T.);
#7020=LINE('',#464,#7023);
#7021=LINE('',#544,#7024);
#7022=LINE('',#460,#7025);
#7023=VECTOR('',#7026,1.0);
#7024=VECTOR('',#7027,1.0);
#7025=VECTOR('',#7028,1.0);
#7026=DIRECTION('',(0.748510576858662,0,0.6631228516125145));
#7027=DIRECTION('',(0.9999684117146641,0,-0.007948306288266238));
#7028=DIRECTION('',(-1,0,0));
#7029=FACE_SURFACE('',(#7034),#7030,.T.);
#7030=PLANE('',#7031);
#7031=AXIS2_PLACEMENT_3D('',#460,#7032,#7033);
#7032=DIRECTION('',(0,1,0));
#7033=DIRECTION('',(-0.9999684117146641,0,0.007948306288266238));
#7034=FACE_BOUND('',#7035,.T.);
#7035=EDGE_LOOP('',(#7036,#7037,#7038));
#7036=ORIENTED_EDGE('',*,*,#7039,.T.);
#7037=ORIENTED_EDGE('',*,*,#7040,.T.);
#7038=ORIENTED_EDGE('',*,*,#7041,.T.);
#7039=EDGE_CURVE('',#461,#545,#7042,.F.);
#7040=EDGE_CURVE('',#545,#547,#7043,.T.);
#7041=EDGE_CURVE('',#547,#461,#7044,.T.);
#7042=LINE('',#460,#7045);
#7043=LINE('',#544,#7046);
#7044=LINE('',#546,#7047);
#7045=VECTOR('',#7048,1.0);
#7046=VECTOR('',#7049,1.0);
#7047=VECTOR('',#7050,1.0);
#7048=DIRECTION('',(-0.9999684117146641,0,0.007948306288266238));
#7049=DIRECTION('',(1,0,0));
#7050=DIRECTION('',(0.748510576858662,0,-0.6631228516125145));
#7051=FACE_SURFACE('',(#7056),#7052,.T.);
#7052=PLANE('',#7053);
#7053=AXIS2_PLACEMENT_3D('',#546,#7054,#7055);
#7054=DIRECTION('',(0,1,0));
#7055=DIRECTION('',(-1,0,0));
#7056=FACE_BOUND('',#7057,.T.);
#7057=EDGE_LOOP('',(#7058,#7059,#7060));
#7058=ORIENTED_EDGE('',*,*,#7061,.T.);
#7059=ORIENTED_EDGE('',*,*,#7062,.T.);
#7060=ORIENTED_EDGE('',*,*,#7063,.T.);
#7061=EDGE_CURVE('',#547,#545,#7064,.F.);
#7062=EDGE_CURVE('',#545,#549,#7065,.T.);
#7063=EDGE_CURVE('',#549,#547,#7066,.T.);
#7064=LINE('',#546,#7067);
#7065=LINE('',#544,#7068);
#7066=LINE('',#548,#7069);
#7067=VECTOR('',#7070,1.0);
#7068=VECTOR('',#7071,1.0);
#7069=VECTOR('',#7072,1.0);
#7070=DIRECTION('',(-1,0,0));
#7071=DIRECTION('',(0.9999497745261194,0,0.01002239617870857));
#7072=DIRECTION('',(0.568065904509754,0,-0.8229830667355891));
#7073=FACE_SURFACE('',(#7078),#7074,.T.);
#7074=PLANE('',#7075);
#7075=AXIS2_PLACEMENT_3D('',#548,#7076,#7077);
#7076=DIRECTION('',(0,1,0));
#7077=DIRECTION('',(-0.9999497745261194,0,-0.01002239617870857));
#7078=FACE_BOUND('',#7079,.T.);
#7079=EDGE_LOOP('',(#7080,#7081,#7082));
#7080=ORIENTED_EDGE('',*,*,#7083,.T.);
#7081=ORIENTED_EDGE('',*,*,#7084,.T.);
#7082=ORIENTED_EDGE('',*,*,#7085,.T.);
#7083=EDGE_CURVE('',#549,#545,#7086,.F.);
#7084=EDGE_CURVE('',#545,#551,#7087,.T.);
#7085=EDGE_CURVE('',#551,#549,#7088,.T.);
#7086=LINE('',#548,#7089);
#7087=LINE('',#544,#7090);
#7088=LINE('',#550,#7091);
#7089=VECTOR('',#7092,1.0);
#7090=VECTOR('',#7093,1.0);
#7091=VECTOR('',#7094,1.0);
#7092=DIRECTION('',(-0.9999497745261194,0,-0.01002239617870857));
#7093=DIRECTION('',(0.568065904509754,0,0.8229830667355891));
#7094=DIRECTION('',(1,0,0));
#7095=FACE_SURFACE('',(#7100),#7096,.T.);
#7096=PLANE('',#7097);
#7097=AXIS2_PLACEMENT_3D('',#548,#7098,#7099);
#7098=DIRECTION('',(0,1,0));
#7099=DIRECTION('',(-1,0,0));
#7100=FACE_BOUND('',#7101,.T.);
#7101=EDGE_LOOP('',(#7102,#7103,#7104));
#7102=ORIENTED_EDGE('',*,*,#7105,.T.);
#7103=ORIENTED_EDGE('',*,*,#7106,.T.);
#7104=ORIENTED_EDGE('',*,*,#7107,.T.);
#7105=EDGE_CURVE('',#549,#551,#7108,.F.);
#7106=EDGE_CURVE('',#551,#553,#7109,.T.);
#7107=EDGE_CURVE('',#553,#549,#7110,.T.);
#7108=LINE('',#548,#7111);
#7109=LINE('',#550,#7112);
#7110=LINE('',#552,#7113);
#7111=VECTOR('',#7114,1.0);
#7112=VECTOR('',#7115,1.0);
#7113=VECTOR('',#7116,1.0);
#7114=DIRECTION('',(-1,0,0));
#7115=DIRECTION('',(0.9999336890860466,0,0.011515964170209222));
#7116=DIRECTION('',(0.3546058079036296,0,-0.9350158934483488));
#7117=FACE_SURFACE('',(#7122),#7118,.T.);
#7118=PLANE('',#7119);
#7119=AXIS2_PLACEMENT_3D('',#552,#7120,#7121);
#7120=DIRECTION('',(0,1,0));
#7121=DIRECTION('',(-0.9999336890860466,0,-0.011515964170209222));
#7122=FACE_BOUND('',#7123,.T.);
#7123=EDGE_LOOP('',(#7124,#7125,#7126));
#7124=ORIENTED_EDGE('',*,*,#7127,.T.);
#7125=ORIENTED_EDGE('',*,*,#7128,.T.);
#7126=ORIENTED_EDGE('',*,*,#7129,.T.);
#7127=EDGE_CURVE('',#553,#551,#7130,.F.);
#7128=EDGE_CURVE('',#551,#505,#7131,.T.);
#7129=EDGE_CURVE('',#505,#553,#7132,.T.);
#7130=LINE('',#552,#7133);
#7131=LINE('',#550,#7134);
#7132=LINE('',#504,#7135);
#7133=VECTOR('',#7136,1.0);
#7134=VECTOR('',#7137,1.0);
#7135=VECTOR('',#7138,1.0);
#7136=DIRECTION('',(-0.9999336890860466,0,-0.011515964170209222));
#7137=DIRECTION('',(0.3546058079036296,0,0.9350158934483488));
#7138=DIRECTION('',(1,0,0));
#7139=FACE_SURFACE('',(#7144),#7140,.T.);
#7140=PLANE('',#7141);
#7141=AXIS2_PLACEMENT_3D('',#552,#7142,#7143);
#7142=DIRECTION('',(0,1,0));
#7143=DIRECTION('',(-1,0,0));
#7144=FACE_BOUND('',#7145,.T.);
#7145=EDGE_LOOP('',(#7146,#7147,#7148));
#7146=ORIENTED_EDGE('',*,*,#7149,.T.);
#7147=ORIENTED_EDGE('',*,*,#7150,.T.);
#7148=ORIENTED_EDGE('',*,*,#7151,.T.);
#7149=EDGE_CURVE('',#553,#505,#7152,.F.);
#7150=EDGE_CURVE('',#505,#509,#7153,.T.);
#7151=EDGE_CURVE('',#509,#553,#7154,.T.);
#7152=LINE('',#552,#7155);
#7153=LINE('',#504,#7156);
#7154=LINE('',#508,#7157);
#7155=VECTOR('',#7158,1.0);
#7156=VECTOR('',#7159,1.0);
#7157=VECTOR('',#7160,1.0);
#7158=DIRECTION('',(-1,0,0));
#7159=DIRECTION('',(0.9999243718811999,0,0.01229839493543648));
#7160=DIRECTION('',(0.12053499032309353,0,-0.9927090792915172));
#7161=FACE_SURFACE('',(#7166),#7162,.T.);
#7162=PLANE('',#7163);
#7163=AXIS2_PLACEMENT_3D('',#554,#7164,#7165);
#7164=DIRECTION('',(-0,1,0));
#7165=DIRECTION('',(0.12053186759460549,0,0.992709458449025));
#7166=FACE_BOUND('',#7167,.T.);
#7167=EDGE_LOOP('',(#7168,#7169,#7170));
#7168=ORIENTED_EDGE('',*,*,#7171,.T.);
#7169=ORIENTED_EDGE('',*,*,#7172,.T.);
#7170=ORIENTED_EDGE('',*,*,#7173,.T.);
#7171=EDGE_CURVE('',#555,#557,#7174,.F.);
#7172=EDGE_CURVE('',#557,#283,#7175,.T.);
#7173=EDGE_CURVE('',#283,#555,#7176,.T.);
#7174=LINE('',#554,#7177);
#7175=LINE('',#556,#7178);
#7176=LINE('',#282,#7179);
#7177=VECTOR('',#7180,1.0);
#7178=VECTOR('',#7181,1.0);
#7179=VECTOR('',#7182,1.0);
#7180=DIRECTION('',(0.12053186759460549,0,0.992709458449025));
#7181=DIRECTION('',(0.6467048132630229,0,-0.7627403781775546));
#7182=DIRECTION('',(-0.6813690341522219,0,0.7319400517108408));
#7183=FACE_SURFACE('',(#7188),#7184,.T.);
#7184=PLANE('',#7185);
#7185=AXIS2_PLACEMENT_3D('',#282,#7186,#7187);
#7186=DIRECTION('',(0,1,0));
#7187=DIRECTION('',(-0.6467048132630229,0,0.7627403781775546));
#7188=FACE_BOUND('',#7189,.T.);
#7189=EDGE_LOOP('',(#7190,#7191,#7192));
#7190=ORIENTED_EDGE('',*,*,#7193,.T.);
#7191=ORIENTED_EDGE('',*,*,#7194,.T.);
#7192=ORIENTED_EDGE('',*,*,#7195,.T.);
#7193=EDGE_CURVE('',#283,#557,#7196,.F.);
#7194=EDGE_CURVE('',#557,#559,#7197,.T.);
#7195=EDGE_CURVE('',#559,#283,#7198,.T.);
#7196=LINE('',#282,#7199);
#7197=LINE('',#556,#7200);
#7198=LINE('',#558,#7201);
#7199=VECTOR('',#7202,1.0);
#7200=VECTOR('',#7203,1.0);
#7201=VECTOR('',#7204,1.0);
#7202=DIRECTION('',(-0.6467048132630229,0,0.7627403781775546));
#7203=DIRECTION('',(-0.12053254379935671,0,0.9927093763459959));
#7204=DIRECTION('',(0.6221805357647555,0,-0.7828737962887006));
#7205=FACE_SURFACE('',(#7210),#7206,.T.);
#7206=PLANE('',#7207);
#7207=AXIS2_PLACEMENT_3D('',#282,#7208,#7209);
#7208=DIRECTION('',(0,1,0));
#7209=DIRECTION('',(-0.6221805357647555,0,0.7828737962887006));
#7210=FACE_BOUND('',#7211,.T.);
#7211=EDGE_LOOP('',(#7212,#7213,#7214));
#7212=ORIENTED_EDGE('',*,*,#7215,.T.);
#7213=ORIENTED_EDGE('',*,*,#7216,.T.);
#7214=ORIENTED_EDGE('',*,*,#7217,.T.);
#7215=EDGE_CURVE('',#283,#559,#7218,.F.);
#7216=EDGE_CURVE('',#559,#435,#7219,.T.);
#7217=EDGE_CURVE('',#435,#283,#7220,.T.);
#7218=LINE('',#282,#7221);
#7219=LINE('',#558,#7222);
#7220=LINE('',#434,#7223);
#7221=VECTOR('',#7224,1.0);
#7222=VECTOR('',#7225,1.0);
#7223=VECTOR('',#7226,1.0);
#7224=DIRECTION('',(-0.6221805357647555,0,0.7828737962887006));
#7225=DIRECTION('',(-0.35460533946015727,0,0.9350160711059178));
#7226=DIRECTION('',(0.6090783636912027,0,-0.7931100471455693));
#7227=FACE_SURFACE('',(#7232),#7228,.T.);
#7228=PLANE('',#7229);
#7229=AXIS2_PLACEMENT_3D('',#462,#7230,#7231);
#7230=DIRECTION('',(0,1,0));
#7231=DIRECTION('',(-0.7485098755901587,0,-0.6631236431797658));
#7232=FACE_BOUND('',#7233,.T.);
#7233=EDGE_LOOP('',(#7234,#7235,#7236));
#7234=ORIENTED_EDGE('',*,*,#7237,.T.);
#7235=ORIENTED_EDGE('',*,*,#7238,.T.);
#7236=ORIENTED_EDGE('',*,*,#7239,.T.);
#7237=EDGE_CURVE('',#463,#561,#7240,.F.);
#7238=EDGE_CURVE('',#561,#467,#7241,.T.);
#7239=EDGE_CURVE('',#467,#463,#7242,.T.);
#7240=LINE('',#462,#7243);
#7241=LINE('',#560,#7244);
#7242=LINE('',#466,#7245);
#7243=VECTOR('',#7246,1.0);
#7244=VECTOR('',#7247,1.0);
#7245=VECTOR('',#7248,1.0);
#7246=DIRECTION('',(-0.7485098755901587,0,-0.6631236431797658));
#7247=DIRECTION('',(-0.9999684115800673,0,0.0079483232217263));
#7248=DIRECTION('',(1,0,0));
#7249=FACE_SURFACE('',(#7254),#7250,.T.);
#7250=PLANE('',#7251);
#7251=AXIS2_PLACEMENT_3D('',#466,#7252,#7253);
#7252=DIRECTION('',(0,1,0));
#7253=DIRECTION('',(0.9999684115800673,0,-0.0079483232217263));
#7254=FACE_BOUND('',#7255,.T.);
#7255=EDGE_LOOP('',(#7256,#7257,#7258));
#7256=ORIENTED_EDGE('',*,*,#7259,.T.);
#7257=ORIENTED_EDGE('',*,*,#7260,.T.);
#7258=ORIENTED_EDGE('',*,*,#7261,.T.);
#7259=EDGE_CURVE('',#467,#561,#7262,.F.);
#7260=EDGE_CURVE('',#561,#563,#7263,.T.);
#7261=EDGE_CURVE('',#563,#467,#7264,.T.);
#7262=LINE('',#466,#7265);
#7263=LINE('',#560,#7266);
#7264=LINE('',#562,#7267);
#7265=VECTOR('',#7268,1.0);
#7266=VECTOR('',#7269,1.0);
#7267=VECTOR('',#7270,1.0);
#7268=DIRECTION('',(0.9999684115800673,0,-0.0079483232217263));
#7269=DIRECTION('',(-1,0,0));
#7270=DIRECTION('',(-0.7485098755901587,0,0.6631236431797658));
#7271=FACE_SURFACE('',(#7276),#7272,.T.);
#7272=PLANE('',#7273);
#7273=AXIS2_PLACEMENT_3D('',#562,#7274,#7275);
#7274=DIRECTION('',(-0,1,0));
#7275=DIRECTION('',(1,0,0));
#7276=FACE_BOUND('',#7277,.T.);
#7277=EDGE_LOOP('',(#7278,#7279,#7280));
#7278=ORIENTED_EDGE('',*,*,#7281,.T.);
#7279=ORIENTED_EDGE('',*,*,#7282,.T.);
#7280=ORIENTED_EDGE('',*,*,#7283,.T.);
#7281=EDGE_CURVE('',#563,#561,#7284,.F.);
#7282=EDGE_CURVE('',#561,#565,#7285,.T.);
#7283=EDGE_CURVE('',#565,#563,#7286,.T.);
#7284=LINE('',#562,#7287);
#7285=LINE('',#560,#7288);
#7286=LINE('',#564,#7289);
#7287=VECTOR('',#7290,1.0);
#7288=VECTOR('',#7291,1.0);
#7289=VECTOR('',#7292,1.0);
#7290=DIRECTION('',(1,0,0));
#7291=DIRECTION('',(-0.5680652439958387,0,-0.8229835226564066));
#7292=DIRECTION('',(-0.9999497743536852,0,0.010022413382722011));
#7293=FACE_SURFACE('',(#7298),#7294,.T.);
#7294=PLANE('',#7295);
#7295=AXIS2_PLACEMENT_3D('',#562,#7296,#7297);
#7296=DIRECTION('',(0,1,0));
#7297=DIRECTION('',(0.9999497743536852,0,-0.010022413382722011));
#7298=FACE_BOUND('',#7299,.T.);
#7299=EDGE_LOOP('',(#7300,#7301,#7302));
#7300=ORIENTED_EDGE('',*,*,#7303,.T.);
#7301=ORIENTED_EDGE('',*,*,#7304,.T.);
#7302=ORIENTED_EDGE('',*,*,#7305,.T.);
#7303=EDGE_CURVE('',#563,#565,#7306,.F.);
#7304=EDGE_CURVE('',#565,#567,#7307,.T.);
#7305=EDGE_CURVE('',#567,#563,#7308,.T.);
#7306=LINE('',#562,#7309);
#7307=LINE('',#564,#7310);
#7308=LINE('',#566,#7311);
#7309=VECTOR('',#7312,1.0);
#7310=VECTOR('',#7313,1.0);
#7311=VECTOR('',#7314,1.0);
#7312=DIRECTION('',(0.9999497743536852,0,-0.010022413382722011));
#7313=DIRECTION('',(-1,0,0));
#7314=DIRECTION('',(-0.5680652439958387,0,0.8229835226564066));
#7315=FACE_SURFACE('',(#7320),#7316,.T.);
#7316=PLANE('',#7317);
#7317=AXIS2_PLACEMENT_3D('',#566,#7318,#7319);
#7318=DIRECTION('',(-0,1,0));
#7319=DIRECTION('',(1,0,0));
#7320=FACE_BOUND('',#7321,.T.);
#7321=EDGE_LOOP('',(#7322,#7323,#7324));
#7322=ORIENTED_EDGE('',*,*,#7325,.T.);
#7323=ORIENTED_EDGE('',*,*,#7326,.T.);
#7324=ORIENTED_EDGE('',*,*,#7327,.T.);
#7325=EDGE_CURVE('',#567,#565,#7328,.F.);
#7326=EDGE_CURVE('',#565,#569,#7329,.T.);
#7327=EDGE_CURVE('',#569,#567,#7330,.T.);
#7328=LINE('',#566,#7331);
#7329=LINE('',#564,#7332);
#7330=LINE('',#568,#7333);
#7331=VECTOR('',#7334,1.0);
#7332=VECTOR('',#7335,1.0);
#7333=VECTOR('',#7336,1.0);
#7334=DIRECTION('',(1,0,0));
#7335=DIRECTION('',(-0.35460533946015727,0,-0.9350160711059178));
#7336=DIRECTION('',(-0.9999336888856704,0,0.011515981568901193));
#7337=FACE_SURFACE('',(#7342),#7338,.T.);
#7338=PLANE('',#7339);
#7339=AXIS2_PLACEMENT_3D('',#566,#7340,#7341);
#7340=DIRECTION('',(0,1,0));
#7341=DIRECTION('',(0.9999336888856704,0,-0.011515981568901193));
#7342=FACE_BOUND('',#7343,.T.);
#7343=EDGE_LOOP('',(#7344,#7345,#7346));
#7344=ORIENTED_EDGE('',*,*,#7347,.T.);
#7345=ORIENTED_EDGE('',*,*,#7348,.T.);
#7346=ORIENTED_EDGE('',*,*,#7349,.T.);
#7347=EDGE_CURVE('',#567,#569,#7350,.F.);
#7348=EDGE_CURVE('',#569,#571,#7351,.T.);
#7349=EDGE_CURVE('',#571,#567,#7352,.T.);
#7350=LINE('',#566,#7353);
#7351=LINE('',#568,#7354);
#7352=LINE('',#570,#7355);
#7353=VECTOR('',#7356,1.0);
#7354=VECTOR('',#7357,1.0);
#7355=VECTOR('',#7358,1.0);
#7356=DIRECTION('',(0.9999336888856704,0,-0.011515981568901193));
#7357=DIRECTION('',(-1,0,0));
#7358=DIRECTION('',(-0.35460533946015727,0,0.9350160711059178));
#7359=FACE_SURFACE('',(#7364),#7360,.T.);
#7360=PLANE('',#7361);
#7361=AXIS2_PLACEMENT_3D('',#570,#7362,#7363);
#7362=DIRECTION('',(-0,1,0));
#7363=DIRECTION('',(1,0,0));
#7364=FACE_BOUND('',#7365,.T.);
#7365=EDGE_LOOP('',(#7366,#7367,#7368));
#7366=ORIENTED_EDGE('',*,*,#7369,.T.);
#7367=ORIENTED_EDGE('',*,*,#7370,.T.);
#7368=ORIENTED_EDGE('',*,*,#7371,.T.);
#7369=EDGE_CURVE('',#571,#569,#7372,.F.);
#7370=EDGE_CURVE('',#569,#573,#7373,.T.);
#7371=EDGE_CURVE('',#573,#571,#7374,.T.);
#7372=LINE('',#570,#7375);
#7373=LINE('',#568,#7376);
#7374=LINE('',#572,#7377);
#7375=VECTOR('',#7378,1.0);
#7376=VECTOR('',#7379,1.0);
#7377=VECTOR('',#7380,1.0);
#7378=DIRECTION('',(1,0,0));
#7379=DIRECTION('',(-0.12053532843399135,0,-0.992709038237947));
#7380=DIRECTION('',(-0.999924372311691,0,0.012298359934184606));
#7381=FACE_SURFACE('',(#7386),#7382,.T.);
#7382=PLANE('',#7383);
#7383=AXIS2_PLACEMENT_3D('',#570,#7384,#7385);
#7384=DIRECTION('',(0,1,0));
#7385=DIRECTION('',(0.999924372311691,0,-0.012298359934184606));
#7386=FACE_BOUND('',#7387,.T.);
#7387=EDGE_LOOP('',(#7388,#7389,#7390));
#7388=ORIENTED_EDGE('',*,*,#7391,.T.);
#7389=ORIENTED_EDGE('',*,*,#7392,.T.);
#7390=ORIENTED_EDGE('',*,*,#7393,.T.);
#7391=EDGE_CURVE('',#571,#573,#7394,.F.);
#7392=EDGE_CURVE('',#573,#575,#7395,.T.);
#7393=EDGE_CURVE('',#575,#571,#7396,.T.);
#7394=LINE('',#570,#7397);
#7395=LINE('',#572,#7398);
#7396=LINE('',#574,#7399);
#7397=VECTOR('',#7400,1.0);
#7398=VECTOR('',#7401,1.0);
#7399=VECTOR('',#7402,1.0);
#7400=DIRECTION('',(0.999924372311691,0,-0.012298359934184606));
#7401=DIRECTION('',(-1,0,0));
#7402=DIRECTION('',(-0.12053532843399135,0,0.992709038237947));
#7403=FACE_SURFACE('',(#7408),#7404,.T.);
#7404=PLANE('',#7405);
#7405=AXIS2_PLACEMENT_3D('',#574,#7406,#7407);
#7406=DIRECTION('',(-0,1,0));
#7407=DIRECTION('',(1,0,0));
#7408=FACE_BOUND('',#7409,.T.);
#7409=EDGE_LOOP('',(#7410,#7411,#7412));
#7410=ORIENTED_EDGE('',*,*,#7413,.T.);
#7411=ORIENTED_EDGE('',*,*,#7414,.T.);
#7412=ORIENTED_EDGE('',*,*,#7415,.T.);
#7413=EDGE_CURVE('',#575,#573,#7416,.F.);
#7414=EDGE_CURVE('',#573,#577,#7417,.T.);
#7415=EDGE_CURVE('',#577,#575,#7418,.T.);
#7416=LINE('',#574,#7419);
#7417=LINE('',#572,#7420);
#7418=LINE('',#576,#7421);
#7419=VECTOR('',#7422,1.0);
#7420=VECTOR('',#7423,1.0);
#7421=VECTOR('',#7424,1.0);
#7422=DIRECTION('',(1,0,0));
#7423=DIRECTION('',(-0.9999243714507074,0,-0.01229842993668831));
#7424=DIRECTION('',(0.12053465221407855,0,0.9927091203447418));
#7425=FACE_SURFACE('',(#7430),#7426,.T.);
#7426=PLANE('',#7427);
#7427=AXIS2_PLACEMENT_3D('',#576,#7428,#7429);
#7428=DIRECTION('',(0,1,0));
#7429=DIRECTION('',(0.9999243714507074,0,0.01229842993668831));
#7430=FACE_BOUND('',#7431,.T.);
#7431=EDGE_LOOP('',(#7432,#7433,#7434));
#7432=ORIENTED_EDGE('',*,*,#7435,.T.);
#7433=ORIENTED_EDGE('',*,*,#7436,.T.);
#7434=ORIENTED_EDGE('',*,*,#7437,.T.);
#7435=EDGE_CURVE('',#577,#573,#7438,.F.);
#7436=EDGE_CURVE('',#573,#579,#7439,.T.);
#7437=EDGE_CURVE('',#579,#577,#7440,.T.);
#7438=LINE('',#576,#7441);
#7439=LINE('',#572,#7442);
#7440=LINE('',#578,#7443);
#7441=VECTOR('',#7444,1.0);
#7442=VECTOR('',#7445,1.0);
#7443=VECTOR('',#7446,1.0);
#7444=DIRECTION('',(0.9999243714507074,0,0.01229842993668831));
#7445=DIRECTION('',(0.12053465221407855,0,-0.9927091203447418));
#7446=DIRECTION('',(-1,0,0));
#7447=FACE_SURFACE('',(#7452),#7448,.T.);
#7448=PLANE('',#7449);
#7449=AXIS2_PLACEMENT_3D('',#576,#7450,#7451);
#7450=DIRECTION('',(-0,1,0));
#7451=DIRECTION('',(1,0,0));
#7452=FACE_BOUND('',#7453,.T.);
#7453=EDGE_LOOP('',(#7454,#7455,#7456));
#7454=ORIENTED_EDGE('',*,*,#7457,.T.);
#7455=ORIENTED_EDGE('',*,*,#7458,.T.);
#7456=ORIENTED_EDGE('',*,*,#7459,.T.);
#7457=EDGE_CURVE('',#577,#579,#7460,.F.);
#7458=EDGE_CURVE('',#579,#581,#7461,.T.);
#7459=EDGE_CURVE('',#581,#577,#7462,.T.);
#7460=LINE('',#576,#7463);
#7461=LINE('',#578,#7464);
#7462=LINE('',#580,#7465);
#7463=VECTOR('',#7466,1.0);
#7464=VECTOR('',#7467,1.0);
#7465=VECTOR('',#7468,1.0);
#7466=DIRECTION('',(1,0,0));
#7467=DIRECTION('',(-0.9999336896871732,0,-0.011515911974133238));
#7468=DIRECTION('',(0.35460721324093863,0,0.935015360471418));
#7469=FACE_SURFACE('',(#7474),#7470,.T.);
#7470=PLANE('',#7471);
#7471=AXIS2_PLACEMENT_3D('',#580,#7472,#7473);
#7472=DIRECTION('',(0,1,0));
#7473=DIRECTION('',(0.9999336896871732,0,0.011515911974133238));
#7474=FACE_BOUND('',#7475,.T.);
#7475=EDGE_LOOP('',(#7476,#7477,#7478));
#7476=ORIENTED_EDGE('',*,*,#7479,.T.);
#7477=ORIENTED_EDGE('',*,*,#7480,.T.);
#7478=ORIENTED_EDGE('',*,*,#7481,.T.);
#7479=EDGE_CURVE('',#581,#579,#7482,.F.);
#7480=EDGE_CURVE('',#579,#583,#7483,.T.);
#7481=EDGE_CURVE('',#583,#581,#7484,.T.);
#7482=LINE('',#580,#7485);
#7483=LINE('',#578,#7486);
#7484=LINE('',#582,#7487);
#7485=VECTOR('',#7488,1.0);
#7486=VECTOR('',#7489,1.0);
#7487=VECTOR('',#7490,1.0);
#7488=DIRECTION('',(0.9999336896871732,0,0.011515911974133238));
#7489=DIRECTION('',(0.35460721324093863,0,-0.935015360471418));
#7490=DIRECTION('',(-1,0,0));
#7491=FACE_SURFACE('',(#7496),#7492,.T.);
#7492=PLANE('',#7493);
#7493=AXIS2_PLACEMENT_3D('',#580,#7494,#7495);
#7494=DIRECTION('',(-0,1,0));
#7495=DIRECTION('',(1,0,0));
#7496=FACE_BOUND('',#7497,.T.);
#7497=EDGE_LOOP('',(#7498,#7499,#7500));
#7498=ORIENTED_EDGE('',*,*,#7501,.T.);
#7499=ORIENTED_EDGE('',*,*,#7502,.T.);
#7500=ORIENTED_EDGE('',*,*,#7503,.T.);
#7501=EDGE_CURVE('',#581,#583,#7504,.F.);
#7502=EDGE_CURVE('',#583,#585,#7505,.T.);
#7503=EDGE_CURVE('',#585,#581,#7506,.T.);
#7504=LINE('',#580,#7507);
#7505=LINE('',#582,#7508);
#7506=LINE('',#584,#7509);
#7507=VECTOR('',#7510,1.0);
#7508=VECTOR('',#7511,1.0);
#7509=VECTOR('',#7512,1.0);
#7510=DIRECTION('',(1,0,0));
#7511=DIRECTION('',(-0.9999497743536852,0,-0.010022413382722011));
#7512=DIRECTION('',(0.5680652439958387,0,0.8229835226564066));
#7513=FACE_SURFACE('',(#7518),#7514,.T.);
#7514=PLANE('',#7515);
#7515=AXIS2_PLACEMENT_3D('',#584,#7516,#7517);
#7516=DIRECTION('',(0,1,0));
#7517=DIRECTION('',(0.9999497743536852,0,0.010022413382722011));
#7518=FACE_BOUND('',#7519,.T.);
#7519=EDGE_LOOP('',(#7520,#7521,#7522));
#7520=ORIENTED_EDGE('',*,*,#7523,.T.);
#7521=ORIENTED_EDGE('',*,*,#7524,.T.);
#7522=ORIENTED_EDGE('',*,*,#7525,.T.);
#7523=EDGE_CURVE('',#585,#583,#7526,.F.);
#7524=EDGE_CURVE('',#583,#587,#7527,.T.);
#7525=EDGE_CURVE('',#587,#585,#7528,.T.);
#7526=LINE('',#584,#7529);
#7527=LINE('',#582,#7530);
#7528=LINE('',#586,#7531);
#7529=VECTOR('',#7532,1.0);
#7530=VECTOR('',#7533,1.0);
#7531=VECTOR('',#7534,1.0);
#7532=DIRECTION('',(0.9999497743536852,0,0.010022413382722011));
#7533=DIRECTION('',(0.5680652439958387,0,-0.8229835226564066));
#7534=DIRECTION('',(-1,0,0));
#7535=FACE_SURFACE('',(#7540),#7536,.T.);
#7536=PLANE('',#7537);
#7537=AXIS2_PLACEMENT_3D('',#584,#7538,#7539);
#7538=DIRECTION('',(-0,1,0));
#7539=DIRECTION('',(1,0,0));
#7540=FACE_BOUND('',#7541,.T.);
#7541=EDGE_LOOP('',(#7542,#7543,#7544));
#7542=ORIENTED_EDGE('',*,*,#7545,.T.);
#7543=ORIENTED_EDGE('',*,*,#7546,.T.);
#7544=ORIENTED_EDGE('',*,*,#7547,.T.);
#7545=EDGE_CURVE('',#585,#587,#7548,.F.);
#7546=EDGE_CURVE('',#587,#589,#7549,.T.);
#7547=EDGE_CURVE('',#589,#585,#7550,.T.);
#7548=LINE('',#584,#7551);
#7549=LINE('',#586,#7552);
#7550=LINE('',#588,#7553);
#7551=VECTOR('',#7554,1.0);
#7552=VECTOR('',#7555,1.0);
#7553=VECTOR('',#7556,1.0);
#7554=DIRECTION('',(1,0,0));
#7555=DIRECTION('',(-0.9999684115800673,0,-0.0079483232217263));
#7556=DIRECTION('',(0.7485098755901587,0,0.6631236431797658));
#7557=FACE_SURFACE('',(#7562),#7558,.T.);
#7558=PLANE('',#7559);
#7559=AXIS2_PLACEMENT_3D('',#588,#7560,#7561);
#7560=DIRECTION('',(0,1,0));
#7561=DIRECTION('',(0.9999684115800673,0,0.0079483232217263));
#7562=FACE_BOUND('',#7563,.T.);
#7563=EDGE_LOOP('',(#7564,#7565,#7566));
#7564=ORIENTED_EDGE('',*,*,#7567,.T.);
#7565=ORIENTED_EDGE('',*,*,#7568,.T.);
#7566=ORIENTED_EDGE('',*,*,#7569,.T.);
#7567=EDGE_CURVE('',#589,#587,#7570,.F.);
#7568=EDGE_CURVE('',#587,#591,#7571,.T.);
#7569=EDGE_CURVE('',#591,#589,#7572,.T.);
#7570=LINE('',#588,#7573);
#7571=LINE('',#586,#7574);
#7572=LINE('',#590,#7575);
#7573=VECTOR('',#7576,1.0);
#7574=VECTOR('',#7577,1.0);
#7575=VECTOR('',#7578,1.0);
#7576=DIRECTION('',(0.9999684115800673,0,0.0079483232217263));
#7577=DIRECTION('',(0.7485098755901587,0,-0.6631236431797658));
#7578=DIRECTION('',(-1,0,0));
#7579=FACE_SURFACE('',(#7584),#7580,.T.);
#7580=PLANE('',#7581);
#7581=AXIS2_PLACEMENT_3D('',#588,#7582,#7583);
#7582=DIRECTION('',(-0,1,0));
#7583=DIRECTION('',(1,0,0));
#7584=FACE_BOUND('',#7585,.T.);
#7585=EDGE_LOOP('',(#7586,#7587,#7588));
#7586=ORIENTED_EDGE('',*,*,#7589,.T.);
#7587=ORIENTED_EDGE('',*,*,#7590,.T.);
#7588=ORIENTED_EDGE('',*,*,#7591,.T.);
#7589=EDGE_CURVE('',#589,#591,#7592,.F.);
#7590=EDGE_CURVE('',#591,#499,#7593,.T.);
#7591=EDGE_CURVE('',#499,#589,#7594,.T.);
#7592=LINE('',#588,#7595);
#7593=LINE('',#590,#7596);
#7594=LINE('',#498,#7597);
#7595=VECTOR('',#7598,1.0);
#7596=VECTOR('',#7599,1.0);
#7597=VECTOR('',#7600,1.0);
#7598=DIRECTION('',(1,0,0));
#7599=DIRECTION('',(0.8854560432345961,0,-0.46472313854523434));
#7600=DIRECTION('',(-0.9999850758945666,0,0.005463331230824008));
#7601=FACE_SURFACE('',(#7606),#7602,.T.);
#7602=PLANE('',#7603);
#7603=AXIS2_PLACEMENT_3D('',#502,#7604,#7605);
#7604=DIRECTION('',(-0,1,0));
#7605=DIRECTION('',(0.970941159496386,0,0.23931833359735202));
#7606=FACE_BOUND('',#7607,.T.);
#7607=EDGE_LOOP('',(#7608,#7609,#7610));
#7608=ORIENTED_EDGE('',*,*,#7611,.T.);
#7609=ORIENTED_EDGE('',*,*,#7612,.T.);
#7610=ORIENTED_EDGE('',*,*,#7613,.T.);
#7611=EDGE_CURVE('',#503,#593,#7614,.F.);
#7612=EDGE_CURVE('',#593,#283,#7615,.T.);
#7613=EDGE_CURVE('',#283,#503,#7616,.T.);
#7614=LINE('',#502,#7617);
#7615=LINE('',#592,#7618);
#7616=LINE('',#282,#7619);
#7617=VECTOR('',#7620,1.0);
#7618=VECTOR('',#7621,1.0);
#7619=VECTOR('',#7622,1.0);
#7620=DIRECTION('',(0.970941159496386,0,0.23931833359735202));
#7621=DIRECTION('',(0.8376267155928965,0,-0.5462430643267308));
#7622=DIRECTION('',(-0.8608241552824606,0,0.5089025188405321));
#7623=FACE_SURFACE('',(#7628),#7624,.T.);
#7624=PLANE('',#7625);
#7625=AXIS2_PLACEMENT_3D('',#282,#7626,#7627);
#7626=DIRECTION('',(0,1,0));
#7627=DIRECTION('',(-0.8376267155928965,0,0.5462430643267308));
#7628=FACE_BOUND('',#7629,.T.);
#7629=EDGE_LOOP('',(#7630,#7631,#7632));
#7630=ORIENTED_EDGE('',*,*,#7633,.T.);
#7631=ORIENTED_EDGE('',*,*,#7634,.T.);
#7632=ORIENTED_EDGE('',*,*,#7635,.T.);
#7633=EDGE_CURVE('',#283,#593,#7636,.F.);
#7634=EDGE_CURVE('',#593,#595,#7637,.T.);
#7635=EDGE_CURVE('',#595,#283,#7638,.T.);
#7636=LINE('',#282,#7639);
#7637=LINE('',#592,#7640);
#7638=LINE('',#594,#7641);
#7639=VECTOR('',#7642,1.0);
#7640=VECTOR('',#7643,1.0);
#7641=VECTOR('',#7644,1.0);
#7642=DIRECTION('',(-0.8376267155928965,0,0.5462430643267308));
#7643=DIRECTION('',(0.8854566534882817,0,0.4647219758020199));
#7644=DIRECTION('',(0.805462829698873,0,-0.5926462941531687));
#7645=FACE_SURFACE('',(#7650),#7646,.T.);
#7646=PLANE('',#7647);
#7647=AXIS2_PLACEMENT_3D('',#282,#7648,#7649);
#7648=DIRECTION('',(0,1,0));
#7649=DIRECTION('',(-0.805462829698873,0,0.5926462941531687));
#7650=FACE_BOUND('',#7651,.T.);
#7651=EDGE_LOOP('',(#7652,#7653,#7654));
#7652=ORIENTED_EDGE('',*,*,#7655,.T.);
#7653=ORIENTED_EDGE('',*,*,#7656,.T.);
#7654=ORIENTED_EDGE('',*,*,#7657,.T.);
#7655=EDGE_CURVE('',#283,#595,#7658,.F.);
#7656=EDGE_CURVE('',#595,#597,#7659,.T.);
#7657=EDGE_CURVE('',#597,#283,#7660,.T.);
#7658=LINE('',#282,#7661);
#7659=LINE('',#594,#7662);
#7660=LINE('',#596,#7663);
#7661=VECTOR('',#7664,1.0);
#7662=VECTOR('',#7665,1.0);
#7663=VECTOR('',#7666,1.0);
#7664=DIRECTION('',(-0.805462829698873,0,0.5926462941531687));
#7665=DIRECTION('',(0.748508633043982,0,0.663125045718098));
#7666=DIRECTION('',(0.7659138226774718,0,-0.6429432449536913));
#7667=FACE_SURFACE('',(#7672),#7668,.T.);
#7668=PLANE('',#7669);
#7669=AXIS2_PLACEMENT_3D('',#596,#7670,#7671);
#7670=DIRECTION('',(-0,1,0));
#7671=DIRECTION('',(0.5680671578262806,0,0.8229822016296414));
#7672=FACE_BOUND('',#7673,.T.);
#7673=EDGE_LOOP('',(#7674,#7675,#7676));
#7674=ORIENTED_EDGE('',*,*,#7677,.T.);
#7675=ORIENTED_EDGE('',*,*,#7678,.T.);
#7676=ORIENTED_EDGE('',*,*,#7679,.T.);
#7677=EDGE_CURVE('',#597,#599,#7680,.F.);
#7678=EDGE_CURVE('',#599,#283,#7681,.T.);
#7679=EDGE_CURVE('',#283,#597,#7682,.T.);
#7680=LINE('',#596,#7683);
#7681=LINE('',#598,#7684);
#7682=LINE('',#282,#7685);
#7683=VECTOR('',#7686,1.0);
#7684=VECTOR('',#7687,1.0);
#7685=VECTOR('',#7688,1.0);
#7686=DIRECTION('',(0.5680671578262806,0,0.8229822016296414));
#7687=DIRECTION('',(0.7227901898164927,0,-0.6910675375858993));
#7688=DIRECTION('',(-0.7659138226774718,0,0.6429432449536913));
#7689=FACE_SURFACE('',(#7694),#7690,.T.);
#7690=PLANE('',#7691);
#7691=AXIS2_PLACEMENT_3D('',#282,#7692,#7693);
#7692=DIRECTION('',(0,1,0));
#7693=DIRECTION('',(-0.7227901898164927,0,0.6910675375858993));
#7694=FACE_BOUND('',#7695,.T.);
#7695=EDGE_LOOP('',(#7696,#7697,#7698));
#7696=ORIENTED_EDGE('',*,*,#7699,.T.);
#7697=ORIENTED_EDGE('',*,*,#7700,.T.);
#7698=ORIENTED_EDGE('',*,*,#7701,.T.);
#7699=EDGE_CURVE('',#283,#599,#7702,.F.);
#7700=EDGE_CURVE('',#599,#555,#7703,.T.);
#7701=EDGE_CURVE('',#555,#283,#7704,.T.);
#7702=LINE('',#282,#7705);
#7703=LINE('',#598,#7706);
#7704=LINE('',#554,#7707);
#7705=VECTOR('',#7708,1.0);
#7706=VECTOR('',#7709,1.0);
#7707=VECTOR('',#7710,1.0);
#7708=DIRECTION('',(-0.7227901898164927,0,0.6910675375858993));
#7709=DIRECTION('',(0.35460721324093863,0,0.935015360471418));
#7710=DIRECTION('',(0.6813690341522219,0,-0.7319400517108408));
#7711=FACE_SURFACE('',(#7716),#7712,.T.);
#7712=PLANE('',#7713);
#7713=AXIS2_PLACEMENT_3D('',#600,#7714,#7715);
#7714=DIRECTION('',(0,1,0));
#7715=DIRECTION('',(0.12053220569603969,0,0.9927094173976831));
#7716=FACE_BOUND('',#7717,.T.);
#7717=EDGE_LOOP('',(#7718,#7719,#7720));
#7718=ORIENTED_EDGE('',*,*,#7721,.T.);
#7719=ORIENTED_EDGE('',*,*,#7722,.T.);
#7720=ORIENTED_EDGE('',*,*,#7723,.T.);
#7721=EDGE_CURVE('',#601,#603,#7724,.F.);
#7722=EDGE_CURVE('',#603,#275,#7725,.T.);
#7723=EDGE_CURVE('',#275,#601,#7726,.T.);
#7724=LINE('',#600,#7727);
#7725=LINE('',#602,#7728);
#7726=LINE('',#274,#7729);
#7727=VECTOR('',#7730,1.0);
#7728=VECTOR('',#7731,1.0);
#7729=VECTOR('',#7732,1.0);
#7730=DIRECTION('',(0.12053220569603969,0,0.9927094173976831));
#7731=DIRECTION('',(0.7682213129595268,0,0.6401843596298966));
#7732=DIRECTION('',(-0.7373809227708695,0,-0.6754771459742963));
#7733=FACE_SURFACE('',(#7738),#7734,.T.);
#7734=PLANE('',#7735);
#7735=AXIS2_PLACEMENT_3D('',#274,#7736,#7737);
#7736=DIRECTION('',(0,1,0));
#7737=DIRECTION('',(-0.7682213129595268,0,-0.6401843596298966));
#7738=FACE_BOUND('',#7739,.T.);
#7739=EDGE_LOOP('',(#7740,#7741,#7742));
#7740=ORIENTED_EDGE('',*,*,#7743,.T.);
#7741=ORIENTED_EDGE('',*,*,#7744,.T.);
#7742=ORIENTED_EDGE('',*,*,#7745,.T.);
#7743=EDGE_CURVE('',#275,#603,#7746,.F.);
#7744=EDGE_CURVE('',#603,#605,#7747,.T.);
#7745=EDGE_CURVE('',#605,#275,#7748,.T.);
#7746=LINE('',#274,#7749);
#7747=LINE('',#602,#7750);
#7748=LINE('',#604,#7751);
#7749=VECTOR('',#7752,1.0);
#7750=VECTOR('',#7753,1.0);
#7751=VECTOR('',#7754,1.0);
#7752=DIRECTION('',(-0.7682213129595268,0,-0.6401843596298966));
#7753=DIRECTION('',(-0.12053220569603969,0,0.9927094173976831));
#7754=DIRECTION('',(0.8069198730289313,0,0.5906609166949963));
#7755=FACE_SURFACE('',(#7760),#7756,.T.);
#7756=PLANE('',#7757);
#7757=AXIS2_PLACEMENT_3D('',#274,#7758,#7759);
#7758=DIRECTION('',(0,1,0));
#7759=DIRECTION('',(-0.8069198730289313,0,-0.5906609166949963));
#7760=FACE_BOUND('',#7761,.T.);
#7761=EDGE_LOOP('',(#7762,#7763,#7764));
#7762=ORIENTED_EDGE('',*,*,#7765,.T.);
#7763=ORIENTED_EDGE('',*,*,#7766,.T.);
#7764=ORIENTED_EDGE('',*,*,#7767,.T.);
#7765=EDGE_CURVE('',#275,#605,#7768,.F.);
#7766=EDGE_CURVE('',#605,#607,#7769,.T.);
#7767=EDGE_CURVE('',#607,#275,#7770,.T.);
#7768=LINE('',#274,#7771);
#7769=LINE('',#604,#7772);
#7770=LINE('',#606,#7773);
#7771=VECTOR('',#7774,1.0);
#7772=VECTOR('',#7775,1.0);
#7773=VECTOR('',#7776,1.0);
#7774=DIRECTION('',(-0.8069198730289313,0,-0.5906609166949963));
#7775=DIRECTION('',(-0.3546058079036296,0,0.9350158934483488));
#7776=DIRECTION('',(0.8480832152336388,0,0.5298630578168037));
#7777=FACE_SURFACE('',(#7782),#7778,.T.);
#7778=PLANE('',#7779);
#7779=AXIS2_PLACEMENT_3D('',#606,#7780,#7781);
#7780=DIRECTION('',(0,1,-0));
#7781=DIRECTION('',(-0.5680671578262806,0,0.8229822016296414));
#7782=FACE_BOUND('',#7783,.T.);
#7783=EDGE_LOOP('',(#7784,#7785,#7786));
#7784=ORIENTED_EDGE('',*,*,#7787,.T.);
#7785=ORIENTED_EDGE('',*,*,#7788,.T.);
#7786=ORIENTED_EDGE('',*,*,#7789,.T.);
#7787=EDGE_CURVE('',#607,#609,#7790,.F.);
#7788=EDGE_CURVE('',#609,#275,#7791,.T.);
#7789=EDGE_CURVE('',#275,#607,#7792,.T.);
#7790=LINE('',#606,#7793);
#7791=LINE('',#608,#7794);
#7792=LINE('',#274,#7795);
#7793=VECTOR('',#7796,1.0);
#7794=VECTOR('',#7797,1.0);
#7795=VECTOR('',#7798,1.0);
#7796=DIRECTION('',(-0.5680671578262806,0,0.8229822016296414));
#7797=DIRECTION('',(0.885694421914592,0,0.4642686625105949));
#7798=DIRECTION('',(-0.8480832152336388,0,-0.5298630578168037));
#7799=FACE_SURFACE('',(#7804),#7800,.T.);
#7800=PLANE('',#7801);
#7801=AXIS2_PLACEMENT_3D('',#274,#7802,#7803);
#7802=DIRECTION('',(0,1,0));
#7803=DIRECTION('',(-0.885694421914592,0,-0.4642686625105949));
#7804=FACE_BOUND('',#7805,.T.);
#7805=EDGE_LOOP('',(#7806,#7807,#7808));
#7806=ORIENTED_EDGE('',*,*,#7809,.T.);
#7807=ORIENTED_EDGE('',*,*,#7810,.T.);
#7808=ORIENTED_EDGE('',*,*,#7811,.T.);
#7809=EDGE_CURVE('',#275,#609,#7812,.F.);
#7810=EDGE_CURVE('',#609,#611,#7813,.T.);
#7811=EDGE_CURVE('',#611,#275,#7814,.T.);
#7812=LINE('',#274,#7815);
#7813=LINE('',#608,#7816);
#7814=LINE('',#610,#7817);
#7815=VECTOR('',#7818,1.0);
#7816=VECTOR('',#7819,1.0);
#7817=VECTOR('',#7820,1.0);
#7818=DIRECTION('',(-0.885694421914592,0,-0.4642686625105949));
#7819=DIRECTION('',(-0.7485100355850703,0,0.6631234625832785));
#7820=DIRECTION('',(0.9154954768739438,0,0.4023282637639941));
#7821=FACE_SURFACE('',(#7826),#7822,.T.);
#7822=PLANE('',#7823);
#7823=AXIS2_PLACEMENT_3D('',#274,#7824,#7825);
#7824=DIRECTION('',(0,1,0));
#7825=DIRECTION('',(-0.9154954768739438,0,-0.4023282637639941));
#7826=FACE_BOUND('',#7827,.T.);
#7827=EDGE_LOOP('',(#7828,#7829,#7830));
#7828=ORIENTED_EDGE('',*,*,#7831,.T.);
#7829=ORIENTED_EDGE('',*,*,#7832,.T.);
#7830=ORIENTED_EDGE('',*,*,#7833,.T.);
#7831=EDGE_CURVE('',#275,#611,#7834,.F.);
#7832=EDGE_CURVE('',#611,#613,#7835,.T.);
#7833=EDGE_CURVE('',#613,#275,#7836,.T.);
#7834=LINE('',#274,#7837);
#7835=LINE('',#610,#7838);
#7836=LINE('',#612,#7839);
#7837=VECTOR('',#7840,1.0);
#7838=VECTOR('',#7841,1.0);
#7839=VECTOR('',#7842,1.0);
#7840=DIRECTION('',(-0.9154954768739438,0,-0.4023282637639941));
#7841=DIRECTION('',(-0.8854560721176176,0,0.4647230835132257));
#7842=DIRECTION('',(0.9361825294469793,0,0.3515142551280895));
#7843=FACE_SURFACE('',(#7848),#7844,.T.);
#7844=PLANE('',#7845);
#7845=AXIS2_PLACEMENT_3D('',#612,#7846,#7847);
#7846=DIRECTION('',(0,1,-0));
#7847=DIRECTION('',(-0.9709418160800666,0,0.23931566974843524));
#7848=FACE_BOUND('',#7849,.T.);
#7849=EDGE_LOOP('',(#7850,#7851,#7852));
#7850=ORIENTED_EDGE('',*,*,#7853,.T.);
#7851=ORIENTED_EDGE('',*,*,#7854,.T.);
#7852=ORIENTED_EDGE('',*,*,#7855,.T.);
#7853=EDGE_CURVE('',#613,#615,#7856,.F.);
#7854=EDGE_CURVE('',#615,#275,#7857,.T.);
#7855=EDGE_CURVE('',#275,#613,#7858,.T.);
#7856=LINE('',#612,#7859);
#7857=LINE('',#614,#7860);
#7858=LINE('',#274,#7861);
#7859=VECTOR('',#7862,1.0);
#7860=VECTOR('',#7863,1.0);
#7861=VECTOR('',#7864,1.0);
#7862=DIRECTION('',(-0.9709418160800666,0,0.23931566974843524));
#7863=DIRECTION('',(0.9486955822296008,0,0.31619091109334374));
#7864=DIRECTION('',(-0.9361825294469793,0,-0.3515142551280895));
#7865=FACE_SURFACE('',(#7870),#7866,.T.);
#7866=PLANE('',#7867);
#7867=AXIS2_PLACEMENT_3D('',#274,#7868,#7869);
#7868=DIRECTION('',(0,1,0));
#7869=DIRECTION('',(-0.9486955822296008,0,-0.31619091109334374));
#7870=FACE_BOUND('',#7871,.T.);
#7871=EDGE_LOOP('',(#7872,#7873,#7874));
#7872=ORIENTED_EDGE('',*,*,#7875,.T.);
#7873=ORIENTED_EDGE('',*,*,#7876,.T.);
#7874=ORIENTED_EDGE('',*,*,#7877,.T.);
#7875=EDGE_CURVE('',#275,#615,#7878,.F.);
#7876=EDGE_CURVE('',#615,#617,#7879,.T.);
#7877=EDGE_CURVE('',#617,#275,#7880,.T.);
#7878=LINE('',#274,#7881);
#7879=LINE('',#614,#7882);
#7880=LINE('',#616,#7883);
#7881=VECTOR('',#7884,1.0);
#7882=VECTOR('',#7885,1.0);
#7883=VECTOR('',#7886,1.0);
#7884=DIRECTION('',(-0.9486955822296008,0,-0.31619091109334374));
#7885=DIRECTION('',(-1,0,0));
#7886=DIRECTION('',(0.9547439649468484,0,0.29742891822681133));
#7887=FACE_SURFACE('',(#7892),#7888,.T.);
#7888=PLANE('',#7889);
#7889=AXIS2_PLACEMENT_3D('',#274,#7890,#7891);
#7890=DIRECTION('',(0,1,0));
#7891=DIRECTION('',(-0.9547439649468484,0,-0.29742891822681133));
#7892=FACE_BOUND('',#7893,.T.);
#7893=EDGE_LOOP('',(#7894,#7895,#7896));
#7894=ORIENTED_EDGE('',*,*,#7897,.T.);
#7895=ORIENTED_EDGE('',*,*,#7898,.T.);
#7896=ORIENTED_EDGE('',*,*,#7899,.T.);
#7897=EDGE_CURVE('',#275,#617,#7900,.F.);
#7898=EDGE_CURVE('',#617,#429,#7901,.T.);
#7899=EDGE_CURVE('',#429,#275,#7902,.T.);
#7900=LINE('',#274,#7903);
#7901=LINE('',#616,#7904);
#7902=LINE('',#428,#7905);
#7903=VECTOR('',#7906,1.0);
#7904=VECTOR('',#7907,1.0);
#7905=VECTOR('',#7908,1.0);
#7906=DIRECTION('',(-0.9547439649468484,0,-0.29742891822681133));
#7907=DIRECTION('',(-0.9709419779119557,0,-0.23931501316971154));
#7908=DIRECTION('',(0.9557906040030092,0,0.29404816153066304));
#7909=FACE_SURFACE('',(#7914),#7910,.T.);
#7910=PLANE('',#7911);
#7911=AXIS2_PLACEMENT_3D('',#438,#7912,#7913);
#7912=DIRECTION('',(0,1,0));
#7913=DIRECTION('',(0.5680678183403006,0,0.8229817457064836));
#7914=FACE_BOUND('',#7915,.T.);
#7915=EDGE_LOOP('',(#7916,#7917,#7918));
#7916=ORIENTED_EDGE('',*,*,#7919,.T.);
#7917=ORIENTED_EDGE('',*,*,#7920,.T.);
#7918=ORIENTED_EDGE('',*,*,#7921,.T.);
#7919=EDGE_CURVE('',#439,#619,#7922,.F.);
#7920=EDGE_CURVE('',#619,#275,#7923,.T.);
#7921=EDGE_CURVE('',#275,#439,#7924,.T.);
#7922=LINE('',#438,#7925);
#7923=LINE('',#618,#7926);
#7924=LINE('',#274,#7927);
#7925=VECTOR('',#7928,1.0);
#7926=VECTOR('',#7929,1.0);
#7927=VECTOR('',#7930,1.0);
#7928=DIRECTION('',(0.5680678183403006,0,0.8229817457064836));
#7929=DIRECTION('',(0.7174995844299901,0,0.696558932426246));
#7930=DIRECTION('',(-0.7092314131799348,0,-0.7049757460783972));
#7931=FACE_SURFACE('',(#7936),#7932,.T.);
#7932=PLANE('',#7933);
#7933=AXIS2_PLACEMENT_3D('',#274,#7934,#7935);
#7934=DIRECTION('',(0,1,0));
#7935=DIRECTION('',(-0.7174995844299901,0,-0.696558932426246));
#7936=FACE_BOUND('',#7937,.T.);
#7937=EDGE_LOOP('',(#7938,#7939,#7940));
#7938=ORIENTED_EDGE('',*,*,#7941,.T.);
#7939=ORIENTED_EDGE('',*,*,#7942,.T.);
#7940=ORIENTED_EDGE('',*,*,#7943,.T.);
#7941=EDGE_CURVE('',#275,#619,#7944,.F.);
#7942=EDGE_CURVE('',#619,#601,#7945,.T.);
#7943=EDGE_CURVE('',#601,#275,#7946,.T.);
#7944=LINE('',#274,#7947);
#7945=LINE('',#618,#7948);
#7946=LINE('',#600,#7949);
#7947=VECTOR('',#7950,1.0);
#7948=VECTOR('',#7951,1.0);
#7949=VECTOR('',#7952,1.0);
#7950=DIRECTION('',(-0.7174995844299901,0,-0.696558932426246));
#7951=DIRECTION('',(0.3546058079036296,0,0.9350158934483488));
#7952=DIRECTION('',(0.7373809227708695,0,0.6754771459742963));
#7953=FACE_SURFACE('',(#7958),#7954,.T.);
#7954=PLANE('',#7955);
#7955=AXIS2_PLACEMENT_3D('',#496,#7956,#7957);
#7956=DIRECTION('',(0,1,0));
#7957=DIRECTION('',(0.12053186759460549,0,-0.992709458449025));
#7958=FACE_BOUND('',#7959,.T.);
#7959=EDGE_LOOP('',(#7960,#7961,#7962));
#7960=ORIENTED_EDGE('',*,*,#7963,.T.);
#7961=ORIENTED_EDGE('',*,*,#7964,.T.);
#7962=ORIENTED_EDGE('',*,*,#7965,.T.);
#7963=EDGE_CURVE('',#497,#621,#7966,.F.);
#7964=EDGE_CURVE('',#621,#293,#7967,.T.);
#7965=EDGE_CURVE('',#293,#497,#7968,.T.);
#7966=LINE('',#496,#7969);
#7967=LINE('',#620,#7970);
#7968=LINE('',#292,#7971);
#7969=VECTOR('',#7972,1.0);
#7970=VECTOR('',#7973,1.0);
#7971=VECTOR('',#7974,1.0);
#7972=DIRECTION('',(0.12053186759460549,0,-0.992709458449025));
#7973=DIRECTION('',(-0.6813690341522219,0,-0.7319400517108408));
#7974=DIRECTION('',(0.6467048132630229,0,0.7627403781775546));
#7975=FACE_SURFACE('',(#7980),#7976,.T.);
#7976=PLANE('',#7977);
#7977=AXIS2_PLACEMENT_3D('',#292,#7978,#7979);
#7978=DIRECTION('',(0,1,0));
#7979=DIRECTION('',(0.6813690341522219,0,0.7319400517108408));
#7980=FACE_BOUND('',#7981,.T.);
#7981=EDGE_LOOP('',(#7982,#7983,#7984));
#7982=ORIENTED_EDGE('',*,*,#7985,.T.);
#7983=ORIENTED_EDGE('',*,*,#7986,.T.);
#7984=ORIENTED_EDGE('',*,*,#7987,.T.);
#7985=EDGE_CURVE('',#293,#621,#7988,.F.);
#7986=EDGE_CURVE('',#621,#623,#7989,.T.);
#7987=EDGE_CURVE('',#623,#293,#7990,.T.);
#7988=LINE('',#292,#7991);
#7989=LINE('',#620,#7992);
#7990=LINE('',#622,#7993);
#7991=VECTOR('',#7994,1.0);
#7992=VECTOR('',#7995,1.0);
#7993=VECTOR('',#7996,1.0);
#7994=DIRECTION('',(0.6813690341522219,0,0.7319400517108408));
#7995=DIRECTION('',(0.35460721324093863,0,-0.935015360471418));
#7996=DIRECTION('',(-0.7227901898164927,0,-0.6910675375858993));
#7997=FACE_SURFACE('',(#8002),#7998,.T.);
#7998=PLANE('',#7999);
#7999=AXIS2_PLACEMENT_3D('',#292,#8000,#8001);
#8000=DIRECTION('',(0,1,0));
#8001=DIRECTION('',(0.7227901898164927,0,0.6910675375858993));
#8002=FACE_BOUND('',#8003,.T.);
#8003=EDGE_LOOP('',(#8004,#8005,#8006));
#8004=ORIENTED_EDGE('',*,*,#8007,.T.);
#8005=ORIENTED_EDGE('',*,*,#8008,.T.);
#8006=ORIENTED_EDGE('',*,*,#8009,.T.);
#8007=EDGE_CURVE('',#293,#623,#8010,.F.);
#8008=EDGE_CURVE('',#623,#625,#8011,.T.);
#8009=EDGE_CURVE('',#625,#293,#8012,.T.);
#8010=LINE('',#292,#8013);
#8011=LINE('',#622,#8014);
#8012=LINE('',#624,#8015);
#8013=VECTOR('',#8016,1.0);
#8014=VECTOR('',#8017,1.0);
#8015=VECTOR('',#8018,1.0);
#8016=DIRECTION('',(0.7227901898164927,0,0.6910675375858993));
#8017=DIRECTION('',(0.5680671578262806,0,-0.8229822016296414));
#8018=DIRECTION('',(-0.7659138226774718,0,-0.6429432449536913));
#8019=FACE_SURFACE('',(#8024),#8020,.T.);
#8020=PLANE('',#8021);
#8021=AXIS2_PLACEMENT_3D('',#624,#8022,#8023);
#8022=DIRECTION('',(0,1,0));
#8023=DIRECTION('',(0.748508633043982,0,-0.663125045718098));
#8024=FACE_BOUND('',#8025,.T.);
#8025=EDGE_LOOP('',(#8026,#8027,#8028));
#8026=ORIENTED_EDGE('',*,*,#8029,.T.);
#8027=ORIENTED_EDGE('',*,*,#8030,.T.);
#8028=ORIENTED_EDGE('',*,*,#8031,.T.);
#8029=EDGE_CURVE('',#625,#627,#8032,.F.);
#8030=EDGE_CURVE('',#627,#293,#8033,.T.);
#8031=EDGE_CURVE('',#293,#625,#8034,.T.);
#8032=LINE('',#624,#8035);
#8033=LINE('',#626,#8036);
#8034=LINE('',#292,#8037);
#8035=VECTOR('',#8038,1.0);
#8036=VECTOR('',#8039,1.0);
#8037=VECTOR('',#8040,1.0);
#8038=DIRECTION('',(0.748508633043982,0,-0.663125045718098));
#8039=DIRECTION('',(-0.805462829698873,0,-0.5926462941531687));
#8040=DIRECTION('',(0.7659138226774718,0,0.6429432449536913));
#8041=FACE_SURFACE('',(#8046),#8042,.T.);
#8042=PLANE('',#8043);
#8043=AXIS2_PLACEMENT_3D('',#292,#8044,#8045);
#8044=DIRECTION('',(0,1,0));
#8045=DIRECTION('',(0.805462829698873,0,0.5926462941531687));
#8046=FACE_BOUND('',#8047,.T.);
#8047=EDGE_LOOP('',(#8048,#8049,#8050));
#8048=ORIENTED_EDGE('',*,*,#8051,.T.);
#8049=ORIENTED_EDGE('',*,*,#8052,.T.);
#8050=ORIENTED_EDGE('',*,*,#8053,.T.);
#8051=EDGE_CURVE('',#293,#627,#8054,.F.);
#8052=EDGE_CURVE('',#627,#629,#8055,.T.);
#8053=EDGE_CURVE('',#629,#293,#8056,.T.);
#8054=LINE('',#292,#8057);
#8055=LINE('',#626,#8058);
#8056=LINE('',#628,#8059);
#8057=VECTOR('',#8060,1.0);
#8058=VECTOR('',#8061,1.0);
#8059=VECTOR('',#8062,1.0);
#8060=DIRECTION('',(0.805462829698873,0,0.5926462941531687));
#8061=DIRECTION('',(0.8854566534882817,0,-0.4647219758020199));
#8062=DIRECTION('',(-0.8376267155928965,0,-0.5462430643267308));
#8063=FACE_SURFACE('',(#8068),#8064,.T.);
#8064=PLANE('',#8065);
#8065=AXIS2_PLACEMENT_3D('',#292,#8066,#8067);
#8066=DIRECTION('',(0,1,0));
#8067=DIRECTION('',(0.8376267155928965,0,0.5462430643267308));
#8068=FACE_BOUND('',#8069,.T.);
#8069=EDGE_LOOP('',(#8070,#8071,#8072));
#8070=ORIENTED_EDGE('',*,*,#8073,.T.);
#8071=ORIENTED_EDGE('',*,*,#8074,.T.);
#8072=ORIENTED_EDGE('',*,*,#8075,.T.);
#8073=EDGE_CURVE('',#293,#629,#8076,.F.);
#8074=EDGE_CURVE('',#629,#631,#8077,.T.);
#8075=EDGE_CURVE('',#631,#293,#8078,.T.);
#8076=LINE('',#292,#8079);
#8077=LINE('',#628,#8080);
#8078=LINE('',#630,#8081);
#8079=VECTOR('',#8082,1.0);
#8080=VECTOR('',#8083,1.0);
#8081=VECTOR('',#8084,1.0);
#8082=DIRECTION('',(0.8376267155928965,0,0.5462430643267308));
#8083=DIRECTION('',(0.970941159496386,0,-0.23931833359735202));
#8084=DIRECTION('',(-0.8608241552824606,0,-0.5089025188405321));
#8085=FACE_SURFACE('',(#8090),#8086,.T.);
#8086=PLANE('',#8087);
#8087=AXIS2_PLACEMENT_3D('',#630,#8088,#8089);
#8088=DIRECTION('',(-0,1,0));
#8089=DIRECTION('',(1,0,0));
#8090=FACE_BOUND('',#8091,.T.);
#8091=EDGE_LOOP('',(#8092,#8093,#8094));
#8092=ORIENTED_EDGE('',*,*,#8095,.T.);
#8093=ORIENTED_EDGE('',*,*,#8096,.T.);
#8094=ORIENTED_EDGE('',*,*,#8097,.T.);
#8095=EDGE_CURVE('',#631,#633,#8098,.F.);
#8096=EDGE_CURVE('',#633,#293,#8099,.T.);
#8097=EDGE_CURVE('',#293,#631,#8100,.T.);
#8098=LINE('',#630,#8101);
#8099=LINE('',#632,#8102);
#8100=LINE('',#292,#8103);
#8101=VECTOR('',#8104,1.0);
#8102=VECTOR('',#8105,1.0);
#8103=VECTOR('',#8106,1.0);
#8104=DIRECTION('',(1,0,0));
#8105=DIRECTION('',(-0.8752612314791822,0,-0.4836504695227179));
#8106=DIRECTION('',(0.8608241552824606,0,0.5089025188405321));
#8107=FACE_SURFACE('',(#8112),#8108,.T.);
#8108=PLANE('',#8109);
#8109=AXIS2_PLACEMENT_3D('',#292,#8110,#8111);
#8110=DIRECTION('',(0,1,0));
#8111=DIRECTION('',(0.8752612314791822,0,0.4836504695227179));
#8112=FACE_BOUND('',#8113,.T.);
#8113=EDGE_LOOP('',(#8114,#8115,#8116));
#8114=ORIENTED_EDGE('',*,*,#8117,.T.);
#8115=ORIENTED_EDGE('',*,*,#8118,.T.);
#8116=ORIENTED_EDGE('',*,*,#8119,.T.);
#8117=EDGE_CURVE('',#293,#633,#8120,.F.);
#8118=EDGE_CURVE('',#633,#635,#8121,.T.);
#8119=EDGE_CURVE('',#635,#293,#8122,.T.);
#8120=LINE('',#292,#8123);
#8121=LINE('',#632,#8124);
#8122=LINE('',#634,#8125);
#8123=VECTOR('',#8126,1.0);
#8124=VECTOR('',#8127,1.0);
#8125=VECTOR('',#8128,1.0);
#8126=DIRECTION('',(0.8752612314791822,0,0.4836504695227179));
#8127=DIRECTION('',(0.9709413213317685,0,0.23931767701220788));
#8128=DIRECTION('',(-0.8819880526045403,0,-0.4712717634898685));
#8129=FACE_SURFACE('',(#8134),#8130,.T.);
#8130=PLANE('',#8131);
#8131=AXIS2_PLACEMENT_3D('',#292,#8132,#8133);
#8132=DIRECTION('',(0,1,0));
#8133=DIRECTION('',(0.8819880526045403,0,0.4712717634898685));
#8134=FACE_BOUND('',#8135,.T.);
#8135=EDGE_LOOP('',(#8136,#8137,#8138));
#8136=ORIENTED_EDGE('',*,*,#8139,.T.);
#8137=ORIENTED_EDGE('',*,*,#8140,.T.);
#8138=ORIENTED_EDGE('',*,*,#8141,.T.);
#8139=EDGE_CURVE('',#293,#635,#8142,.F.);
#8140=EDGE_CURVE('',#635,#499,#8143,.T.);
#8141=EDGE_CURVE('',#499,#293,#8144,.T.);
#8142=LINE('',#292,#8145);
#8143=LINE('',#634,#8146);
#8144=LINE('',#498,#8147);
#8145=VECTOR('',#8148,1.0);
#8146=VECTOR('',#8149,1.0);
#8147=VECTOR('',#8150,1.0);
#8148=DIRECTION('',(0.8819880526045403,0,0.4712717634898685));
#8149=DIRECTION('',(1,0,0));
#8150=DIRECTION('',(-0.9963969383899662,0,-0.08481238805210997));
#8151=FACE_SURFACE('',(#8156),#8152,.T.);
#8152=PLANE('',#8153);
#8153=AXIS2_PLACEMENT_3D('',#498,#8154,#8155);
#8154=DIRECTION('',(0,1,0));
#8155=DIRECTION('',(-1,0,0));
#8156=FACE_BOUND('',#8157,.T.);
#8157=EDGE_LOOP('',(#8158,#8159,#8160));
#8158=ORIENTED_EDGE('',*,*,#8161,.T.);
#8159=ORIENTED_EDGE('',*,*,#8162,.T.);
#8160=ORIENTED_EDGE('',*,*,#8163,.T.);
#8161=EDGE_CURVE('',#499,#635,#8164,.F.);
#8162=EDGE_CURVE('',#635,#589,#8165,.T.);
#8163=EDGE_CURVE('',#589,#499,#8166,.T.);
#8164=LINE('',#498,#8167);
#8165=LINE('',#634,#8168);
#8166=LINE('',#588,#8169);
#8167=VECTOR('',#8170,1.0);
#8168=VECTOR('',#8171,1.0);
#8169=VECTOR('',#8172,1.0);
#8170=DIRECTION('',(-1,0,0));
#8171=DIRECTION('',(0.8854560432345961,0,0.46472313854523434));
#8172=DIRECTION('',(0.9999850758945666,0,-0.005463331230824008));
#8173=FACE_SURFACE('',(#8178),#8174,.T.);
#8174=PLANE('',#8175);
#8175=AXIS2_PLACEMENT_3D('',#250,#8176,#8177);
#8176=DIRECTION('',(0,0,1));
#8177=DIRECTION('',(1,0,0));
#8178=FACE_BOUND('',#8179,.T.);
#8179=EDGE_LOOP('',(#8180,#8181,#8182));
#8180=ORIENTED_EDGE('',*,*,#8183,.T.);
#8181=ORIENTED_EDGE('',*,*,#8184,.T.);
#8182=ORIENTED_EDGE('',*,*,#8185,.T.);
#8183=EDGE_CURVE('',#251,#161,#8186,.F.);
#8184=EDGE_CURVE('',#161,#277,#8187,.T.);
#8185=EDGE_CURVE('',#277,#251,#8188,.T.);
#8186=LINE('',#250,#8189);
#8187=LINE('',#160,#8190);
#8188=LINE('',#276,#8191);
#8189=VECTOR('',#8192,1.0);
#8190=VECTOR('',#8193,1.0);
#8191=VECTOR('',#8194,1.0);
#8192=DIRECTION('',(1,0,0));
#8193=DIRECTION('',(-0.7463616991097123,0.6655405427936478,0));
#8194=DIRECTION('',(0,-1,0));
#8195=FACE_SURFACE('',(#8200),#8196,.T.);
#8196=PLANE('',#8197);
#8197=AXIS2_PLACEMENT_3D('',#276,#8198,#8199);
#8198=DIRECTION('',(-0,0,1));
#8199=DIRECTION('',(0.7463616991097123,-0.6655405427936478,0));
#8200=FACE_BOUND('',#8201,.T.);
#8201=EDGE_LOOP('',(#8202,#8203,#8204));
#8202=ORIENTED_EDGE('',*,*,#8205,.T.);
#8203=ORIENTED_EDGE('',*,*,#8206,.T.);
#8204=ORIENTED_EDGE('',*,*,#8207,.T.);
#8205=EDGE_CURVE('',#277,#161,#8208,.F.);
#8206=EDGE_CURVE('',#161,#279,#8209,.T.);
#8207=EDGE_CURVE('',#279,#277,#8210,.T.);
#8208=LINE('',#276,#8211);
#8209=LINE('',#160,#8212);
#8210=LINE('',#278,#8213);
#8211=VECTOR('',#8214,1.0);
#8212=VECTOR('',#8215,1.0);
#8213=VECTOR('',#8216,1.0);
#8214=DIRECTION('',(0.7463616991097123,-0.6655405427936478,0));
#8215=DIRECTION('',(0,1,0));
#8216=DIRECTION('',(-1,0,0));
#8217=FACE_SURFACE('',(#8222),#8218,.T.);
#8218=PLANE('',#8219);
#8219=AXIS2_PLACEMENT_3D('',#164,#8220,#8221);
#8220=DIRECTION('',(0,0,-1));
#8221=DIRECTION('',(-1,0,0));
#8222=FACE_BOUND('',#8223,.T.);
#8223=EDGE_LOOP('',(#8224,#8225,#8226));
#8224=ORIENTED_EDGE('',*,*,#8227,.T.);
#8225=ORIENTED_EDGE('',*,*,#8228,.T.);
#8226=ORIENTED_EDGE('',*,*,#8229,.T.);
#8227=EDGE_CURVE('',#165,#63,#8230,.F.);
#8228=EDGE_CURVE('',#63,#287,#8231,.T.);
#8229=EDGE_CURVE('',#287,#165,#8232,.T.);
#8230=LINE('',#164,#8233);
#8231=LINE('',#62,#8234);
#8232=LINE('',#286,#8235);
#8233=VECTOR('',#8236,1.0);
#8234=VECTOR('',#8237,1.0);
#8235=VECTOR('',#8238,1.0);
#8236=DIRECTION('',(-1,0,0));
#8237=DIRECTION('',(0.9987523388778445,0.04993761694389223,0));
#8238=DIRECTION('',(0,-1,0));
#8239=FACE_SURFACE('',(#8244),#8240,.T.);
#8240=PLANE('',#8241);
#8241=AXIS2_PLACEMENT_3D('',#286,#8242,#8243);
#8242=DIRECTION('',(-0,0,-1));
#8243=DIRECTION('',(-0.9987523388778445,-0.04993761694389223,0));
#8244=FACE_BOUND('',#8245,.T.);
#8245=EDGE_LOOP('',(#8246,#8247,#8248));
#8246=ORIENTED_EDGE('',*,*,#8249,.T.);
#8247=ORIENTED_EDGE('',*,*,#8250,.T.);
#8248=ORIENTED_EDGE('',*,*,#8251,.T.);
#8249=EDGE_CURVE('',#287,#63,#8252,.F.);
#8250=EDGE_CURVE('',#63,#425,#8253,.T.);
#8251=EDGE_CURVE('',#425,#287,#8254,.T.);
#8252=LINE('',#286,#8255);
#8253=LINE('',#62,#8256);
#8254=LINE('',#424,#8257);
#8255=VECTOR('',#8258,1.0);
#8256=VECTOR('',#8259,1.0);
#8257=VECTOR('',#8260,1.0);
#8258=DIRECTION('',(-0.9987523388778445,-0.04993761694389223,0));
#8259=DIRECTION('',(0,1,0));
#8260=DIRECTION('',(1,0,0));
#8261=FACE_SURFACE('',(#8266),#8262,.T.);
#8262=PLANE('',#8263);
#8263=AXIS2_PLACEMENT_3D('',#284,#8264,#8265);
#8264=DIRECTION('',(0,1,0));
#8265=DIRECTION('',(0,0,-1));
#8266=FACE_BOUND('',#8267,.T.);
#8267=EDGE_LOOP('',(#8268,#8269,#8270));
#8268=ORIENTED_EDGE('',*,*,#8271,.T.);
#8269=ORIENTED_EDGE('',*,*,#8272,.T.);
#8270=ORIENTED_EDGE('',*,*,#8273,.T.);
#8271=EDGE_CURVE('',#285,#287,#8274,.F.);
#8272=EDGE_CURVE('',#287,#423,#8275,.T.);
#8273=EDGE_CURVE('',#423,#285,#8276,.T.);
#8274=LINE('',#284,#8277);
#8275=LINE('',#286,#8278);
#8276=LINE('',#422,#8279);
#8277=VECTOR('',#8280,1.0);
#8278=VECTOR('',#8281,1.0);
#8279=VECTOR('',#8282,1.0);
#8280=DIRECTION('',(0,0,-1));
#8281=DIRECTION('',(-0.9999936436577547,0,0.0035654795031959986));
#8282=DIRECTION('',(1,0,0));
#8283=FACE_SURFACE('',(#8288),#8284,.T.);
#8284=PLANE('',#8285);
#8285=AXIS2_PLACEMENT_3D('',#422,#8286,#8287);
#8286=DIRECTION('',(0,1,0));
#8287=DIRECTION('',(0.9999936436577547,0,-0.0035654795031959986));
#8288=FACE_BOUND('',#8289,.T.);
#8289=EDGE_LOOP('',(#8290,#8291,#8292));
#8290=ORIENTED_EDGE('',*,*,#8293,.T.);
#8291=ORIENTED_EDGE('',*,*,#8294,.T.);
#8292=ORIENTED_EDGE('',*,*,#8295,.T.);
#8293=EDGE_CURVE('',#423,#287,#8296,.F.);
#8294=EDGE_CURVE('',#287,#425,#8297,.T.);
#8295=EDGE_CURVE('',#425,#423,#8298,.T.);
#8296=LINE('',#422,#8299);
#8297=LINE('',#286,#8300);
#8298=LINE('',#424,#8301);
#8299=VECTOR('',#8302,1.0);
#8300=VECTOR('',#8303,1.0);
#8301=VECTOR('',#8304,1.0);
#8302=DIRECTION('',(0.9999936436577547,0,-0.0035654795031959986));
#8303=DIRECTION('',(-1,0,0));
#8304=DIRECTION('',(0,0,1));
#8305=FACE_SURFACE('',(#8310),#8306,.T.);
#8306=PLANE('',#8307);
#8307=AXIS2_PLACEMENT_3D('',#422,#8308,#8309);
#8308=DIRECTION('',(0,0.7660443613813118,-0.6427877070976841));
#8309=DIRECTION('',(0.6660170534126921,0.47947882218326476,0.5714204613428052));
#8310=FACE_BOUND('',#8311,.T.);
#8311=EDGE_LOOP('',(#8312,#8313,#8314));
#8312=ORIENTED_EDGE('',*,*,#8315,.T.);
#8313=ORIENTED_EDGE('',*,*,#8316,.T.);
#8314=ORIENTED_EDGE('',*,*,#8317,.T.);
#8315=EDGE_CURVE('',#423,#637,#8318,.F.);
#8316=EDGE_CURVE('',#637,#285,#8319,.T.);
#8317=EDGE_CURVE('',#285,#423,#8320,.T.);
#8318=LINE('',#422,#8321);
#8319=LINE('',#636,#8322);
#8320=LINE('',#284,#8323);
#8321=VECTOR('',#8324,1.0);
#8322=VECTOR('',#8325,1.0);
#8323=VECTOR('',#8326,1.0);
#8324=DIRECTION('',(0.6660170534126921,0.47947882218326476,0.5714204613428052));
#8325=DIRECTION('',(0.9806912367836119,-0.1257051819631659,-0.1498095635246195));
#8326=DIRECTION('',(-1,0,0));
#8327=FACE_SURFACE('',(#8332),#8328,.T.);
#8328=PLANE('',#8329);
#8329=AXIS2_PLACEMENT_3D('',#284,#8330,#8331);
#8330=DIRECTION('',(9.200439429678166E-09,0.7660443910380098,-0.6427876717542149));
#8331=DIRECTION('',(-0.9806912367836119,0.1257051819631659,0.1498095635246195));
#8332=FACE_BOUND('',#8333,.T.);
#8333=EDGE_LOOP('',(#8334,#8335,#8336));
#8334=ORIENTED_EDGE('',*,*,#8337,.T.);
#8335=ORIENTED_EDGE('',*,*,#8338,.T.);
#8336=ORIENTED_EDGE('',*,*,#8339,.T.);
#8337=EDGE_CURVE('',#285,#637,#8340,.F.);
#8338=EDGE_CURVE('',#637,#639,#8341,.T.);
#8339=EDGE_CURVE('',#639,#285,#8342,.T.);
#8340=LINE('',#284,#8343);
#8341=LINE('',#636,#8344);
#8342=LINE('',#638,#8345);
#8343=VECTOR('',#8346,1.0);
#8344=VECTOR('',#8347,1.0);
#8345=VECTOR('',#8348,1.0);
#8346=DIRECTION('',(-0.9806912367836119,0.1257051819631659,0.1498095635246195));
#8347=DIRECTION('',(0.9999992341739875,0.000795506371733838,0.0009480617337774764));
#8348=DIRECTION('',(0.6673711610072444,-0.4787002295543716,-0.5704926149219065));
#8349=FACE_SURFACE('',(#8354),#8350,.T.);
#8350=PLANE('',#8351);
#8351=AXIS2_PLACEMENT_3D('',#284,#8352,#8353);
#8352=DIRECTION('',(1.6568691504743567E-05,0.7660539294755236,-0.6427763039040781));
#8353=DIRECTION('',(-0.6673711610072444,0.4787002295543716,0.5704926149219065));
#8354=FACE_BOUND('',#8355,.T.);
#8355=EDGE_LOOP('',(#8356,#8357,#8358));
#8356=ORIENTED_EDGE('',*,*,#8359,.T.);
#8357=ORIENTED_EDGE('',*,*,#8360,.T.);
#8358=ORIENTED_EDGE('',*,*,#8361,.T.);
#8359=EDGE_CURVE('',#285,#639,#8362,.F.);
#8360=EDGE_CURVE('',#639,#641,#8363,.T.);
#8361=EDGE_CURVE('',#641,#285,#8364,.T.);
#8362=LINE('',#284,#8365);
#8363=LINE('',#638,#8366);
#8364=LINE('',#640,#8367);
#8365=VECTOR('',#8368,1.0);
#8366=VECTOR('',#8369,1.0);
#8367=VECTOR('',#8370,1.0);
#8368=DIRECTION('',(-0.6673711610072444,0.4787002295543716,0.5704926149219065));
#8369=DIRECTION('',(0.7875737571533535,-0.3961018650968495,-0.4720496684779557));
#8370=DIRECTION('',(0.6642763175483771,-0.48047543069160203,-0.5726083604402639));
#8371=FACE_SURFACE('',(#8376),#8372,.T.);
#8372=PLANE('',#8373);
#8373=AXIS2_PLACEMENT_3D('',#426,#8374,#8375);
#8374=DIRECTION('',(1.0841049159835823E-07,0.7660444328839722,-0.6427876218841351));
#8375=DIRECTION('',(0.07631801257614601,-0.6409129558461789,-0.7638102800990185));
#8376=FACE_BOUND('',#8377,.T.);
#8377=EDGE_LOOP('',(#8378,#8379,#8380));
#8378=ORIENTED_EDGE('',*,*,#8381,.T.);
#8379=ORIENTED_EDGE('',*,*,#8382,.T.);
#8380=ORIENTED_EDGE('',*,*,#8383,.T.);
#8381=EDGE_CURVE('',#427,#643,#8384,.F.);
#8382=EDGE_CURVE('',#643,#423,#8385,.T.);
#8383=EDGE_CURVE('',#423,#427,#8386,.T.);
#8384=LINE('',#426,#8387);
#8385=LINE('',#642,#8388);
#8386=LINE('',#422,#8389);
#8387=VECTOR('',#8390,1.0);
#8388=VECTOR('',#8391,1.0);
#8389=VECTOR('',#8392,1.0);
#8390=DIRECTION('',(0.07631801257614601,-0.6409129558461789,-0.7638102800990185));
#8391=DIRECTION('',(-0.31711406312280876,-0.6096116586906609,-0.7265069143223376));
#8392=DIRECTION('',(0,0.6427876218841388,0.7660444328839766));
#8393=FACE_SURFACE('',(#8398),#8394,.T.);
#8394=PLANE('',#8395);
#8395=AXIS2_PLACEMENT_3D('',#422,#8396,#8397);
#8396=DIRECTION('',(-2.9353744153650682E-05,0.7660507648204529,-0.6427800750306102));
#8397=DIRECTION('',(0.31711406312280876,0.6096116586906609,0.7265069143223376));
#8398=FACE_BOUND('',#8399,.T.);
#8399=EDGE_LOOP('',(#8400,#8401,#8402));
#8400=ORIENTED_EDGE('',*,*,#8403,.T.);
#8401=ORIENTED_EDGE('',*,*,#8404,.T.);
#8402=ORIENTED_EDGE('',*,*,#8405,.T.);
#8403=EDGE_CURVE('',#423,#643,#8406,.F.);
#8404=EDGE_CURVE('',#643,#645,#8407,.T.);
#8405=EDGE_CURVE('',#645,#423,#8408,.T.);
#8406=LINE('',#422,#8409);
#8407=LINE('',#642,#8410);
#8408=LINE('',#644,#8411);
#8409=VECTOR('',#8412,1.0);
#8410=VECTOR('',#8413,1.0);
#8411=VECTOR('',#8414,1.0);
#8412=DIRECTION('',(0.31711406312280876,0.6096116586906609,0.7265069143223376));
#8413=DIRECTION('',(-0.2263450130097302,-0.6261032180478605,-0.7461653271465636));
#8414=DIRECTION('',(-0.32141888723724055,-0.608679537349156,-0.7253958365882667));
#8415=FACE_SURFACE('',(#8420),#8416,.T.);
#8416=PLANE('',#8417);
#8417=AXIS2_PLACEMENT_3D('',#422,#8418,#8419);
#8418=DIRECTION('',(1.1853275737658736E-05,0.7660417745212668,-0.6427907898747527));
#8419=DIRECTION('',(0.32141888723724055,0.608679537349156,0.7253958365882667));
#8420=FACE_BOUND('',#8421,.T.);
#8421=EDGE_LOOP('',(#8422,#8423,#8424));
#8422=ORIENTED_EDGE('',*,*,#8425,.T.);
#8423=ORIENTED_EDGE('',*,*,#8426,.T.);
#8424=ORIENTED_EDGE('',*,*,#8427,.T.);
#8425=EDGE_CURVE('',#423,#645,#8428,.F.);
#8426=EDGE_CURVE('',#645,#647,#8429,.T.);
#8427=EDGE_CURVE('',#647,#423,#8430,.T.);
#8428=LINE('',#422,#8431);
#8429=LINE('',#644,#8432);
#8430=LINE('',#646,#8433);
#8431=VECTOR('',#8434,1.0);
#8432=VECTOR('',#8435,1.0);
#8433=VECTOR('',#8436,1.0);
#8434=DIRECTION('',(0.32141888723724055,0.608679537349156,0.7253958365882667));
#8435=DIRECTION('',(-0.07523784600076053,-0.640968191078582,-0.7638710915819606));
#8436=DIRECTION('',(-0.3335271354811665,-0.6059818820670942,-0.722181146599764));
#8437=FACE_SURFACE('',(#8442),#8438,.T.);
#8438=PLANE('',#8439);
#8439=AXIS2_PLACEMENT_3D('',#280,#8440,#8441);
#8440=DIRECTION('',(0,0.7660444290144687,-0.6427876264956387));
#8441=DIRECTION('',(-0.14620220420532568,-0.6358806981607921,-0.7578130727244338));
#8442=FACE_BOUND('',#8443,.T.);
#8443=EDGE_LOOP('',(#8444,#8445,#8446));
#8444=ORIENTED_EDGE('',*,*,#8447,.T.);
#8445=ORIENTED_EDGE('',*,*,#8448,.T.);
#8446=ORIENTED_EDGE('',*,*,#8449,.T.);
#8447=EDGE_CURVE('',#281,#649,#8450,.F.);
#8448=EDGE_CURVE('',#649,#427,#8451,.T.);
#8449=EDGE_CURVE('',#427,#281,#8452,.T.);
#8450=LINE('',#280,#8453);
#8451=LINE('',#648,#8454);
#8452=LINE('',#426,#8455);
#8453=VECTOR('',#8456,1.0);
#8454=VECTOR('',#8457,1.0);
#8455=VECTOR('',#8458,1.0);
#8456=DIRECTION('',(-0.14620220420532568,-0.6358806981607921,-0.7578130727244338));
#8457=DIRECTION('',(-0.6347977167957363,0.4966680935356517,0.5919059584212524));
#8458=DIRECTION('',(1,0,0));
#8459=FACE_SURFACE('',(#8464),#8460,.T.);
#8460=PLANE('',#8461);
#8461=AXIS2_PLACEMENT_3D('',#426,#8462,#8463);
#8462=DIRECTION('',(-2.2538131903379273E-09,0.766044427824263,-0.6427876279140706));
#8463=DIRECTION('',(0.6347977167957363,-0.4966680935356517,-0.5919059584212524));
#8464=FACE_BOUND('',#8465,.T.);
#8465=EDGE_LOOP('',(#8466,#8467,#8468));
#8466=ORIENTED_EDGE('',*,*,#8469,.T.);
#8467=ORIENTED_EDGE('',*,*,#8470,.T.);
#8468=ORIENTED_EDGE('',*,*,#8471,.T.);
#8469=EDGE_CURVE('',#427,#649,#8472,.F.);
#8470=EDGE_CURVE('',#649,#651,#8473,.T.);
#8471=EDGE_CURVE('',#651,#427,#8474,.T.);
#8472=LINE('',#426,#8475);
#8473=LINE('',#648,#8476);
#8474=LINE('',#650,#8477);
#8475=VECTOR('',#8478,1.0);
#8476=VECTOR('',#8479,1.0);
#8477=VECTOR('',#8480,1.0);
#8478=DIRECTION('',(0.6347977167957363,-0.4966680935356517,-0.5919059584212524));
#8479=DIRECTION('',(-0.9999623544551108,-0.005577445660605202,-0.006646937076147417));
#8480=DIRECTION('',(-0.14413097996681132,0.6360760371974518,0.7580458663675916));
#8481=FACE_SURFACE('',(#8486),#8482,.T.);
#8482=PLANE('',#8483);
#8483=AXIS2_PLACEMENT_3D('',#426,#8484,#8485);
#8484=DIRECTION('',(3.0873611151396494E-06,0.7660447170800653,-0.6427872831848735));
#8485=DIRECTION('',(0.14413097996681132,-0.6360760371974518,-0.7580458663675916));
#8486=FACE_BOUND('',#8487,.T.);
#8487=EDGE_LOOP('',(#8488,#8489,#8490));
#8488=ORIENTED_EDGE('',*,*,#8491,.T.);
#8489=ORIENTED_EDGE('',*,*,#8492,.T.);
#8490=ORIENTED_EDGE('',*,*,#8493,.T.);
#8491=EDGE_CURVE('',#427,#651,#8494,.F.);
#8492=EDGE_CURVE('',#651,#653,#8495,.T.);
#8493=EDGE_CURVE('',#653,#427,#8496,.T.);
#8494=LINE('',#426,#8497);
#8495=LINE('',#650,#8498);
#8496=LINE('',#652,#8499);
#8497=VECTOR('',#8500,1.0);
#8498=VECTOR('',#8501,1.0);
#8499=VECTOR('',#8502,1.0);
#8500=DIRECTION('',(0.14413097996681132,-0.6360760371974518,-0.7580458663675916));
#8501=DIRECTION('',(-0.7875735573851338,0.3961006612693517,0.4720510119147163));
#8502=DIRECTION('',(-0.14084216025348148,0.6363803531856073,0.758408552150155));
#8503=FACE_SURFACE('',(#8508),#8504,.T.);
#8504=PLANE('',#8505);
#8505=AXIS2_PLACEMENT_3D('',#284,#8506,#8507);
#8506=DIRECTION('',(2.2926851168193324E-07,0.7660444328839565,-0.642787621884122));
#8507=DIRECTION('',(-0.3041260334459922,0.6123399858412342,0.7297582459420137));
#8508=FACE_BOUND('',#8509,.T.);
#8509=EDGE_LOOP('',(#8510,#8511,#8512));
#8510=ORIENTED_EDGE('',*,*,#8513,.T.);
#8511=ORIENTED_EDGE('',*,*,#8514,.T.);
#8512=ORIENTED_EDGE('',*,*,#8515,.T.);
#8513=EDGE_CURVE('',#285,#655,#8516,.F.);
#8514=EDGE_CURVE('',#655,#281,#8517,.T.);
#8515=EDGE_CURVE('',#281,#285,#8518,.T.);
#8516=LINE('',#284,#8519);
#8517=LINE('',#654,#8520);
#8518=LINE('',#280,#8521);
#8519=VECTOR('',#8522,1.0);
#8520=VECTOR('',#8523,1.0);
#8521=VECTOR('',#8524,1.0);
#8522=DIRECTION('',(-0.3041260334459922,0.6123399858412342,0.7297582459420137));
#8523=DIRECTION('',(0.07458904910425211,0.6409970319275399,0.7639105175436505));
#8524=DIRECTION('',(0,-0.6427876218841388,-0.7660444328839766));
#8525=FACE_SURFACE('',(#8530),#8526,.T.);
#8526=PLANE('',#8527);
#8527=AXIS2_PLACEMENT_3D('',#280,#8528,#8529);
#8528=DIRECTION('',(-2.324588827081117E-06,0.7660445556684117,-0.6427874755511201));
#8529=DIRECTION('',(-0.07458904910425211,-0.6409970319275399,-0.7639105175436505));
#8530=FACE_BOUND('',#8531,.T.);
#8531=EDGE_LOOP('',(#8532,#8533,#8534));
#8532=ORIENTED_EDGE('',*,*,#8535,.T.);
#8533=ORIENTED_EDGE('',*,*,#8536,.T.);
#8534=ORIENTED_EDGE('',*,*,#8537,.T.);
#8535=EDGE_CURVE('',#281,#655,#8538,.F.);
#8536=EDGE_CURVE('',#655,#657,#8539,.T.);
#8537=EDGE_CURVE('',#657,#281,#8540,.T.);
#8538=LINE('',#280,#8541);
#8539=LINE('',#654,#8542);
#8540=LINE('',#656,#8543);
#8541=VECTOR('',#8544,1.0);
#8542=VECTOR('',#8545,1.0);
#8543=VECTOR('',#8546,1.0);
#8544=DIRECTION('',(-0.07458904910425211,-0.6409970319275399,-0.7639105175436505));
#8545=DIRECTION('',(-0.37892504953471867,0.5948524446224973,0.7089191603855477));
#8546=DIRECTION('',(0.07969136325037483,0.6407432870438964,0.7636080976073262));
#8547=FACE_SURFACE('',(#8552),#8548,.T.);
#8548=PLANE('',#8549);
#8549=AXIS2_PLACEMENT_3D('',#280,#8550,#8551);
#8550=DIRECTION('',(-3.7734161207002576E-06,0.7660446301174254,-0.6427873868193262));
#8551=DIRECTION('',(-0.07969136325037483,-0.6407432870438964,-0.7636080976073262));
#8552=FACE_BOUND('',#8553,.T.);
#8553=EDGE_LOOP('',(#8554,#8555,#8556));
#8554=ORIENTED_EDGE('',*,*,#8557,.T.);
#8555=ORIENTED_EDGE('',*,*,#8558,.T.);
#8556=ORIENTED_EDGE('',*,*,#8559,.T.);
#8557=EDGE_CURVE('',#281,#657,#8560,.F.);
#8558=EDGE_CURVE('',#657,#659,#8561,.T.);
#8559=EDGE_CURVE('',#659,#281,#8562,.T.);
#8560=LINE('',#280,#8563);
#8561=LINE('',#656,#8564);
#8562=LINE('',#658,#8565);
#8563=VECTOR('',#8566,1.0);
#8564=VECTOR('',#8567,1.0);
#8565=VECTOR('',#8568,1.0);
#8566=DIRECTION('',(-0.07969136325037483,-0.6407432870438964,-0.7636080976073262));
#8567=DIRECTION('',(-0.5322336946635093,0.5441806438080345,0.6485327448706838));
#8568=DIRECTION('',(0.08628780978094933,0.6403902009106521,0.7631872669671718));
#8569=FACE_SURFACE('',(#8574),#8570,.T.);
#8570=PLANE('',#8571);
#8571=AXIS2_PLACEMENT_3D('',#660,#8572,#8573);
#8572=DIRECTION('',(-4.4917391610079475E-06,0.766044069122102,-0.6427880553827027));
#8573=DIRECTION('',(-0.9979502032439919,0.04113194749331036,0.04902606185166019));
#8574=FACE_BOUND('',#8575,.T.);
#8575=EDGE_LOOP('',(#8576,#8577,#8578));
#8576=ORIENTED_EDGE('',*,*,#8579,.T.);
#8577=ORIENTED_EDGE('',*,*,#8580,.T.);
#8578=ORIENTED_EDGE('',*,*,#8581,.T.);
#8579=EDGE_CURVE('',#661,#663,#8582,.F.);
#8580=EDGE_CURVE('',#663,#427,#8583,.T.);
#8581=EDGE_CURVE('',#427,#661,#8584,.T.);
#8582=LINE('',#660,#8585);
#8583=LINE('',#662,#8586);
#8584=LINE('',#426,#8587);
#8585=VECTOR('',#8588,1.0);
#8586=VECTOR('',#8589,1.0);
#8587=VECTOR('',#8590,1.0);
#8588=DIRECTION('',(-0.9979502032439919,0.04113194749331036,0.04902606185166019));
#8589=DIRECTION('',(-0.12078537533699456,0.6380815605193076,0.7604359376239044));
#8590=DIRECTION('',(0.1251372851297222,-0.6377349479670341,-0.7600228917682985));
#8591=FACE_SURFACE('',(#8596),#8592,.T.);
#8592=PLANE('',#8593);
#8593=AXIS2_PLACEMENT_3D('',#426,#8594,#8595);
#8594=DIRECTION('',(4.422186533370334E-06,0.7660447662979739,-0.6427872245214017));
#8595=DIRECTION('',(0.12078537533699456,-0.6380815605193076,-0.7604359376239044));
#8596=FACE_BOUND('',#8597,.T.);
#8597=EDGE_LOOP('',(#8598,#8599,#8600));
#8598=ORIENTED_EDGE('',*,*,#8601,.T.);
#8599=ORIENTED_EDGE('',*,*,#8602,.T.);
#8600=ORIENTED_EDGE('',*,*,#8603,.T.);
#8601=EDGE_CURVE('',#427,#663,#8604,.F.);
#8602=EDGE_CURVE('',#663,#665,#8605,.T.);
#8603=EDGE_CURVE('',#665,#427,#8606,.T.);
#8604=LINE('',#426,#8607);
#8605=LINE('',#662,#8608);
#8606=LINE('',#664,#8609);
#8607=VECTOR('',#8610,1.0);
#8608=VECTOR('',#8611,1.0);
#8609=VECTOR('',#8612,1.0);
#8610=DIRECTION('',(0.12078537533699456,-0.6380815605193076,-0.7604359376239044));
#8611=DIRECTION('',(-0.9979502032439919,-0.04113194749331036,-0.04902606185166019));
#8612=DIRECTION('',(-0.11635787864332944,0.638421391349091,0.760840963109581));
#8613=FACE_SURFACE('',(#8618),#8614,.T.);
#8614=PLANE('',#8615);
#8615=AXIS2_PLACEMENT_3D('',#426,#8616,#8617);
#8616=DIRECTION('',(-5.63641700353176E-07,0.766044390848028,-0.6427876719803797));
#8617=DIRECTION('',(0.11635787864332944,-0.638421391349091,-0.760840963109581));
#8618=FACE_BOUND('',#8619,.T.);
#8619=EDGE_LOOP('',(#8620,#8621,#8622));
#8620=ORIENTED_EDGE('',*,*,#8623,.T.);
#8621=ORIENTED_EDGE('',*,*,#8624,.T.);
#8622=ORIENTED_EDGE('',*,*,#8625,.T.);
#8623=EDGE_CURVE('',#427,#665,#8626,.F.);
#8624=EDGE_CURVE('',#665,#667,#8627,.T.);
#8625=EDGE_CURVE('',#667,#427,#8628,.T.);
#8626=LINE('',#426,#8629);
#8627=LINE('',#664,#8630);
#8628=LINE('',#666,#8631);
#8629=VECTOR('',#8632,1.0);
#8630=VECTOR('',#8633,1.0);
#8631=VECTOR('',#8634,1.0);
#8632=DIRECTION('',(0.11635787864332944,-0.638421391349091,-0.760840963109581));
#8633=DIRECTION('',(-0.9817613104188938,-0.12220571995316282,-0.14563822086013567));
#8634=DIRECTION('',(-0.11190510432868515,0.6387502085310497,0.7612328281982634));
#8635=FACE_SURFACE('',(#8640),#8636,.T.);
#8636=PLANE('',#8637);
#8637=AXIS2_PLACEMENT_3D('',#666,#8638,#8639);
#8638=DIRECTION('',(-2.6852821490449354E-06,0.7660442372685451,-0.6427878550038436));
#8639=DIRECTION('',(-0.950478968037182,-0.19977327620906388,-0.23807639410842593));
#8640=FACE_BOUND('',#8641,.T.);
#8641=EDGE_LOOP('',(#8642,#8643,#8644));
#8642=ORIENTED_EDGE('',*,*,#8645,.T.);
#8643=ORIENTED_EDGE('',*,*,#8646,.T.);
#8644=ORIENTED_EDGE('',*,*,#8647,.T.);
#8645=EDGE_CURVE('',#667,#669,#8648,.F.);
#8646=EDGE_CURVE('',#669,#427,#8649,.T.);
#8647=EDGE_CURVE('',#427,#667,#8650,.T.);
#8648=LINE('',#666,#8651);
#8649=LINE('',#668,#8652);
#8650=LINE('',#426,#8653);
#8651=VECTOR('',#8654,1.0);
#8652=VECTOR('',#8655,1.0);
#8653=VECTOR('',#8656,1.0);
#8654=DIRECTION('',(-0.950478968037182,-0.19977327620906388,-0.23807639410842593));
#8655=DIRECTION('',(-0.10747778557582074,0.639064276396189,0.7616071009660645));
#8656=DIRECTION('',(0.11190510432868515,-0.6387502085310497,-0.7612328281982634));
#8657=FACE_SURFACE('',(#8662),#8658,.T.);
#8658=PLANE('',#8659);
#8659=AXIS2_PLACEMENT_3D('',#426,#8660,#8661);
#8660=DIRECTION('',(3.4525943363456987E-06,0.7660446637748736,-0.642787346709719));
#8661=DIRECTION('',(0.10747778557582074,-0.639064276396189,-0.7616071009660645));
#8662=FACE_BOUND('',#8663,.T.);
#8663=EDGE_LOOP('',(#8664,#8665,#8666));
#8664=ORIENTED_EDGE('',*,*,#8667,.T.);
#8665=ORIENTED_EDGE('',*,*,#8668,.T.);
#8666=ORIENTED_EDGE('',*,*,#8669,.T.);
#8667=EDGE_CURVE('',#427,#669,#8670,.F.);
#8668=EDGE_CURVE('',#669,#671,#8671,.T.);
#8669=EDGE_CURVE('',#671,#427,#8672,.T.);
#8670=LINE('',#426,#8673);
#8671=LINE('',#668,#8674);
#8672=LINE('',#670,#8675);
#8673=VECTOR('',#8676,1.0);
#8674=VECTOR('',#8677,1.0);
#8675=VECTOR('',#8678,1.0);
#8676=DIRECTION('',(0.10747778557582074,-0.639064276396189,-0.7616071009660645));
#8677=DIRECTION('',(-0.9060375656857876,-0.2720234541617793,-0.32419002136411684));
#8678=DIRECTION('',(-0.10312614564363295,0.6393604608182881,0.7619601034351566));
#8679=FACE_SURFACE('',(#8684),#8680,.T.);
#8680=PLANE('',#8681);
#8681=AXIS2_PLACEMENT_3D('',#426,#8682,#8683);
#8682=DIRECTION('',(3.912515134712299E-07,0.7660444597607242,-0.6427875898535588));
#8683=DIRECTION('',(0.10312614564363295,-0.6393604608182881,-0.7619601034351566));
#8684=FACE_BOUND('',#8685,.T.);
#8685=EDGE_LOOP('',(#8686,#8687,#8688));
#8686=ORIENTED_EDGE('',*,*,#8689,.T.);
#8687=ORIENTED_EDGE('',*,*,#8690,.T.);
#8688=ORIENTED_EDGE('',*,*,#8691,.T.);
#8689=EDGE_CURVE('',#427,#671,#8692,.F.);
#8690=EDGE_CURVE('',#671,#673,#8693,.T.);
#8691=EDGE_CURVE('',#673,#427,#8694,.T.);
#8692=LINE('',#426,#8695);
#8693=LINE('',#670,#8696);
#8694=LINE('',#672,#8697);
#8695=VECTOR('',#8698,1.0);
#8696=VECTOR('',#8699,1.0);
#8697=VECTOR('',#8700,1.0);
#8698=DIRECTION('',(0.10312614564363295,-0.6393604608182881,-0.7619601034351566));
#8699=DIRECTION('',(-0.8508897643920252,-0.3376845263103957,-0.40243728647257276));
#8700=DIRECTION('',(-0.0988991717034081,0.6396363272814912,0.7622888708739128));
#8701=FACE_SURFACE('',(#8706),#8702,.T.);
#8702=PLANE('',#8703);
#8703=AXIS2_PLACEMENT_3D('',#672,#8704,#8705);
#8704=DIRECTION('',(-2.545746885223171E-06,0.7660442721300171,-0.6427878134581516));
#8705=DIRECTION('',(-0.7875735573851338,-0.3961006612693517,-0.4720510119147163));
#8706=FACE_BOUND('',#8707,.T.);
#8707=EDGE_LOOP('',(#8708,#8709,#8710));
#8708=ORIENTED_EDGE('',*,*,#8711,.T.);
#8709=ORIENTED_EDGE('',*,*,#8712,.T.);
#8710=ORIENTED_EDGE('',*,*,#8713,.T.);
#8711=EDGE_CURVE('',#673,#675,#8714,.F.);
#8712=EDGE_CURVE('',#675,#427,#8715,.T.);
#8713=EDGE_CURVE('',#427,#673,#8716,.T.);
#8714=LINE('',#672,#8717);
#8715=LINE('',#674,#8718);
#8716=LINE('',#426,#8719);
#8717=VECTOR('',#8720,1.0);
#8718=VECTOR('',#8721,1.0);
#8719=VECTOR('',#8722,1.0);
#8720=DIRECTION('',(-0.7875735573851338,-0.3961006612693517,-0.4720510119147163));
#8721=DIRECTION('',(-0.0948437885327049,0.6398900487759924,0.762591228151899));
#8722=DIRECTION('',(0.0988991717034081,-0.6396363272814912,-0.7622888708739128));
#8723=FACE_SURFACE('',(#8728),#8724,.T.);
#8724=PLANE('',#8725);
#8725=AXIS2_PLACEMENT_3D('',#426,#8726,#8727);
#8726=DIRECTION('',(2.182773796814847E-07,0.7660444414026643,-0.6427876117319254));
#8727=DIRECTION('',(0.0948437885327049,-0.6398900487759924,-0.762591228151899));
#8728=FACE_BOUND('',#8729,.T.);
#8729=EDGE_LOOP('',(#8730,#8731,#8732));
#8730=ORIENTED_EDGE('',*,*,#8733,.T.);
#8731=ORIENTED_EDGE('',*,*,#8734,.T.);
#8732=ORIENTED_EDGE('',*,*,#8735,.T.);
#8733=EDGE_CURVE('',#427,#675,#8736,.F.);
#8734=EDGE_CURVE('',#675,#677,#8737,.T.);
#8735=EDGE_CURVE('',#677,#427,#8738,.T.);
#8736=LINE('',#426,#8739);
#8737=LINE('',#674,#8740);
#8738=LINE('',#676,#8741);
#8739=VECTOR('',#8742,1.0);
#8740=VECTOR('',#8743,1.0);
#8741=VECTOR('',#8744,1.0);
#8742=DIRECTION('',(0.0948437885327049,-0.6398900487759924,-0.762591228151899));
#8743=DIRECTION('',(-0.6823551464620035,-0.46989101943448686,-0.5599945392159076));
#8744=DIRECTION('',(-0.08742075568089018,0.6403266991577573,0.7631116103309615));
#8745=FACE_SURFACE('',(#8750),#8746,.T.);
#8746=PLANE('',#8747);
#8747=AXIS2_PLACEMENT_3D('',#426,#8748,#8749);
#8748=DIRECTION('',(8.097922010504847E-07,0.7660444747691554,-0.6427875719668149));
#8749=DIRECTION('',(0.08742075568089018,-0.6403266991577573,-0.7631116103309615));
#8750=FACE_BOUND('',#8751,.T.);
#8751=EDGE_LOOP('',(#8752,#8753,#8754));
#8752=ORIENTED_EDGE('',*,*,#8755,.T.);
#8753=ORIENTED_EDGE('',*,*,#8756,.T.);
#8754=ORIENTED_EDGE('',*,*,#8757,.T.);
#8755=EDGE_CURVE('',#427,#677,#8758,.F.);
#8756=EDGE_CURVE('',#677,#679,#8759,.T.);
#8757=EDGE_CURVE('',#679,#427,#8760,.T.);
#8758=LINE('',#426,#8761);
#8759=LINE('',#676,#8762);
#8760=LINE('',#678,#8763);
#8761=VECTOR('',#8764,1.0);
#8762=VECTOR('',#8765,1.0);
#8763=VECTOR('',#8766,1.0);
#8764=DIRECTION('',(0.08742075568089018,-0.6403266991577573,-0.7631116103309615));
#8765=DIRECTION('',(-0.5322355365209873,-0.5441812645600638,-0.6485307124308198));
#8766=DIRECTION('',(-0.08116566379771661,0.6406668247960788,0.763516964203145));
#8767=FACE_SURFACE('',(#8772),#8768,.T.);
#8768=PLANE('',#8769);
#8769=AXIS2_PLACEMENT_3D('',#678,#8770,#8771);
#8770=DIRECTION('',(-1.5358632990017393E-06,0.7660443519851853,-0.6427877182937136));
#8771=DIRECTION('',(-0.3789233145268561,-0.5948542464921963,-0.7089185758168441));
#8772=FACE_BOUND('',#8773,.T.);
#8773=EDGE_LOOP('',(#8774,#8775,#8776));
#8774=ORIENTED_EDGE('',*,*,#8777,.T.);
#8775=ORIENTED_EDGE('',*,*,#8778,.T.);
#8776=ORIENTED_EDGE('',*,*,#8779,.T.);
#8777=EDGE_CURVE('',#679,#643,#8780,.F.);
#8778=EDGE_CURVE('',#643,#427,#8781,.T.);
#8779=EDGE_CURVE('',#427,#679,#8782,.T.);
#8780=LINE('',#678,#8783);
#8781=LINE('',#642,#8784);
#8782=LINE('',#426,#8785);
#8783=VECTOR('',#8786,1.0);
#8784=VECTOR('',#8787,1.0);
#8785=VECTOR('',#8788,1.0);
#8786=DIRECTION('',(-0.3789233145268561,-0.5948542464921963,-0.7089185758168441));
#8787=DIRECTION('',(-0.07631801257614601,0.6409129558461789,0.7638102800990185));
#8788=DIRECTION('',(0.08116566379771661,-0.6406668247960788,-0.763516964203145));
#8789=FACE_SURFACE('',(#8794),#8790,.T.);
#8790=PLANE('',#8791);
#8791=AXIS2_PLACEMENT_3D('',#646,#8792,#8793);
#8792=DIRECTION('',(5.836121743713793E-07,0.7660443373977196,-0.6427877356799429));
#8793=DIRECTION('',(0.07523803737966789,-0.640965853018464,-0.763873034604291));
#8794=FACE_BOUND('',#8795,.T.);
#8795=EDGE_LOOP('',(#8796,#8797,#8798));
#8796=ORIENTED_EDGE('',*,*,#8799,.T.);
#8797=ORIENTED_EDGE('',*,*,#8800,.T.);
#8798=ORIENTED_EDGE('',*,*,#8801,.T.);
#8799=EDGE_CURVE('',#647,#681,#8802,.F.);
#8800=EDGE_CURVE('',#681,#423,#8803,.T.);
#8801=EDGE_CURVE('',#423,#647,#8804,.T.);
#8802=LINE('',#646,#8805);
#8803=LINE('',#680,#8806);
#8804=LINE('',#422,#8807);
#8805=VECTOR('',#8808,1.0);
#8806=VECTOR('',#8809,1.0);
#8807=VECTOR('',#8810,1.0);
#8808=DIRECTION('',(0.07523803737966789,-0.640965853018464,-0.763873034604291));
#8809=DIRECTION('',(-0.3539653464654884,-0.6011725598742339,-0.7164496400695778));
#8810=DIRECTION('',(0.3335271354811665,0.6059818820670942,0.722181146599764));
#8811=FACE_SURFACE('',(#8816),#8812,.T.);
#8812=PLANE('',#8813);
#8813=AXIS2_PLACEMENT_3D('',#422,#8814,#8815);
#8814=DIRECTION('',(-4.842297012070775E-06,0.766045657372774,-0.6427861625742007));
#8815=DIRECTION('',(0.3539653464654884,0.6011725598742339,0.7164496400695778));
#8816=FACE_BOUND('',#8817,.T.);
#8817=EDGE_LOOP('',(#8818,#8819,#8820));
#8818=ORIENTED_EDGE('',*,*,#8821,.T.);
#8819=ORIENTED_EDGE('',*,*,#8822,.T.);
#8820=ORIENTED_EDGE('',*,*,#8823,.T.);
#8821=EDGE_CURVE('',#423,#681,#8824,.F.);
#8822=EDGE_CURVE('',#681,#683,#8825,.T.);
#8823=EDGE_CURVE('',#683,#423,#8826,.T.);
#8824=LINE('',#422,#8827);
#8825=LINE('',#680,#8828);
#8826=LINE('',#682,#8829);
#8827=VECTOR('',#8830,1.0);
#8828=VECTOR('',#8831,1.0);
#8829=VECTOR('',#8832,1.0);
#8830=DIRECTION('',(0.3539653464654884,0.6011725598742339,0.7164496400695778));
#8831=DIRECTION('',(0.2263450130097302,-0.6261032180478605,-0.7461653271465636));
#8832=DIRECTION('',(-0.38268985804906036,-0.593856688087206,-0.7077306737456592));
#8833=FACE_SURFACE('',(#8838),#8834,.T.);
#8834=PLANE('',#8835);
#8835=AXIS2_PLACEMENT_3D('',#422,#8836,#8837);
#8836=DIRECTION('',(7.939053454266695E-07,0.7660441567068214,-0.6427879510186113));
#8837=DIRECTION('',(0.38268985804906036,0.593856688087206,0.7077306737456592));
#8838=FACE_BOUND('',#8839,.T.);
#8839=EDGE_LOOP('',(#8840,#8841,#8842));
#8840=ORIENTED_EDGE('',*,*,#8843,.T.);
#8841=ORIENTED_EDGE('',*,*,#8844,.T.);
#8842=ORIENTED_EDGE('',*,*,#8845,.T.);
#8843=EDGE_CURVE('',#423,#683,#8846,.F.);
#8844=EDGE_CURVE('',#683,#685,#8847,.T.);
#8845=EDGE_CURVE('',#685,#423,#8848,.T.);
#8846=LINE('',#422,#8849);
#8847=LINE('',#682,#8850);
#8848=LINE('',#684,#8851);
#8849=VECTOR('',#8852,1.0);
#8850=VECTOR('',#8853,1.0);
#8851=VECTOR('',#8854,1.0);
#8852=DIRECTION('',(0.38268985804906036,0.593856688087206,0.7077306737456592));
#8853=DIRECTION('',(0.3789233145268561,-0.5948542464921963,-0.7089185758168441));
#8854=DIRECTION('',(-0.41879503705163046,-0.5837031341707439,-0.6956301949313113));
#8855=FACE_SURFACE('',(#8860),#8856,.T.);
#8856=PLANE('',#8857);
#8857=AXIS2_PLACEMENT_3D('',#684,#8858,#8859);
#8858=DIRECTION('',(-5.851885705340115E-07,0.7660445655328719,-0.6427874637990468));
#8859=DIRECTION('',(0.5322355365209873,-0.5441812645600638,-0.6485307124308198));
#8860=FACE_BOUND('',#8861,.T.);
#8861=EDGE_LOOP('',(#8862,#8863,#8864));
#8862=ORIENTED_EDGE('',*,*,#8865,.T.);
#8863=ORIENTED_EDGE('',*,*,#8866,.T.);
#8864=ORIENTED_EDGE('',*,*,#8867,.T.);
#8865=EDGE_CURVE('',#685,#687,#8868,.F.);
#8866=EDGE_CURVE('',#687,#423,#8869,.T.);
#8867=EDGE_CURVE('',#423,#685,#8870,.T.);
#8868=LINE('',#684,#8871);
#8869=LINE('',#686,#8872);
#8870=LINE('',#422,#8873);
#8871=VECTOR('',#8874,1.0);
#8872=VECTOR('',#8875,1.0);
#8873=VECTOR('',#8876,1.0);
#8874=DIRECTION('',(0.5322355365209873,-0.5441812645600638,-0.6485307124308198));
#8875=DIRECTION('',(-0.4603189560874934,-0.5706370929506888,-0.6800586495408372));
#8876=DIRECTION('',(0.41879503705163046,0.5837031341707439,0.6956301949313113));
#8877=FACE_SURFACE('',(#8882),#8878,.T.);
#8878=PLANE('',#8879);
#8879=AXIS2_PLACEMENT_3D('',#422,#8880,#8881);
#8880=DIRECTION('',(-2.1630669559992952E-07,0.7660444425850667,-0.6427876103227936));
#8881=DIRECTION('',(0.4603189560874934,0.5706370929506888,0.6800586495408372));
#8882=FACE_BOUND('',#8883,.T.);
#8883=EDGE_LOOP('',(#8884,#8885,#8886));
#8884=ORIENTED_EDGE('',*,*,#8887,.T.);
#8885=ORIENTED_EDGE('',*,*,#8888,.T.);
#8886=ORIENTED_EDGE('',*,*,#8889,.T.);
#8887=EDGE_CURVE('',#423,#687,#8890,.F.);
#8888=EDGE_CURVE('',#687,#689,#8891,.T.);
#8889=EDGE_CURVE('',#689,#423,#8892,.T.);
#8890=LINE('',#422,#8893);
#8891=LINE('',#686,#8894);
#8892=LINE('',#688,#8895);
#8893=VECTOR('',#8896,1.0);
#8894=VECTOR('',#8897,1.0);
#8895=VECTOR('',#8898,1.0);
#8896=DIRECTION('',(0.4603189560874934,0.5706370929506888,0.6800586495408372));
#8897=DIRECTION('',(0.6823551464620035,-0.46989101943448686,-0.5599945392159076));
#8898=DIRECTION('',(-0.5043228886437863,-0.5550569269267748,-0.6614909159320271));
#8899=FACE_SURFACE('',(#8904),#8900,.T.);
#8900=PLANE('',#8901);
#8901=AXIS2_PLACEMENT_3D('',#422,#8902,#8903);
#8902=DIRECTION('',(1.8218575686028906E-06,0.7660436774353636,-0.642788522189052));
#8903=DIRECTION('',(0.5043228886437863,0.5550569269267748,0.6614909159320271));
#8904=FACE_BOUND('',#8905,.T.);
#8905=EDGE_LOOP('',(#8906,#8907,#8908));
#8906=ORIENTED_EDGE('',*,*,#8909,.T.);
#8907=ORIENTED_EDGE('',*,*,#8910,.T.);
#8908=ORIENTED_EDGE('',*,*,#8911,.T.);
#8909=EDGE_CURVE('',#423,#689,#8912,.F.);
#8910=EDGE_CURVE('',#689,#691,#8913,.T.);
#8911=EDGE_CURVE('',#691,#423,#8914,.T.);
#8912=LINE('',#422,#8915);
#8913=LINE('',#688,#8916);
#8914=LINE('',#690,#8917);
#8915=VECTOR('',#8918,1.0);
#8916=VECTOR('',#8919,1.0);
#8917=VECTOR('',#8920,1.0);
#8918=DIRECTION('',(0.5043228886437863,0.5550569269267748,0.6614909159320271));
#8919=DIRECTION('',(0.7875735573851338,-0.3961006612693517,-0.4720510119147163));
#8920=DIRECTION('',(-0.5261751817714018,-0.546611325261794,-0.6514259260908929));
#8921=FACE_SURFACE('',(#8926),#8922,.T.);
#8922=PLANE('',#8923);
#8923=AXIS2_PLACEMENT_3D('',#690,#8924,#8925);
#8924=DIRECTION('',(-3.232153734442867E-07,0.76604453059387,-0.6427875054379267));
#8925=DIRECTION('',(0.8508897643920252,-0.3376845263103957,-0.40243728647257276));
#8926=FACE_BOUND('',#8927,.T.);
#8927=EDGE_LOOP('',(#8928,#8929,#8930));
#8928=ORIENTED_EDGE('',*,*,#8931,.T.);
#8929=ORIENTED_EDGE('',*,*,#8932,.T.);
#8930=ORIENTED_EDGE('',*,*,#8933,.T.);
#8931=EDGE_CURVE('',#691,#693,#8934,.F.);
#8932=EDGE_CURVE('',#693,#423,#8935,.T.);
#8933=EDGE_CURVE('',#423,#691,#8936,.T.);
#8934=LINE('',#690,#8937);
#8935=LINE('',#692,#8938);
#8936=LINE('',#422,#8939);
#8937=VECTOR('',#8940,1.0);
#8938=VECTOR('',#8941,1.0);
#8939=VECTOR('',#8942,1.0);
#8940=DIRECTION('',(0.8508897643920252,-0.3376845263103957,-0.40243728647257276));
#8941=DIRECTION('',(-0.5473477515426872,-0.5379523893573619,-0.641106594620481));
#8942=DIRECTION('',(0.5261751817714018,0.546611325261794,0.6514259260908929));
#8943=FACE_SURFACE('',(#8948),#8944,.T.);
#8944=PLANE('',#8945);
#8945=AXIS2_PLACEMENT_3D('',#422,#8946,#8947);
#8946=DIRECTION('',(-2.794457788020315E-06,0.7660455694804997,-0.6427862673326865));
#8947=DIRECTION('',(0.5473477515426872,0.5379523893573619,0.641106594620481));
#8948=FACE_BOUND('',#8949,.T.);
#8949=EDGE_LOOP('',(#8950,#8951,#8952));
#8950=ORIENTED_EDGE('',*,*,#8953,.T.);
#8951=ORIENTED_EDGE('',*,*,#8954,.T.);
#8952=ORIENTED_EDGE('',*,*,#8955,.T.);
#8953=EDGE_CURVE('',#423,#693,#8956,.F.);
#8954=EDGE_CURVE('',#693,#695,#8957,.T.);
#8955=EDGE_CURVE('',#695,#423,#8958,.T.);
#8956=LINE('',#422,#8959);
#8957=LINE('',#692,#8960);
#8958=LINE('',#694,#8961);
#8959=VECTOR('',#8962,1.0);
#8960=VECTOR('',#8963,1.0);
#8961=VECTOR('',#8964,1.0);
#8962=DIRECTION('',(0.5473477515426872,0.5379523893573619,0.641106594620481));
#8963=DIRECTION('',(0.9060375656857876,-0.2720234541617793,-0.32419002136411684));
#8964=DIRECTION('',(-0.5674448335108921,-0.5292787656499284,-0.630769648250361));
#8965=FACE_SURFACE('',(#8970),#8966,.T.);
#8966=PLANE('',#8967);
#8967=AXIS2_PLACEMENT_3D('',#422,#8968,#8969);
#8968=DIRECTION('',(2.230636792947215E-06,0.7660433435157806,-0.6427889201364534));
#8969=DIRECTION('',(0.5674448335108921,0.5292787656499284,0.630769648250361));
#8970=FACE_BOUND('',#8971,.T.);
#8971=EDGE_LOOP('',(#8972,#8973,#8974));
#8972=ORIENTED_EDGE('',*,*,#8975,.T.);
#8973=ORIENTED_EDGE('',*,*,#8976,.T.);
#8974=ORIENTED_EDGE('',*,*,#8977,.T.);
#8975=EDGE_CURVE('',#423,#695,#8978,.F.);
#8976=EDGE_CURVE('',#695,#697,#8979,.T.);
#8977=EDGE_CURVE('',#697,#423,#8980,.T.);
#8978=LINE('',#422,#8981);
#8979=LINE('',#694,#8982);
#8980=LINE('',#696,#8983);
#8981=VECTOR('',#8984,1.0);
#8982=VECTOR('',#8985,1.0);
#8983=VECTOR('',#8986,1.0);
#8984=DIRECTION('',(0.5674448335108921,0.5292787656499284,0.630769648250361));
#8985=DIRECTION('',(0.950478968037182,-0.19977327620906388,-0.23807639410842593));
#8986=DIRECTION('',(-0.5861257721951527,-0.5207994891953994,-0.6206645400072787));
#8987=FACE_SURFACE('',(#8992),#8988,.T.);
#8988=PLANE('',#8989);
#8989=AXIS2_PLACEMENT_3D('',#696,#8990,#8991);
#8990=DIRECTION('',(4.917209204912957E-07,0.7660441521189094,-0.6427879564865692));
#8991=DIRECTION('',(0.9817613104188938,-0.12220571995316282,-0.14563822086013567));
#8992=FACE_BOUND('',#8993,.T.);
#8993=EDGE_LOOP('',(#8994,#8995,#8996));
#8994=ORIENTED_EDGE('',*,*,#8997,.T.);
#8995=ORIENTED_EDGE('',*,*,#8998,.T.);
#8996=ORIENTED_EDGE('',*,*,#8999,.T.);
#8997=EDGE_CURVE('',#697,#699,#9000,.F.);
#8998=EDGE_CURVE('',#699,#423,#9001,.T.);
#8999=EDGE_CURVE('',#423,#697,#9002,.T.);
#9000=LINE('',#696,#9003);
#9001=LINE('',#698,#9004);
#9002=LINE('',#422,#9005);
#9003=VECTOR('',#9006,1.0);
#9004=VECTOR('',#9007,1.0);
#9005=VECTOR('',#9008,1.0);
#9006=DIRECTION('',(0.9817613104188938,-0.12220571995316282,-0.14563822086013567));
#9007=DIRECTION('',(-0.6031184852414792,-0.5127206219326258,-0.6110365427738714));
#9008=DIRECTION('',(0.5861257721951527,0.5207994891953994,0.6206645400072787));
#9009=FACE_SURFACE('',(#9014),#9010,.T.);
#9010=PLANE('',#9011);
#9011=AXIS2_PLACEMENT_3D('',#422,#9012,#9013);
#9012=DIRECTION('',(-4.253382496388981E-06,0.7660464583381442,-0.6427852080201402));
#9013=DIRECTION('',(0.6031184852414792,0.5127206219326258,0.6110365427738714));
#9014=FACE_BOUND('',#9015,.T.);
#9015=EDGE_LOOP('',(#9016,#9017,#9018));
#9016=ORIENTED_EDGE('',*,*,#9019,.T.);
#9017=ORIENTED_EDGE('',*,*,#9020,.T.);
#9018=ORIENTED_EDGE('',*,*,#9021,.T.);
#9019=EDGE_CURVE('',#423,#699,#9022,.F.);
#9020=EDGE_CURVE('',#699,#701,#9023,.T.);
#9021=EDGE_CURVE('',#701,#423,#9024,.T.);
#9022=LINE('',#422,#9025);
#9023=LINE('',#698,#9026);
#9024=LINE('',#700,#9027);
#9025=VECTOR('',#9028,1.0);
#9026=VECTOR('',#9029,1.0);
#9027=VECTOR('',#9030,1.0);
#9028=DIRECTION('',(0.6031184852414792,0.5127206219326258,0.6110365427738714));
#9029=DIRECTION('',(0.9979502032439919,-0.04113194749331036,-0.04902606185166019));
#9030=DIRECTION('',(-0.618223413814836,-0.505232745998806,-0.6021126829602879));
#9031=FACE_SURFACE('',(#9036),#9032,.T.);
#9032=PLANE('',#9033);
#9033=AXIS2_PLACEMENT_3D('',#422,#9034,#9035);
#9034=DIRECTION('',(4.705240175216016E-06,0.7660419290426557,-0.6427906058169081));
#9035=DIRECTION('',(0.618223413814836,0.505232745998806,0.6021126829602879));
#9036=FACE_BOUND('',#9037,.T.);
#9037=EDGE_LOOP('',(#9038,#9039,#9040));
#9038=ORIENTED_EDGE('',*,*,#9041,.T.);
#9039=ORIENTED_EDGE('',*,*,#9042,.T.);
#9040=ORIENTED_EDGE('',*,*,#9043,.T.);
#9041=EDGE_CURVE('',#423,#701,#9044,.F.);
#9042=EDGE_CURVE('',#701,#703,#9045,.T.);
#9043=EDGE_CURVE('',#703,#423,#9046,.T.);
#9044=LINE('',#422,#9047);
#9045=LINE('',#700,#9048);
#9046=LINE('',#702,#9049);
#9047=VECTOR('',#9050,1.0);
#9048=VECTOR('',#9051,1.0);
#9049=VECTOR('',#9052,1.0);
#9050=DIRECTION('',(0.618223413814836,0.505232745998806,0.6021126829602879));
#9051=DIRECTION('',(0.9979502032439919,0.04113194749331036,0.04902606185166019));
#9052=DIRECTION('',(-0.6313133219929128,-0.4984997589830052,-0.5940887810488923));
#9053=FACE_SURFACE('',(#9058),#9054,.T.);
#9054=PLANE('',#9055);
#9055=AXIS2_PLACEMENT_3D('',#702,#9056,#9057);
#9056=DIRECTION('',(-6.692139453482186E-07,0.7660447412774138,-0.6427872543546366));
#9057=DIRECTION('',(0.9817613104188938,0.12220571995316282,0.14563822086013567));
#9058=FACE_BOUND('',#9059,.T.);
#9059=EDGE_LOOP('',(#9060,#9061,#9062));
#9060=ORIENTED_EDGE('',*,*,#9063,.T.);
#9061=ORIENTED_EDGE('',*,*,#9064,.T.);
#9062=ORIENTED_EDGE('',*,*,#9065,.T.);
#9063=EDGE_CURVE('',#703,#705,#9066,.F.);
#9064=EDGE_CURVE('',#705,#423,#9067,.T.);
#9065=EDGE_CURVE('',#423,#703,#9068,.T.);
#9066=LINE('',#702,#9069);
#9067=LINE('',#704,#9070);
#9068=LINE('',#422,#9071);
#9069=VECTOR('',#9072,1.0);
#9070=VECTOR('',#9073,1.0);
#9071=VECTOR('',#9074,1.0);
#9072=DIRECTION('',(0.9817613104188938,0.12220571995316282,0.14563822086013567));
#9073=DIRECTION('',(-0.6423253329863993,-0.49265311562446085,-0.5871210047932391));
#9074=DIRECTION('',(0.6313133219929128,0.4984997589830052,0.5940887810488923));
#9075=FACE_SURFACE('',(#9080),#9076,.T.);
#9076=PLANE('',#9077);
#9077=AXIS2_PLACEMENT_3D('',#422,#9078,#9079);
#9078=DIRECTION('',(-3.7994601082992342E-06,0.7660464275394155,-0.6427852447277107));
#9079=DIRECTION('',(0.6423253329863993,0.49265311562446085,0.5871210047932391));
#9080=FACE_BOUND('',#9081,.T.);
#9081=EDGE_LOOP('',(#9082,#9083,#9084));
#9082=ORIENTED_EDGE('',*,*,#9085,.T.);
#9083=ORIENTED_EDGE('',*,*,#9086,.T.);
#9084=ORIENTED_EDGE('',*,*,#9087,.T.);
#9085=EDGE_CURVE('',#423,#705,#9088,.F.);
#9086=EDGE_CURVE('',#705,#707,#9089,.T.);
#9087=EDGE_CURVE('',#707,#423,#9090,.T.);
#9088=LINE('',#422,#9091);
#9089=LINE('',#704,#9092);
#9090=LINE('',#706,#9093);
#9091=VECTOR('',#9094,1.0);
#9092=VECTOR('',#9095,1.0);
#9093=VECTOR('',#9096,1.0);
#9094=DIRECTION('',(0.6423253329863993,0.49265311562446085,0.5871210047932391));
#9095=DIRECTION('',(0.950478968037182,0.19977327620906388,0.23807639410842593));
#9096=DIRECTION('',(-0.6512517999862405,-0.48778700468684155,-0.5813217104782178));
#9097=FACE_SURFACE('',(#9102),#9098,.T.);
#9098=PLANE('',#9099);
#9099=AXIS2_PLACEMENT_3D('',#422,#9100,#9101);
#9100=DIRECTION('',(6.165339935339322E-06,0.7660409305650577,-0.6427917957324976));
#9101=DIRECTION('',(0.6512517999862405,0.48778700468684155,0.5813217104782178));
#9102=FACE_BOUND('',#9103,.T.);
#9103=EDGE_LOOP('',(#9104,#9105,#9106));
#9104=ORIENTED_EDGE('',*,*,#9107,.T.);
#9105=ORIENTED_EDGE('',*,*,#9108,.T.);
#9106=ORIENTED_EDGE('',*,*,#9109,.T.);
#9107=EDGE_CURVE('',#423,#707,#9110,.F.);
#9108=EDGE_CURVE('',#707,#709,#9111,.T.);
#9109=EDGE_CURVE('',#709,#423,#9112,.T.);
#9110=LINE('',#422,#9113);
#9111=LINE('',#706,#9114);
#9112=LINE('',#708,#9115);
#9113=VECTOR('',#9116,1.0);
#9114=VECTOR('',#9117,1.0);
#9115=VECTOR('',#9118,1.0);
#9116=DIRECTION('',(0.6512517999862405,0.48778700468684155,0.5813217104782178));
#9117=DIRECTION('',(0.9060375656857876,0.2720234541617793,0.32419002136411684));
#9118=DIRECTION('',(-0.6581276053903153,-0.48395895196017535,-0.5767597314660741));
#9119=FACE_SURFACE('',(#9124),#9120,.T.);
#9120=PLANE('',#9121);
#9121=AXIS2_PLACEMENT_3D('',#708,#9122,#9123);
#9122=DIRECTION('',(9.856870187384874E-07,0.7660438408870792,-0.6427883273971298));
#9123=DIRECTION('',(0.8508897643920252,0.3376845263103957,0.40243728647257276));
#9124=FACE_BOUND('',#9125,.T.);
#9125=EDGE_LOOP('',(#9126,#9127,#9128));
#9126=ORIENTED_EDGE('',*,*,#9129,.T.);
#9127=ORIENTED_EDGE('',*,*,#9130,.T.);
#9128=ORIENTED_EDGE('',*,*,#9131,.T.);
#9129=EDGE_CURVE('',#709,#711,#9132,.F.);
#9130=EDGE_CURVE('',#711,#423,#9133,.T.);
#9131=EDGE_CURVE('',#423,#709,#9134,.T.);
#9132=LINE('',#708,#9135);
#9133=LINE('',#710,#9136);
#9134=LINE('',#422,#9137);
#9135=VECTOR('',#9138,1.0);
#9136=VECTOR('',#9139,1.0);
#9137=VECTOR('',#9140,1.0);
#9138=DIRECTION('',(0.8508897643920252,0.3376845263103957,0.40243728647257276));
#9139=DIRECTION('',(-0.663019841701424,-0.4811920131077741,-0.5734622359244822));
#9140=DIRECTION('',(0.6581276053903153,0.48395895196017535,0.5767597314660741));
#9141=FACE_SURFACE('',(#9146),#9142,.T.);
#9142=PLANE('',#9143);
#9143=AXIS2_PLACEMENT_3D('',#422,#9144,#9145);
#9144=DIRECTION('',(-8.806850597909067E-06,0.7660494157519557,-0.642781683426439));
#9145=DIRECTION('',(0.663019841701424,0.4811920131077741,0.5734622359244822));
#9146=FACE_BOUND('',#9147,.T.);
#9147=EDGE_LOOP('',(#9148,#9149,#9150));
#9148=ORIENTED_EDGE('',*,*,#9151,.T.);
#9149=ORIENTED_EDGE('',*,*,#9152,.T.);
#9150=ORIENTED_EDGE('',*,*,#9153,.T.);
#9151=EDGE_CURVE('',#423,#711,#9154,.F.);
#9152=EDGE_CURVE('',#711,#637,#9155,.T.);
#9153=EDGE_CURVE('',#637,#423,#9156,.T.);
#9154=LINE('',#422,#9157);
#9155=LINE('',#710,#9158);
#9156=LINE('',#636,#9159);
#9157=VECTOR('',#9160,1.0);
#9158=VECTOR('',#9161,1.0);
#9159=VECTOR('',#9162,1.0);
#9160=DIRECTION('',(0.663019841701424,0.4811920131077741,0.5734622359244822));
#9161=DIRECTION('',(0.7875735573851338,0.3961006612693517,0.4720510119147163));
#9162=DIRECTION('',(-0.6660170534126921,-0.47947882218326476,-0.5714204613428052));
#9163=FACE_SURFACE('',(#9168),#9164,.T.);
#9164=PLANE('',#9165);
#9165=AXIS2_PLACEMENT_3D('',#638,#9166,#9167);
#9166=DIRECTION('',(1.3479058661966927E-08,0.7660421687938773,-0.6427903201119105));
#9167=DIRECTION('',(-0.9999992341739875,-0.000795506371733838,-0.0009480617337774764));
#9168=FACE_BOUND('',#9169,.T.);
#9169=EDGE_LOOP('',(#9170,#9171,#9172));
#9170=ORIENTED_EDGE('',*,*,#9173,.T.);
#9171=ORIENTED_EDGE('',*,*,#9174,.T.);
#9172=ORIENTED_EDGE('',*,*,#9175,.T.);
#9173=EDGE_CURVE('',#639,#637,#9176,.F.);
#9174=EDGE_CURVE('',#637,#713,#9177,.T.);
#9175=EDGE_CURVE('',#713,#639,#9178,.T.);
#9176=LINE('',#638,#9179);
#9177=LINE('',#636,#9180);
#9178=LINE('',#712,#9181);
#9179=VECTOR('',#9182,1.0);
#9180=VECTOR('',#9183,1.0);
#9181=VECTOR('',#9184,1.0);
#9182=DIRECTION('',(-0.9999992341739875,-0.000795506371733838,-0.0009480617337774764));
#9183=DIRECTION('',(0.9999776082228164,0.004301551572755293,0.005126373673697085));
#9184=DIRECTION('',(0.718452913874838,-0.44710926780015064,-0.5328402323323265));
#9185=FACE_SURFACE('',(#9190),#9186,.T.);
#9186=PLANE('',#9187);
#9187=AXIS2_PLACEMENT_3D('',#712,#9188,#9189);
#9188=DIRECTION('',(-1.1617455618192658E-08,0.7660445793385794,-0.6427874473463051));
#9189=DIRECTION('',(-0.9999776082228164,-0.004301551572755293,-0.005126373673697085));
#9190=FACE_BOUND('',#9191,.T.);
#9191=EDGE_LOOP('',(#9192,#9193,#9194));
#9192=ORIENTED_EDGE('',*,*,#9195,.T.);
#9193=ORIENTED_EDGE('',*,*,#9196,.T.);
#9194=ORIENTED_EDGE('',*,*,#9197,.T.);
#9195=EDGE_CURVE('',#713,#637,#9198,.F.);
#9196=EDGE_CURVE('',#637,#715,#9199,.T.);
#9197=EDGE_CURVE('',#715,#713,#9200,.T.);
#9198=LINE('',#712,#9201);
#9199=LINE('',#636,#9202);
#9200=LINE('',#714,#9203);
#9201=VECTOR('',#9204,1.0);
#9202=VECTOR('',#9205,1.0);
#9203=VECTOR('',#9206,1.0);
#9204=DIRECTION('',(-0.9999776082228164,-0.004301551572755293,-0.005126373673697085));
#9205=DIRECTION('',(0.682353927025661,0.46989175108978154,0.5599954111690896));
#9206=DIRECTION('',(0.9999903977765053,-0.0028168639730071004,-0.003357027277848711));
#9207=FACE_SURFACE('',(#9212),#9208,.T.);
#9208=PLANE('',#9209);
#9209=AXIS2_PLACEMENT_3D('',#712,#9210,#9211);
#9210=DIRECTION('',(1.778593554548177E-08,0.7660488921358273,-0.6427823075174605));
#9211=DIRECTION('',(-0.9999903977765053,0.0028168639730071004,0.003357027277848711));
#9212=FACE_BOUND('',#9213,.T.);
#9213=EDGE_LOOP('',(#9214,#9215,#9216));
#9214=ORIENTED_EDGE('',*,*,#9217,.T.);
#9215=ORIENTED_EDGE('',*,*,#9218,.T.);
#9216=ORIENTED_EDGE('',*,*,#9219,.T.);
#9217=EDGE_CURVE('',#713,#715,#9220,.F.);
#9218=EDGE_CURVE('',#715,#717,#9221,.T.);
#9219=EDGE_CURVE('',#717,#713,#9222,.T.);
#9220=LINE('',#712,#9223);
#9221=LINE('',#714,#9224);
#9222=LINE('',#716,#9225);
#9223=VECTOR('',#9226,1.0);
#9224=VECTOR('',#9227,1.0);
#9225=VECTOR('',#9228,1.0);
#9226=DIRECTION('',(-0.9999903977765053,0.0028168639730071004,0.003357027277848711));
#9227=DIRECTION('',(0.9999983210347708,0.0011778623971394546,0.0014037691451211918));
#9228=DIRECTION('',(0.6455156304639245,-0.4909231060314972,-0.5850675813879535));
#9229=FACE_SURFACE('',(#9234),#9230,.T.);
#9230=PLANE('',#9231);
#9231=AXIS2_PLACEMENT_3D('',#716,#9232,#9233);
#9232=DIRECTION('',(2.9480135244877546E-08,0.7660447900978571,-0.6427871961729864));
#9233=DIRECTION('',(-0.9999983210347708,-0.0011778623971394546,-0.0014037691451211918));
#9234=FACE_BOUND('',#9235,.T.);
#9235=EDGE_LOOP('',(#9236,#9237,#9238));
#9236=ORIENTED_EDGE('',*,*,#9239,.T.);
#9237=ORIENTED_EDGE('',*,*,#9240,.T.);
#9238=ORIENTED_EDGE('',*,*,#9241,.T.);
#9239=EDGE_CURVE('',#717,#715,#9242,.F.);
#9240=EDGE_CURVE('',#715,#719,#9243,.T.);
#9241=EDGE_CURVE('',#719,#717,#9244,.T.);
#9242=LINE('',#716,#9245);
#9243=LINE('',#714,#9246);
#9244=LINE('',#718,#9247);
#9245=VECTOR('',#9248,1.0);
#9246=VECTOR('',#9249,1.0);
#9247=VECTOR('',#9250,1.0);
#9248=DIRECTION('',(-0.9999983210347708,-0.0011778623971394546,-0.0014037691451211918));
#9249=DIRECTION('',(0.5322355365209873,0.5441812645600638,0.6485307124308198));
#9250=DIRECTION('',(0.9999289579545028,-0.007661847621367269,-0.009130998578962983));
#9251=FACE_SURFACE('',(#9256),#9252,.T.);
#9252=PLANE('',#9253);
#9253=AXIS2_PLACEMENT_3D('',#716,#9254,#9255);
#9254=DIRECTION('',(1.0341590654806576E-08,0.7660437580955369,-0.6427884260648027));
#9255=DIRECTION('',(-0.9999289579545028,0.007661847621367269,0.009130998578962983));
#9256=FACE_BOUND('',#9257,.T.);
#9257=EDGE_LOOP('',(#9258,#9259,#9260));
#9258=ORIENTED_EDGE('',*,*,#9261,.T.);
#9259=ORIENTED_EDGE('',*,*,#9262,.T.);
#9260=ORIENTED_EDGE('',*,*,#9263,.T.);
#9261=EDGE_CURVE('',#717,#719,#9264,.F.);
#9262=EDGE_CURVE('',#719,#721,#9265,.T.);
#9263=EDGE_CURVE('',#721,#717,#9266,.T.);
#9264=LINE('',#716,#9267);
#9265=LINE('',#718,#9268);
#9266=LINE('',#720,#9269);
#9267=VECTOR('',#9270,1.0);
#9268=VECTOR('',#9271,1.0);
#9269=VECTOR('',#9272,1.0);
#9270=DIRECTION('',(-0.9999289579545028,0.007661847621367269,0.009130998578962983));
#9271=DIRECTION('',(0.9999966969600768,0.0016521045090659794,0.0019689133113302048));
#9272=DIRECTION('',(0.5322339783993849,-0.5441829516632504,-0.6485305754983612));
#9273=FACE_SURFACE('',(#9278),#9274,.T.);
#9274=PLANE('',#9275);
#9275=AXIS2_PLACEMENT_3D('',#720,#9276,#9277);
#9276=DIRECTION('',(9.593316730208211E-09,0.7660439452307859,-0.6427882030461142));
#9277=DIRECTION('',(-0.9999966969600768,-0.0016521045090659794,-0.0019689133113302048));
#9278=FACE_BOUND('',#9279,.T.);
#9279=EDGE_LOOP('',(#9280,#9281,#9282));
#9280=ORIENTED_EDGE('',*,*,#9283,.T.);
#9281=ORIENTED_EDGE('',*,*,#9284,.T.);
#9282=ORIENTED_EDGE('',*,*,#9285,.T.);
#9283=EDGE_CURVE('',#721,#719,#9286,.F.);
#9284=EDGE_CURVE('',#719,#723,#9287,.T.);
#9285=EDGE_CURVE('',#723,#721,#9288,.T.);
#9286=LINE('',#720,#9289);
#9287=LINE('',#718,#9290);
#9288=LINE('',#722,#9291);
#9289=VECTOR('',#9292,1.0);
#9290=VECTOR('',#9293,1.0);
#9291=VECTOR('',#9294,1.0);
#9292=DIRECTION('',(-0.9999966969600768,-0.0016521045090659794,-0.0019689133113302048));
#9293=DIRECTION('',(0.3789250941400827,0.5948537781067759,0.7089180176177103));
#9294=DIRECTION('',(0.9999106400256802,-0.008593005349609701,-0.010240713964180439));
#9295=FACE_SURFACE('',(#9300),#9296,.T.);
#9296=PLANE('',#9297);
#9297=AXIS2_PLACEMENT_3D('',#720,#9298,#9299);
#9298=DIRECTION('',(-1.7239379425516068E-09,0.7660434011121731,-0.6427888514998485));
#9299=DIRECTION('',(-0.9999106400256802,0.008593005349609701,0.010240713964180439));
#9300=FACE_BOUND('',#9301,.T.);
#9301=EDGE_LOOP('',(#9302,#9303,#9304));
#9302=ORIENTED_EDGE('',*,*,#9305,.T.);
#9303=ORIENTED_EDGE('',*,*,#9306,.T.);
#9304=ORIENTED_EDGE('',*,*,#9307,.T.);
#9305=EDGE_CURVE('',#721,#723,#9308,.F.);
#9306=EDGE_CURVE('',#723,#725,#9309,.T.);
#9307=EDGE_CURVE('',#725,#721,#9310,.T.);
#9308=LINE('',#720,#9311);
#9309=LINE('',#722,#9312);
#9310=LINE('',#724,#9313);
#9311=VECTOR('',#9314,1.0);
#9312=VECTOR('',#9315,1.0);
#9313=VECTOR('',#9316,1.0);
#9314=DIRECTION('',(-0.9999106400256802,0.008593005349609701,0.010240713964180439));
#9315=DIRECTION('',(0.9999941520228119,0.0021982941009351708,0.002619813585546825));
#9316=DIRECTION('',(0.3789261120358129,-0.5948541125813036,-0.70891719288118));
#9317=FACE_SURFACE('',(#9322),#9318,.T.);
#9318=PLANE('',#9319);
#9319=AXIS2_PLACEMENT_3D('',#724,#9320,#9321);
#9320=DIRECTION('',(-1.759063559605976E-08,0.7660463832927941,-0.6427852974703367));
#9321=DIRECTION('',(-0.9999941520228119,-0.0021982941009351708,-0.002619813585546825));
#9322=FACE_BOUND('',#9323,.T.);
#9323=EDGE_LOOP('',(#9324,#9325,#9326));
#9324=ORIENTED_EDGE('',*,*,#9327,.T.);
#9325=ORIENTED_EDGE('',*,*,#9328,.T.);
#9326=ORIENTED_EDGE('',*,*,#9329,.T.);
#9327=EDGE_CURVE('',#725,#723,#9330,.F.);
#9328=EDGE_CURVE('',#723,#727,#9331,.T.);
#9329=EDGE_CURVE('',#727,#725,#9332,.T.);
#9330=LINE('',#724,#9333);
#9331=LINE('',#722,#9334);
#9332=LINE('',#726,#9335);
#9333=VECTOR('',#9336,1.0);
#9334=VECTOR('',#9337,1.0);
#9335=VECTOR('',#9338,1.0);
#9336=DIRECTION('',(-0.9999941520228119,-0.0021982941009351708,-0.002619813585546825));
#9337=DIRECTION('',(0.22634692542329166,0.6261029323936591,0.7461649867150588));
#9338=DIRECTION('',(0.9999010233695594,-0.00904348601002714,-0.010777700371335122));
#9339=FACE_SURFACE('',(#9344),#9340,.T.);
#9340=PLANE('',#9341);
#9341=AXIS2_PLACEMENT_3D('',#724,#9342,#9343);
#9342=DIRECTION('',(-4.930362074463323E-08,0.766044934554061,-0.6427870240165571));
#9343=DIRECTION('',(-0.9999010233695594,0.00904348601002714,0.010777700371335122));
#9344=FACE_BOUND('',#9345,.T.);
#9345=EDGE_LOOP('',(#9346,#9347,#9348));
#9346=ORIENTED_EDGE('',*,*,#9349,.T.);
#9347=ORIENTED_EDGE('',*,*,#9350,.T.);
#9348=ORIENTED_EDGE('',*,*,#9351,.T.);
#9349=EDGE_CURVE('',#725,#727,#9352,.F.);
#9350=EDGE_CURVE('',#727,#729,#9353,.T.);
#9351=EDGE_CURVE('',#729,#725,#9354,.T.);
#9352=LINE('',#724,#9355);
#9353=LINE('',#726,#9356);
#9354=LINE('',#728,#9357);
#9355=VECTOR('',#9358,1.0);
#9356=VECTOR('',#9359,1.0);
#9357=VECTOR('',#9360,1.0);
#9358=DIRECTION('',(-0.9999010233695594,0.00904348601002714,0.010777700371335122));
#9359=DIRECTION('',(0.999990580636091,0.002789958499836516,0.003324871525727041));
#9360=DIRECTION('',(0.22634606643550664,-0.6261047308378073,-0.7461637382181542));
#9361=FACE_SURFACE('',(#9366),#9362,.T.);
#9362=PLANE('',#9363);
#9363=AXIS2_PLACEMENT_3D('',#728,#9364,#9365);
#9364=DIRECTION('',(-4.509499185675852E-08,0.7660443112798897,-0.6427877668062121));
#9365=DIRECTION('',(-0.999990580636091,-0.002789958499836516,-0.003324871525727041));
#9366=FACE_BOUND('',#9367,.T.);
#9367=EDGE_LOOP('',(#9368,#9369,#9370));
#9368=ORIENTED_EDGE('',*,*,#9371,.T.);
#9369=ORIENTED_EDGE('',*,*,#9372,.T.);
#9370=ORIENTED_EDGE('',*,*,#9373,.T.);
#9371=EDGE_CURVE('',#729,#727,#9374,.F.);
#9372=EDGE_CURVE('',#727,#731,#9375,.T.);
#9373=EDGE_CURVE('',#731,#729,#9376,.T.);
#9374=LINE('',#728,#9377);
#9375=LINE('',#726,#9378);
#9376=LINE('',#730,#9379);
#9377=VECTOR('',#9380,1.0);
#9378=VECTOR('',#9381,1.0);
#9379=VECTOR('',#9382,1.0);
#9380=DIRECTION('',(-0.999990580636091,-0.002789958499836516,-0.003324871525727041));
#9381=DIRECTION('',(0.07523409138218691,0.6409660443925477,0.7638732626749462));
#9382=DIRECTION('',(0.9999025594022539,-0.008973054776604487,-0.010693735960738655));
#9383=FACE_SURFACE('',(#9388),#9384,.T.);
#9384=PLANE('',#9385);
#9385=AXIS2_PLACEMENT_3D('',#728,#9386,#9387);
#9386=DIRECTION('',(-1.2289001344009587E-08,0.7660458217197642,-0.6427859667305212));
#9387=DIRECTION('',(-0.9999025594022539,0.008973054776604487,0.010693735960738655));
#9388=FACE_BOUND('',#9389,.T.);
#9389=EDGE_LOOP('',(#9390,#9391,#9392));
#9390=ORIENTED_EDGE('',*,*,#9393,.T.);
#9391=ORIENTED_EDGE('',*,*,#9394,.T.);
#9392=ORIENTED_EDGE('',*,*,#9395,.T.);
#9393=EDGE_CURVE('',#729,#731,#9396,.F.);
#9394=EDGE_CURVE('',#731,#733,#9397,.T.);
#9395=EDGE_CURVE('',#733,#729,#9398,.T.);
#9396=LINE('',#728,#9399);
#9397=LINE('',#730,#9400);
#9398=LINE('',#732,#9401);
#9399=VECTOR('',#9402,1.0);
#9400=VECTOR('',#9403,1.0);
#9401=VECTOR('',#9404,1.0);
#9402=DIRECTION('',(-0.9999025594022539,0.008973054776604487,0.010693735960738655));
#9403=DIRECTION('',(0.9999860464789472,0.0033956504668370383,0.004046777151253414));
#9404=DIRECTION('',(0.07523514955261595,-0.6409641947929392,-0.7638747104501069));
#9405=FACE_SURFACE('',(#9410),#9406,.T.);
#9406=PLANE('',#9407);
#9407=AXIS2_PLACEMENT_3D('',#732,#9408,#9409);
#9408=DIRECTION('',(1.6241408856613334E-08,0.7660423502422916,-0.6427901038716028));
#9409=DIRECTION('',(-0.9999860464789472,-0.0033956504668370383,-0.004046777151253414));
#9410=FACE_BOUND('',#9411,.T.);
#9411=EDGE_LOOP('',(#9412,#9413,#9414));
#9412=ORIENTED_EDGE('',*,*,#9415,.T.);
#9413=ORIENTED_EDGE('',*,*,#9416,.T.);
#9414=ORIENTED_EDGE('',*,*,#9417,.T.);
#9415=EDGE_CURVE('',#733,#731,#9418,.F.);
#9416=EDGE_CURVE('',#731,#735,#9419,.T.);
#9417=EDGE_CURVE('',#735,#733,#9420,.T.);
#9418=LINE('',#732,#9421);
#9419=LINE('',#730,#9422);
#9420=LINE('',#734,#9423);
#9421=VECTOR('',#9424,1.0);
#9422=VECTOR('',#9425,1.0);
#9423=VECTOR('',#9426,1.0);
#9424=DIRECTION('',(-0.9999860464789472,-0.0033956504668370383,-0.004046777151253414));
#9425=DIRECTION('',(-0.0752339000132025,0.6409683824523903,0.7638713196508754));
#9426=DIRECTION('',(0.9999150779830981,-0.008376946741263337,-0.009983165096742184));
#9427=FACE_SURFACE('',(#9432),#9428,.T.);
#9428=PLANE('',#9429);
#9429=AXIS2_PLACEMENT_3D('',#732,#9430,#9431);
#9430=DIRECTION('',(4.877808630337592E-08,0.7660439549240935,-0.6427881914940963));
#9431=DIRECTION('',(-0.9999150779830981,0.008376946741263337,0.009983165096742184));
#9432=FACE_BOUND('',#9433,.T.);
#9433=EDGE_LOOP('',(#9434,#9435,#9436));
#9434=ORIENTED_EDGE('',*,*,#9437,.T.);
#9435=ORIENTED_EDGE('',*,*,#9438,.T.);
#9436=ORIENTED_EDGE('',*,*,#9439,.T.);
#9437=EDGE_CURVE('',#733,#735,#9440,.F.);
#9438=EDGE_CURVE('',#735,#737,#9441,.T.);
#9439=EDGE_CURVE('',#737,#733,#9442,.T.);
#9440=LINE('',#732,#9443);
#9441=LINE('',#734,#9444);
#9442=LINE('',#736,#9445);
#9443=VECTOR('',#9446,1.0);
#9444=VECTOR('',#9447,1.0);
#9445=VECTOR('',#9448,1.0);
#9446=DIRECTION('',(-0.9999150779830981,0.008376946741263337,0.009983165096742184));
#9447=DIRECTION('',(0.9999808099528255,0.0039821237316950845,0.004745778827212726));
#9448=DIRECTION('',(-0.0752349674208429,-0.6409664199811159,-0.7638728612365913));
#9449=FACE_SURFACE('',(#9454),#9450,.T.);
#9450=PLANE('',#9451);
#9451=AXIS2_PLACEMENT_3D('',#736,#9452,#9453);
#9452=DIRECTION('',(2.5361987893308096E-08,0.7660463844535936,-0.6427852960869408));
#9453=DIRECTION('',(-0.9999808099528255,-0.0039821237316950845,-0.004745778827212726));
#9454=FACE_BOUND('',#9455,.T.);
#9455=EDGE_LOOP('',(#9456,#9457,#9458));
#9456=ORIENTED_EDGE('',*,*,#9459,.T.);
#9457=ORIENTED_EDGE('',*,*,#9460,.T.);
#9458=ORIENTED_EDGE('',*,*,#9461,.T.);
#9459=EDGE_CURVE('',#737,#735,#9462,.F.);
#9460=EDGE_CURVE('',#735,#739,#9463,.T.);
#9461=EDGE_CURVE('',#739,#737,#9464,.T.);
#9462=LINE('',#736,#9465);
#9463=LINE('',#734,#9466);
#9464=LINE('',#738,#9467);
#9465=VECTOR('',#9468,1.0);
#9466=VECTOR('',#9469,1.0);
#9467=VECTOR('',#9470,1.0);
#9468=DIRECTION('',(-0.9999808099528255,-0.0039821237316950845,-0.004745778827212726));
#9469=DIRECTION('',(-0.22634692542329166,0.6261029323936591,0.7461649867150588));
#9470=DIRECTION('',(0.9999357304670488,-0.0072874851540412336,-0.008684900428866632));
#9471=FACE_SURFACE('',(#9476),#9472,.T.);
#9472=PLANE('',#9473);
#9473=AXIS2_PLACEMENT_3D('',#736,#9474,#9475);
#9474=DIRECTION('',(-2.8714162026310425E-08,0.7660433187199015,-0.6427889496907976));
#9475=DIRECTION('',(-0.9999357304670488,0.0072874851540412336,0.008684900428866632));
#9476=FACE_BOUND('',#9477,.T.);
#9477=EDGE_LOOP('',(#9478,#9479,#9480));
#9478=ORIENTED_EDGE('',*,*,#9481,.T.);
#9479=ORIENTED_EDGE('',*,*,#9482,.T.);
#9480=ORIENTED_EDGE('',*,*,#9483,.T.);
#9481=EDGE_CURVE('',#737,#739,#9484,.F.);
#9482=EDGE_CURVE('',#739,#741,#9485,.T.);
#9483=EDGE_CURVE('',#741,#737,#9486,.T.);
#9484=LINE('',#736,#9487);
#9485=LINE('',#738,#9488);
#9486=LINE('',#740,#9489);
#9487=VECTOR('',#9490,1.0);
#9488=VECTOR('',#9491,1.0);
#9489=VECTOR('',#9492,1.0);
#9490=DIRECTION('',(-0.9999357304670488,0.0072874851540412336,0.008684900428866632));
#9491=DIRECTION('',(0.9999753037253504,0.004517504109626005,0.005383687956490936));
#9492=DIRECTION('',(-0.22634671442694274,-0.6261065232723306,-0.7461620376191505));
#9493=FACE_SURFACE('',(#9498),#9494,.T.);
#9494=PLANE('',#9495);
#9495=AXIS2_PLACEMENT_3D('',#740,#9496,#9497);
#9496=DIRECTION('',(-3.548977570809919E-08,0.7660439384149464,-0.6427882111689016));
#9497=DIRECTION('',(-0.9999753037253504,-0.004517504109626005,-0.005383687956490936));
#9498=FACE_BOUND('',#9499,.T.);
#9499=EDGE_LOOP('',(#9500,#9501,#9502));
#9500=ORIENTED_EDGE('',*,*,#9503,.T.);
#9501=ORIENTED_EDGE('',*,*,#9504,.T.);
#9502=ORIENTED_EDGE('',*,*,#9505,.T.);
#9503=EDGE_CURVE('',#741,#739,#9506,.F.);
#9504=EDGE_CURVE('',#739,#743,#9507,.T.);
#9505=EDGE_CURVE('',#743,#741,#9508,.T.);
#9506=LINE('',#740,#9509);
#9507=LINE('',#738,#9510);
#9508=LINE('',#742,#9511);
#9509=VECTOR('',#9512,1.0);
#9510=VECTOR('',#9513,1.0);
#9511=VECTOR('',#9514,1.0);
#9512=DIRECTION('',(-0.9999753037253504,-0.004517504109626005,-0.005383687956490936));
#9513=DIRECTION('',(-0.3789250941400827,0.5948537781067759,0.7089180176177103));
#9514=DIRECTION('',(0.9999596853471575,-0.005771755698811608,-0.006878554831289068));
#9515=FACE_SURFACE('',(#9520),#9516,.T.);
#9516=PLANE('',#9517);
#9517=AXIS2_PLACEMENT_3D('',#740,#9518,#9519);
#9518=DIRECTION('',(-1.8252633965824918E-08,0.7660451722953526,-0.6427867406869741));
#9519=DIRECTION('',(-0.9999596853471575,0.005771755698811608,0.006878554831289068));
#9520=FACE_BOUND('',#9521,.T.);
#9521=EDGE_LOOP('',(#9522,#9523,#9524));
#9522=ORIENTED_EDGE('',*,*,#9525,.T.);
#9523=ORIENTED_EDGE('',*,*,#9526,.T.);
#9524=ORIENTED_EDGE('',*,*,#9527,.T.);
#9525=EDGE_CURVE('',#741,#743,#9528,.F.);
#9526=EDGE_CURVE('',#743,#745,#9529,.T.);
#9527=EDGE_CURVE('',#745,#741,#9530,.T.);
#9528=LINE('',#740,#9531);
#9529=LINE('',#742,#9532);
#9530=LINE('',#744,#9533);
#9531=VECTOR('',#9534,1.0);
#9532=VECTOR('',#9535,1.0);
#9533=VECTOR('',#9536,1.0);
#9534=DIRECTION('',(-0.9999596853471575,0.005771755698811608,0.006878554831289068));
#9535=DIRECTION('',(0.9999700568205946,0.004974264027417691,0.005928082287083111));
#9536=DIRECTION('',(-0.37892504953471867,-0.5948524446224973,-0.7089191603855477));
#9537=FACE_SURFACE('',(#9542),#9538,.T.);
#9538=PLANE('',#9539);
#9539=AXIS2_PLACEMENT_3D('',#744,#9540,#9541);
#9540=DIRECTION('',(-1.3727824598569074E-08,0.7660447964634519,-0.6427871885867581));
#9541=DIRECTION('',(-0.9999700568205946,-0.004974264027417691,-0.005928082287083111));
#9542=FACE_BOUND('',#9543,.T.);
#9543=EDGE_LOOP('',(#9544,#9545,#9546));
#9544=ORIENTED_EDGE('',*,*,#9547,.T.);
#9545=ORIENTED_EDGE('',*,*,#9548,.T.);
#9546=ORIENTED_EDGE('',*,*,#9549,.T.);
#9547=EDGE_CURVE('',#745,#743,#9550,.F.);
#9548=EDGE_CURVE('',#743,#747,#9551,.T.);
#9549=EDGE_CURVE('',#747,#745,#9552,.T.);
#9550=LINE('',#744,#9553);
#9551=LINE('',#742,#9554);
#9552=LINE('',#746,#9555);
#9553=VECTOR('',#9556,1.0);
#9554=VECTOR('',#9557,1.0);
#9555=VECTOR('',#9558,1.0);
#9556=DIRECTION('',(-0.9999700568205946,-0.004974264027417691,-0.005928082287083111));
#9557=DIRECTION('',(-0.5322355365209873,0.5441812645600638,0.6485307124308198));
#9558=DIRECTION('',(0.9999813764012201,-0.003922932425410885,-0.004675195387045403));
#9559=FACE_SURFACE('',(#9564),#9560,.T.);
#9560=PLANE('',#9561);
#9561=AXIS2_PLACEMENT_3D('',#744,#9562,#9563);
#9562=DIRECTION('',(-8.258790853017896E-10,0.7660461553055752,-0.6427855691764919));
#9563=DIRECTION('',(-0.9999813764012201,0.003922932425410885,0.004675195387045403));
#9564=FACE_BOUND('',#9565,.T.);
#9565=EDGE_LOOP('',(#9566,#9567,#9568));
#9566=ORIENTED_EDGE('',*,*,#9569,.T.);
#9567=ORIENTED_EDGE('',*,*,#9570,.T.);
#9568=ORIENTED_EDGE('',*,*,#9571,.T.);
#9569=EDGE_CURVE('',#745,#747,#9572,.F.);
#9570=EDGE_CURVE('',#747,#749,#9573,.T.);
#9571=EDGE_CURVE('',#749,#745,#9574,.T.);
#9572=LINE('',#744,#9575);
#9573=LINE('',#746,#9576);
#9574=LINE('',#748,#9577);
#9575=VECTOR('',#9578,1.0);
#9576=VECTOR('',#9579,1.0);
#9577=VECTOR('',#9580,1.0);
#9578=DIRECTION('',(-0.9999813764012201,0.003922932425410885,0.004675195387045403));
#9579=DIRECTION('',(0.9999655974783068,0.005331784292779288,0.006354206174516792));
#9580=DIRECTION('',(-0.5322351740502448,-0.5441800459830317,-0.6485320324067356));
#9581=FACE_SURFACE('',(#9586),#9582,.T.);
#9582=PLANE('',#9583);
#9583=AXIS2_PLACEMENT_3D('',#748,#9584,#9585);
#9584=DIRECTION('',(9.568089277020845E-08,0.7660386769592187,-0.6427944814655464));
#9585=DIRECTION('',(-0.9999655974783068,-0.005331784292779288,-0.006354206174516792));
#9586=FACE_BOUND('',#9587,.T.);
#9587=EDGE_LOOP('',(#9588,#9589,#9590));
#9588=ORIENTED_EDGE('',*,*,#9591,.T.);
#9589=ORIENTED_EDGE('',*,*,#9592,.T.);
#9590=ORIENTED_EDGE('',*,*,#9593,.T.);
#9591=EDGE_CURVE('',#749,#747,#9594,.F.);
#9592=EDGE_CURVE('',#747,#751,#9595,.T.);
#9593=EDGE_CURVE('',#751,#749,#9596,.T.);
#9594=LINE('',#748,#9597);
#9595=LINE('',#746,#9598);
#9596=LINE('',#750,#9599);
#9597=VECTOR('',#9600,1.0);
#9598=VECTOR('',#9601,1.0);
#9599=VECTOR('',#9602,1.0);
#9600=DIRECTION('',(-0.9999655974783068,-0.005331784292779288,-0.006354206174516792));
#9601=DIRECTION('',(0.9998955174435746,0.009291680388263739,0.011073340589391441));
#9602=DIRECTION('',(-0.645516150821318,-0.4909320650365626,-0.5850594897510558));
#9603=FACE_SURFACE('',(#9608),#9604,.T.);
#9604=PLANE('',#9605);
#9605=AXIS2_PLACEMENT_3D('',#750,#9606,#9607);
#9606=DIRECTION('',(-3.641897992200136E-08,0.7660445505170218,-0.642787481694512));
#9607=DIRECTION('',(-0.9998955174435746,-0.009291680388263739,-0.011073340589391441));
#9608=FACE_BOUND('',#9609,.T.);
#9609=EDGE_LOOP('',(#9610,#9611,#9612));
#9610=ORIENTED_EDGE('',*,*,#9613,.T.);
#9611=ORIENTED_EDGE('',*,*,#9614,.T.);
#9612=ORIENTED_EDGE('',*,*,#9615,.T.);
#9613=EDGE_CURVE('',#751,#747,#9616,.F.);
#9614=EDGE_CURVE('',#747,#651,#9617,.T.);
#9615=EDGE_CURVE('',#651,#751,#9618,.T.);
#9616=LINE('',#750,#9619);
#9617=LINE('',#746,#9620);
#9618=LINE('',#650,#9621);
#9619=VECTOR('',#9622,1.0);
#9620=VECTOR('',#9623,1.0);
#9621=VECTOR('',#9624,1.0);
#9622=DIRECTION('',(-0.9998955174435746,-0.009291680388263739,-0.011073340589391441));
#9623=DIRECTION('',(-0.682353927025661,0.46989175108978154,0.5599954111690896));
#9624=DIRECTION('',(0.9999946255722347,0.002107432575808527,0.0025114845380003986));
#9625=FACE_SURFACE('',(#9630),#9626,.T.);
#9626=PLANE('',#9627);
#9627=AXIS2_PLACEMENT_3D('',#750,#9628,#9629);
#9628=DIRECTION('',(-5.6161072786831773E-08,0.7660484210981867,-0.642782868885732));
#9629=DIRECTION('',(-0.9999946255722347,-0.002107432575808527,-0.0025114845380003986));
#9630=FACE_BOUND('',#9631,.T.);
#9631=EDGE_LOOP('',(#9632,#9633,#9634));
#9632=ORIENTED_EDGE('',*,*,#9635,.T.);
#9633=ORIENTED_EDGE('',*,*,#9636,.T.);
#9634=ORIENTED_EDGE('',*,*,#9637,.T.);
#9635=EDGE_CURVE('',#751,#651,#9638,.F.);
#9636=EDGE_CURVE('',#651,#649,#9639,.T.);
#9637=EDGE_CURVE('',#649,#751,#9640,.T.);
#9638=LINE('',#750,#9641);
#9639=LINE('',#650,#9642);
#9640=LINE('',#648,#9643);
#9641=VECTOR('',#9644,1.0);
#9642=VECTOR('',#9645,1.0);
#9643=VECTOR('',#9646,1.0);
#9644=DIRECTION('',(-0.9999946255722347,-0.002107432575808527,-0.0025114845380003986));
#9645=DIRECTION('',(0.9999623544551108,0.005577445660605202,0.006646937076147417));
#9646=DIRECTION('',(-0.7184557380968061,-0.44710223332419863,-0.5328423269150897));
#9647=FACE_SURFACE('',(#9652),#9648,.T.);
#9648=PLANE('',#9649);
#9649=AXIS2_PLACEMENT_3D('',#652,#9650,#9651);
#9650=DIRECTION('',(-4.5524455556862264E-07,0.7660443931368789,-0.6427876692527196));
#9651=DIRECTION('',(-0.8508897643920252,0.3376845263103957,0.40243728647257276));
#9652=FACE_BOUND('',#9653,.T.);
#9653=EDGE_LOOP('',(#9654,#9655,#9656));
#9654=ORIENTED_EDGE('',*,*,#9657,.T.);
#9655=ORIENTED_EDGE('',*,*,#9658,.T.);
#9656=ORIENTED_EDGE('',*,*,#9659,.T.);
#9657=EDGE_CURVE('',#653,#753,#9660,.F.);
#9658=EDGE_CURVE('',#753,#427,#9661,.T.);
#9659=EDGE_CURVE('',#427,#653,#9662,.T.);
#9660=LINE('',#652,#9663);
#9661=LINE('',#752,#9664);
#9662=LINE('',#426,#9665);
#9663=VECTOR('',#9666,1.0);
#9664=VECTOR('',#9667,1.0);
#9665=VECTOR('',#9668,1.0);
#9666=DIRECTION('',(-0.8508897643920252,0.3376845263103957,0.40243728647257276));
#9667=DIRECTION('',(-0.13725952017420787,0.6367037132848333,0.7587939151119039));
#9668=DIRECTION('',(0.14084216025348148,-0.6363803531856073,-0.758408552150155));
#9669=FACE_SURFACE('',(#9674),#9670,.T.);
#9670=PLANE('',#9671);
#9671=AXIS2_PLACEMENT_3D('',#426,#9672,#9673);
#9672=DIRECTION('',(-3.87029627615232E-06,0.7660440889463969,-0.6427880317610972));
#9673=DIRECTION('',(0.13725952017420787,-0.6367037132848333,-0.7587939151119039));
#9674=FACE_BOUND('',#9675,.T.);
#9675=EDGE_LOOP('',(#9676,#9677,#9678));
#9676=ORIENTED_EDGE('',*,*,#9679,.T.);
#9677=ORIENTED_EDGE('',*,*,#9680,.T.);
#9678=ORIENTED_EDGE('',*,*,#9681,.T.);
#9679=EDGE_CURVE('',#427,#753,#9682,.F.);
#9680=EDGE_CURVE('',#753,#755,#9683,.T.);
#9681=EDGE_CURVE('',#755,#427,#9684,.T.);
#9682=LINE('',#426,#9685);
#9683=LINE('',#752,#9686);
#9684=LINE('',#754,#9687);
#9685=VECTOR('',#9688,1.0);
#9686=VECTOR('',#9689,1.0);
#9687=VECTOR('',#9690,1.0);
#9688=DIRECTION('',(0.13725952017420787,-0.6367037132848333,-0.7587939151119039));
#9689=DIRECTION('',(-0.9060375656857876,0.2720234541617793,0.32419002136411684));
#9690=DIRECTION('',(-0.13342001403349568,0.6370408440609763,0.7591956683578882));
#9691=FACE_SURFACE('',(#9696),#9692,.T.);
#9692=PLANE('',#9693);
#9693=AXIS2_PLACEMENT_3D('',#426,#9694,#9695);
#9694=DIRECTION('',(2.908219558426684E-06,0.7660446755236618,-0.6427873327107418));
#9695=DIRECTION('',(0.13342001403349568,-0.6370408440609763,-0.7591956683578882));
#9696=FACE_BOUND('',#9697,.T.);
#9697=EDGE_LOOP('',(#9698,#9699,#9700));
#9698=ORIENTED_EDGE('',*,*,#9701,.T.);
#9699=ORIENTED_EDGE('',*,*,#9702,.T.);
#9700=ORIENTED_EDGE('',*,*,#9703,.T.);
#9701=EDGE_CURVE('',#427,#755,#9704,.F.);
#9702=EDGE_CURVE('',#755,#757,#9705,.T.);
#9703=EDGE_CURVE('',#757,#427,#9706,.T.);
#9704=LINE('',#426,#9707);
#9705=LINE('',#754,#9708);
#9706=LINE('',#756,#9709);
#9707=VECTOR('',#9710,1.0);
#9708=VECTOR('',#9711,1.0);
#9709=VECTOR('',#9712,1.0);
#9710=DIRECTION('',(0.13342001403349568,-0.6370408440609763,-0.7591956683578882));
#9711=DIRECTION('',(-0.950478968037182,0.19977327620906388,0.23807639410842593));
#9712=DIRECTION('',(-0.1293645098888357,0.6373863480510404,0.7596074426303231));
#9713=FACE_SURFACE('',(#9718),#9714,.T.);
#9714=PLANE('',#9715);
#9715=AXIS2_PLACEMENT_3D('',#756,#9716,#9717);
#9716=DIRECTION('',(5.908605397925349E-07,0.7660444811964294,-0.6427875643073255));
#9717=DIRECTION('',(-0.9817613104188938,0.12220571995316282,0.14563822086013567));
#9718=FACE_BOUND('',#9719,.T.);
#9719=EDGE_LOOP('',(#9720,#9721,#9722));
#9720=ORIENTED_EDGE('',*,*,#9723,.T.);
#9721=ORIENTED_EDGE('',*,*,#9724,.T.);
#9722=ORIENTED_EDGE('',*,*,#9725,.T.);
#9723=EDGE_CURVE('',#757,#661,#9726,.F.);
#9724=EDGE_CURVE('',#661,#427,#9727,.T.);
#9725=EDGE_CURVE('',#427,#757,#9728,.T.);
#9726=LINE('',#756,#9729);
#9727=LINE('',#660,#9730);
#9728=LINE('',#426,#9731);
#9729=VECTOR('',#9732,1.0);
#9730=VECTOR('',#9733,1.0);
#9731=VECTOR('',#9734,1.0);
#9732=DIRECTION('',(-0.9817613104188938,0.12220571995316282,0.14563822086013567));
#9733=DIRECTION('',(-0.1251372851297222,0.6377349479670341,0.7600228917682985));
#9734=DIRECTION('',(0.1293645098888357,-0.6373863480510404,-0.7596074426303231));
#9735=FACE_SURFACE('',(#9740),#9736,.T.);
#9736=PLANE('',#9737);
#9737=AXIS2_PLACEMENT_3D('',#758,#9738,#9739);
#9738=DIRECTION('',(1.6060726161765695E-06,0.766044322426216,-0.6427877535205381));
#9739=DIRECTION('',(-0.9979498915029816,0.04113971456483777,0.049025890453012685));
#9740=FACE_BOUND('',#9741,.T.);
#9741=EDGE_LOOP('',(#9742,#9743,#9744));
#9742=ORIENTED_EDGE('',*,*,#9745,.T.);
#9743=ORIENTED_EDGE('',*,*,#9746,.T.);
#9744=ORIENTED_EDGE('',*,*,#9747,.T.);
#9745=EDGE_CURVE('',#759,#761,#9748,.F.);
#9746=EDGE_CURVE('',#761,#281,#9749,.T.);
#9747=EDGE_CURVE('',#281,#759,#9750,.T.);
#9748=LINE('',#758,#9751);
#9749=LINE('',#760,#9752);
#9750=LINE('',#280,#9753);
#9751=VECTOR('',#9754,1.0);
#9752=VECTOR('',#9755,1.0);
#9753=VECTOR('',#9756,1.0);
#9754=DIRECTION('',(-0.9979498915029816,0.04113971456483777,0.049025890453012685));
#9755=DIRECTION('',(0.12155111352568121,0.6380214443536911,0.7603643622274106));
#9756=DIRECTION('',(-0.11687000371772847,-0.6383827272017941,-0.7607949104991553));
#9757=FACE_SURFACE('',(#9762),#9758,.T.);
#9758=PLANE('',#9759);
#9759=AXIS2_PLACEMENT_3D('',#280,#9760,#9761);
#9760=DIRECTION('',(-1.6315069690855875E-06,0.7660445772729362,-0.6427874498059735));
#9761=DIRECTION('',(-0.12155111352568121,-0.6380214443536911,-0.7603643622274106));
#9762=FACE_BOUND('',#9763,.T.);
#9763=EDGE_LOOP('',(#9764,#9765,#9766));
#9764=ORIENTED_EDGE('',*,*,#9767,.T.);
#9765=ORIENTED_EDGE('',*,*,#9768,.T.);
#9766=ORIENTED_EDGE('',*,*,#9769,.T.);
#9767=EDGE_CURVE('',#281,#761,#9770,.F.);
#9768=EDGE_CURVE('',#761,#763,#9771,.T.);
#9769=EDGE_CURVE('',#763,#281,#9772,.T.);
#9770=LINE('',#280,#9773);
#9771=LINE('',#760,#9774);
#9772=LINE('',#762,#9775);
#9773=VECTOR('',#9776,1.0);
#9774=VECTOR('',#9777,1.0);
#9775=VECTOR('',#9778,1.0);
#9776=DIRECTION('',(-0.12155111352568121,-0.6380214443536911,-0.7603643622274106));
#9777=DIRECTION('',(-0.9979498713895789,-0.04113991616600925,-0.04902613069962238));
#9778=DIRECTION('',(0.12615134074204581,0.6376523834298607,0.759924520682944));
#9779=FACE_SURFACE('',(#9784),#9780,.T.);
#9780=PLANE('',#9781);
#9781=AXIS2_PLACEMENT_3D('',#280,#9782,#9783);
#9782=DIRECTION('',(6.185803729611749E-07,0.7660443933481934,-0.6427876690007485));
#9783=DIRECTION('',(-0.12615134074204581,-0.6376523834298607,-0.759924520682944));
#9784=FACE_BOUND('',#9785,.T.);
#9785=EDGE_LOOP('',(#9786,#9787,#9788));
#9786=ORIENTED_EDGE('',*,*,#9789,.T.);
#9787=ORIENTED_EDGE('',*,*,#9790,.T.);
#9788=ORIENTED_EDGE('',*,*,#9791,.T.);
#9789=EDGE_CURVE('',#281,#763,#9792,.F.);
#9790=EDGE_CURVE('',#763,#765,#9793,.T.);
#9791=EDGE_CURVE('',#765,#281,#9794,.T.);
#9792=LINE('',#280,#9795);
#9793=LINE('',#762,#9796);
#9794=LINE('',#764,#9797);
#9795=VECTOR('',#9798,1.0);
#9796=VECTOR('',#9799,1.0);
#9797=VECTOR('',#9800,1.0);
#9798=DIRECTION('',(-0.12615134074204581,-0.6376523834298607,-0.759924520682944));
#9799=DIRECTION('',(-0.9817634000456574,-0.12219789389507689,-0.14563070094728628));
#9800=DIRECTION('',(0.13061841544742125,0.6372806623316979,0.7594815250972714));
#9801=FACE_SURFACE('',(#9806),#9802,.T.);
#9802=PLANE('',#9803);
#9803=AXIS2_PLACEMENT_3D('',#764,#9804,#9805);
#9804=DIRECTION('',(-3.7093862458069158E-06,0.7660447598586634,-0.6427872321999893));
#9805=DIRECTION('',(-0.9504770784481523,-0.19977754285707072,-0.23808035768340105));
#9806=FACE_BOUND('',#9807,.T.);
#9807=EDGE_LOOP('',(#9808,#9809,#9810));
#9808=ORIENTED_EDGE('',*,*,#9811,.T.);
#9809=ORIENTED_EDGE('',*,*,#9812,.T.);
#9810=ORIENTED_EDGE('',*,*,#9813,.T.);
#9811=EDGE_CURVE('',#765,#767,#9814,.F.);
#9812=EDGE_CURVE('',#767,#281,#9815,.T.);
#9813=EDGE_CURVE('',#281,#765,#9816,.T.);
#9814=LINE('',#764,#9817);
#9815=LINE('',#766,#9818);
#9816=LINE('',#280,#9819);
#9817=VECTOR('',#9820,1.0);
#9818=VECTOR('',#9821,1.0);
#9819=VECTOR('',#9822,1.0);
#9820=DIRECTION('',(-0.9504770784481523,-0.19977754285707072,-0.23808035768340105));
#9821=DIRECTION('',(0.13490219921830673,0.6369118451489528,0.7590419607340694));
#9822=DIRECTION('',(-0.13061841544742125,-0.6372806623316979,-0.7594815250972714));
#9823=FACE_SURFACE('',(#9828),#9824,.T.);
#9824=PLANE('',#9825);
#9825=AXIS2_PLACEMENT_3D('',#280,#9826,#9827);
#9826=DIRECTION('',(2.5746546507612197E-06,0.7660442099234669,-0.6427878875928686));
#9827=DIRECTION('',(-0.13490219921830673,-0.6369118451489528,-0.7590419607340694));
#9828=FACE_BOUND('',#9829,.T.);
#9829=EDGE_LOOP('',(#9830,#9831,#9832));
#9830=ORIENTED_EDGE('',*,*,#9833,.T.);
#9831=ORIENTED_EDGE('',*,*,#9834,.T.);
#9832=ORIENTED_EDGE('',*,*,#9835,.T.);
#9833=EDGE_CURVE('',#281,#767,#9836,.F.);
#9834=EDGE_CURVE('',#767,#769,#9837,.T.);
#9835=EDGE_CURVE('',#769,#281,#9838,.T.);
#9836=LINE('',#280,#9839);
#9837=LINE('',#766,#9840);
#9838=LINE('',#768,#9841);
#9839=VECTOR('',#9842,1.0);
#9840=VECTOR('',#9843,1.0);
#9841=VECTOR('',#9844,1.0);
#9842=DIRECTION('',(-0.13490219921830673,-0.6369118451489528,-0.7590419607340694));
#9843=DIRECTION('',(-0.9060405088214291,-0.27202024212543563,-0.3241844910673939));
#9844=DIRECTION('',(0.13895561216410787,0.6365516778337187,0.7586127465941865));
#9845=FACE_SURFACE('',(#9850),#9846,.T.);
#9846=PLANE('',#9847);
#9847=AXIS2_PLACEMENT_3D('',#280,#9848,#9849);
#9848=DIRECTION('',(-7.697943298227459E-06,0.7660451364291245,-0.6427867833846816));
#9849=DIRECTION('',(-0.13895561216410787,-0.6365516778337187,-0.7586127465941865));
#9850=FACE_BOUND('',#9851,.T.);
#9851=EDGE_LOOP('',(#9852,#9853,#9854));
#9852=ORIENTED_EDGE('',*,*,#9855,.T.);
#9853=ORIENTED_EDGE('',*,*,#9856,.T.);
#9854=ORIENTED_EDGE('',*,*,#9857,.T.);
#9855=EDGE_CURVE('',#281,#769,#9858,.F.);
#9856=EDGE_CURVE('',#769,#771,#9859,.T.);
#9857=EDGE_CURVE('',#771,#281,#9860,.T.);
#9858=LINE('',#280,#9861);
#9859=LINE('',#768,#9862);
#9860=LINE('',#770,#9863);
#9861=VECTOR('',#9864,1.0);
#9862=VECTOR('',#9865,1.0);
#9863=VECTOR('',#9866,1.0);
#9864=DIRECTION('',(-0.13895561216410787,-0.6365516778337187,-0.7586127465941865));
#9865=DIRECTION('',(-0.8508870921872935,-0.3376921573438609,-0.40243653315460987));
#9866=DIRECTION('',(0.14273530527990227,0.6362060648311303,0.7582008148892617));
#9867=FACE_SURFACE('',(#9872),#9868,.T.);
#9868=PLANE('',#9869);
#9869=AXIS2_PLACEMENT_3D('',#770,#9870,#9871);
#9870=DIRECTION('',(2.670853531151046E-06,0.7660441752866153,-0.6427879288710359));
#9871=DIRECTION('',(-0.7875704017757076,-0.3961001775452626,-0.4720566826086269));
#9872=FACE_BOUND('',#9873,.T.);
#9873=EDGE_LOOP('',(#9874,#9875,#9876));
#9874=ORIENTED_EDGE('',*,*,#9877,.T.);
#9875=ORIENTED_EDGE('',*,*,#9878,.T.);
#9876=ORIENTED_EDGE('',*,*,#9879,.T.);
#9877=EDGE_CURVE('',#771,#649,#9880,.F.);
#9878=EDGE_CURVE('',#649,#281,#9881,.T.);
#9879=EDGE_CURVE('',#281,#771,#9882,.T.);
#9880=LINE('',#770,#9883);
#9881=LINE('',#648,#9884);
#9882=LINE('',#280,#9885);
#9883=VECTOR('',#9886,1.0);
#9884=VECTOR('',#9887,1.0);
#9885=VECTOR('',#9888,1.0);
#9886=DIRECTION('',(-0.7875704017757076,-0.3961001775452626,-0.4720566826086269));
#9887=DIRECTION('',(0.14620220420532568,0.6358806981607921,0.7578130727244338));
#9888=DIRECTION('',(-0.14273530527990227,-0.6362060648311303,-0.7582008148892617));
#9889=FACE_SURFACE('',(#9894),#9890,.T.);
#9890=PLANE('',#9891);
#9891=AXIS2_PLACEMENT_3D('',#640,#9892,#9893);
#9892=DIRECTION('',(-2.827770831407364E-06,0.7660428497778868,-0.6427895085455094));
#9893=DIRECTION('',(0.8508897505675708,-0.33768396050827465,-0.4024377904651889));
#9894=FACE_BOUND('',#9895,.T.);
#9895=EDGE_LOOP('',(#9896,#9897,#9898));
#9896=ORIENTED_EDGE('',*,*,#9899,.T.);
#9897=ORIENTED_EDGE('',*,*,#9900,.T.);
#9898=ORIENTED_EDGE('',*,*,#9901,.T.);
#9899=EDGE_CURVE('',#641,#773,#9902,.F.);
#9900=EDGE_CURVE('',#773,#285,#9903,.T.);
#9901=EDGE_CURVE('',#285,#641,#9904,.T.);
#9902=LINE('',#640,#9905);
#9903=LINE('',#772,#9906);
#9904=LINE('',#284,#9907);
#9905=VECTOR('',#9908,1.0);
#9906=VECTOR('',#9909,1.0);
#9907=VECTOR('',#9910,1.0);
#9908=DIRECTION('',(0.8508897505675708,-0.33768396050827465,-0.4024377904651889));
#9909=DIRECTION('',(0.6591957017298467,-0.4833579159695298,-0.5760435329820899));
#9910=DIRECTION('',(-0.6642763175483771,0.48047543069160203,0.5726083604402639));
#9911=FACE_SURFACE('',(#9916),#9912,.T.);
#9912=PLANE('',#9913);
#9913=AXIS2_PLACEMENT_3D('',#284,#9914,#9915);
#9914=DIRECTION('',(-1.8939057190519636E-06,0.7660433759976334,-0.6427888814273016));
#9915=DIRECTION('',(-0.6591957017298467,0.4833579159695298,0.5760435329820899));
#9916=FACE_BOUND('',#9917,.T.);
#9917=EDGE_LOOP('',(#9918,#9919,#9920));
#9918=ORIENTED_EDGE('',*,*,#9921,.T.);
#9919=ORIENTED_EDGE('',*,*,#9922,.T.);
#9920=ORIENTED_EDGE('',*,*,#9923,.T.);
#9921=EDGE_CURVE('',#285,#773,#9924,.F.);
#9922=EDGE_CURVE('',#773,#775,#9925,.T.);
#9923=EDGE_CURVE('',#775,#285,#9926,.T.);
#9924=LINE('',#284,#9927);
#9925=LINE('',#772,#9928);
#9926=LINE('',#774,#9929);
#9927=VECTOR('',#9930,1.0);
#9928=VECTOR('',#9931,1.0);
#9929=VECTOR('',#9932,1.0);
#9930=DIRECTION('',(-0.6591957017298467,0.4833579159695298,0.5760435329820899));
#9931=DIRECTION('',(0.9060353993768473,-0.2720281666779218,-0.32419212144943566));
#9932=DIRECTION('',(0.652029272944366,-0.48735759391420663,-0.5808101263561066));
#9933=FACE_SURFACE('',(#9938),#9934,.T.);
#9934=PLANE('',#9935);
#9935=AXIS2_PLACEMENT_3D('',#284,#9936,#9937);
#9936=DIRECTION('',(-5.876802288820079E-06,0.7660411743009985,-0.6427915052651291));
#9937=DIRECTION('',(-0.652029272944366,0.48735759391420663,0.5808101263561066));
#9938=FACE_BOUND('',#9939,.T.);
#9939=EDGE_LOOP('',(#9940,#9941,#9942));
#9940=ORIENTED_EDGE('',*,*,#9943,.T.);
#9941=ORIENTED_EDGE('',*,*,#9944,.T.);
#9942=ORIENTED_EDGE('',*,*,#9945,.T.);
#9943=EDGE_CURVE('',#285,#775,#9946,.F.);
#9944=EDGE_CURVE('',#775,#777,#9947,.T.);
#9945=EDGE_CURVE('',#777,#285,#9948,.T.);
#9946=LINE('',#284,#9949);
#9947=LINE('',#774,#9950);
#9948=LINE('',#776,#9951);
#9949=VECTOR('',#9952,1.0);
#9950=VECTOR('',#9953,1.0);
#9951=VECTOR('',#9954,1.0);
#9952=DIRECTION('',(-0.652029272944366,0.48735759391420663,0.5808101263561066));
#9953=DIRECTION('',(0.9504789071975662,-0.19976829613472613,-0.23808081575790327));
#9954=DIRECTION('',(0.6426987171733083,-0.4924519073078385,-0.5868811446388917));
#9955=FACE_SURFACE('',(#9960),#9956,.T.);
#9956=PLANE('',#9957);
#9957=AXIS2_PLACEMENT_3D('',#776,#9958,#9959);
#9958=DIRECTION('',(-7.565524743779257E-07,0.7660439353454604,-0.6427882148265224));
#9959=DIRECTION('',(0.9817634000456574,-0.12219789389507689,-0.14563070094728628));
#9960=FACE_BOUND('',#9961,.T.);
#9961=EDGE_LOOP('',(#9962,#9963,#9964));
#9962=ORIENTED_EDGE('',*,*,#9965,.T.);
#9963=ORIENTED_EDGE('',*,*,#9966,.T.);
#9964=ORIENTED_EDGE('',*,*,#9967,.T.);
#9965=EDGE_CURVE('',#777,#779,#9968,.F.);
#9966=EDGE_CURVE('',#779,#285,#9969,.T.);
#9967=EDGE_CURVE('',#285,#777,#9970,.T.);
#9968=LINE('',#776,#9971);
#9969=LINE('',#778,#9972);
#9970=LINE('',#284,#9973);
#9971=VECTOR('',#9974,1.0);
#9972=VECTOR('',#9975,1.0);
#9973=VECTOR('',#9976,1.0);
#9974=DIRECTION('',(0.9817634000456574,-0.12219789389507689,-0.14563070094728628));
#9975=DIRECTION('',(0.631159844731474,-0.4985801063212471,-0.5941844225316206));
#9976=DIRECTION('',(-0.6426987171733083,0.4924519073078385,0.5868811446388917));
#9977=FACE_SURFACE('',(#9982),#9978,.T.);
#9978=PLANE('',#9979);
#9979=AXIS2_PLACEMENT_3D('',#284,#9980,#9981);
#9980=DIRECTION('',(1.695416980248514E-06,0.7660452178359349,-0.6427866864114568));
#9981=DIRECTION('',(-0.631159844731474,0.4985801063212471,0.5941844225316206));
#9982=FACE_BOUND('',#9983,.T.);
#9983=EDGE_LOOP('',(#9984,#9985,#9986));
#9984=ORIENTED_EDGE('',*,*,#9987,.T.);
#9985=ORIENTED_EDGE('',*,*,#9988,.T.);
#9986=ORIENTED_EDGE('',*,*,#9989,.T.);
#9987=EDGE_CURVE('',#285,#779,#9990,.F.);
#9988=EDGE_CURVE('',#779,#781,#9991,.T.);
#9989=EDGE_CURVE('',#781,#285,#9992,.T.);
#9990=LINE('',#284,#9993);
#9991=LINE('',#778,#9994);
#9992=LINE('',#780,#9995);
#9993=VECTOR('',#9996,1.0);
#9994=VECTOR('',#9997,1.0);
#9995=VECTOR('',#9998,1.0);
#9996=DIRECTION('',(-0.631159844731474,0.4985801063212471,0.5941844225316206));
#9997=DIRECTION('',(0.9979498713895789,-0.04113991616600925,-0.04902613069962238));
#9998=DIRECTION('',(0.6174147071460772,-0.5056411275868548,-0.6025994768437969));
#9999=FACE_SURFACE('',(#10004),#10000,.T.);
#10000=PLANE('',#10001);
#10001=AXIS2_PLACEMENT_3D('',#284,#10002,#10003);
#10002=DIRECTION('',(-1.5329093177976164E-06,0.7660435891136451,-0.642788627447262));
#10003=DIRECTION('',(-0.6174147071460772,0.5056411275868548,0.6025994768437969));
#10004=FACE_BOUND('',#10005,.T.);
#10005=EDGE_LOOP('',(#10006,#10007,#10008));
#10006=ORIENTED_EDGE('',*,*,#10009,.T.);
#10007=ORIENTED_EDGE('',*,*,#10010,.T.);
#10008=ORIENTED_EDGE('',*,*,#10011,.T.);
#10009=EDGE_CURVE('',#285,#781,#10012,.F.);
#10010=EDGE_CURVE('',#781,#783,#10013,.T.);
#10011=EDGE_CURVE('',#783,#285,#10014,.T.);
#10012=LINE('',#284,#10015);
#10013=LINE('',#780,#10016);
#10014=LINE('',#782,#10017);
#10015=VECTOR('',#10018,1.0);
#10016=VECTOR('',#10019,1.0);
#10017=VECTOR('',#10020,1.0);
#10018=DIRECTION('',(-0.6174147071460772,0.5056411275868548,0.6025994768437969));
#10019=DIRECTION('',(0.9979498915029816,0.04113971456483777,0.049025890453012685));
#10020=DIRECTION('',(0.6015247947028611,-0.5134936435344328,-0.6119576777910493));
#10021=FACE_SURFACE('',(#10026),#10022,.T.);
#10022=PLANE('',#10023);
#10023=AXIS2_PLACEMENT_3D('',#782,#10024,#10025);
#10024=DIRECTION('',(5.562441175249277E-07,0.7660446002843967,-0.6427874223837998));
#10025=DIRECTION('',(0.9817632237587284,0.12219847908106277,0.14563139834920205));
#10026=FACE_BOUND('',#10027,.T.);
#10027=EDGE_LOOP('',(#10028,#10029,#10030));
#10028=ORIENTED_EDGE('',*,*,#10031,.T.);
#10029=ORIENTED_EDGE('',*,*,#10032,.T.);
#10030=ORIENTED_EDGE('',*,*,#10033,.T.);
#10031=EDGE_CURVE('',#783,#785,#10034,.F.);
#10032=EDGE_CURVE('',#785,#285,#10035,.T.);
#10033=EDGE_CURVE('',#285,#783,#10036,.T.);
#10034=LINE('',#782,#10037);
#10035=LINE('',#784,#10038);
#10036=LINE('',#284,#10039);
#10037=VECTOR('',#10040,1.0);
#10038=VECTOR('',#10041,1.0);
#10039=VECTOR('',#10042,1.0);
#10040=DIRECTION('',(0.9817632237587284,0.12219847908106277,0.14563139834920205));
#10041=DIRECTION('',(0.583623605550913,-0.521959264600104,-0.6220466326103461));
#10042=DIRECTION('',(-0.6015247947028611,0.5134936435344328,0.6119576777910493));
#10043=FACE_SURFACE('',(#10048),#10044,.T.);
#10044=PLANE('',#10045);
#10045=AXIS2_PLACEMENT_3D('',#284,#10046,#10047);
#10046=DIRECTION('',(3.4532206305001394E-06,0.7660459386481856,-0.6427858273707467));
#10047=DIRECTION('',(-0.583623605550913,0.521959264600104,0.6220466326103461));
#10048=FACE_BOUND('',#10049,.T.);
#10049=EDGE_LOOP('',(#10050,#10051,#10052));
#10050=ORIENTED_EDGE('',*,*,#10053,.T.);
#10051=ORIENTED_EDGE('',*,*,#10054,.T.);
#10052=ORIENTED_EDGE('',*,*,#10055,.T.);
#10053=EDGE_CURVE('',#285,#785,#10056,.F.);
#10054=EDGE_CURVE('',#785,#787,#10057,.T.);
#10055=EDGE_CURVE('',#787,#285,#10058,.T.);
#10056=LINE('',#284,#10059);
#10057=LINE('',#784,#10060);
#10058=LINE('',#786,#10061);
#10059=VECTOR('',#10062,1.0);
#10060=VECTOR('',#10063,1.0);
#10061=VECTOR('',#10064,1.0);
#10062=DIRECTION('',(-0.583623605550913,0.521959264600104,0.6220466326103461));
#10063=DIRECTION('',(0.9504789071975662,0.19976829613472613,0.23808081575790327));
#10064=DIRECTION('',(0.5639242300362247,-0.5308310831106808,-0.6326198099819453));
#10065=FACE_SURFACE('',(#10070),#10066,.T.);
#10066=PLANE('',#10067);
#10067=AXIS2_PLACEMENT_3D('',#284,#10068,#10069);
#10068=DIRECTION('',(8.591180857354234E-07,0.7660448000141029,-0.6427871843546781));
#10069=DIRECTION('',(-0.5639242300362247,0.5308310831106808,0.6326198099819453));
#10070=FACE_BOUND('',#10071,.T.);
#10071=EDGE_LOOP('',(#10072,#10073,#10074));
#10072=ORIENTED_EDGE('',*,*,#10075,.T.);
#10073=ORIENTED_EDGE('',*,*,#10076,.T.);
#10074=ORIENTED_EDGE('',*,*,#10077,.T.);
#10075=EDGE_CURVE('',#285,#787,#10078,.F.);
#10076=EDGE_CURVE('',#787,#789,#10079,.T.);
#10077=EDGE_CURVE('',#789,#285,#10080,.T.);
#10078=LINE('',#284,#10081);
#10079=LINE('',#786,#10082);
#10080=LINE('',#788,#10083);
#10081=VECTOR('',#10084,1.0);
#10082=VECTOR('',#10085,1.0);
#10083=VECTOR('',#10086,1.0);
#10084=DIRECTION('',(-0.5639242300362247,0.5308310831106808,0.6326198099819453));
#10085=DIRECTION('',(0.9060362463847069,0.2720270010702958,0.32419073232560464));
#10086=DIRECTION('',(0.5427214469116172,-0.539885510173639,-0.643410496469175));
#10087=FACE_SURFACE('',(#10092),#10088,.T.);
#10088=PLANE('',#10089);
#10089=AXIS2_PLACEMENT_3D('',#788,#10090,#10091);
#10090=DIRECTION('',(9.273340248833176E-07,0.7660448283472722,-0.6427871505883876));
#10091=DIRECTION('',(0.8508897505675708,0.33768396050827465,0.4024377904651889));
#10092=FACE_BOUND('',#10093,.T.);
#10093=EDGE_LOOP('',(#10094,#10095,#10096));
#10094=ORIENTED_EDGE('',*,*,#10097,.T.);
#10095=ORIENTED_EDGE('',*,*,#10098,.T.);
#10096=ORIENTED_EDGE('',*,*,#10099,.T.);
#10097=EDGE_CURVE('',#789,#791,#10100,.F.);
#10098=EDGE_CURVE('',#791,#285,#10101,.T.);
#10099=EDGE_CURVE('',#285,#789,#10102,.T.);
#10100=LINE('',#788,#10103);
#10101=LINE('',#790,#10104);
#10102=LINE('',#284,#10105);
#10103=VECTOR('',#10106,1.0);
#10104=VECTOR('',#10107,1.0);
#10105=VECTOR('',#10108,1.0);
#10106=DIRECTION('',(0.8508897505675708,0.33768396050827465,0.4024377904651889));
#10107=DIRECTION('',(0.5203864660149293,-0.5488961586108243,-0.6541490144078591));
#10108=DIRECTION('',(-0.5427214469116172,0.539885510173639,0.643410496469175));
#10109=FACE_SURFACE('',(#10114),#10110,.T.);
#10110=PLANE('',#10111);
#10111=AXIS2_PLACEMENT_3D('',#284,#10112,#10113);
#10112=DIRECTION('',(-3.418192516501215E-06,0.7660431261314726,-0.6427891791987764));
#10113=DIRECTION('',(-0.5203864660149293,0.5488961586108243,0.6541490144078591));
#10114=FACE_BOUND('',#10115,.T.);
#10115=EDGE_LOOP('',(#10116,#10117,#10118));
#10116=ORIENTED_EDGE('',*,*,#10119,.T.);
#10117=ORIENTED_EDGE('',*,*,#10120,.T.);
#10118=ORIENTED_EDGE('',*,*,#10121,.T.);
#10119=EDGE_CURVE('',#285,#791,#10122,.F.);
#10120=EDGE_CURVE('',#791,#793,#10123,.T.);
#10121=EDGE_CURVE('',#793,#285,#10124,.T.);
#10122=LINE('',#284,#10125);
#10123=LINE('',#790,#10126);
#10124=LINE('',#792,#10127);
#10125=VECTOR('',#10128,1.0);
#10126=VECTOR('',#10129,1.0);
#10127=VECTOR('',#10130,1.0);
#10128=DIRECTION('',(-0.5203864660149293,0.5488961586108243,0.6541490144078591));
#10129=DIRECTION('',(0.7875720435687364,0.3961032728622799,0.4720513461655994));
#10130=DIRECTION('',(0.49735111880225435,-0.5576500285711428,-0.6645813044772998));
#10131=FACE_SURFACE('',(#10136),#10132,.T.);
#10132=PLANE('',#10133);
#10133=AXIS2_PLACEMENT_3D('',#284,#10134,#10135);
#10134=DIRECTION('',(-2.155966752075079E-06,0.766043591264138,-0.6427886248826234));
#10135=DIRECTION('',(-0.49735111880225435,0.5576500285711428,0.6645813044772998));
#10136=FACE_BOUND('',#10137,.T.);
#10137=EDGE_LOOP('',(#10138,#10139,#10140));
#10138=ORIENTED_EDGE('',*,*,#10141,.T.);
#10139=ORIENTED_EDGE('',*,*,#10142,.T.);
#10140=ORIENTED_EDGE('',*,*,#10143,.T.);
#10141=EDGE_CURVE('',#285,#793,#10144,.F.);
#10142=EDGE_CURVE('',#793,#795,#10145,.T.);
#10143=EDGE_CURVE('',#795,#285,#10146,.T.);
#10144=LINE('',#284,#10147);
#10145=LINE('',#792,#10148);
#10146=LINE('',#794,#10149);
#10147=VECTOR('',#10150,1.0);
#10148=VECTOR('',#10151,1.0);
#10149=VECTOR('',#10152,1.0);
#10150=DIRECTION('',(-0.49735111880225435,0.5576500285711428,0.6645813044772998));
#10151=DIRECTION('',(0.718455040765547,0.4471078556859788,0.5328385494523291));
#10152=DIRECTION('',(0.4740858769755883,-0.5659608514613912,-0.6744856528239755));
#10153=FACE_SURFACE('',(#10158),#10154,.T.);
#10154=PLANE('',#10155);
#10155=AXIS2_PLACEMENT_3D('',#794,#10156,#10157);
#10156=DIRECTION('',(5.110317994103979E-06,0.766046106138951,-0.6427856277509909));
#10157=DIRECTION('',(0.6455156304639245,0.4909231060314972,0.5850675813879535));
#10158=FACE_BOUND('',#10159,.T.);
#10159=EDGE_LOOP('',(#10160,#10161,#10162));
#10160=ORIENTED_EDGE('',*,*,#10163,.T.);
#10161=ORIENTED_EDGE('',*,*,#10164,.T.);
#10162=ORIENTED_EDGE('',*,*,#10165,.T.);
#10163=EDGE_CURVE('',#795,#797,#10166,.F.);
#10164=EDGE_CURVE('',#797,#285,#10167,.T.);
#10165=EDGE_CURVE('',#285,#795,#10168,.T.);
#10166=LINE('',#794,#10169);
#10167=LINE('',#796,#10170);
#10168=LINE('',#284,#10171);
#10169=VECTOR('',#10172,1.0);
#10170=VECTOR('',#10173,1.0);
#10171=VECTOR('',#10174,1.0);
#10172=DIRECTION('',(0.6455156304639245,0.4909231060314972,0.5850675813879535));
#10173=DIRECTION('',(0.45107393551216063,-0.57367931574777,-0.6836843916492036));
#10174=DIRECTION('',(-0.4740858769755883,0.5659608514613912,0.6744856528239755));
#10175=FACE_SURFACE('',(#10180),#10176,.T.);
#10176=PLANE('',#10177);
#10177=AXIS2_PLACEMENT_3D('',#284,#10178,#10179);
#10178=DIRECTION('',(-9.493195379165426E-07,0.7660441375388529,-0.6427879738618744));
#10179=DIRECTION('',(-0.45107393551216063,0.57367931574777,0.6836843916492036));
#10180=FACE_BOUND('',#10181,.T.);
#10181=EDGE_LOOP('',(#10182,#10183,#10184));
#10182=ORIENTED_EDGE('',*,*,#10185,.T.);
#10183=ORIENTED_EDGE('',*,*,#10186,.T.);
#10184=ORIENTED_EDGE('',*,*,#10187,.T.);
#10185=EDGE_CURVE('',#285,#797,#10188,.F.);
#10186=EDGE_CURVE('',#797,#799,#10189,.T.);
#10187=EDGE_CURVE('',#799,#285,#10190,.T.);
#10188=LINE('',#284,#10191);
#10189=LINE('',#796,#10192);
#10190=LINE('',#798,#10193);
#10191=VECTOR('',#10194,1.0);
#10192=VECTOR('',#10195,1.0);
#10193=VECTOR('',#10196,1.0);
#10194=DIRECTION('',(-0.45107393551216063,0.57367931574777,0.6836843916492036));
#10195=DIRECTION('',(0.5322324990133458,0.5441835494887592,0.6485312879575078));
#10196=DIRECTION('',(0.4076320559490398,-0.5869591430795529,-0.699510594142845));
#10197=FACE_SURFACE('',(#10202),#10198,.T.);
#10198=PLANE('',#10199);
#10199=AXIS2_PLACEMENT_3D('',#284,#10200,#10201);
#10200=DIRECTION('',(-1.8329410894241498E-06,0.7660438839887809,-0.6427882760287587));
#10201=DIRECTION('',(-0.4076320559490398,0.5869591430795529,0.699510594142845));
#10202=FACE_BOUND('',#10203,.T.);
#10203=EDGE_LOOP('',(#10204,#10205,#10206));
#10204=ORIENTED_EDGE('',*,*,#10207,.T.);
#10205=ORIENTED_EDGE('',*,*,#10208,.T.);
#10206=ORIENTED_EDGE('',*,*,#10209,.T.);
#10207=EDGE_CURVE('',#285,#799,#10210,.F.);
#10208=EDGE_CURVE('',#799,#801,#10211,.T.);
#10209=EDGE_CURVE('',#801,#285,#10212,.T.);
#10210=LINE('',#284,#10213);
#10211=LINE('',#798,#10214);
#10212=LINE('',#800,#10215);
#10213=VECTOR('',#10216,1.0);
#10214=VECTOR('',#10217,1.0);
#10215=VECTOR('',#10218,1.0);
#10216=DIRECTION('',(-0.4076320559490398,0.5869591430795529,0.699510594142845));
#10217=DIRECTION('',(0.3789261120358129,0.5948541125813036,0.70891719288118));
#10218=DIRECTION('',(0.3701446794355474,-0.597133153572784,-0.7116353793831345));
#10219=FACE_SURFACE('',(#10224),#10220,.T.);
#10220=PLANE('',#10221);
#10221=AXIS2_PLACEMENT_3D('',#800,#10222,#10223);
#10222=DIRECTION('',(1.4513076821588093E-06,0.7660447251355826,-0.6427872735904495));
#10223=DIRECTION('',(0.22634788651739782,0.6261044589730417,0.7461634142218325));
#10224=FACE_BOUND('',#10225,.T.);
#10225=EDGE_LOOP('',(#10226,#10227,#10228));
#10226=ORIENTED_EDGE('',*,*,#10229,.T.);
#10227=ORIENTED_EDGE('',*,*,#10230,.T.);
#10228=ORIENTED_EDGE('',*,*,#10231,.T.);
#10229=EDGE_CURVE('',#801,#803,#10232,.F.);
#10230=EDGE_CURVE('',#803,#285,#10233,.T.);
#10231=EDGE_CURVE('',#285,#801,#10234,.T.);
#10232=LINE('',#800,#10235);
#10233=LINE('',#802,#10236);
#10234=LINE('',#284,#10237);
#10235=VECTOR('',#10238,1.0);
#10236=VECTOR('',#10239,1.0);
#10237=VECTOR('',#10240,1.0);
#10238=DIRECTION('',(0.22634788651739782,0.6261044589730417,0.7461634142218325));
#10239=DIRECTION('',(0.3406224185444576,-0.6043490854397651,-0.720235066428346));
#10240=DIRECTION('',(-0.3701446794355474,0.597133153572784,0.7116353793831345));
#10241=FACE_SURFACE('',(#10246),#10242,.T.);
#10242=PLANE('',#10243);
#10243=AXIS2_PLACEMENT_3D('',#284,#10244,#10245);
#10244=DIRECTION('',(5.100563411676917E-06,0.7660455749409051,-0.6427862608110432));
#10245=DIRECTION('',(-0.3406224185444576,0.6043490854397651,0.720235066428346));
#10246=FACE_BOUND('',#10247,.T.);
#10247=EDGE_LOOP('',(#10248,#10249,#10250));
#10248=ORIENTED_EDGE('',*,*,#10251,.T.);
#10249=ORIENTED_EDGE('',*,*,#10252,.T.);
#10250=ORIENTED_EDGE('',*,*,#10253,.T.);
#10251=EDGE_CURVE('',#285,#803,#10254,.F.);
#10252=EDGE_CURVE('',#803,#805,#10255,.T.);
#10253=EDGE_CURVE('',#805,#285,#10256,.T.);
#10254=LINE('',#284,#10257);
#10255=LINE('',#802,#10258);
#10256=LINE('',#804,#10259);
#10257=VECTOR('',#10260,1.0);
#10258=VECTOR('',#10261,1.0);
#10259=VECTOR('',#10262,1.0);
#10260=DIRECTION('',(-0.3406224185444576,0.6043490854397651,0.720235066428346));
#10261=DIRECTION('',(0.07523514955261595,0.6409641947929392,0.7638747104501069));
#10262=DIRECTION('',(0.3199166388754582,-0.6090063253438338,-0.7257855329653727));
#10263=FACE_SURFACE('',(#10268),#10264,.T.);
#10264=PLANE('',#10265);
#10265=AXIS2_PLACEMENT_3D('',#284,#10266,#10267);
#10266=DIRECTION('',(-3.0294702668423335E-06,0.7660438103641459,-0.642788363766491));
#10267=DIRECTION('',(-0.3199166388754582,0.6090063253438338,0.7257855329653727));
#10268=FACE_BOUND('',#10269,.T.);
#10269=EDGE_LOOP('',(#10270,#10271,#10272));
#10270=ORIENTED_EDGE('',*,*,#10273,.T.);
#10271=ORIENTED_EDGE('',*,*,#10274,.T.);
#10272=ORIENTED_EDGE('',*,*,#10275,.T.);
#10273=EDGE_CURVE('',#285,#805,#10276,.F.);
#10274=EDGE_CURVE('',#805,#807,#10277,.T.);
#10275=EDGE_CURVE('',#807,#285,#10278,.T.);
#10276=LINE('',#284,#10279);
#10277=LINE('',#804,#10280);
#10278=LINE('',#806,#10281);
#10279=VECTOR('',#10282,1.0);
#10280=VECTOR('',#10283,1.0);
#10281=VECTOR('',#10284,1.0);
#10282=DIRECTION('',(-0.3199166388754582,0.6090063253438338,0.7257855329653727));
#10283=DIRECTION('',(-0.0752349674208429,0.6409664199811159,0.7638728612365913));
#10284=DIRECTION('',(0.3079646059376489,-0.6115467297987229,-0.7288130067185657));
#10285=FACE_SURFACE('',(#10290),#10286,.T.);
#10286=PLANE('',#10287);
#10287=AXIS2_PLACEMENT_3D('',#806,#10288,#10289);
#10288=DIRECTION('',(-1.9187697050829378E-05,0.7660404481956268,-0.6427923703343682));
#10289=DIRECTION('',(-0.22634853451348177,0.6261062514052301,0.7461617136217121));
#10290=FACE_BOUND('',#10291,.T.);
#10291=EDGE_LOOP('',(#10292,#10293,#10294));
#10292=ORIENTED_EDGE('',*,*,#10295,.T.);
#10293=ORIENTED_EDGE('',*,*,#10296,.T.);
#10294=ORIENTED_EDGE('',*,*,#10297,.T.);
#10295=EDGE_CURVE('',#807,#655,#10298,.F.);
#10296=EDGE_CURVE('',#655,#285,#10299,.T.);
#10297=EDGE_CURVE('',#285,#807,#10300,.T.);
#10298=LINE('',#806,#10301);
#10299=LINE('',#654,#10302);
#10300=LINE('',#284,#10303);
#10301=VECTOR('',#10304,1.0);
#10302=VECTOR('',#10305,1.0);
#10303=VECTOR('',#10306,1.0);
#10304=DIRECTION('',(-0.22634853451348177,0.6261062514052301,0.7461617136217121));
#10305=DIRECTION('',(0.3041260334459922,-0.6123399858412342,-0.7297582459420137));
#10306=DIRECTION('',(-0.3079646059376489,0.6115467297987229,0.7288130067185657));
#10307=FACE_SURFACE('',(#10312),#10308,.T.);
#10308=PLANE('',#10309);
#10309=AXIS2_PLACEMENT_3D('',#658,#10310,#10311);
#10310=DIRECTION('',(9.50168560644169E-06,0.7660438910315549,-0.6427882675679086));
#10311=DIRECTION('',(-0.645516150821318,0.4909320650365626,0.5850594897510558));
#10312=FACE_BOUND('',#10313,.T.);
#10313=EDGE_LOOP('',(#10314,#10315,#10316));
#10314=ORIENTED_EDGE('',*,*,#10317,.T.);
#10315=ORIENTED_EDGE('',*,*,#10318,.T.);
#10316=ORIENTED_EDGE('',*,*,#10319,.T.);
#10317=EDGE_CURVE('',#659,#809,#10320,.F.);
#10318=EDGE_CURVE('',#809,#281,#10321,.T.);
#10319=EDGE_CURVE('',#281,#659,#10322,.T.);
#10320=LINE('',#658,#10323);
#10321=LINE('',#808,#10324);
#10322=LINE('',#280,#10325);
#10323=VECTOR('',#10326,1.0);
#10324=VECTOR('',#10327,1.0);
#10325=VECTOR('',#10328,1.0);
#10326=DIRECTION('',(-0.645516150821318,0.4909320650365626,0.5850594897510558));
#10327=DIRECTION('',(0.09007061044431887,0.6401749232410774,0.7629307653958309));
#10328=DIRECTION('',(-0.08628780978094933,-0.6403902009106521,-0.7631872669671718));
#10329=FACE_SURFACE('',(#10334),#10330,.T.);
#10330=PLANE('',#10331);
#10331=AXIS2_PLACEMENT_3D('',#280,#10332,#10333);
#10332=DIRECTION('',(-5.457085530431949E-06,0.7660447606465639,-0.6427872312485439));
#10333=DIRECTION('',(-0.09007061044431887,-0.6401749232410774,-0.7629307653958309));
#10334=FACE_BOUND('',#10335,.T.);
#10335=EDGE_LOOP('',(#10336,#10337,#10338));
#10336=ORIENTED_EDGE('',*,*,#10339,.T.);
#10337=ORIENTED_EDGE('',*,*,#10340,.T.);
#10338=ORIENTED_EDGE('',*,*,#10341,.T.);
#10339=EDGE_CURVE('',#281,#809,#10342,.F.);
#10340=EDGE_CURVE('',#809,#811,#10343,.T.);
#10341=EDGE_CURVE('',#811,#281,#10344,.T.);
#10342=LINE('',#280,#10345);
#10343=LINE('',#808,#10346);
#10344=LINE('',#810,#10347);
#10345=VECTOR('',#10348,1.0);
#10346=VECTOR('',#10349,1.0);
#10347=VECTOR('',#10350,1.0);
#10348=DIRECTION('',(-0.09007061044431887,-0.6401749232410774,-0.7629307653958309));
#10349=DIRECTION('',(-0.7184578649780361,0.44710082122114214,0.5328406440152463));
#10350=DIRECTION('',(0.09412628355399767,0.639933820256134,0.7626433953275296));
#10351=FACE_SURFACE('',(#10356),#10352,.T.);
#10352=PLANE('',#10353);
#10353=AXIS2_PLACEMENT_3D('',#280,#10354,#10355);
#10354=DIRECTION('',(-2.1993198681821086E-06,0.766044562671924,-0.642787467205097));
#10355=DIRECTION('',(-0.09412628355399767,-0.639933820256134,-0.7626433953275296));
#10356=FACE_BOUND('',#10357,.T.);
#10357=EDGE_LOOP('',(#10358,#10359,#10360));
#10358=ORIENTED_EDGE('',*,*,#10361,.T.);
#10359=ORIENTED_EDGE('',*,*,#10362,.T.);
#10360=ORIENTED_EDGE('',*,*,#10363,.T.);
#10361=EDGE_CURVE('',#281,#811,#10364,.F.);
#10362=EDGE_CURVE('',#811,#813,#10365,.T.);
#10363=EDGE_CURVE('',#813,#281,#10366,.T.);
#10364=LINE('',#280,#10367);
#10365=LINE('',#810,#10368);
#10366=LINE('',#812,#10369);
#10367=VECTOR('',#10370,1.0);
#10368=VECTOR('',#10371,1.0);
#10369=VECTOR('',#10372,1.0);
#10370=DIRECTION('',(-0.09412628355399767,-0.639933820256134,-0.7626433953275296));
#10371=DIRECTION('',(-0.7875686881745408,0.3961015852927002,0.4720583603069037));
#10372=DIRECTION('',(0.09841154472953384,0.6396674155724912,0.7623258918066187));
#10373=FACE_SURFACE('',(#10378),#10374,.T.);
#10374=PLANE('',#10375);
#10375=AXIS2_PLACEMENT_3D('',#812,#10376,#10377);
#10376=DIRECTION('',(6.609006029847453E-06,0.7660440027443265,-0.6427881344702712));
#10377=DIRECTION('',(-0.8508870921872935,0.3376921573438609,0.40243653315460987));
#10378=FACE_BOUND('',#10379,.T.);
#10379=EDGE_LOOP('',(#10380,#10381,#10382));
#10380=ORIENTED_EDGE('',*,*,#10383,.T.);
#10381=ORIENTED_EDGE('',*,*,#10384,.T.);
#10382=ORIENTED_EDGE('',*,*,#10385,.T.);
#10383=EDGE_CURVE('',#813,#815,#10386,.F.);
#10384=EDGE_CURVE('',#815,#281,#10387,.T.);
#10385=EDGE_CURVE('',#281,#813,#10388,.T.);
#10386=LINE('',#812,#10389);
#10387=LINE('',#814,#10390);
#10388=LINE('',#280,#10391);
#10389=VECTOR('',#10392,1.0);
#10390=VECTOR('',#10393,1.0);
#10391=VECTOR('',#10394,1.0);
#10392=DIRECTION('',(-0.8508870921872935,0.3376921573438609,0.40243653315460987));
#10393=DIRECTION('',(0.10287956579518422,0.6393768638878572,0.7619796722135853));
#10394=DIRECTION('',(-0.09841154472953384,-0.6396674155724912,-0.7623258918066187));
#10395=FACE_SURFACE('',(#10400),#10396,.T.);
#10396=PLANE('',#10397);
#10397=AXIS2_PLACEMENT_3D('',#280,#10398,#10399);
#10398=DIRECTION('',(-2.29503200122383E-06,0.7660445947217118,-0.6427874290092963));
#10399=DIRECTION('',(-0.10287956579518422,-0.6393768638878572,-0.7619796722135853));
#10400=FACE_BOUND('',#10401,.T.);
#10401=EDGE_LOOP('',(#10402,#10403,#10404));
#10402=ORIENTED_EDGE('',*,*,#10405,.T.);
#10403=ORIENTED_EDGE('',*,*,#10406,.T.);
#10404=ORIENTED_EDGE('',*,*,#10407,.T.);
#10405=EDGE_CURVE('',#281,#815,#10408,.F.);
#10406=EDGE_CURVE('',#815,#817,#10409,.T.);
#10407=EDGE_CURVE('',#817,#281,#10410,.T.);
#10408=LINE('',#280,#10411);
#10409=LINE('',#814,#10412);
#10410=LINE('',#816,#10413);
#10411=VECTOR('',#10414,1.0);
#10412=VECTOR('',#10415,1.0);
#10413=VECTOR('',#10416,1.0);
#10414=DIRECTION('',(-0.10287956579518422,-0.6393768638878572,-0.7619796722135853));
#10415=DIRECTION('',(-0.9060413557902783,0.2720190765386193,0.3241831019605911));
#10416=DIRECTION('',(0.10748037359206136,0.6390640830781972,0.761606897954538));
#10417=FACE_SURFACE('',(#10422),#10418,.T.);
#10418=PLANE('',#10419);
#10419=AXIS2_PLACEMENT_3D('',#280,#10420,#10421);
#10420=DIRECTION('',(3.4232403858048663E-06,0.766044197358795,-0.6427879025628912));
#10421=DIRECTION('',(-0.10748037359206136,-0.6390640830781972,-0.761606897954538));
#10422=FACE_BOUND('',#10423,.T.);
#10423=EDGE_LOOP('',(#10424,#10425,#10426));
#10424=ORIENTED_EDGE('',*,*,#10427,.T.);
#10425=ORIENTED_EDGE('',*,*,#10428,.T.);
#10426=ORIENTED_EDGE('',*,*,#10429,.T.);
#10427=EDGE_CURVE('',#281,#817,#10430,.F.);
#10428=EDGE_CURVE('',#817,#819,#10431,.T.);
#10429=EDGE_CURVE('',#819,#281,#10432,.T.);
#10430=LINE('',#280,#10433);
#10431=LINE('',#816,#10434);
#10432=LINE('',#818,#10435);
#10433=VECTOR('',#10436,1.0);
#10434=VECTOR('',#10437,1.0);
#10435=VECTOR('',#10438,1.0);
#10436=DIRECTION('',(-0.10748037359206136,-0.6390640830781972,-0.761606897954538));
#10437=DIRECTION('',(-0.9504770784481523,0.19977754285707072,0.23808035768340105));
#10438=DIRECTION('',(0.1121617298349301,0.6387315942175128,0.761210678399082));
#10439=FACE_SURFACE('',(#10444),#10440,.T.);
#10440=PLANE('',#10441);
#10441=AXIS2_PLACEMENT_3D('',#818,#10442,#10443);
#10442=DIRECTION('',(-5.899090584749884E-07,0.7660444885332025,-0.6427875555636994));
#10443=DIRECTION('',(-0.9817632237587284,0.12219847908106277,0.14563139834920205));
#10444=FACE_BOUND('',#10445,.T.);
#10445=EDGE_LOOP('',(#10446,#10447,#10448));
#10446=ORIENTED_EDGE('',*,*,#10449,.T.);
#10447=ORIENTED_EDGE('',*,*,#10450,.T.);
#10448=ORIENTED_EDGE('',*,*,#10451,.T.);
#10449=EDGE_CURVE('',#819,#759,#10452,.F.);
#10450=EDGE_CURVE('',#759,#281,#10453,.T.);
#10451=EDGE_CURVE('',#281,#819,#10454,.T.);
#10452=LINE('',#818,#10455);
#10453=LINE('',#758,#10456);
#10454=LINE('',#280,#10457);
#10455=VECTOR('',#10458,1.0);
#10456=VECTOR('',#10459,1.0);
#10457=VECTOR('',#10460,1.0);
#10458=DIRECTION('',(-0.9817632237587284,0.12219847908106277,0.14563139834920205));
#10459=DIRECTION('',(0.11687000371772847,0.6383827272017941,0.7607949104991553));
#10460=DIRECTION('',(-0.1121617298349301,-0.6387315942175128,-0.761210678399082));
#10461=FACE_SURFACE('',(#10466),#10462,.T.);
#10462=PLANE('',#10463);
#10463=AXIS2_PLACEMENT_3D('',#378,#10464,#10465);
#10464=DIRECTION('',(-0,1,0));
#10465=DIRECTION('',(1,0,0));
#10466=FACE_BOUND('',#10467,.T.);
#10467=EDGE_LOOP('',(#10468,#10469,#10470));
#10468=ORIENTED_EDGE('',*,*,#10471,.T.);
#10469=ORIENTED_EDGE('',*,*,#10472,.T.);
#10470=ORIENTED_EDGE('',*,*,#10473,.T.);
#10471=EDGE_CURVE('',#379,#421,#10474,.F.);
#10472=EDGE_CURVE('',#421,#821,#10475,.T.);
#10473=EDGE_CURVE('',#821,#379,#10476,.T.);
#10474=LINE('',#378,#10477);
#10475=LINE('',#420,#10478);
#10476=LINE('',#820,#10479);
#10477=VECTOR('',#10480,1.0);
#10478=VECTOR('',#10481,1.0);
#10479=VECTOR('',#10482,1.0);
#10480=DIRECTION('',(1,0,0));
#10481=DIRECTION('',(-0.9952233084697867,0,-0.09762461922308277));
#10482=DIRECTION('',(-0.38705240112042266,0,0.9220577198781623));
#10483=FACE_SURFACE('',(#10488),#10484,.T.);
#10484=PLANE('',#10485);
#10485=AXIS2_PLACEMENT_3D('',#820,#10486,#10487);
#10486=DIRECTION('',(0,1,0));
#10487=DIRECTION('',(0.9952233084697867,0,0.09762461922308277));
#10488=FACE_BOUND('',#10489,.T.);
#10489=EDGE_LOOP('',(#10490,#10491,#10492));
#10490=ORIENTED_EDGE('',*,*,#10493,.T.);
#10491=ORIENTED_EDGE('',*,*,#10494,.T.);
#10492=ORIENTED_EDGE('',*,*,#10495,.T.);
#10493=EDGE_CURVE('',#821,#421,#10496,.F.);
#10494=EDGE_CURVE('',#421,#823,#10497,.T.);
#10495=EDGE_CURVE('',#823,#821,#10498,.T.);
#10496=LINE('',#820,#10499);
#10497=LINE('',#420,#10500);
#10498=LINE('',#822,#10501);
#10499=VECTOR('',#10502,1.0);
#10500=VECTOR('',#10503,1.0);
#10501=VECTOR('',#10504,1.0);
#10502=DIRECTION('',(0.9952233084697867,0,0.09762461922308277));
#10503=DIRECTION('',(-0.38705030100795496,0,-0.9220586014400882));
#10504=DIRECTION('',(-1,0,0));
#10505=FACE_SURFACE('',(#10510),#10506,.T.);
#10506=PLANE('',#10507);
#10507=AXIS2_PLACEMENT_3D('',#820,#10508,#10509);
#10508=DIRECTION('',(-0,1,0));
#10509=DIRECTION('',(1,0,0));
#10510=FACE_BOUND('',#10511,.T.);
#10511=EDGE_LOOP('',(#10512,#10513,#10514));
#10512=ORIENTED_EDGE('',*,*,#10515,.T.);
#10513=ORIENTED_EDGE('',*,*,#10516,.T.);
#10514=ORIENTED_EDGE('',*,*,#10517,.T.);
#10515=EDGE_CURVE('',#821,#823,#10518,.F.);
#10516=EDGE_CURVE('',#823,#825,#10519,.T.);
#10517=EDGE_CURVE('',#825,#821,#10520,.T.);
#10518=LINE('',#820,#10521);
#10519=LINE('',#822,#10522);
#10520=LINE('',#824,#10523);
#10521=VECTOR('',#10524,1.0);
#10522=VECTOR('',#10525,1.0);
#10523=VECTOR('',#10526,1.0);
#10524=DIRECTION('',(1,0,0));
#10525=DIRECTION('',(-0.9952233445390116,0,-0.09762425151868617));
#10526=DIRECTION('',(-0.5588482921294919,0,0.8292699116596177));
#10527=FACE_SURFACE('',(#10532),#10528,.T.);
#10528=PLANE('',#10529);
#10529=AXIS2_PLACEMENT_3D('',#824,#10530,#10531);
#10530=DIRECTION('',(0,1,0));
#10531=DIRECTION('',(0.9952233445390116,0,0.09762425151868617));
#10532=FACE_BOUND('',#10533,.T.);
#10533=EDGE_LOOP('',(#10534,#10535,#10536));
#10534=ORIENTED_EDGE('',*,*,#10537,.T.);
#10535=ORIENTED_EDGE('',*,*,#10538,.T.);
#10536=ORIENTED_EDGE('',*,*,#10539,.T.);
#10537=EDGE_CURVE('',#825,#823,#10540,.F.);
#10538=EDGE_CURVE('',#823,#827,#10541,.T.);
#10539=EDGE_CURVE('',#827,#825,#10542,.T.);
#10540=LINE('',#824,#10543);
#10541=LINE('',#822,#10544);
#10542=LINE('',#826,#10545);
#10543=VECTOR('',#10546,1.0);
#10544=VECTOR('',#10547,1.0);
#10545=VECTOR('',#10548,1.0);
#10546=DIRECTION('',(0.9952233445390116,0,0.09762425151868617));
#10547=DIRECTION('',(-0.5588499908321746,0,-0.8292687668945927));
#10548=DIRECTION('',(-1,0,0));
#10549=FACE_SURFACE('',(#10554),#10550,.T.);
#10550=PLANE('',#10551);
#10551=AXIS2_PLACEMENT_3D('',#824,#10552,#10553);
#10552=DIRECTION('',(-0,1,0));
#10553=DIRECTION('',(1,0,0));
#10554=FACE_BOUND('',#10555,.T.);
#10555=EDGE_LOOP('',(#10556,#10557,#10558));
#10556=ORIENTED_EDGE('',*,*,#10559,.T.);
#10557=ORIENTED_EDGE('',*,*,#10560,.T.);
#10558=ORIENTED_EDGE('',*,*,#10561,.T.);
#10559=EDGE_CURVE('',#825,#827,#10562,.F.);
#10560=EDGE_CURVE('',#827,#829,#10563,.T.);
#10561=EDGE_CURVE('',#829,#825,#10564,.T.);
#10562=LINE('',#824,#10565);
#10563=LINE('',#826,#10566);
#10564=LINE('',#828,#10567);
#10565=VECTOR('',#10568,1.0);
#10566=VECTOR('',#10569,1.0);
#10567=VECTOR('',#10570,1.0);
#10568=DIRECTION('',(1,0,0));
#10569=DIRECTION('',(-0.9952233131197952,0,-0.09762457181907735));
#10570=DIRECTION('',(-0.7093350532289311,0,0.7048714650634605));
#10571=FACE_SURFACE('',(#10576),#10572,.T.);
#10572=PLANE('',#10573);
#10573=AXIS2_PLACEMENT_3D('',#828,#10574,#10575);
#10574=DIRECTION('',(0,1,0));
#10575=DIRECTION('',(0.9952233131197952,0,0.09762457181907735));
#10576=FACE_BOUND('',#10577,.T.);
#10577=EDGE_LOOP('',(#10578,#10579,#10580));
#10578=ORIENTED_EDGE('',*,*,#10581,.T.);
#10579=ORIENTED_EDGE('',*,*,#10582,.T.);
#10580=ORIENTED_EDGE('',*,*,#10583,.T.);
#10581=EDGE_CURVE('',#829,#827,#10584,.F.);
#10582=EDGE_CURVE('',#827,#831,#10585,.T.);
#10583=EDGE_CURVE('',#831,#829,#10586,.T.);
#10584=LINE('',#828,#10587);
#10585=LINE('',#826,#10588);
#10586=LINE('',#830,#10589);
#10587=VECTOR('',#10590,1.0);
#10588=VECTOR('',#10591,1.0);
#10589=VECTOR('',#10592,1.0);
#10590=DIRECTION('',(0.9952233131197952,0,0.09762457181907735));
#10591=DIRECTION('',(-0.7093338259395812,0,-0.7048727001224517));
#10592=DIRECTION('',(-1,0,0));
#10593=FACE_SURFACE('',(#10598),#10594,.T.);
#10594=PLANE('',#10595);
#10595=AXIS2_PLACEMENT_3D('',#828,#10596,#10597);
#10596=DIRECTION('',(-0,1,0));
#10597=DIRECTION('',(1,0,0));
#10598=FACE_BOUND('',#10599,.T.);
#10599=EDGE_LOOP('',(#10600,#10601,#10602));
#10600=ORIENTED_EDGE('',*,*,#10603,.T.);
#10601=ORIENTED_EDGE('',*,*,#10604,.T.);
#10602=ORIENTED_EDGE('',*,*,#10605,.T.);
#10603=EDGE_CURVE('',#829,#831,#10606,.F.);
#10604=EDGE_CURVE('',#831,#833,#10607,.T.);
#10605=EDGE_CURVE('',#833,#829,#10608,.T.);
#10606=LINE('',#828,#10609);
#10607=LINE('',#830,#10610);
#10608=LINE('',#832,#10611);
#10609=VECTOR('',#10612,1.0);
#10610=VECTOR('',#10613,1.0);
#10611=VECTOR('',#10614,1.0);
#10612=DIRECTION('',(1,0,0));
#10613=DIRECTION('',(-0.9952233490964562,0,-0.09762420505813774));
#10614=DIRECTION('',(-0.8327830172728968,0,0.5535995358938174));
#10615=FACE_SURFACE('',(#10620),#10616,.T.);
#10616=PLANE('',#10617);
#10617=AXIS2_PLACEMENT_3D('',#832,#10618,#10619);
#10618=DIRECTION('',(0,1,0));
#10619=DIRECTION('',(0.9952233490964562,0,0.09762420505813774));
#10620=FACE_BOUND('',#10621,.T.);
#10621=EDGE_LOOP('',(#10622,#10623,#10624));
#10622=ORIENTED_EDGE('',*,*,#10625,.T.);
#10623=ORIENTED_EDGE('',*,*,#10626,.T.);
#10624=ORIENTED_EDGE('',*,*,#10627,.T.);
#10625=EDGE_CURVE('',#833,#831,#10628,.F.);
#10626=EDGE_CURVE('',#831,#835,#10629,.T.);
#10627=EDGE_CURVE('',#835,#833,#10630,.T.);
#10628=LINE('',#832,#10631);
#10629=LINE('',#830,#10632);
#10630=LINE('',#834,#10633);
#10631=VECTOR('',#10634,1.0);
#10632=VECTOR('',#10635,1.0);
#10633=VECTOR('',#10636,1.0);
#10634=DIRECTION('',(0.9952233490964562,0,0.09762420505813774));
#10635=DIRECTION('',(-0.8327830172728968,0,-0.5535995358938174));
#10636=DIRECTION('',(-1,0,0));
#10637=FACE_SURFACE('',(#10642),#10638,.T.);
#10638=PLANE('',#10639);
#10639=AXIS2_PLACEMENT_3D('',#832,#10640,#10641);
#10640=DIRECTION('',(-0,1,0));
#10641=DIRECTION('',(1,0,0));
#10642=FACE_BOUND('',#10643,.T.);
#10643=EDGE_LOOP('',(#10644,#10645,#10646));
#10644=ORIENTED_EDGE('',*,*,#10647,.T.);
#10645=ORIENTED_EDGE('',*,*,#10648,.T.);
#10646=ORIENTED_EDGE('',*,*,#10649,.T.);
#10647=EDGE_CURVE('',#833,#835,#10650,.F.);
#10648=EDGE_CURVE('',#835,#837,#10651,.T.);
#10649=EDGE_CURVE('',#837,#833,#10652,.T.);
#10650=LINE('',#832,#10653);
#10651=LINE('',#834,#10654);
#10652=LINE('',#836,#10655);
#10653=VECTOR('',#10656,1.0);
#10654=VECTOR('',#10657,1.0);
#10655=VECTOR('',#10658,1.0);
#10656=DIRECTION('',(1,0,0));
#10657=DIRECTION('',(-0.995223306140024,0,-0.0976246429735859));
#10658=DIRECTION('',(-0.9244819923952818,0,0.3812257149469983));
#10659=FACE_SURFACE('',(#10664),#10660,.T.);
#10660=PLANE('',#10661);
#10661=AXIS2_PLACEMENT_3D('',#836,#10662,#10663);
#10662=DIRECTION('',(0,1,0));
#10663=DIRECTION('',(0.995223306140024,0,0.0976246429735859));
#10664=FACE_BOUND('',#10665,.T.);
#10665=EDGE_LOOP('',(#10666,#10667,#10668));
#10666=ORIENTED_EDGE('',*,*,#10669,.T.);
#10667=ORIENTED_EDGE('',*,*,#10670,.T.);
#10668=ORIENTED_EDGE('',*,*,#10671,.T.);
#10669=EDGE_CURVE('',#837,#835,#10672,.F.);
#10670=EDGE_CURVE('',#835,#839,#10673,.T.);
#10671=EDGE_CURVE('',#839,#837,#10674,.T.);
#10672=LINE('',#836,#10675);
#10673=LINE('',#834,#10676);
#10674=LINE('',#838,#10677);
#10675=VECTOR('',#10678,1.0);
#10676=VECTOR('',#10679,1.0);
#10677=VECTOR('',#10680,1.0);
#10678=DIRECTION('',(0.995223306140024,0,0.0976246429735859));
#10679=DIRECTION('',(-0.924482351390853,0,-0.38122484437250337));
#10680=DIRECTION('',(-1,0,0));
#10681=FACE_SURFACE('',(#10686),#10682,.T.);
#10682=PLANE('',#10683);
#10683=AXIS2_PLACEMENT_3D('',#836,#10684,#10685);
#10684=DIRECTION('',(-0,1,0));
#10685=DIRECTION('',(1,0,0));
#10686=FACE_BOUND('',#10687,.T.);
#10687=EDGE_LOOP('',(#10688,#10689,#10690));
#10688=ORIENTED_EDGE('',*,*,#10691,.T.);
#10689=ORIENTED_EDGE('',*,*,#10692,.T.);
#10690=ORIENTED_EDGE('',*,*,#10693,.T.);
#10691=EDGE_CURVE('',#837,#839,#10694,.F.);
#10692=EDGE_CURVE('',#839,#841,#10695,.T.);
#10693=EDGE_CURVE('',#841,#837,#10696,.T.);
#10694=LINE('',#836,#10697);
#10695=LINE('',#838,#10698);
#10696=LINE('',#840,#10699);
#10697=VECTOR('',#10700,1.0);
#10698=VECTOR('',#10701,1.0);
#10699=VECTOR('',#10702,1.0);
#10700=DIRECTION('',(1,0,0));
#10701=DIRECTION('',(-0.9952232283239667,0,-0.09762543625726598));
#10702=DIRECTION('',(-0.9809386259612991,0,0.19431781209440982));
#10703=FACE_SURFACE('',(#10708),#10704,.T.);
#10704=PLANE('',#10705);
#10705=AXIS2_PLACEMENT_3D('',#840,#10706,#10707);
#10706=DIRECTION('',(0,1,0));
#10707=DIRECTION('',(0.9952232283239667,0,0.09762543625726598));
#10708=FACE_BOUND('',#10709,.T.);
#10709=EDGE_LOOP('',(#10710,#10711,#10712));
#10710=ORIENTED_EDGE('',*,*,#10713,.T.);
#10711=ORIENTED_EDGE('',*,*,#10714,.T.);
#10712=ORIENTED_EDGE('',*,*,#10715,.T.);
#10713=EDGE_CURVE('',#841,#839,#10716,.F.);
#10714=EDGE_CURVE('',#839,#843,#10717,.T.);
#10715=EDGE_CURVE('',#843,#841,#10718,.T.);
#10716=LINE('',#840,#10719);
#10717=LINE('',#838,#10720);
#10718=LINE('',#842,#10721);
#10719=VECTOR('',#10722,1.0);
#10720=VECTOR('',#10723,1.0);
#10721=VECTOR('',#10724,1.0);
#10722=DIRECTION('',(0.9952232283239667,0,0.09762543625726598));
#10723=DIRECTION('',(-0.9809385326890722,0,-0.19431828294272815));
#10724=DIRECTION('',(-1,0,0));
#10725=FACE_SURFACE('',(#10730),#10726,.T.);
#10726=PLANE('',#10727);
#10727=AXIS2_PLACEMENT_3D('',#418,#10728,#10729);
#10728=DIRECTION('',(-0.9711553138534109,0.0005320889048689696,0.23844721272365518));
#10729=DIRECTION('',(-0.0019568632131112644,0.999946050338035,-0.010201328331603376));
#10730=FACE_BOUND('',#10731,.T.);
#10731=EDGE_LOOP('',(#10732,#10733,#10734));
#10732=ORIENTED_EDGE('',*,*,#10735,.T.);
#10733=ORIENTED_EDGE('',*,*,#10736,.T.);
#10734=ORIENTED_EDGE('',*,*,#10737,.T.);
#10735=EDGE_CURVE('',#419,#803,#10738,.F.);
#10736=EDGE_CURVE('',#803,#421,#10739,.T.);
#10737=EDGE_CURVE('',#421,#419,#10740,.T.);
#10738=LINE('',#418,#10741);
#10739=LINE('',#802,#10742);
#10740=LINE('',#420,#10743);
#10741=VECTOR('',#10744,1.0);
#10742=VECTOR('',#10745,1.0);
#10743=VECTOR('',#10746,1.0);
#10744=DIRECTION('',(-0.0019568632131112644,0.999946050338035,-0.010201328331603376));
#10745=DIRECTION('',(-0.01800010048561945,-0.9973077709217539,-0.07108590888207128));
#10746=DIRECTION('',(0.18517957858453044,0.6316701803760981,0.7527956607864337));
#10747=FACE_SURFACE('',(#10752),#10748,.T.);
#10748=PLANE('',#10749);
#10749=AXIS2_PLACEMENT_3D('',#420,#10750,#10751);
#10750=DIRECTION('',(-0.9560823492792034,-0.003633753562748452,0.2930756510387797));
#10751=DIRECTION('',(0.01800010048561945,0.9973077709217539,0.07108590888207128));
#10752=FACE_BOUND('',#10753,.T.);
#10753=EDGE_LOOP('',(#10754,#10755,#10756));
#10754=ORIENTED_EDGE('',*,*,#10757,.T.);
#10755=ORIENTED_EDGE('',*,*,#10758,.T.);
#10756=ORIENTED_EDGE('',*,*,#10759,.T.);
#10757=EDGE_CURVE('',#421,#803,#10760,.F.);
#10758=EDGE_CURVE('',#803,#801,#10761,.T.);
#10759=EDGE_CURVE('',#801,#421,#10762,.T.);
#10760=LINE('',#420,#10763);
#10761=LINE('',#802,#10764);
#10762=LINE('',#800,#10765);
#10763=VECTOR('',#10766,1.0);
#10764=VECTOR('',#10767,1.0);
#10765=VECTOR('',#10768,1.0);
#10766=DIRECTION('',(0.01800010048561945,0.9973077709217539,0.07108590888207128));
#10767=DIRECTION('',(-0.22634788651739782,-0.6261044589730417,-0.7461634142218325));
#10768=DIRECTION('',(0.025239540434607584,-0.9972295322495477,0.06997303486342428));
#10769=FACE_SURFACE('',(#10774),#10770,.T.);
#10770=PLANE('',#10771);
#10771=AXIS2_PLACEMENT_3D('',#420,#10772,#10773);
#10772=DIRECTION('',(-0.9220518692842006,0.0038213078392078455,0.38704747506721904));
#10773=DIRECTION('',(-0.025239540434607584,0.9972295322495477,-0.06997303486342428));
#10774=FACE_BOUND('',#10775,.T.);
#10775=EDGE_LOOP('',(#10776,#10777,#10778));
#10776=ORIENTED_EDGE('',*,*,#10779,.T.);
#10777=ORIENTED_EDGE('',*,*,#10780,.T.);
#10778=ORIENTED_EDGE('',*,*,#10781,.T.);
#10779=EDGE_CURVE('',#421,#801,#10782,.F.);
#10780=EDGE_CURVE('',#801,#823,#10783,.T.);
#10781=EDGE_CURVE('',#823,#421,#10784,.T.);
#10782=LINE('',#420,#10785);
#10783=LINE('',#800,#10786);
#10784=LINE('',#822,#10787);
#10785=VECTOR('',#10788,1.0);
#10786=VECTOR('',#10789,1.0);
#10787=VECTOR('',#10790,1.0);
#10788=DIRECTION('',(-0.025239540434607584,0.9972295322495477,-0.06997303486342428));
#10789=DIRECTION('',(-0.03517709757369165,-0.9966404859029037,-0.07396156884162801));
#10790=DIRECTION('',(0.38705030100795496,0,0.9220586014400882));
#10791=FACE_SURFACE('',(#10796),#10792,.T.);
#10792=PLANE('',#10793);
#10793=AXIS2_PLACEMENT_3D('',#822,#10794,#10795);
#10794=DIRECTION('',(-0.8804770150127597,-0.0041042025046349444,0.4740710722623999));
#10795=DIRECTION('',(0.03517709757369165,0.9966404859029037,0.07396156884162801));
#10796=FACE_BOUND('',#10797,.T.);
#10797=EDGE_LOOP('',(#10798,#10799,#10800));
#10798=ORIENTED_EDGE('',*,*,#10801,.T.);
#10799=ORIENTED_EDGE('',*,*,#10802,.T.);
#10800=ORIENTED_EDGE('',*,*,#10803,.T.);
#10801=EDGE_CURVE('',#823,#801,#10804,.F.);
#10802=EDGE_CURVE('',#801,#799,#10805,.T.);
#10803=EDGE_CURVE('',#799,#823,#10806,.T.);
#10804=LINE('',#822,#10807);
#10805=LINE('',#800,#10808);
#10806=LINE('',#798,#10809);
#10807=VECTOR('',#10810,1.0);
#10808=VECTOR('',#10811,1.0);
#10809=VECTOR('',#10812,1.0);
#10810=DIRECTION('',(0.03517709757369165,0.9966404859029037,0.07396156884162801));
#10811=DIRECTION('',(-0.3789261120358129,-0.5948541125813036,-0.70891719288118));
#10812=DIRECTION('',(0.04376570481522056,-0.9963961600457172,0.07265848421331456));
#10813=FACE_SURFACE('',(#10818),#10814,.T.);
#10814=PLANE('',#10815);
#10815=AXIS2_PLACEMENT_3D('',#822,#10816,#10817);
#10816=DIRECTION('',(-0.829261002915212,0.00432721539616471,0.5588447586324596));
#10817=DIRECTION('',(-0.04376570481522056,0.9963961600457172,-0.07265848421331456));
#10818=FACE_BOUND('',#10819,.T.);
#10819=EDGE_LOOP('',(#10820,#10821,#10822));
#10820=ORIENTED_EDGE('',*,*,#10823,.T.);
#10821=ORIENTED_EDGE('',*,*,#10824,.T.);
#10822=ORIENTED_EDGE('',*,*,#10825,.T.);
#10823=EDGE_CURVE('',#823,#799,#10826,.F.);
#10824=EDGE_CURVE('',#799,#827,#10827,.T.);
#10825=EDGE_CURVE('',#827,#823,#10828,.T.);
#10826=LINE('',#822,#10829);
#10827=LINE('',#798,#10830);
#10828=LINE('',#826,#10831);
#10829=VECTOR('',#10832,1.0);
#10830=VECTOR('',#10833,1.0);
#10831=VECTOR('',#10834,1.0);
#10832=DIRECTION('',(-0.04376570481522056,0.9963961600457172,-0.07265848421331456));
#10833=DIRECTION('',(-0.05486992692235681,-0.9957690952797695,-0.07371024355708392));
#10834=DIRECTION('',(0.5588499908321746,0,0.8292687668945927));
#10835=FACE_SURFACE('',(#10840),#10836,.T.);
#10836=PLANE('',#10837);
#10837=AXIS2_PLACEMENT_3D('',#826,#10838,#10839);
#10838=DIRECTION('',(-0.7710905005153792,-0.004641909016021134,0.6367086403494372));
#10839=DIRECTION('',(0.05486992692235681,0.9957690952797695,0.07371024355708392));
#10840=FACE_BOUND('',#10841,.T.);
#10841=EDGE_LOOP('',(#10842,#10843,#10844));
#10842=ORIENTED_EDGE('',*,*,#10845,.T.);
#10843=ORIENTED_EDGE('',*,*,#10846,.T.);
#10844=ORIENTED_EDGE('',*,*,#10847,.T.);
#10845=EDGE_CURVE('',#827,#799,#10848,.F.);
#10846=EDGE_CURVE('',#799,#797,#10849,.T.);
#10847=EDGE_CURVE('',#797,#827,#10850,.T.);
#10848=LINE('',#826,#10851);
#10849=LINE('',#798,#10852);
#10850=LINE('',#796,#10853);
#10851=VECTOR('',#10854,1.0);
#10852=VECTOR('',#10855,1.0);
#10853=VECTOR('',#10856,1.0);
#10854=DIRECTION('',(0.05486992692235681,0.9957690952797695,0.07371024355708392));
#10855=DIRECTION('',(-0.5322324990133458,-0.5441835494887592,-0.6485312879575078));
#10856=DIRECTION('',(0.06499160332913469,-0.9953244101613162,0.07145215205811827));
#10857=FACE_SURFACE('',(#10862),#10858,.T.);
#10858=PLANE('',#10859);
#10859=AXIS2_PLACEMENT_3D('',#826,#10860,#10861);
#10860=DIRECTION('',(-0.7048642537753096,0.004895452206059168,0.7093253261356697));
#10861=DIRECTION('',(-0.06499160332913469,0.9953244101613162,-0.07145215205811827));
#10862=FACE_BOUND('',#10863,.T.);
#10863=EDGE_LOOP('',(#10864,#10865,#10866));
#10864=ORIENTED_EDGE('',*,*,#10867,.T.);
#10865=ORIENTED_EDGE('',*,*,#10868,.T.);
#10866=ORIENTED_EDGE('',*,*,#10869,.T.);
#10867=EDGE_CURVE('',#827,#797,#10870,.F.);
#10868=EDGE_CURVE('',#797,#831,#10871,.T.);
#10869=EDGE_CURVE('',#831,#827,#10872,.T.);
#10870=LINE('',#826,#10873);
#10871=LINE('',#796,#10874);
#10872=LINE('',#830,#10875);
#10873=VECTOR('',#10876,1.0);
#10874=VECTOR('',#10877,1.0);
#10875=VECTOR('',#10878,1.0);
#10876=DIRECTION('',(-0.06499160332913469,0.9953244101613162,-0.07145215205811827));
#10877=DIRECTION('',(-0.07638417655842254,-0.9946854215169658,-0.0690389005786428));
#10878=DIRECTION('',(0.7093338259395812,0,0.7048727001224517));
#10879=FACE_SURFACE('',(#10884),#10880,.T.);
#10880=PLANE('',#10881);
#10881=AXIS2_PLACEMENT_3D('',#830,#10882,#10883);
#10882=DIRECTION('',(-0.6716264811998814,0.0001522204390925858,0.7408899017937843));
#10883=DIRECTION('',(0.07638417655842254,0.9946854215169658,0.0690389005786428));
#10884=FACE_BOUND('',#10885,.T.);
#10885=EDGE_LOOP('',(#10886,#10887,#10888));
#10886=ORIENTED_EDGE('',*,*,#10889,.T.);
#10887=ORIENTED_EDGE('',*,*,#10890,.T.);
#10888=ORIENTED_EDGE('',*,*,#10891,.T.);
#10889=EDGE_CURVE('',#831,#797,#10892,.F.);
#10890=EDGE_CURVE('',#797,#795,#10893,.T.);
#10891=EDGE_CURVE('',#795,#831,#10894,.T.);
#10892=LINE('',#830,#10895);
#10893=LINE('',#796,#10896);
#10894=LINE('',#794,#10897);
#10895=VECTOR('',#10898,1.0);
#10896=VECTOR('',#10899,1.0);
#10897=VECTOR('',#10900,1.0);
#10898=DIRECTION('',(0.07638417655842254,0.9946854215169658,0.0690389005786428));
#10899=DIRECTION('',(-0.6455156304639245,-0.4909231060314972,-0.5850675813879535));
#10900=DIRECTION('',(-0.0023248804270839273,-0.9999954885020746,-0.0019020795190898736));
#10901=FACE_SURFACE('',(#10906),#10902,.T.);
#10902=PLANE('',#10903);
#10903=AXIS2_PLACEMENT_3D('',#830,#10904,#10905);
#10904=DIRECTION('',(-0.5956389575579971,-0.0001430609857884409,0.8032522715640316));
#10905=DIRECTION('',(0.0023248804270839273,0.9999954885020746,0.0019020795190898736));
#10906=FACE_BOUND('',#10907,.T.);
#10907=EDGE_LOOP('',(#10908,#10909,#10910));
#10908=ORIENTED_EDGE('',*,*,#10911,.T.);
#10909=ORIENTED_EDGE('',*,*,#10912,.T.);
#10910=ORIENTED_EDGE('',*,*,#10913,.T.);
#10911=EDGE_CURVE('',#831,#795,#10914,.F.);
#10912=EDGE_CURVE('',#795,#793,#10915,.T.);
#10913=EDGE_CURVE('',#793,#831,#10916,.T.);
#10914=LINE('',#830,#10917);
#10915=LINE('',#794,#10918);
#10916=LINE('',#792,#10919);
#10917=VECTOR('',#10920,1.0);
#10918=VECTOR('',#10921,1.0);
#10919=VECTOR('',#10922,1.0);
#10920=DIRECTION('',(0.0023248804270839273,0.9999954885020746,0.0019020795190898736));
#10921=DIRECTION('',(-0.718455040765547,-0.4471078556859788,-0.5328385494523291));
#10922=DIRECTION('',(0.08758408739084035,-0.9940492611356053,0.06476954586586692));
#10923=FACE_SURFACE('',(#10928),#10924,.T.);
#10924=PLANE('',#10925);
#10925=AXIS2_PLACEMENT_3D('',#418,#10926,#10927);
#10926=DIRECTION('',(-0.9922150628003031,-0.0006712489931029874,0.12453440720130272));
#10927=DIRECTION('',(0.09527687887978695,0.6398657380824581,0.7625576395126585));
#10928=FACE_BOUND('',#10929,.T.);
#10929=EDGE_LOOP('',(#10930,#10931,#10932));
#10930=ORIENTED_EDGE('',*,*,#10933,.T.);
#10931=ORIENTED_EDGE('',*,*,#10934,.T.);
#10932=ORIENTED_EDGE('',*,*,#10935,.T.);
#10933=EDGE_CURVE('',#419,#417,#10936,.F.);
#10934=EDGE_CURVE('',#417,#803,#10937,.T.);
#10935=EDGE_CURVE('',#803,#419,#10938,.T.);
#10936=LINE('',#418,#10939);
#10937=LINE('',#416,#10940);
#10938=LINE('',#802,#10941);
#10939=VECTOR('',#10942,1.0);
#10940=VECTOR('',#10943,1.0);
#10941=VECTOR('',#10944,1.0);
#10942=DIRECTION('',(0.09527687887978695,0.6398657380824581,0.7625576395126585));
#10943=DIRECTION('',(-0.01398620426793373,0.9942598169984876,-0.10607451339652381));
#10944=DIRECTION('',(0.0019568632131112644,-0.999946050338035,0.010201328331603376));
#10945=FACE_SURFACE('',(#10950),#10946,.T.);
#10946=PLANE('',#10947);
#10947=AXIS2_PLACEMENT_3D('',#802,#10948,#10949);
#10948=DIRECTION('',(-0.9949097754255487,-0.0032501286143546484,0.10071730450460976));
#10949=DIRECTION('',(0.01398620426793373,-0.9942598169984876,0.10607451339652381));
#10950=FACE_BOUND('',#10951,.T.);
#10951=EDGE_LOOP('',(#10952,#10953,#10954));
#10952=ORIENTED_EDGE('',*,*,#10955,.T.);
#10953=ORIENTED_EDGE('',*,*,#10956,.T.);
#10954=ORIENTED_EDGE('',*,*,#10957,.T.);
#10955=EDGE_CURVE('',#803,#417,#10958,.F.);
#10956=EDGE_CURVE('',#417,#805,#10959,.T.);
#10957=EDGE_CURVE('',#805,#803,#10960,.T.);
#10958=LINE('',#802,#10961);
#10959=LINE('',#416,#10962);
#10960=LINE('',#804,#10963);
#10961=VECTOR('',#10964,1.0);
#10962=VECTOR('',#10965,1.0);
#10963=VECTOR('',#10966,1.0);
#10964=DIRECTION('',(0.01398620426793373,-0.9942598169984876,0.10607451339652381));
#10965=DIRECTION('',(0.0015738717863689874,0.9988566435487313,0.04778000173883421));
#10966=DIRECTION('',(-0.07523514955261595,-0.6409641947929392,-0.7638747104501069));
#10967=FACE_SURFACE('',(#10972),#10968,.T.);
#10968=PLANE('',#10969);
#10969=AXIS2_PLACEMENT_3D('',#804,#10970,#10971);
#10970=DIRECTION('',(-0.9999791598022745,0.001272881529118076,0.006329275926206474));
#10971=DIRECTION('',(-0.0015738717863689874,-0.9988566435487313,-0.04778000173883421));
#10972=FACE_BOUND('',#10973,.T.);
#10973=EDGE_LOOP('',(#10974,#10975,#10976));
#10974=ORIENTED_EDGE('',*,*,#10977,.T.);
#10975=ORIENTED_EDGE('',*,*,#10978,.T.);
#10976=ORIENTED_EDGE('',*,*,#10979,.T.);
#10977=EDGE_CURVE('',#805,#417,#10980,.F.);
#10978=EDGE_CURVE('',#417,#415,#10981,.T.);
#10979=EDGE_CURVE('',#415,#805,#10982,.T.);
#10980=LINE('',#804,#10983);
#10981=LINE('',#416,#10984);
#10982=LINE('',#414,#10985);
#10983=VECTOR('',#10986,1.0);
#10984=VECTOR('',#10987,1.0);
#10985=VECTOR('',#10988,1.0);
#10986=DIRECTION('',(-0.0015738717863689874,-0.9988566435487313,-0.04778000173883421));
#10987=DIRECTION('',(0.005666732615885435,0.6427757097659424,0.7660334686398167));
#10988=DIRECTION('',(0.0010192526259535416,0.9992025461701652,-0.039915321007641766));
#10989=FACE_SURFACE('',(#10994),#10990,.T.);
#10990=PLANE('',#10991);
#10991=AXIS2_PLACEMENT_3D('',#804,#10992,#10993);
#10992=DIRECTION('',(-0.9954078123367055,-0.002806919867029088,-0.09568389801797536));
#10993=DIRECTION('',(-0.0010192526259535416,-0.9992025461701652,0.039915321007641766));
#10994=FACE_BOUND('',#10995,.T.);
#10995=EDGE_LOOP('',(#10996,#10997,#10998));
#10996=ORIENTED_EDGE('',*,*,#10999,.T.);
#10997=ORIENTED_EDGE('',*,*,#11000,.T.);
#10998=ORIENTED_EDGE('',*,*,#11001,.T.);
#10999=EDGE_CURVE('',#805,#415,#11002,.F.);
#11000=EDGE_CURVE('',#415,#807,#11003,.T.);
#11001=EDGE_CURVE('',#807,#805,#11004,.T.);
#11002=LINE('',#804,#11005);
#11003=LINE('',#414,#11006);
#11004=LINE('',#806,#11007);
#11005=VECTOR('',#11008,1.0);
#11006=VECTOR('',#11009,1.0);
#11007=VECTOR('',#11010,1.0);
#11008=DIRECTION('',(-0.0010192526259535416,-0.9992025461701652,0.039915321007641766));
#11009=DIRECTION('',(-0.012365376962274653,0.9949656834926122,0.0994504204348078));
#11010=DIRECTION('',(0.0752349674208429,-0.6409664199811159,-0.7638728612365913));
#11011=FACE_SURFACE('',(#11016),#11012,.T.);
#11012=PLANE('',#11013);
#11013=AXIS2_PLACEMENT_3D('',#806,#11014,#11015);
#11014=DIRECTION('',(-0.994149830523405,-0.001560395028701708,-0.10799851683073936));
#11015=DIRECTION('',(0.012365376962274653,-0.9949656834926122,-0.0994504204348078));
#11016=FACE_BOUND('',#11017,.T.);
#11017=EDGE_LOOP('',(#11018,#11019,#11020));
#11018=ORIENTED_EDGE('',*,*,#11021,.T.);
#11019=ORIENTED_EDGE('',*,*,#11022,.T.);
#11020=ORIENTED_EDGE('',*,*,#11023,.T.);
#11021=EDGE_CURVE('',#807,#415,#11024,.F.);
#11022=EDGE_CURVE('',#415,#413,#11025,.T.);
#11023=EDGE_CURVE('',#413,#807,#11026,.T.);
#11024=LINE('',#806,#11027);
#11025=LINE('',#414,#11028);
#11026=LINE('',#412,#11029);
#11027=VECTOR('',#11030,1.0);
#11028=VECTOR('',#11031,1.0);
#11029=VECTOR('',#11032,1.0);
#11030=DIRECTION('',(0.012365376962274653,-0.9949656834926122,-0.0994504204348078));
#11031=DIRECTION('',(-0.08393014517281264,0.6405205300176569,0.7633408028902756));
#11032=DIRECTION('',(-0.0038258471916704025,0.999776904483059,0.02077267810221343));
#11033=FACE_SURFACE('',(#11038),#11034,.T.);
#11034=PLANE('',#11035);
#11035=AXIS2_PLACEMENT_3D('',#806,#11036,#11037);
#11036=DIRECTION('',(-0.9743036862382252,0.0009514378219181832,-0.2252363686190061));
#11037=DIRECTION('',(0.0038258471916704025,-0.999776904483059,-0.02077267810221343));
#11038=FACE_BOUND('',#11039,.T.);
#11039=EDGE_LOOP('',(#11040,#11041,#11042));
#11040=ORIENTED_EDGE('',*,*,#11043,.T.);
#11041=ORIENTED_EDGE('',*,*,#11044,.T.);
#11042=ORIENTED_EDGE('',*,*,#11045,.T.);
#11043=EDGE_CURVE('',#807,#413,#11046,.F.);
#11044=EDGE_CURVE('',#413,#411,#11047,.T.);
#11045=EDGE_CURVE('',#411,#807,#11048,.T.);
#11046=LINE('',#806,#11049);
#11047=LINE('',#412,#11050);
#11048=LINE('',#410,#11051);
#11049=VECTOR('',#11052,1.0);
#11050=VECTOR('',#11053,1.0);
#11051=VECTOR('',#11054,1.0);
#11052=DIRECTION('',(0.0038258471916704025,-0.999776904483059,-0.02077267810221343));
#11053=DIRECTION('',(-0.1737792155924922,0.6330062916775142,0.7543896996411998));
#11054=DIRECTION('',(0.0168494655022416,0.9974969909736389,-0.06867203587214428));
#11055=FACE_SURFACE('',(#11060),#11056,.T.);
#11056=PLANE('',#11057);
#11057=AXIS2_PLACEMENT_3D('',#806,#11058,#11059);
#11058=DIRECTION('',(-0.9577716239160378,-0.003614819841936403,-0.2875073033833162));
#11059=DIRECTION('',(-0.0168494655022416,-0.9974969909736389,0.06867203587214428));
#11060=FACE_BOUND('',#11061,.T.);
#11061=EDGE_LOOP('',(#11062,#11063,#11064));
#11062=ORIENTED_EDGE('',*,*,#11065,.T.);
#11063=ORIENTED_EDGE('',*,*,#11066,.T.);
#11064=ORIENTED_EDGE('',*,*,#11067,.T.);
#11065=EDGE_CURVE('',#807,#411,#11068,.F.);
#11066=EDGE_CURVE('',#411,#655,#11069,.T.);
#11067=EDGE_CURVE('',#655,#807,#11070,.T.);
#11068=LINE('',#806,#11071);
#11069=LINE('',#410,#11072);
#11070=LINE('',#654,#11073);
#11071=VECTOR('',#11074,1.0);
#11072=VECTOR('',#11075,1.0);
#11073=VECTOR('',#11076,1.0);
#11074=DIRECTION('',(-0.0168494655022416,-0.9974969909736389,0.06867203587214428));
#11075=DIRECTION('',(-0.02540901026496373,0.9970730724264504,0.07210874038168523));
#11076=DIRECTION('',(0.22634853451348177,-0.6261062514052301,-0.7461617136217121));
#11077=FACE_SURFACE('',(#11082),#11078,.T.);
#11078=PLANE('',#11079);
#11079=AXIS2_PLACEMENT_3D('',#654,#11080,#11081);
#11080=DIRECTION('',(-0.9415457552119192,0.00036968403341537627,-0.3368849272023496));
#11081=DIRECTION('',(0.02540901026496373,-0.9970730724264504,-0.07210874038168523));
#11082=FACE_BOUND('',#11083,.T.);
#11083=EDGE_LOOP('',(#11084,#11085,#11086));
#11084=ORIENTED_EDGE('',*,*,#11087,.T.);
#11085=ORIENTED_EDGE('',*,*,#11088,.T.);
#11086=ORIENTED_EDGE('',*,*,#11089,.T.);
#11087=EDGE_CURVE('',#655,#411,#11090,.F.);
#11088=EDGE_CURVE('',#411,#409,#11091,.T.);
#11089=EDGE_CURVE('',#409,#655,#11092,.T.);
#11090=LINE('',#654,#11093);
#11091=LINE('',#410,#11094);
#11092=LINE('',#408,#11095);
#11093=VECTOR('',#11096,1.0);
#11094=VECTOR('',#11097,1.0);
#11095=VECTOR('',#11098,1.0);
#11096=DIRECTION('',(0.02540901026496373,-0.9970730724264504,-0.07210874038168523));
#11097=DIRECTION('',(-0.2641147671102135,0.6199623218454573,0.7388437651400378));
#11098=DIRECTION('',(0.0026704300515786195,0.9999761702438568,-0.0063661407280207576));
#11099=FACE_SURFACE('',(#11104),#11100,.T.);
#11100=PLANE('',#11101);
#11101=AXIS2_PLACEMENT_3D('',#654,#11102,#11103);
#11102=DIRECTION('',(-0.8960985939075105,-0.000432684097841606,-0.4438548442694457));
#11103=DIRECTION('',(-0.0026704300515786195,-0.9999761702438568,0.0063661407280207576));
#11104=FACE_BOUND('',#11105,.T.);
#11105=EDGE_LOOP('',(#11106,#11107,#11108));
#11106=ORIENTED_EDGE('',*,*,#11109,.T.);
#11107=ORIENTED_EDGE('',*,*,#11110,.T.);
#11108=ORIENTED_EDGE('',*,*,#11111,.T.);
#11109=EDGE_CURVE('',#655,#409,#11112,.F.);
#11110=EDGE_CURVE('',#409,#407,#11113,.T.);
#11111=EDGE_CURVE('',#407,#655,#11114,.T.);
#11112=LINE('',#654,#11115);
#11113=LINE('',#408,#11116);
#11114=LINE('',#406,#11117);
#11115=VECTOR('',#11118,1.0);
#11116=VECTOR('',#11119,1.0);
#11117=VECTOR('',#11120,1.0);
#11118=DIRECTION('',(-0.0026704300515786195,-0.9999761702438568,0.0063661407280207576));
#11119=DIRECTION('',(-0.35501066928625846,0.600918760449021,0.7161452841660937));
#11120=DIRECTION('',(0.04496894140133116,0.9947654748362479,-0.09175753038883568));
#11121=FACE_SURFACE('',(#11126),#11122,.T.);
#11122=PLANE('',#11123);
#11123=AXIS2_PLACEMENT_3D('',#654,#11124,#11125);
#11124=DIRECTION('',(-0.8830853393984919,-0.0033588376514182097,-0.46920038528232483));
#11125=DIRECTION('',(-0.04496894140133116,-0.9947654748362479,0.09175753038883568));
#11126=FACE_BOUND('',#11127,.T.);
#11127=EDGE_LOOP('',(#11128,#11129,#11130));
#11128=ORIENTED_EDGE('',*,*,#11131,.T.);
#11129=ORIENTED_EDGE('',*,*,#11132,.T.);
#11130=ORIENTED_EDGE('',*,*,#11133,.T.);
#11131=EDGE_CURVE('',#655,#407,#11134,.F.);
#11132=EDGE_CURVE('',#407,#657,#11135,.T.);
#11133=EDGE_CURVE('',#657,#655,#11136,.T.);
#11134=LINE('',#654,#11137);
#11135=LINE('',#406,#11138);
#11136=LINE('',#656,#11139);
#11137=VECTOR('',#11140,1.0);
#11138=VECTOR('',#11141,1.0);
#11139=VECTOR('',#11142,1.0);
#11140=DIRECTION('',(-0.04496894140133116,-0.9947654748362479,0.09175753038883568));
#11141=DIRECTION('',(-0.026968188174292588,0.9986846736923214,0.043607790114353645));
#11142=DIRECTION('',(0.37892504953471867,-0.5948524446224973,-0.7089191603855477));
#11143=FACE_SURFACE('',(#11148),#11144,.T.);
#11144=PLANE('',#11145);
#11145=AXIS2_PLACEMENT_3D('',#656,#11146,#11147);
#11146=DIRECTION('',(-0.8375643127732927,0.001238601174532716,-0.5463373388628425));
#11147=DIRECTION('',(0.026968188174292588,-0.9986846736923214,-0.043607790114353645));
#11148=FACE_BOUND('',#11149,.T.);
#11149=EDGE_LOOP('',(#11150,#11151,#11152));
#11150=ORIENTED_EDGE('',*,*,#11153,.T.);
#11151=ORIENTED_EDGE('',*,*,#11154,.T.);
#11152=ORIENTED_EDGE('',*,*,#11155,.T.);
#11153=EDGE_CURVE('',#657,#407,#11156,.F.);
#11154=EDGE_CURVE('',#407,#405,#11157,.T.);
#11155=EDGE_CURVE('',#405,#657,#11158,.T.);
#11156=LINE('',#656,#11159);
#11157=LINE('',#406,#11160);
#11158=LINE('',#404,#11161);
#11159=VECTOR('',#11162,1.0);
#11160=VECTOR('',#11163,1.0);
#11161=VECTOR('',#11164,1.0);
#11162=DIRECTION('',(0.026968188174292588,-0.9986846736923214,-0.043607790114353645));
#11163=DIRECTION('',(-0.4463082185930642,0.5752160412587081,0.685518402302189));
#11164=DIRECTION('',(0.020738090880706814,0.9993488325897834,-0.029526977292989916));
#11165=FACE_SURFACE('',(#11170),#11166,.T.);
#11166=PLANE('',#11167);
#11167=AXIS2_PLACEMENT_3D('',#656,#11168,#11169);
#11168=DIRECTION('',(-0.7740952942829633,-0.002640915173998182,-0.6330635836438678));
#11169=DIRECTION('',(-0.020738090880706814,-0.9993488325897834,0.029526977292989916));
#11170=FACE_BOUND('',#11171,.T.);
#11171=EDGE_LOOP('',(#11172,#11173,#11174));
#11172=ORIENTED_EDGE('',*,*,#11175,.T.);
#11173=ORIENTED_EDGE('',*,*,#11176,.T.);
#11174=ORIENTED_EDGE('',*,*,#11177,.T.);
#11175=EDGE_CURVE('',#657,#405,#11178,.F.);
#11176=EDGE_CURVE('',#405,#659,#11179,.T.);
#11177=EDGE_CURVE('',#659,#657,#11180,.T.);
#11178=LINE('',#656,#11181);
#11179=LINE('',#404,#11182);
#11180=LINE('',#658,#11183);
#11181=VECTOR('',#11184,1.0);
#11182=VECTOR('',#11185,1.0);
#11183=VECTOR('',#11186,1.0);
#11184=DIRECTION('',(-0.020738090880706814,-0.9993488325897834,0.029526977292989916));
#11185=DIRECTION('',(-0.06858340559835244,0.9944556541485655,0.07971366513014248));
#11186=DIRECTION('',(0.5322336946635093,-0.5441806438080345,-0.6485327448706838));
#11187=FACE_SURFACE('',(#11192),#11188,.T.);
#11188=PLANE('',#11189);
#11189=AXIS2_PLACEMENT_3D('',#658,#11190,#11191);
#11190=DIRECTION('',(-0.7694458399241348,-0.001867709527745887,-0.6387093322353782));
#11191=DIRECTION('',(0.06858340559835244,-0.9944556541485655,-0.07971366513014248));
#11192=FACE_BOUND('',#11193,.T.);
#11193=EDGE_LOOP('',(#11194,#11195,#11196));
#11194=ORIENTED_EDGE('',*,*,#11197,.T.);
#11195=ORIENTED_EDGE('',*,*,#11198,.T.);
#11196=ORIENTED_EDGE('',*,*,#11199,.T.);
#11197=EDGE_CURVE('',#659,#405,#11200,.F.);
#11198=EDGE_CURVE('',#405,#403,#11201,.T.);
#11199=EDGE_CURVE('',#403,#659,#11202,.T.);
#11200=LINE('',#658,#11203);
#11201=LINE('',#404,#11204);
#11202=LINE('',#402,#11205);
#11203=VECTOR('',#11206,1.0);
#11204=VECTOR('',#11207,1.0);
#11205=VECTOR('',#11208,1.0);
#11206=DIRECTION('',(0.06858340559835244,-0.9944556541485655,-0.07971366513014248));
#11207=DIRECTION('',(-0.5375254635411884,0.5420282002059391,0.6459657933871894));
#11208=DIRECTION('',(-0.017076322623945275,0.9996984221847034,0.01764833949859393));
#11209=FACE_SURFACE('',(#11214),#11210,.T.);
#11210=PLANE('',#11211);
#11211=AXIS2_PLACEMENT_3D('',#658,#11212,#11213);
#11212=DIRECTION('',(-0.6883900070948642,0.0010461920821650474,-0.7253399917377091));
#11213=DIRECTION('',(0.017076322623945275,-0.9996984221847034,-0.01764833949859393));
#11214=FACE_BOUND('',#11215,.T.);
#11215=EDGE_LOOP('',(#11216,#11217,#11218));
#11216=ORIENTED_EDGE('',*,*,#11219,.T.);
#11217=ORIENTED_EDGE('',*,*,#11220,.T.);
#11218=ORIENTED_EDGE('',*,*,#11221,.T.);
#11219=EDGE_CURVE('',#659,#403,#11222,.F.);
#11220=EDGE_CURVE('',#403,#401,#11223,.T.);
#11221=EDGE_CURVE('',#401,#659,#11224,.T.);
#11222=LINE('',#658,#11225);
#11223=LINE('',#402,#11226);
#11224=LINE('',#400,#11227);
#11225=VECTOR('',#11228,1.0);
#11226=VECTOR('',#11229,1.0);
#11227=VECTOR('',#11230,1.0);
#11228=DIRECTION('',(0.017076322623945275,-0.9996984221847034,-0.01764833949859393));
#11229=DIRECTION('',(-0.6276257494633148,0.5004222800255868,0.5963752679853564));
#11230=DIRECTION('',(0.04845727381697898,0.9978312627999921,-0.044549563333431616));
#11231=FACE_SURFACE('',(#11236),#11232,.T.);
#11232=PLANE('',#11233);
#11233=AXIS2_PLACEMENT_3D('',#658,#11234,#11235);
#11234=DIRECTION('',(-0.6717459634821902,-0.00045149120197650127,-0.7407814500249575));
#11235=DIRECTION('',(-0.04845727381697898,-0.9978312627999921,0.044549563333431616));
#11236=FACE_BOUND('',#11237,.T.);
#11237=EDGE_LOOP('',(#11238,#11239,#11240));
#11238=ORIENTED_EDGE('',*,*,#11241,.T.);
#11239=ORIENTED_EDGE('',*,*,#11242,.T.);
#11240=ORIENTED_EDGE('',*,*,#11243,.T.);
#11241=EDGE_CURVE('',#659,#401,#11244,.F.);
#11242=EDGE_CURVE('',#401,#809,#11245,.T.);
#11243=EDGE_CURVE('',#809,#659,#11246,.T.);
#11244=LINE('',#658,#11247);
#11245=LINE('',#400,#11248);
#11246=LINE('',#808,#11249);
#11247=VECTOR('',#11250,1.0);
#11248=VECTOR('',#11251,1.0);
#11249=VECTOR('',#11252,1.0);
#11250=DIRECTION('',(-0.04845727381697898,-0.9978312627999921,0.044549563333431616));
#11251=DIRECTION('',(-0.008213982508589394,0.999942877285807,0.0068390537890952105));
#11252=DIRECTION('',(0.645516150821318,-0.4909320650365626,-0.5850594897510558));
#11253=FACE_SURFACE('',(#11258),#11254,.T.);
#11254=PLANE('',#11255);
#11255=AXIS2_PLACEMENT_3D('',#808,#11256,#11257);
#11256=DIRECTION('',(-0.5993484034429526,0.0005515753306923831,-0.8004880930126559));
#11257=DIRECTION('',(0.008213982508589394,-0.999942877285807,-0.0068390537890952105));
#11258=FACE_BOUND('',#11259,.T.);
#11259=EDGE_LOOP('',(#11260,#11261,#11262));
#11260=ORIENTED_EDGE('',*,*,#11263,.T.);
#11261=ORIENTED_EDGE('',*,*,#11264,.T.);
#11262=ORIENTED_EDGE('',*,*,#11265,.T.);
#11263=EDGE_CURVE('',#809,#401,#11266,.F.);
#11264=EDGE_CURVE('',#401,#399,#11267,.T.);
#11265=EDGE_CURVE('',#399,#809,#11268,.T.);
#11266=LINE('',#808,#11269);
#11267=LINE('',#400,#11270);
#11268=LINE('',#398,#11271);
#11269=VECTOR('',#11272,1.0);
#11270=VECTOR('',#11273,1.0);
#11271=VECTOR('',#11274,1.0);
#11272=DIRECTION('',(0.008213982508589394,-0.999942877285807,-0.0068390537890952105));
#11273=DIRECTION('',(-0.7149409072444156,0.44942767106799325,0.5356064484553296));
#11274=DIRECTION('',(0.06486730521091694,0.9967445122624163,-0.04788120705904972));
#11275=FACE_SURFACE('',(#11280),#11276,.T.);
#11276=PLANE('',#11277);
#11277=AXIS2_PLACEMENT_3D('',#808,#11278,#11279);
#11278=DIRECTION('',(-0.5956257105843062,0.0001760495324177617,-0.8032620879249203));
#11279=DIRECTION('',(-0.06486730521091694,-0.9967445122624163,0.04788120705904972));
#11280=FACE_BOUND('',#11281,.T.);
#11281=EDGE_LOOP('',(#11282,#11283,#11284));
#11282=ORIENTED_EDGE('',*,*,#11285,.T.);
#11283=ORIENTED_EDGE('',*,*,#11286,.T.);
#11284=ORIENTED_EDGE('',*,*,#11287,.T.);
#11285=EDGE_CURVE('',#809,#399,#11288,.F.);
#11286=EDGE_CURVE('',#399,#811,#11289,.T.);
#11287=EDGE_CURVE('',#811,#809,#11290,.T.);
#11288=LINE('',#808,#11291);
#11289=LINE('',#398,#11292);
#11290=LINE('',#810,#11293);
#11291=VECTOR('',#11294,1.0);
#11292=VECTOR('',#11295,1.0);
#11293=VECTOR('',#11296,1.0);
#11294=DIRECTION('',(-0.06486730521091694,-0.9967445122624163,0.04788120705904972));
#11295=DIRECTION('',(0.002863220148930477,0.9999940884829037,-0.0019039352996465886));
#11296=DIRECTION('',(0.7184578649780361,-0.44710082122114214,-0.5328406440152463));
#11297=FACE_SURFACE('',(#11302),#11298,.T.);
#11298=PLANE('',#11299);
#11299=AXIS2_PLACEMENT_3D('',#810,#11300,#11301);
#11300=DIRECTION('',(-0.5141685305563746,-0.00016080792310267352,-0.8576891606673774));
#11301=DIRECTION('',(-0.002863220148930477,-0.9999940884829037,0.0019039352996465886));
#11302=FACE_BOUND('',#11303,.T.);
#11303=EDGE_LOOP('',(#11304,#11305,#11306));
#11304=ORIENTED_EDGE('',*,*,#11307,.T.);
#11305=ORIENTED_EDGE('',*,*,#11308,.T.);
#11306=ORIENTED_EDGE('',*,*,#11309,.T.);
#11307=EDGE_CURVE('',#811,#399,#11310,.F.);
#11308=EDGE_CURVE('',#399,#813,#11311,.T.);
#11309=EDGE_CURVE('',#813,#811,#11312,.T.);
#11310=LINE('',#810,#11313);
#11311=LINE('',#398,#11314);
#11312=LINE('',#812,#11315);
#11313=VECTOR('',#11316,1.0);
#11314=VECTOR('',#11317,1.0);
#11315=VECTOR('',#11318,1.0);
#11316=DIRECTION('',(-0.002863220148930477,-0.9999940884829037,0.0019039352996465886));
#11317=DIRECTION('',(-0.05895184611883689,0.9976416756318894,0.0351534760952187));
#11318=DIRECTION('',(0.7875686881745408,-0.3961015852927002,-0.4720583603069037));
#11319=FACE_SURFACE('',(#11324),#11320,.T.);
#11320=PLANE('',#11321);
#11321=AXIS2_PLACEMENT_3D('',#812,#11322,#11323);
#11322=DIRECTION('',(-0.5018322977626484,0.0008245145536038128,-0.8649645455728295));
#11323=DIRECTION('',(0.05895184611883689,-0.9976416756318894,-0.0351534760952187));
#11324=FACE_BOUND('',#11325,.T.);
#11325=EDGE_LOOP('',(#11326,#11327,#11328));
#11326=ORIENTED_EDGE('',*,*,#11329,.T.);
#11327=ORIENTED_EDGE('',*,*,#11330,.T.);
#11328=ORIENTED_EDGE('',*,*,#11331,.T.);
#11329=EDGE_CURVE('',#813,#399,#11332,.F.);
#11330=EDGE_CURVE('',#399,#397,#11333,.T.);
#11331=EDGE_CURVE('',#397,#813,#11334,.T.);
#11332=LINE('',#812,#11335);
#11333=LINE('',#398,#11336);
#11334=LINE('',#396,#11337);
#11335=VECTOR('',#11338,1.0);
#11336=VECTOR('',#11339,1.0);
#11337=VECTOR('',#11340,1.0);
#11338=DIRECTION('',(0.05895184611883689,-0.9976416756318894,-0.0351534760952187));
#11339=DIRECTION('',(-0.7969393817425271,0.38828236670132005,0.46273580533243824));
#11340=DIRECTION('',(0.015737641182833374,0.9998427149738428,-0.008177527972144041));
#11341=FACE_SURFACE('',(#11346),#11342,.T.);
#11342=PLANE('',#11343);
#11343=AXIS2_PLACEMENT_3D('',#812,#11344,#11345);
#11344=DIRECTION('',(-0.4277662454667766,-0.0006596509187280473,-0.9038891547639692));
#11345=DIRECTION('',(-0.015737641182833374,-0.9998427149738428,0.008177527972144041));
#11346=FACE_BOUND('',#11347,.T.);
#11347=EDGE_LOOP('',(#11348,#11349,#11350));
#11348=ORIENTED_EDGE('',*,*,#11351,.T.);
#11349=ORIENTED_EDGE('',*,*,#11352,.T.);
#11350=ORIENTED_EDGE('',*,*,#11353,.T.);
#11351=EDGE_CURVE('',#813,#397,#11354,.F.);
#11352=EDGE_CURVE('',#397,#815,#11355,.T.);
#11353=EDGE_CURVE('',#815,#813,#11356,.T.);
#11354=LINE('',#812,#11357);
#11355=LINE('',#396,#11358);
#11356=LINE('',#814,#11359);
#11357=VECTOR('',#11360,1.0);
#11358=VECTOR('',#11361,1.0);
#11359=VECTOR('',#11362,1.0);
#11360=DIRECTION('',(-0.015737641182833374,-0.9998427149738428,0.008177527972144041));
#11361=DIRECTION('',(-0.050474713952068824,0.9984568020932204,0.02315853201816662));
#11362=DIRECTION('',(0.8508870921872935,-0.3376921573438609,-0.40243653315460987));
#11363=FACE_SURFACE('',(#11368),#11364,.T.);
#11364=PLANE('',#11365);
#11365=AXIS2_PLACEMENT_3D('',#814,#11366,#11367);
#11366=DIRECTION('',(-0.39747327824918033,0.0011900559930638369,-0.9176129777006116));
#11367=DIRECTION('',(0.050474713952068824,-0.9984568020932204,-0.02315853201816662));
#11368=FACE_BOUND('',#11369,.T.);
#11369=EDGE_LOOP('',(#11370,#11371,#11372));
#11370=ORIENTED_EDGE('',*,*,#11373,.T.);
#11371=ORIENTED_EDGE('',*,*,#11374,.T.);
#11372=ORIENTED_EDGE('',*,*,#11375,.T.);
#11373=EDGE_CURVE('',#815,#397,#11376,.F.);
#11374=EDGE_CURVE('',#397,#395,#11377,.T.);
#11375=EDGE_CURVE('',#395,#815,#11378,.T.);
#11376=LINE('',#814,#11379);
#11377=LINE('',#396,#11380);
#11378=LINE('',#394,#11381);
#11379=VECTOR('',#11382,1.0);
#11380=VECTOR('',#11383,1.0);
#11381=VECTOR('',#11384,1.0);
#11382=DIRECTION('',(0.050474713952068824,-0.9984568020932204,-0.02315853201816662));
#11383=DIRECTION('',(-0.8702451916882258,0.3166514227111752,0.37736611246707336));
#11384=DIRECTION('',(0.029902635856800176,0.9994848477664693,-0.011656391124758761));
#11385=FACE_SURFACE('',(#11390),#11386,.T.);
#11386=PLANE('',#11387);
#11387=AXIS2_PLACEMENT_3D('',#814,#11388,#11389);
#11388=DIRECTION('',(-0.3371241500977223,-0.000893583004114042,-0.9414597755243201));
#11389=DIRECTION('',(-0.029902635856800176,-0.9994848477664693,0.011656391124758761));
#11390=FACE_BOUND('',#11391,.T.);
#11391=EDGE_LOOP('',(#11392,#11393,#11394));
#11392=ORIENTED_EDGE('',*,*,#11395,.T.);
#11393=ORIENTED_EDGE('',*,*,#11396,.T.);
#11394=ORIENTED_EDGE('',*,*,#11397,.T.);
#11395=EDGE_CURVE('',#815,#395,#11398,.F.);
#11396=EDGE_CURVE('',#395,#817,#11399,.T.);
#11397=EDGE_CURVE('',#817,#815,#11400,.T.);
#11398=LINE('',#814,#11401);
#11399=LINE('',#394,#11402);
#11400=LINE('',#816,#11403);
#11401=VECTOR('',#11404,1.0);
#11402=VECTOR('',#11405,1.0);
#11403=VECTOR('',#11406,1.0);
#11404=DIRECTION('',(-0.029902635856800176,-0.9994848477664693,0.011656391124758761));
#11405=DIRECTION('',(-0.03986542208180588,0.9991161794678892,0.013326966936553736));
#11406=DIRECTION('',(0.9060413557902783,-0.2720190765386193,-0.3241831019605911));
#11407=FACE_SURFACE('',(#11412),#11408,.T.);
#11408=PLANE('',#11409);
#11409=AXIS2_PLACEMENT_3D('',#816,#11410,#11411);
#11410=DIRECTION('',(-0.2878161156227418,0.001290263392076112,-0.9576848222709888));
#11411=DIRECTION('',(0.03986542208180588,-0.9991161794678892,-0.013326966936553736));
#11412=FACE_BOUND('',#11413,.T.);
#11413=EDGE_LOOP('',(#11414,#11415,#11416));
#11414=ORIENTED_EDGE('',*,*,#11417,.T.);
#11415=ORIENTED_EDGE('',*,*,#11418,.T.);
#11416=ORIENTED_EDGE('',*,*,#11419,.T.);
#11417=EDGE_CURVE('',#817,#395,#11420,.F.);
#11418=EDGE_CURVE('',#395,#393,#11421,.T.);
#11419=EDGE_CURVE('',#393,#817,#11422,.T.);
#11420=LINE('',#816,#11423);
#11421=LINE('',#394,#11424);
#11422=LINE('',#392,#11425);
#11423=VECTOR('',#11426,1.0);
#11424=VECTOR('',#11427,1.0);
#11425=VECTOR('',#11428,1.0);
#11426=DIRECTION('',(0.03986542208180588,-0.9991161794678892,-0.013326966936553736));
#11427=DIRECTION('',(-0.9307831195763578,0.23498082841851306,0.2800478433901123));
#11428=DIRECTION('',(0.04478762281998498,0.9989230758429775,-0.012114346475965586));
#11429=FACE_SURFACE('',(#11434),#11430,.T.);
#11430=PLANE('',#11431);
#11431=AXIS2_PLACEMENT_3D('',#816,#11432,#11433);
#11432=DIRECTION('',(-0.24314881393863522,-0.000861648713689542,-0.9699886142845849));
#11433=DIRECTION('',(-0.04478762281998498,-0.9989230758429775,0.012114346475965586));
#11434=FACE_BOUND('',#11435,.T.);
#11435=EDGE_LOOP('',(#11436,#11437,#11438));
#11436=ORIENTED_EDGE('',*,*,#11439,.T.);
#11437=ORIENTED_EDGE('',*,*,#11440,.T.);
#11438=ORIENTED_EDGE('',*,*,#11441,.T.);
#11439=EDGE_CURVE('',#817,#393,#11442,.F.);
#11440=EDGE_CURVE('',#393,#819,#11443,.T.);
#11441=EDGE_CURVE('',#819,#817,#11444,.T.);
#11442=LINE('',#816,#11445);
#11443=LINE('',#392,#11446);
#11444=LINE('',#818,#11447);
#11445=VECTOR('',#11448,1.0);
#11446=VECTOR('',#11449,1.0);
#11447=VECTOR('',#11450,1.0);
#11448=DIRECTION('',(-0.04478762281998498,-0.9989230758429775,0.012114346475965586));
#11449=DIRECTION('',(-0.027562250720830662,0.9996019549736879,0.006021125142641229));
#11450=DIRECTION('',(0.9504770784481523,-0.19977754285707072,-0.23808035768340105));
#11451=FACE_SURFACE('',(#11456),#11452,.T.);
#11452=PLANE('',#11453);
#11453=AXIS2_PLACEMENT_3D('',#818,#11454,#11455);
#11454=DIRECTION('',(-0.1742938496359054,0.0011254772417935717,-0.9846930421608932));
#11455=DIRECTION('',(0.027562250720830662,-0.9996019549736879,-0.006021125142641229));
#11456=FACE_BOUND('',#11457,.T.);
#11457=EDGE_LOOP('',(#11458,#11459,#11460));
#11458=ORIENTED_EDGE('',*,*,#11461,.T.);
#11459=ORIENTED_EDGE('',*,*,#11462,.T.);
#11460=ORIENTED_EDGE('',*,*,#11463,.T.);
#11461=EDGE_CURVE('',#819,#393,#11464,.F.);
#11462=EDGE_CURVE('',#393,#391,#11465,.T.);
#11463=EDGE_CURVE('',#391,#819,#11466,.T.);
#11464=LINE('',#818,#11467);
#11465=LINE('',#392,#11468);
#11466=LINE('',#390,#11469);
#11467=VECTOR('',#11470,1.0);
#11468=VECTOR('',#11471,1.0);
#11469=VECTOR('',#11472,1.0);
#11470=DIRECTION('',(0.027562250720830662,-0.9996019549736879,-0.006021125142641229));
#11471=DIRECTION('',(-0.9742802420454791,0.14485033434884137,0.172616310349953));
#11472=DIRECTION('',(0.059780161678936704,0.9981669254377052,-0.009440404222200867));
#11473=FACE_SURFACE('',(#11478),#11474,.T.);
#11474=PLANE('',#11475);
#11475=AXIS2_PLACEMENT_3D('',#818,#11476,#11477);
#11476=DIRECTION('',(-0.14679964587686237,-0.0005634539867784689,-0.9891660864031039));
#11477=DIRECTION('',(-0.059780161678936704,-0.9981669254377052,0.009440404222200867));
#11478=FACE_BOUND('',#11479,.T.);
#11479=EDGE_LOOP('',(#11480,#11481,#11482));
#11480=ORIENTED_EDGE('',*,*,#11483,.T.);
#11481=ORIENTED_EDGE('',*,*,#11484,.T.);
#11482=ORIENTED_EDGE('',*,*,#11485,.T.);
#11483=EDGE_CURVE('',#819,#391,#11486,.F.);
#11484=EDGE_CURVE('',#391,#759,#11487,.T.);
#11485=EDGE_CURVE('',#759,#819,#11488,.T.);
#11486=LINE('',#818,#11489);
#11487=LINE('',#390,#11490);
#11488=LINE('',#758,#11491);
#11489=VECTOR('',#11492,1.0);
#11490=VECTOR('',#11493,1.0);
#11491=VECTOR('',#11494,1.0);
#11492=DIRECTION('',(-0.059780161678936704,-0.9981669254377052,0.009440404222200867));
#11493=DIRECTION('',(-0.014082539217270621,0.9998996802257133,0.001520386039931201));
#11494=DIRECTION('',(0.9817632237587284,-0.12219847908106277,-0.14563139834920205));
#11495=FACE_SURFACE('',(#11500),#11496,.T.);
#11496=PLANE('',#11497);
#11497=AXIS2_PLACEMENT_3D('',#758,#11498,#11499);
#11498=DIRECTION('',(-0.058385000866584755,0.0006956528303272464,-0.9982938984792749));
#11499=DIRECTION('',(0.014082539217270621,-0.9998996802257133,-0.001520386039931201));
#11500=FACE_BOUND('',#11501,.T.);
#11501=EDGE_LOOP('',(#11502,#11503,#11504));
#11502=ORIENTED_EDGE('',*,*,#11505,.T.);
#11503=ORIENTED_EDGE('',*,*,#11506,.T.);
#11504=ORIENTED_EDGE('',*,*,#11507,.T.);
#11505=EDGE_CURVE('',#759,#391,#11508,.F.);
#11506=EDGE_CURVE('',#391,#389,#11509,.T.);
#11507=EDGE_CURVE('',#389,#759,#11510,.T.);
#11508=LINE('',#758,#11511);
#11509=LINE('',#390,#11512);
#11510=LINE('',#388,#11513);
#11511=VECTOR('',#11514,1.0);
#11512=VECTOR('',#11515,1.0);
#11513=VECTOR('',#11516,1.0);
#11514=DIRECTION('',(0.014082539217270621,-0.9998996802257133,-0.001520386039931201));
#11515=DIRECTION('',(-0.9970950954110259,0.04895676062666651,0.058349004243606575));
#11516=DIRECTION('',(0.07425732579715287,0.9972324411018917,-0.0036480103368536844));
#11517=FACE_SURFACE('',(#11522),#11518,.T.);
#11518=PLANE('',#11519);
#11519=AXIS2_PLACEMENT_3D('',#758,#11520,#11521);
#11520=DIRECTION('',(-0.04906743076423567,0,-0.9987954681706345));
#11521=DIRECTION('',(-0.07425732579715287,-0.9972324411018917,0.0036480103368536844));
#11522=FACE_BOUND('',#11523,.T.);
#11523=EDGE_LOOP('',(#11524,#11525,#11526));
#11524=ORIENTED_EDGE('',*,*,#11527,.T.);
#11525=ORIENTED_EDGE('',*,*,#11528,.T.);
#11526=ORIENTED_EDGE('',*,*,#11529,.T.);
#11527=EDGE_CURVE('',#759,#389,#11530,.F.);
#11528=EDGE_CURVE('',#389,#761,#11531,.T.);
#11529=EDGE_CURVE('',#761,#759,#11532,.T.);
#11530=LINE('',#758,#11533);
#11531=LINE('',#388,#11534);
#11532=LINE('',#760,#11535);
#11533=VECTOR('',#11536,1.0);
#11534=VECTOR('',#11537,1.0);
#11535=VECTOR('',#11538,1.0);
#11536=DIRECTION('',(-0.07425732579715287,-0.9972324411018917,0.0036480103368536844));
#11537=DIRECTION('',(0,1,0));
#11538=DIRECTION('',(0.9979498915029816,-0.04113971456483777,-0.049025890453012685));
#11539=FACE_SURFACE('',(#11544),#11540,.T.);
#11540=PLANE('',#11541);
#11541=AXIS2_PLACEMENT_3D('',#760,#11542,#11543);
#11542=DIRECTION('',(0.04906767162205873,0,-0.9987954563380782));
#11543=DIRECTION('',(0,-1,0));
#11544=FACE_BOUND('',#11545,.T.);
#11545=EDGE_LOOP('',(#11546,#11547,#11548));
#11546=ORIENTED_EDGE('',*,*,#11549,.T.);
#11547=ORIENTED_EDGE('',*,*,#11550,.T.);
#11548=ORIENTED_EDGE('',*,*,#11551,.T.);
#11549=EDGE_CURVE('',#761,#389,#11552,.F.);
#11550=EDGE_CURVE('',#389,#763,#11553,.T.);
#11551=EDGE_CURVE('',#763,#761,#11554,.T.);
#11552=LINE('',#760,#11555);
#11553=LINE('',#388,#11556);
#11554=LINE('',#762,#11557);
#11555=VECTOR('',#11558,1.0);
#11556=VECTOR('',#11559,1.0);
#11557=VECTOR('',#11560,1.0);
#11558=DIRECTION('',(0,-1,0));
#11559=DIRECTION('',(-0.07425696242627879,0.9972324681592964,-0.0036480104358333084));
#11560=DIRECTION('',(0.9979498713895789,0.04113991616600925,0.04902613069962238));
#11561=FACE_SURFACE('',(#11566),#11562,.T.);
#11562=PLANE('',#11563);
#11563=AXIS2_PLACEMENT_3D('',#762,#11564,#11565);
#11564=DIRECTION('',(0.05838500191040309,0.0006956315159762872,-0.9982938984330797));
#11565=DIRECTION('',(0.07425696242627879,-0.9972324681592964,0.0036480104358333084));
#11566=FACE_BOUND('',#11567,.T.);
#11567=EDGE_LOOP('',(#11568,#11569,#11570));
#11568=ORIENTED_EDGE('',*,*,#11571,.T.);
#11569=ORIENTED_EDGE('',*,*,#11572,.T.);
#11570=ORIENTED_EDGE('',*,*,#11573,.T.);
#11571=EDGE_CURVE('',#763,#389,#11574,.F.);
#11572=EDGE_CURVE('',#389,#387,#11575,.T.);
#11573=EDGE_CURVE('',#387,#763,#11576,.T.);
#11574=LINE('',#762,#11577);
#11575=LINE('',#388,#11578);
#11576=LINE('',#386,#11579);
#11577=VECTOR('',#11580,1.0);
#11578=VECTOR('',#11581,1.0);
#11579=VECTOR('',#11582,1.0);
#11580=DIRECTION('',(0.07425696242627879,-0.9972324681592964,0.0036480104358333084));
#11581=DIRECTION('',(-0.9970950954110259,-0.04895676062666651,-0.058349004243606575));
#11582=DIRECTION('',(0.014082903920847501,0.999899675089191,0.0015203860321209206));
#11583=FACE_SURFACE('',(#11588),#11584,.T.);
#11584=PLANE('',#11585);
#11585=AXIS2_PLACEMENT_3D('',#762,#11586,#11587);
#11586=DIRECTION('',(0.14679893751536147,-0.0005634974045288621,-0.9891661915042569));
#11587=DIRECTION('',(-0.014082903920847501,-0.999899675089191,-0.0015203860321209206));
#11588=FACE_BOUND('',#11589,.T.);
#11589=EDGE_LOOP('',(#11590,#11591,#11592));
#11590=ORIENTED_EDGE('',*,*,#11593,.T.);
#11591=ORIENTED_EDGE('',*,*,#11594,.T.);
#11592=ORIENTED_EDGE('',*,*,#11595,.T.);
#11593=EDGE_CURVE('',#763,#387,#11596,.F.);
#11594=EDGE_CURVE('',#387,#765,#11597,.T.);
#11595=EDGE_CURVE('',#765,#763,#11598,.T.);
#11596=LINE('',#762,#11599);
#11597=LINE('',#386,#11600);
#11598=LINE('',#764,#11601);
#11599=VECTOR('',#11602,1.0);
#11600=VECTOR('',#11603,1.0);
#11601=VECTOR('',#11604,1.0);
#11602=DIRECTION('',(-0.014082903920847501,-0.999899675089191,-0.0015203860321209206));
#11603=DIRECTION('',(-0.059780161678936704,0.9981669254377052,-0.009440404222200867));
#11604=DIRECTION('',(0.9817634000456574,0.12219789389507689,0.14563070094728628));
#11605=FACE_SURFACE('',(#11610),#11606,.T.);
#11606=PLANE('',#11607);
#11607=AXIS2_PLACEMENT_3D('',#764,#11608,#11609);
#11608=DIRECTION('',(0.1742938496359054,0.0011254772417935717,-0.9846930421608932));
#11609=DIRECTION('',(0.059780161678936704,-0.9981669254377052,0.009440404222200867));
#11610=FACE_BOUND('',#11611,.T.);
#11611=EDGE_LOOP('',(#11612,#11613,#11614));
#11612=ORIENTED_EDGE('',*,*,#11615,.T.);
#11613=ORIENTED_EDGE('',*,*,#11616,.T.);
#11614=ORIENTED_EDGE('',*,*,#11617,.T.);
#11615=EDGE_CURVE('',#765,#387,#11618,.F.);
#11616=EDGE_CURVE('',#387,#385,#11619,.T.);
#11617=EDGE_CURVE('',#385,#765,#11620,.T.);
#11618=LINE('',#764,#11621);
#11619=LINE('',#386,#11622);
#11620=LINE('',#384,#11623);
#11621=VECTOR('',#11624,1.0);
#11622=VECTOR('',#11625,1.0);
#11623=VECTOR('',#11626,1.0);
#11624=DIRECTION('',(0.059780161678936704,-0.9981669254377052,0.009440404222200867));
#11625=DIRECTION('',(-0.9742802420454791,-0.14485033434884137,-0.172616310349953));
#11626=DIRECTION('',(0.027562250720830662,0.9996019549736879,0.006021125142641229));
#11627=FACE_SURFACE('',(#11632),#11628,.T.);
#11628=PLANE('',#11629);
#11629=AXIS2_PLACEMENT_3D('',#764,#11630,#11631);
#11630=DIRECTION('',(0.24314881393863522,-0.000861648713689542,-0.9699886142845849));
#11631=DIRECTION('',(-0.027562250720830662,-0.9996019549736879,-0.006021125142641229));
#11632=FACE_BOUND('',#11633,.T.);
#11633=EDGE_LOOP('',(#11634,#11635,#11636));
#11634=ORIENTED_EDGE('',*,*,#11637,.T.);
#11635=ORIENTED_EDGE('',*,*,#11638,.T.);
#11636=ORIENTED_EDGE('',*,*,#11639,.T.);
#11637=EDGE_CURVE('',#765,#385,#11640,.F.);
#11638=EDGE_CURVE('',#385,#767,#11641,.T.);
#11639=EDGE_CURVE('',#767,#765,#11642,.T.);
#11640=LINE('',#764,#11643);
#11641=LINE('',#384,#11644);
#11642=LINE('',#766,#11645);
#11643=VECTOR('',#11646,1.0);
#11644=VECTOR('',#11647,1.0);
#11645=VECTOR('',#11648,1.0);
#11646=DIRECTION('',(-0.027562250720830662,-0.9996019549736879,-0.006021125142641229));
#11647=DIRECTION('',(-0.04478762281998498,0.9989230758429775,-0.012114346475965586));
#11648=DIRECTION('',(0.9504770784481523,0.19977754285707072,0.23808035768340105));
#11649=FACE_SURFACE('',(#11654),#11650,.T.);
#11650=PLANE('',#11651);
#11651=AXIS2_PLACEMENT_3D('',#766,#11652,#11653);
#11652=DIRECTION('',(0.28781724079717386,0.0012903179421037427,-0.9576844840444634));
#11653=DIRECTION('',(0.04478762281998498,-0.9989230758429775,0.012114346475965586));
#11654=FACE_BOUND('',#11655,.T.);
#11655=EDGE_LOOP('',(#11656,#11657,#11658));
#11656=ORIENTED_EDGE('',*,*,#11659,.T.);
#11657=ORIENTED_EDGE('',*,*,#11660,.T.);
#11658=ORIENTED_EDGE('',*,*,#11661,.T.);
#11659=EDGE_CURVE('',#767,#385,#11662,.F.);
#11660=EDGE_CURVE('',#385,#383,#11663,.T.);
#11661=EDGE_CURVE('',#383,#767,#11664,.T.);
#11662=LINE('',#766,#11665);
#11663=LINE('',#384,#11666);
#11664=LINE('',#382,#11667);
#11665=VECTOR('',#11668,1.0);
#11666=VECTOR('',#11669,1.0);
#11667=VECTOR('',#11670,1.0);
#11668=DIRECTION('',(0.04478762281998498,-0.9989230758429775,0.012114346475965586));
#11669=DIRECTION('',(-0.9307825833481614,-0.23498170599327403,-0.28004888927509314));
#11670=DIRECTION('',(0.03986506178428851,0.9991161938413853,0.013326967128278293));
#11671=FACE_SURFACE('',(#11676),#11672,.T.);
#11672=PLANE('',#11673);
#11673=AXIS2_PLACEMENT_3D('',#766,#11674,#11675);
#11674=DIRECTION('',(0.3371256959362126,-0.0008935303005582749,-0.941459222028828));
#11675=DIRECTION('',(-0.03986506178428851,-0.9991161938413853,-0.013326967128278293));
#11676=FACE_BOUND('',#11677,.T.);
#11677=EDGE_LOOP('',(#11678,#11679,#11680));
#11678=ORIENTED_EDGE('',*,*,#11681,.T.);
#11679=ORIENTED_EDGE('',*,*,#11682,.T.);
#11680=ORIENTED_EDGE('',*,*,#11683,.T.);
#11681=EDGE_CURVE('',#767,#383,#11684,.F.);
#11682=EDGE_CURVE('',#383,#769,#11685,.T.);
#11683=EDGE_CURVE('',#769,#767,#11686,.T.);
#11684=LINE('',#766,#11687);
#11685=LINE('',#382,#11688);
#11686=LINE('',#768,#11689);
#11687=VECTOR('',#11690,1.0);
#11688=VECTOR('',#11691,1.0);
#11689=VECTOR('',#11692,1.0);
#11690=DIRECTION('',(-0.03986506178428851,-0.9991161938413853,-0.013326967128278293));
#11691=DIRECTION('',(-0.029902635856800176,0.9994848477664693,-0.011656391124758761));
#11692=DIRECTION('',(0.9060405088214291,0.27202024212543563,0.3241844910673939));
#11693=FACE_SURFACE('',(#11698),#11694,.T.);
#11694=PLANE('',#11695);
#11695=AXIS2_PLACEMENT_3D('',#768,#11696,#11697);
#11696=DIRECTION('',(0.3974717886510357,0.0011900039014425897,-0.9176136230011305));
#11697=DIRECTION('',(0.029902635856800176,-0.9994848477664693,0.011656391124758761));
#11698=FACE_BOUND('',#11699,.T.);
#11699=EDGE_LOOP('',(#11700,#11701,#11702));
#11700=ORIENTED_EDGE('',*,*,#11703,.T.);
#11701=ORIENTED_EDGE('',*,*,#11704,.T.);
#11702=ORIENTED_EDGE('',*,*,#11705,.T.);
#11703=EDGE_CURVE('',#769,#383,#11706,.F.);
#11704=EDGE_CURVE('',#383,#381,#11707,.T.);
#11705=EDGE_CURVE('',#381,#769,#11708,.T.);
#11706=LINE('',#768,#11709);
#11707=LINE('',#382,#11710);
#11708=LINE('',#380,#11711);
#11709=VECTOR('',#11712,1.0);
#11710=VECTOR('',#11713,1.0);
#11711=VECTOR('',#11714,1.0);
#11712=DIRECTION('',(0.029902635856800176,-0.9994848477664693,0.011656391124758761));
#11713=DIRECTION('',(-0.8702461418855171,-0.31665034372511525,-0.3773648265964104));
#11714=DIRECTION('',(0.050475070657502535,0.99845678407042,0.023158531600139923));
#11715=FACE_SURFACE('',(#11720),#11716,.T.);
#11716=PLANE('',#11717);
#11717=AXIS2_PLACEMENT_3D('',#768,#11718,#11719);
#11718=DIRECTION('',(0.427766296118957,-0.0006598072507170395,-0.9038891306786805));
#11719=DIRECTION('',(-0.050475070657502535,-0.99845678407042,-0.023158531600139923));
#11720=FACE_BOUND('',#11721,.T.);
#11721=EDGE_LOOP('',(#11722,#11723,#11724));
#11722=ORIENTED_EDGE('',*,*,#11725,.T.);
#11723=ORIENTED_EDGE('',*,*,#11726,.T.);
#11724=ORIENTED_EDGE('',*,*,#11727,.T.);
#11725=EDGE_CURVE('',#769,#381,#11728,.F.);
#11726=EDGE_CURVE('',#381,#771,#11729,.T.);
#11727=EDGE_CURVE('',#771,#769,#11730,.T.);
#11728=LINE('',#768,#11731);
#11729=LINE('',#380,#11732);
#11730=LINE('',#770,#11733);
#11731=VECTOR('',#11734,1.0);
#11732=VECTOR('',#11735,1.0);
#11733=VECTOR('',#11736,1.0);
#11734=DIRECTION('',(-0.050475070657502535,-0.99845678407042,-0.023158531600139923));
#11735=DIRECTION('',(-0.01573727354623443,0.9998427207600313,-0.008177528019468203));
#11736=DIRECTION('',(0.8508870921872935,0.3376921573438609,0.40243653315460987));
#11737=FACE_SURFACE('',(#11742),#11738,.T.);
#11738=PLANE('',#11739);
#11739=AXIS2_PLACEMENT_3D('',#770,#11740,#11741);
#11740=DIRECTION('',(0.5018341431279915,0.0008243677879661002,-0.8649634750720662));
#11741=DIRECTION('',(0.01573727354623443,-0.9998427207600313,0.008177528019468203));
#11742=FACE_BOUND('',#11743,.T.);
#11743=EDGE_LOOP('',(#11744,#11745,#11746));
#11744=ORIENTED_EDGE('',*,*,#11747,.T.);
#11745=ORIENTED_EDGE('',*,*,#11748,.T.);
#11746=ORIENTED_EDGE('',*,*,#11749,.T.);
#11747=EDGE_CURVE('',#771,#381,#11750,.F.);
#11748=EDGE_CURVE('',#381,#337,#11751,.T.);
#11749=EDGE_CURVE('',#337,#771,#11752,.T.);
#11750=LINE('',#770,#11753);
#11751=LINE('',#380,#11754);
#11752=LINE('',#336,#11755);
#11753=VECTOR('',#11756,1.0);
#11754=VECTOR('',#11757,1.0);
#11755=VECTOR('',#11758,1.0);
#11756=DIRECTION('',(0.01573727354623443,-0.9998427207600313,0.008177528019468203));
#11757=DIRECTION('',(-0.7969379936747927,-0.3882835438286646,-0.46273720817484487));
#11758=DIRECTION('',(0.05895184611883689,0.9976416756318894,0.0351534760952187));
#11759=FACE_SURFACE('',(#11764),#11760,.T.);
#11760=PLANE('',#11761);
#11761=AXIS2_PLACEMENT_3D('',#770,#11762,#11763);
#11762=DIRECTION('',(0.5141662969535304,-0.00016062875390396788,-0.8576904996999194));
#11763=DIRECTION('',(-0.05895184611883689,-0.9976416756318894,-0.0351534760952187));
#11764=FACE_BOUND('',#11765,.T.);
#11765=EDGE_LOOP('',(#11766,#11767,#11768));
#11766=ORIENTED_EDGE('',*,*,#11769,.T.);
#11767=ORIENTED_EDGE('',*,*,#11770,.T.);
#11768=ORIENTED_EDGE('',*,*,#11771,.T.);
#11769=EDGE_CURVE('',#771,#337,#11772,.F.);
#11770=EDGE_CURVE('',#337,#649,#11773,.T.);
#11771=EDGE_CURVE('',#649,#771,#11774,.T.);
#11772=LINE('',#770,#11775);
#11773=LINE('',#336,#11776);
#11774=LINE('',#648,#11777);
#11775=VECTOR('',#11778,1.0);
#11776=VECTOR('',#11779,1.0);
#11777=VECTOR('',#11780,1.0);
#11778=DIRECTION('',(-0.05895184611883689,-0.9976416756318894,-0.0351534760952187));
#11779=DIRECTION('',(-0.002863586005903601,0.9999940874353054,-0.0019039352976520172));
#11780=DIRECTION('',(0.7875704017757076,0.3961001775452626,0.4720566826086269));
#11781=FACE_SURFACE('',(#11786),#11782,.T.);
#11782=PLANE('',#11783);
#11783=AXIS2_PLACEMENT_3D('',#648,#11784,#11785);
#11784=DIRECTION('',(0.5956279705427071,0.00017627711163299573,-0.8032604120915932));
#11785=DIRECTION('',(0.002863586005903601,-0.9999940874353054,0.0019039352976520172));
#11786=FACE_BOUND('',#11787,.T.);
#11787=EDGE_LOOP('',(#11788,#11789,#11790));
#11788=ORIENTED_EDGE('',*,*,#11791,.T.);
#11789=ORIENTED_EDGE('',*,*,#11792,.T.);
#11790=ORIENTED_EDGE('',*,*,#11793,.T.);
#11791=EDGE_CURVE('',#649,#337,#11794,.F.);
#11792=EDGE_CURVE('',#337,#751,#11795,.T.);
#11793=EDGE_CURVE('',#751,#649,#11796,.T.);
#11794=LINE('',#648,#11797);
#11795=LINE('',#336,#11798);
#11796=LINE('',#750,#11799);
#11797=VECTOR('',#11800,1.0);
#11798=VECTOR('',#11801,1.0);
#11799=VECTOR('',#11802,1.0);
#11800=DIRECTION('',(0.002863586005903601,-0.9999940874353054,0.0019039352976520172));
#11801=DIRECTION('',(-0.06486730521091694,0.9967445122624163,-0.04788120705904972));
#11802=DIRECTION('',(0.7184557380968061,0.44710223332419863,0.5328423269150897));
#11803=FACE_SURFACE('',(#11808),#11804,.T.);
#11804=PLANE('',#11805);
#11805=AXIS2_PLACEMENT_3D('',#750,#11806,#11807);
#11806=DIRECTION('',(0.5993484034429526,0.0005515753306923831,-0.8004880930126559));
#11807=DIRECTION('',(0.06486730521091694,-0.9967445122624163,0.04788120705904972));
#11808=FACE_BOUND('',#11809,.T.);
#11809=EDGE_LOOP('',(#11810,#11811,#11812));
#11810=ORIENTED_EDGE('',*,*,#11813,.T.);
#11811=ORIENTED_EDGE('',*,*,#11814,.T.);
#11812=ORIENTED_EDGE('',*,*,#11815,.T.);
#11813=EDGE_CURVE('',#751,#337,#11816,.F.);
#11814=EDGE_CURVE('',#337,#341,#11817,.T.);
#11815=EDGE_CURVE('',#341,#751,#11818,.T.);
#11816=LINE('',#750,#11819);
#11817=LINE('',#336,#11820);
#11818=LINE('',#340,#11821);
#11819=VECTOR('',#11822,1.0);
#11820=VECTOR('',#11823,1.0);
#11821=VECTOR('',#11824,1.0);
#11822=DIRECTION('',(0.06486730521091694,-0.9967445122624163,0.04788120705904972));
#11823=DIRECTION('',(-0.7149409072444156,-0.44942767106799325,-0.5356064484553296));
#11824=DIRECTION('',(0.008213982508589394,0.999942877285807,0.0068390537890952105));
#11825=FACE_SURFACE('',(#11830),#11826,.T.);
#11826=PLANE('',#11827);
#11827=AXIS2_PLACEMENT_3D('',#750,#11828,#11829);
#11828=DIRECTION('',(0.6717459634821902,-0.00045149120197650127,-0.7407814500249575));
#11829=DIRECTION('',(-0.008213982508589394,-0.999942877285807,-0.0068390537890952105));
#11830=FACE_BOUND('',#11831,.T.);
#11831=EDGE_LOOP('',(#11832,#11833,#11834));
#11832=ORIENTED_EDGE('',*,*,#11835,.T.);
#11833=ORIENTED_EDGE('',*,*,#11836,.T.);
#11834=ORIENTED_EDGE('',*,*,#11837,.T.);
#11835=EDGE_CURVE('',#751,#341,#11838,.F.);
#11836=EDGE_CURVE('',#341,#749,#11839,.T.);
#11837=EDGE_CURVE('',#749,#751,#11840,.T.);
#11838=LINE('',#750,#11841);
#11839=LINE('',#340,#11842);
#11840=LINE('',#748,#11843);
#11841=VECTOR('',#11844,1.0);
#11842=VECTOR('',#11845,1.0);
#11843=VECTOR('',#11846,1.0);
#11844=DIRECTION('',(-0.008213982508589394,-0.999942877285807,-0.0068390537890952105));
#11845=DIRECTION('',(-0.04845727381697898,0.9978312627999921,-0.044549563333431616));
#11846=DIRECTION('',(0.645516150821318,0.4909320650365626,0.5850594897510558));
#11847=FACE_SURFACE('',(#11852),#11848,.T.);
#11848=PLANE('',#11849);
#11849=AXIS2_PLACEMENT_3D('',#748,#11850,#11851);
#11850=DIRECTION('',(0.6883880217480771,0.0010460115340063167,-0.7253418762029666));
#11851=DIRECTION('',(0.04845727381697898,-0.9978312627999921,0.044549563333431616));
#11852=FACE_BOUND('',#11853,.T.);
#11853=EDGE_LOOP('',(#11854,#11855,#11856));
#11854=ORIENTED_EDGE('',*,*,#11857,.T.);
#11855=ORIENTED_EDGE('',*,*,#11858,.T.);
#11856=ORIENTED_EDGE('',*,*,#11859,.T.);
#11857=EDGE_CURVE('',#749,#341,#11860,.F.);
#11858=EDGE_CURVE('',#341,#345,#11861,.T.);
#11859=EDGE_CURVE('',#345,#749,#11862,.T.);
#11860=LINE('',#748,#11863);
#11861=LINE('',#340,#11864);
#11862=LINE('',#344,#11865);
#11863=VECTOR('',#11866,1.0);
#11864=VECTOR('',#11867,1.0);
#11865=VECTOR('',#11868,1.0);
#11866=DIRECTION('',(0.04845727381697898,-0.9978312627999921,0.044549563333431616));
#11867=DIRECTION('',(-0.627627915567277,-0.5004211575323588,-0.596373930260746));
#11868=DIRECTION('',(0.0170766822780766,0.9996984160431299,0.017648339390172657));
#11869=FACE_SURFACE('',(#11874),#11870,.T.);
#11870=PLANE('',#11871);
#11871=AXIS2_PLACEMENT_3D('',#748,#11872,#11873);
#11872=DIRECTION('',(0.769448016580295,-0.0018680699177048294,-0.6387067089795068));
#11873=DIRECTION('',(-0.0170766822780766,-0.9996984160431299,-0.017648339390172657));
#11874=FACE_BOUND('',#11875,.T.);
#11875=EDGE_LOOP('',(#11876,#11877,#11878));
#11876=ORIENTED_EDGE('',*,*,#11879,.T.);
#11877=ORIENTED_EDGE('',*,*,#11880,.T.);
#11878=ORIENTED_EDGE('',*,*,#11881,.T.);
#11879=EDGE_CURVE('',#749,#345,#11882,.F.);
#11880=EDGE_CURVE('',#345,#349,#11883,.T.);
#11881=EDGE_CURVE('',#349,#749,#11884,.T.);
#11882=LINE('',#748,#11885);
#11883=LINE('',#344,#11886);
#11884=LINE('',#348,#11887);
#11885=VECTOR('',#11888,1.0);
#11886=VECTOR('',#11889,1.0);
#11887=VECTOR('',#11890,1.0);
#11888=DIRECTION('',(-0.0170766822780766,-0.9996984160431299,-0.017648339390172657));
#11889=DIRECTION('',(-0.5375229968589097,-0.5420292109067036,-0.6459669978966982));
#11890=DIRECTION('',(0.06858340559835244,0.9944556541485655,0.07971366513014248));
#11891=FACE_SURFACE('',(#11896),#11892,.T.);
#11892=PLANE('',#11893);
#11893=AXIS2_PLACEMENT_3D('',#748,#11894,#11895);
#11894=DIRECTION('',(0.7740940003050474,-0.0026406990319966166,-0.6330651667880265));
#11895=DIRECTION('',(-0.06858340559835244,-0.9944556541485655,-0.07971366513014248));
#11896=FACE_BOUND('',#11897,.T.);
#11897=EDGE_LOOP('',(#11898,#11899,#11900));
#11898=ORIENTED_EDGE('',*,*,#11901,.T.);
#11899=ORIENTED_EDGE('',*,*,#11902,.T.);
#11900=ORIENTED_EDGE('',*,*,#11903,.T.);
#11901=EDGE_CURVE('',#749,#349,#11904,.F.);
#11902=EDGE_CURVE('',#349,#745,#11905,.T.);
#11903=EDGE_CURVE('',#745,#749,#11906,.T.);
#11904=LINE('',#748,#11907);
#11905=LINE('',#348,#11908);
#11906=LINE('',#744,#11909);
#11907=VECTOR('',#11910,1.0);
#11908=VECTOR('',#11911,1.0);
#11909=VECTOR('',#11912,1.0);
#11910=DIRECTION('',(-0.06858340559835244,-0.9944556541485655,-0.07971366513014248));
#11911=DIRECTION('',(-0.020738464810496873,0.9993488248368387,-0.02952697706391973));
#11912=DIRECTION('',(0.5322351740502448,0.5441800459830317,0.6485320324067356));
#11913=FACE_SURFACE('',(#11918),#11914,.T.);
#11914=PLANE('',#11915);
#11915=AXIS2_PLACEMENT_3D('',#744,#11916,#11917);
#11916=DIRECTION('',(0.8375623529306363,0.001238785272872033,-0.5463403429771082));
#11917=DIRECTION('',(0.020738464810496873,-0.9993488248368387,0.02952697706391973));
#11918=FACE_BOUND('',#11919,.T.);
#11919=EDGE_LOOP('',(#11920,#11921,#11922));
#11920=ORIENTED_EDGE('',*,*,#11923,.T.);
#11921=ORIENTED_EDGE('',*,*,#11924,.T.);
#11922=ORIENTED_EDGE('',*,*,#11925,.T.);
#11923=EDGE_CURVE('',#745,#349,#11926,.F.);
#11924=EDGE_CURVE('',#349,#353,#11927,.T.);
#11925=EDGE_CURVE('',#353,#745,#11928,.T.);
#11926=LINE('',#744,#11929);
#11927=LINE('',#348,#11930);
#11928=LINE('',#352,#11931);
#11929=VECTOR('',#11932,1.0);
#11930=VECTOR('',#11933,1.0);
#11931=VECTOR('',#11934,1.0);
#11932=DIRECTION('',(0.020738464810496873,-0.9993488248368387,0.02952697706391973));
#11933=DIRECTION('',(-0.44631092265603184,-0.5752151743858901,-0.6855173691994474));
#11934=DIRECTION('',(0.026968188174292588,0.9986846736923214,0.043607790114353645));
#11935=FACE_SURFACE('',(#11940),#11936,.T.);
#11936=PLANE('',#11937);
#11937=AXIS2_PLACEMENT_3D('',#744,#11938,#11939);
#11938=DIRECTION('',(0.8830853393984919,-0.0033588376514182097,-0.46920038528232483));
#11939=DIRECTION('',(-0.026968188174292588,-0.9986846736923214,-0.043607790114353645));
#11940=FACE_BOUND('',#11941,.T.);
#11941=EDGE_LOOP('',(#11942,#11943,#11944));
#11942=ORIENTED_EDGE('',*,*,#11945,.T.);
#11943=ORIENTED_EDGE('',*,*,#11946,.T.);
#11944=ORIENTED_EDGE('',*,*,#11947,.T.);
#11945=EDGE_CURVE('',#745,#353,#11948,.F.);
#11946=EDGE_CURVE('',#353,#741,#11949,.T.);
#11947=EDGE_CURVE('',#741,#745,#11950,.T.);
#11948=LINE('',#744,#11951);
#11949=LINE('',#352,#11952);
#11950=LINE('',#740,#11953);
#11951=VECTOR('',#11954,1.0);
#11952=VECTOR('',#11955,1.0);
#11953=VECTOR('',#11956,1.0);
#11954=DIRECTION('',(-0.026968188174292588,-0.9986846736923214,-0.043607790114353645));
#11955=DIRECTION('',(-0.04496894140133116,0.9947654748362479,-0.09175753038883568));
#11956=DIRECTION('',(0.37892504953471867,0.5948524446224973,0.7089191603855477));
#11957=FACE_SURFACE('',(#11962),#11958,.T.);
#11958=PLANE('',#11959);
#11959=AXIS2_PLACEMENT_3D('',#740,#11960,#11961);
#11960=DIRECTION('',(0.8960985939075105,-0.000432684097841606,-0.4438548442694457));
#11961=DIRECTION('',(0.04496894140133116,-0.9947654748362479,0.09175753038883568));
#11962=FACE_BOUND('',#11963,.T.);
#11963=EDGE_LOOP('',(#11964,#11965,#11966));
#11964=ORIENTED_EDGE('',*,*,#11967,.T.);
#11965=ORIENTED_EDGE('',*,*,#11968,.T.);
#11966=ORIENTED_EDGE('',*,*,#11969,.T.);
#11967=EDGE_CURVE('',#741,#353,#11970,.F.);
#11968=EDGE_CURVE('',#353,#357,#11971,.T.);
#11969=EDGE_CURVE('',#357,#741,#11972,.T.);
#11970=LINE('',#740,#11973);
#11971=LINE('',#352,#11974);
#11972=LINE('',#356,#11975);
#11973=VECTOR('',#11976,1.0);
#11974=VECTOR('',#11977,1.0);
#11975=VECTOR('',#11978,1.0);
#11976=DIRECTION('',(0.04496894140133116,-0.9947654748362479,0.09175753038883568));
#11977=DIRECTION('',(-0.35501066928625846,-0.600918760449021,-0.7161452841660937));
#11978=DIRECTION('',(-0.0026704300515786195,0.9999761702438568,-0.0063661407280207576));
#11979=FACE_SURFACE('',(#11984),#11980,.T.);
#11980=PLANE('',#11981);
#11981=AXIS2_PLACEMENT_3D('',#740,#11982,#11983);
#11982=DIRECTION('',(0.9415470574605771,0.0003697106821534706,-0.3368812875499918));
#11983=DIRECTION('',(0.0026704300515786195,-0.9999761702438568,0.0063661407280207576));
#11984=FACE_BOUND('',#11985,.T.);
#11985=EDGE_LOOP('',(#11986,#11987,#11988));
#11986=ORIENTED_EDGE('',*,*,#11989,.T.);
#11987=ORIENTED_EDGE('',*,*,#11990,.T.);
#11988=ORIENTED_EDGE('',*,*,#11991,.T.);
#11989=EDGE_CURVE('',#741,#357,#11992,.F.);
#11990=EDGE_CURVE('',#357,#361,#11993,.T.);
#11991=EDGE_CURVE('',#361,#741,#11994,.T.);
#11992=LINE('',#740,#11995);
#11993=LINE('',#356,#11996);
#11994=LINE('',#360,#11997);
#11995=VECTOR('',#11998,1.0);
#11996=VECTOR('',#11999,1.0);
#11997=VECTOR('',#12000,1.0);
#11998=DIRECTION('',(0.0026704300515786195,-0.9999761702438568,0.0063661407280207576));
#11999=DIRECTION('',(-0.26411175411929433,-0.6199628521880985,-0.7388443971790184));
#12000=DIRECTION('',(0.02540866837830272,0.9970730810935632,0.07210874100849445));
#12001=FACE_SURFACE('',(#12006),#12002,.T.);
#12002=PLANE('',#12003);
#12003=AXIS2_PLACEMENT_3D('',#740,#12004,#12005);
#12004=DIRECTION('',(0.9577722655045101,-0.0036146619979710724,-0.2875051680387649));
#12005=DIRECTION('',(-0.02540866837830272,-0.9970730810935632,-0.07210874100849445));
#12006=FACE_BOUND('',#12007,.T.);
#12007=EDGE_LOOP('',(#12008,#12009,#12010));
#12008=ORIENTED_EDGE('',*,*,#12011,.T.);
#12009=ORIENTED_EDGE('',*,*,#12012,.T.);
#12010=ORIENTED_EDGE('',*,*,#12013,.T.);
#12011=EDGE_CURVE('',#741,#361,#12014,.F.);
#12012=EDGE_CURVE('',#361,#737,#12015,.T.);
#12013=EDGE_CURVE('',#737,#741,#12016,.T.);
#12014=LINE('',#740,#12017);
#12015=LINE('',#360,#12018);
#12016=LINE('',#736,#12019);
#12017=VECTOR('',#12020,1.0);
#12018=VECTOR('',#12021,1.0);
#12019=VECTOR('',#12022,1.0);
#12020=DIRECTION('',(-0.02540866837830272,-0.9970730810935632,-0.07210874100849445));
#12021=DIRECTION('',(-0.0168494655022416,0.9974969909736389,-0.06867203587214428));
#12022=DIRECTION('',(0.22634671442694274,0.6261065232723306,0.7461620376191505));
#12023=FACE_SURFACE('',(#12028),#12024,.T.);
#12024=PLANE('',#12025);
#12025=AXIS2_PLACEMENT_3D('',#736,#12026,#12027);
#12026=DIRECTION('',(0.9743028302320004,0.0009511683679992134,-0.2252400725462713));
#12027=DIRECTION('',(0.0168494655022416,-0.9974969909736389,0.06867203587214428));
#12028=FACE_BOUND('',#12029,.T.);
#12029=EDGE_LOOP('',(#12030,#12031,#12032));
#12030=ORIENTED_EDGE('',*,*,#12033,.T.);
#12031=ORIENTED_EDGE('',*,*,#12034,.T.);
#12032=ORIENTED_EDGE('',*,*,#12035,.T.);
#12033=EDGE_CURVE('',#737,#361,#12036,.F.);
#12034=EDGE_CURVE('',#361,#365,#12037,.T.);
#12035=EDGE_CURVE('',#365,#737,#12038,.T.);
#12036=LINE('',#736,#12039);
#12037=LINE('',#360,#12040);
#12038=LINE('',#364,#12041);
#12039=VECTOR('',#12042,1.0);
#12040=VECTOR('',#12043,1.0);
#12041=VECTOR('',#12044,1.0);
#12042=DIRECTION('',(0.0168494655022416,-0.9974969909736389,0.06867203587214428));
#12043=DIRECTION('',(-0.17378231472965985,-0.6330059401428797,-0.754389280697327));
#12044=DIRECTION('',(0.0038262060165798434,0.9997769031104716,0.02077267807369475));
#12045=FACE_SURFACE('',(#12050),#12046,.T.);
#12046=PLANE('',#12047);
#12047=AXIS2_PLACEMENT_3D('',#736,#12048,#12049);
#12048=DIRECTION('',(0.9941503136662976,-0.001560846231425292,-0.10799406278237703));
#12049=DIRECTION('',(-0.0038262060165798434,-0.9997769031104716,-0.02077267807369475));
#12050=FACE_BOUND('',#12051,.T.);
#12051=EDGE_LOOP('',(#12052,#12053,#12054));
#12052=ORIENTED_EDGE('',*,*,#12055,.T.);
#12053=ORIENTED_EDGE('',*,*,#12056,.T.);
#12054=ORIENTED_EDGE('',*,*,#12057,.T.);
#12055=EDGE_CURVE('',#737,#365,#12058,.F.);
#12056=EDGE_CURVE('',#365,#369,#12059,.T.);
#12057=EDGE_CURVE('',#369,#737,#12060,.T.);
#12058=LINE('',#736,#12061);
#12059=LINE('',#364,#12062);
#12060=LINE('',#368,#12063);
#12061=VECTOR('',#12064,1.0);
#12062=VECTOR('',#12065,1.0);
#12063=VECTOR('',#12066,1.0);
#12064=DIRECTION('',(-0.0038262060165798434,-0.9997769031104716,-0.02077267807369475));
#12065=DIRECTION('',(-0.08392699745594112,-0.6405207004329642,-0.7633410059828408));
#12066=DIRECTION('',(0.012365376962274653,0.9949656834926122,0.0994504204348078));
#12067=FACE_SURFACE('',(#12072),#12068,.T.);
#12068=PLANE('',#12069);
#12069=AXIS2_PLACEMENT_3D('',#736,#12070,#12071);
#12070=DIRECTION('',(0.9954078123367055,-0.002806919867029088,-0.09568389801797536));
#12071=DIRECTION('',(-0.012365376962274653,-0.9949656834926122,-0.0994504204348078));
#12072=FACE_BOUND('',#12073,.T.);
#12073=EDGE_LOOP('',(#12074,#12075,#12076));
#12074=ORIENTED_EDGE('',*,*,#12077,.T.);
#12075=ORIENTED_EDGE('',*,*,#12078,.T.);
#12076=ORIENTED_EDGE('',*,*,#12079,.T.);
#12077=EDGE_CURVE('',#737,#369,#12080,.F.);
#12078=EDGE_CURVE('',#369,#733,#12081,.T.);
#12079=EDGE_CURVE('',#733,#737,#12082,.T.);
#12080=LINE('',#736,#12083);
#12081=LINE('',#368,#12084);
#12082=LINE('',#732,#12085);
#12083=VECTOR('',#12086,1.0);
#12084=VECTOR('',#12087,1.0);
#12085=VECTOR('',#12088,1.0);
#12086=DIRECTION('',(-0.012365376962274653,-0.9949656834926122,-0.0994504204348078));
#12087=DIRECTION('',(-0.0010192526259535416,0.9992025461701652,-0.039915321007641766));
#12088=DIRECTION('',(0.0752349674208429,0.6409664199811159,0.7638728612365913));
#12089=FACE_SURFACE('',(#12094),#12090,.T.);
#12090=PLANE('',#12091);
#12091=AXIS2_PLACEMENT_3D('',#732,#12092,#12093);
#12092=DIRECTION('',(0.9999791852766261,0.0012727220084097794,0.006325281984565212));
#12093=DIRECTION('',(0.0010192526259535416,-0.9992025461701652,0.039915321007641766));
#12094=FACE_BOUND('',#12095,.T.);
#12095=EDGE_LOOP('',(#12096,#12097,#12098));
#12096=ORIENTED_EDGE('',*,*,#12099,.T.);
#12097=ORIENTED_EDGE('',*,*,#12100,.T.);
#12098=ORIENTED_EDGE('',*,*,#12101,.T.);
#12099=EDGE_CURVE('',#733,#369,#12102,.F.);
#12100=EDGE_CURVE('',#369,#373,#12103,.T.);
#12101=EDGE_CURVE('',#373,#733,#12104,.T.);
#12102=LINE('',#732,#12105);
#12103=LINE('',#368,#12106);
#12104=LINE('',#372,#12107);
#12105=VECTOR('',#12108,1.0);
#12106=VECTOR('',#12109,1.0);
#12107=VECTOR('',#12110,1.0);
#12108=DIRECTION('',(0.0010192526259535416,-0.9992025461701652,0.039915321007641766));
#12109=DIRECTION('',(0.005663570478162861,-0.6427757212809894,-0.7660334823629726));
#12110=DIRECTION('',(-0.0015735215709953613,0.9988566440992352,0.047780001765167404));
#12111=FACE_SURFACE('',(#12116),#12112,.T.);
#12112=PLANE('',#12113);
#12113=AXIS2_PLACEMENT_3D('',#732,#12114,#12115);
#12114=DIRECTION('',(0.9949097436935243,-0.0032504919299702474,0.10071760623594639));
#12115=DIRECTION('',(0.0015735215709953613,-0.9988566440992352,-0.047780001765167404));
#12116=FACE_BOUND('',#12117,.T.);
#12117=EDGE_LOOP('',(#12118,#12119,#12120));
#12118=ORIENTED_EDGE('',*,*,#12121,.T.);
#12119=ORIENTED_EDGE('',*,*,#12122,.T.);
#12120=ORIENTED_EDGE('',*,*,#12123,.T.);
#12121=EDGE_CURVE('',#733,#373,#12124,.F.);
#12122=EDGE_CURVE('',#373,#729,#12125,.T.);
#12123=EDGE_CURVE('',#729,#733,#12126,.T.);
#12124=LINE('',#732,#12127);
#12125=LINE('',#372,#12128);
#12126=LINE('',#728,#12129);
#12127=VECTOR('',#12130,1.0);
#12128=VECTOR('',#12131,1.0);
#12129=VECTOR('',#12132,1.0);
#12130=DIRECTION('',(0.0015735215709953613,-0.9988566440992352,-0.047780001765167404));
#12131=DIRECTION('',(0.013986599884644412,0.9942598114959189,-0.10607451280947172));
#12132=DIRECTION('',(-0.07523514955261595,0.6409641947929392,0.7638747104501069));
#12133=FACE_SURFACE('',(#12138),#12134,.T.);
#12134=PLANE('',#12135);
#12135=AXIS2_PLACEMENT_3D('',#728,#12136,#12137);
#12136=DIRECTION('',(0.9922150249801631,-0.0006716114021588457,0.12453470657506975));
#12137=DIRECTION('',(-0.013986599884644412,-0.9942598114959189,0.10607451280947172));
#12138=FACE_BOUND('',#12139,.T.);
#12139=EDGE_LOOP('',(#12140,#12141,#12142));
#12140=ORIENTED_EDGE('',*,*,#12143,.T.);
#12141=ORIENTED_EDGE('',*,*,#12144,.T.);
#12142=ORIENTED_EDGE('',*,*,#12145,.T.);
#12143=EDGE_CURVE('',#729,#373,#12146,.F.);
#12144=EDGE_CURVE('',#373,#377,#12147,.T.);
#12145=EDGE_CURVE('',#377,#729,#12148,.T.);
#12146=LINE('',#728,#12149);
#12147=LINE('',#372,#12150);
#12148=LINE('',#376,#12151);
#12149=VECTOR('',#12152,1.0);
#12150=VECTOR('',#12153,1.0);
#12151=VECTOR('',#12154,1.0);
#12152=DIRECTION('',(-0.013986599884644412,-0.9942598114959189,0.10607451280947172));
#12153=DIRECTION('',(0.09527687887978695,-0.6398657380824581,-0.7625576395126585));
#12154=DIRECTION('',(0.001957231597094237,0.9999460496171263,-0.010201328324248752));
#12155=FACE_SURFACE('',(#12160),#12156,.T.);
#12156=PLANE('',#12157);
#12157=AXIS2_PLACEMENT_3D('',#728,#12158,#12159);
#12158=DIRECTION('',(0.9711552451068544,0.000531734125222377,0.23844749350803798));
#12159=DIRECTION('',(-0.001957231597094237,-0.9999460496171263,0.010201328324248752));
#12160=FACE_BOUND('',#12161,.T.);
#12161=EDGE_LOOP('',(#12162,#12163,#12164));
#12162=ORIENTED_EDGE('',*,*,#12165,.T.);
#12163=ORIENTED_EDGE('',*,*,#12166,.T.);
#12164=ORIENTED_EDGE('',*,*,#12167,.T.);
#12165=EDGE_CURVE('',#729,#377,#12168,.F.);
#12166=EDGE_CURVE('',#377,#379,#12169,.T.);
#12167=EDGE_CURVE('',#379,#729,#12170,.T.);
#12168=LINE('',#728,#12171);
#12169=LINE('',#376,#12172);
#12170=LINE('',#378,#12173);
#12171=VECTOR('',#12174,1.0);
#12172=VECTOR('',#12175,1.0);
#12173=VECTOR('',#12176,1.0);
#12174=DIRECTION('',(-0.001957231597094237,-0.9999460496171263,0.010201328324248752));
#12175=DIRECTION('',(0.18517957858453044,-0.6316701803760981,-0.7527956607864337));
#12176=DIRECTION('',(-0.017999758089825516,0.9973077770702536,0.07108590932032284));
#12177=FACE_SURFACE('',(#12182),#12178,.T.);
#12178=PLANE('',#12179);
#12179=AXIS2_PLACEMENT_3D('',#728,#12180,#12181);
#12180=DIRECTION('',(0.9560829991734349,-0.0036339189184219495,0.29307352887086896));
#12181=DIRECTION('',(0.017999758089825516,-0.9973077770702536,-0.07108590932032284));
#12182=FACE_BOUND('',#12183,.T.);
#12183=EDGE_LOOP('',(#12184,#12185,#12186));
#12184=ORIENTED_EDGE('',*,*,#12187,.T.);
#12185=ORIENTED_EDGE('',*,*,#12188,.T.);
#12186=ORIENTED_EDGE('',*,*,#12189,.T.);
#12187=EDGE_CURVE('',#729,#379,#12190,.F.);
#12188=EDGE_CURVE('',#379,#725,#12191,.T.);
#12189=EDGE_CURVE('',#725,#729,#12192,.T.);
#12190=LINE('',#728,#12193);
#12191=LINE('',#378,#12194);
#12192=LINE('',#724,#12195);
#12193=VECTOR('',#12196,1.0);
#12194=VECTOR('',#12197,1.0);
#12195=VECTOR('',#12198,1.0);
#12196=DIRECTION('',(0.017999758089825516,-0.9973077770702536,-0.07108590932032284));
#12197=DIRECTION('',(0.025239540434607584,0.9972295322495477,-0.06997303486342428));
#12198=DIRECTION('',(-0.22634606643550664,0.6261047308378073,0.7461637382181542));
#12199=FACE_SURFACE('',(#12204),#12200,.T.);
#12200=PLANE('',#12201);
#12201=AXIS2_PLACEMENT_3D('',#724,#12202,#12203);
#12202=DIRECTION('',(0.9220509871308745,0.003821477507021573,0.3870495749133993));
#12203=DIRECTION('',(-0.025239540434607584,-0.9972295322495477,0.06997303486342428));
#12204=FACE_BOUND('',#12205,.T.);
#12205=EDGE_LOOP('',(#12206,#12207,#12208));
#12206=ORIENTED_EDGE('',*,*,#12209,.T.);
#12207=ORIENTED_EDGE('',*,*,#12210,.T.);
#12208=ORIENTED_EDGE('',*,*,#12211,.T.);
#12209=EDGE_CURVE('',#725,#379,#12212,.F.);
#12210=EDGE_CURVE('',#379,#821,#12213,.T.);
#12211=EDGE_CURVE('',#821,#725,#12214,.T.);
#12212=LINE('',#724,#12215);
#12213=LINE('',#378,#12216);
#12214=LINE('',#820,#12217);
#12215=VECTOR('',#12218,1.0);
#12216=VECTOR('',#12219,1.0);
#12217=VECTOR('',#12220,1.0);
#12218=DIRECTION('',(-0.025239540434607584,-0.9972295322495477,0.06997303486342428));
#12219=DIRECTION('',(0.38705240112042266,0,-0.9220577198781623));
#12220=DIRECTION('',(-0.035177482582214314,0.9966404723881234,0.07396156783868425));
#12221=FACE_SURFACE('',(#12226),#12222,.T.);
#12222=PLANE('',#12223);
#12223=AXIS2_PLACEMENT_3D('',#724,#12224,#12225);
#12224=DIRECTION('',(0.8804771435248707,-0.004103839933570968,0.47407083671966577));
#12225=DIRECTION('',(0.035177482582214314,-0.9966404723881234,-0.07396156783868425));
#12226=FACE_BOUND('',#12227,.T.);
#12227=EDGE_LOOP('',(#12228,#12229,#12230));
#12228=ORIENTED_EDGE('',*,*,#12231,.T.);
#12229=ORIENTED_EDGE('',*,*,#12232,.T.);
#12230=ORIENTED_EDGE('',*,*,#12233,.T.);
#12231=EDGE_CURVE('',#725,#821,#12234,.F.);
#12232=EDGE_CURVE('',#821,#721,#12235,.T.);
#12233=EDGE_CURVE('',#721,#725,#12236,.T.);
#12234=LINE('',#724,#12237);
#12235=LINE('',#820,#12238);
#12236=LINE('',#720,#12239);
#12237=VECTOR('',#12240,1.0);
#12238=VECTOR('',#12241,1.0);
#12239=VECTOR('',#12242,1.0);
#12240=DIRECTION('',(0.035177482582214314,-0.9966404723881234,-0.07396156783868425));
#12241=DIRECTION('',(0.04376526951999765,0.9963961790643971,-0.07265848560018105));
#12242=DIRECTION('',(-0.3789261120358129,0.5948541125813036,0.70891719288118));
#12243=FACE_SURFACE('',(#12248),#12244,.T.);
#12244=PLANE('',#12245);
#12245=AXIS2_PLACEMENT_3D('',#720,#12246,#12247);
#12246=DIRECTION('',(0.8292621469919359,0.0043274042147184565,0.558843059489055));
#12247=DIRECTION('',(-0.04376526951999765,-0.9963961790643971,0.07265848560018105));
#12248=FACE_BOUND('',#12249,.T.);
#12249=EDGE_LOOP('',(#12250,#12251,#12252));
#12250=ORIENTED_EDGE('',*,*,#12253,.T.);
#12251=ORIENTED_EDGE('',*,*,#12254,.T.);
#12252=ORIENTED_EDGE('',*,*,#12255,.T.);
#12253=EDGE_CURVE('',#721,#821,#12256,.F.);
#12254=EDGE_CURVE('',#821,#825,#12257,.T.);
#12255=EDGE_CURVE('',#825,#721,#12258,.T.);
#12256=LINE('',#720,#12259);
#12257=LINE('',#820,#12260);
#12258=LINE('',#824,#12261);
#12259=VECTOR('',#12262,1.0);
#12260=VECTOR('',#12263,1.0);
#12261=VECTOR('',#12264,1.0);
#12262=DIRECTION('',(-0.04376526951999765,-0.9963961790643971,0.07265848560018105));
#12263=DIRECTION('',(0.5588482921294919,0,-0.8292699116596177));
#12264=DIRECTION('',(-0.05486992692235681,0.9957690952797695,0.07371024355708392));
#12265=FACE_SURFACE('',(#12270),#12266,.T.);
#12266=PLANE('',#12267);
#12267=AXIS2_PLACEMENT_3D('',#720,#12268,#12269);
#12268=DIRECTION('',(0.7710892151348528,-0.004642094973822224,0.6367101956596664));
#12269=DIRECTION('',(0.05486992692235681,-0.9957690952797695,-0.07371024355708392));
#12270=FACE_BOUND('',#12271,.T.);
#12271=EDGE_LOOP('',(#12272,#12273,#12274));
#12272=ORIENTED_EDGE('',*,*,#12275,.T.);
#12273=ORIENTED_EDGE('',*,*,#12276,.T.);
#12274=ORIENTED_EDGE('',*,*,#12277,.T.);
#12275=EDGE_CURVE('',#721,#825,#12278,.F.);
#12276=EDGE_CURVE('',#825,#717,#12279,.T.);
#12277=EDGE_CURVE('',#717,#721,#12280,.T.);
#12278=LINE('',#720,#12281);
#12279=LINE('',#824,#12282);
#12280=LINE('',#716,#12283);
#12281=VECTOR('',#12284,1.0);
#12282=VECTOR('',#12285,1.0);
#12283=VECTOR('',#12286,1.0);
#12284=DIRECTION('',(0.05486992692235681,-0.9957690952797695,-0.07371024355708392));
#12285=DIRECTION('',(0.06499209374380563,0.9953243783028172,-0.07145214977106663));
#12286=DIRECTION('',(-0.5322339783993849,0.5441829516632504,0.6485305754983612));
#12287=FACE_SURFACE('',(#12292),#12288,.T.);
#12288=PLANE('',#12289);
#12289=AXIS2_PLACEMENT_3D('',#716,#12290,#12291);
#12290=DIRECTION('',(0.7048630193523023,0.004895272186094438,0.7093265540354314));
#12291=DIRECTION('',(-0.06499209374380563,-0.9953243783028172,0.07145214977106663));
#12292=FACE_BOUND('',#12293,.T.);
#12293=EDGE_LOOP('',(#12294,#12295,#12296));
#12294=ORIENTED_EDGE('',*,*,#12297,.T.);
#12295=ORIENTED_EDGE('',*,*,#12298,.T.);
#12296=ORIENTED_EDGE('',*,*,#12299,.T.);
#12297=EDGE_CURVE('',#717,#825,#12300,.F.);
#12298=EDGE_CURVE('',#825,#829,#12301,.T.);
#12299=EDGE_CURVE('',#829,#717,#12302,.T.);
#12300=LINE('',#716,#12303);
#12301=LINE('',#824,#12304);
#12302=LINE('',#828,#12305);
#12303=VECTOR('',#12306,1.0);
#12304=VECTOR('',#12307,1.0);
#12305=VECTOR('',#12308,1.0);
#12306=DIRECTION('',(-0.06499209374380563,-0.9953243783028172,0.07145214977106663));
#12307=DIRECTION('',(0.7093350532289311,0,-0.7048714650634605));
#12308=DIRECTION('',(-0.07638417655842254,0.9946854215169658,0.0690389005786428));
#12309=FACE_SURFACE('',(#12314),#12310,.T.);
#12310=PLANE('',#12311);
#12311=AXIS2_PLACEMENT_3D('',#716,#12312,#12313);
#12312=DIRECTION('',(0.6716264811998814,0.0001522204390925858,0.7408899017937843));
#12313=DIRECTION('',(0.07638417655842254,-0.9946854215169658,-0.0690389005786428));
#12314=FACE_BOUND('',#12315,.T.);
#12315=EDGE_LOOP('',(#12316,#12317,#12318));
#12316=ORIENTED_EDGE('',*,*,#12319,.T.);
#12317=ORIENTED_EDGE('',*,*,#12320,.T.);
#12318=ORIENTED_EDGE('',*,*,#12321,.T.);
#12319=EDGE_CURVE('',#717,#829,#12322,.F.);
#12320=EDGE_CURVE('',#829,#713,#12323,.T.);
#12321=EDGE_CURVE('',#713,#717,#12324,.T.);
#12322=LINE('',#716,#12325);
#12323=LINE('',#828,#12326);
#12324=LINE('',#712,#12327);
#12325=VECTOR('',#12328,1.0);
#12326=VECTOR('',#12329,1.0);
#12327=VECTOR('',#12330,1.0);
#12328=DIRECTION('',(0.07638417655842254,-0.9946854215169658,-0.0690389005786428));
#12329=DIRECTION('',(-0.0023248804270839273,0.9999954885020746,0.0019020795190898736));
#12330=DIRECTION('',(-0.6455156304639245,0.4909231060314972,0.5850675813879535));
#12331=FACE_SURFACE('',(#12336),#12332,.T.);
#12332=PLANE('',#12333);
#12333=AXIS2_PLACEMENT_3D('',#712,#12334,#12335);
#12334=DIRECTION('',(0.5956413124706532,-0.00014305218934855069,0.8032505253121898));
#12335=DIRECTION('',(0.0023248804270839273,-0.9999954885020746,-0.0019020795190898736));
#12336=FACE_BOUND('',#12337,.T.);
#12337=EDGE_LOOP('',(#12338,#12339,#12340));
#12338=ORIENTED_EDGE('',*,*,#12341,.T.);
#12339=ORIENTED_EDGE('',*,*,#12342,.T.);
#12340=ORIENTED_EDGE('',*,*,#12343,.T.);
#12341=EDGE_CURVE('',#713,#829,#12344,.F.);
#12342=EDGE_CURVE('',#829,#639,#12345,.T.);
#12343=EDGE_CURVE('',#639,#713,#12346,.T.);
#12344=LINE('',#712,#12347);
#12345=LINE('',#828,#12348);
#12346=LINE('',#638,#12349);
#12347=VECTOR('',#12350,1.0);
#12348=VECTOR('',#12351,1.0);
#12349=VECTOR('',#12352,1.0);
#12350=DIRECTION('',(0.0023248804270839273,-0.9999954885020746,-0.0019020795190898736));
#12351=DIRECTION('',(0.08758354077986333,0.9940493090928699,-0.06476954899063182));
#12352=DIRECTION('',(-0.718452913874838,0.44710926780015064,0.5328402323323265));
#12353=FACE_SURFACE('',(#12358),#12354,.T.);
#12354=PLANE('',#12355);
#12355=AXIS2_PLACEMENT_3D('',#638,#12356,#12357);
#12356=DIRECTION('',(0.5535912072385339,0.005485332391227974,0.8327704884280785));
#12357=DIRECTION('',(-0.08758354077986333,-0.9940493090928699,0.06476954899063182));
#12358=FACE_BOUND('',#12359,.T.);
#12359=EDGE_LOOP('',(#12360,#12361,#12362));
#12360=ORIENTED_EDGE('',*,*,#12363,.T.);
#12361=ORIENTED_EDGE('',*,*,#12364,.T.);
#12362=ORIENTED_EDGE('',*,*,#12365,.T.);
#12363=EDGE_CURVE('',#639,#829,#12366,.F.);
#12364=EDGE_CURVE('',#829,#833,#12367,.T.);
#12365=EDGE_CURVE('',#833,#639,#12368,.T.);
#12366=LINE('',#638,#12369);
#12367=LINE('',#828,#12370);
#12368=LINE('',#832,#12371);
#12369=VECTOR('',#12372,1.0);
#12370=VECTOR('',#12373,1.0);
#12371=VECTOR('',#12374,1.0);
#12372=DIRECTION('',(-0.08758354077986333,-0.9940493090928699,0.06476954899063182));
#12373=DIRECTION('',(0.8327830172728968,0,-0.5535995358938174));
#12374=DIRECTION('',(-0.0980641488264683,0.9934506308525757,0.05864526215782226));
#12375=FACE_SURFACE('',(#12380),#12376,.T.);
#12376=PLANE('',#12377);
#12377=AXIS2_PLACEMENT_3D('',#638,#12378,#12379);
#12378=DIRECTION('',(0.5141438860737052,0.00011959335960357893,0.8577039408271697));
#12379=DIRECTION('',(0.0980641488264683,-0.9934506308525757,-0.05864526215782226));
#12380=FACE_BOUND('',#12381,.T.);
#12381=EDGE_LOOP('',(#12382,#12383,#12384));
#12382=ORIENTED_EDGE('',*,*,#12385,.T.);
#12383=ORIENTED_EDGE('',*,*,#12386,.T.);
#12384=ORIENTED_EDGE('',*,*,#12387,.T.);
#12385=EDGE_CURVE('',#639,#833,#12388,.F.);
#12386=EDGE_CURVE('',#833,#641,#12389,.T.);
#12387=EDGE_CURVE('',#641,#639,#12390,.T.);
#12388=LINE('',#638,#12391);
#12389=LINE('',#832,#12392);
#12390=LINE('',#640,#12393);
#12391=VECTOR('',#12394,1.0);
#12392=VECTOR('',#12395,1.0);
#12393=VECTOR('',#12396,1.0);
#12394=DIRECTION('',(0.0980641488264683,-0.9934506308525757,-0.05864526215782226));
#12395=DIRECTION('',(-0.002102109431104156,0.9999971626255808,0.0011206590594193394));
#12396=DIRECTION('',(-0.7875737571533535,0.3961018650968495,0.4720496684779557));
#12397=FACE_SURFACE('',(#12402),#12398,.T.);
#12398=PLANE('',#12399);
#12399=AXIS2_PLACEMENT_3D('',#640,#12400,#12401);
#12400=DIRECTION('',(0.4275153059335022,-0.00011440123835590178,0.904008102897834));
#12401=DIRECTION('',(0.002102109431104156,-0.9999971626255808,-0.0011206590594193394));
#12402=FACE_BOUND('',#12403,.T.);
#12403=EDGE_LOOP('',(#12404,#12405,#12406));
#12404=ORIENTED_EDGE('',*,*,#12407,.T.);
#12405=ORIENTED_EDGE('',*,*,#12408,.T.);
#12406=ORIENTED_EDGE('',*,*,#12409,.T.);
#12407=EDGE_CURVE('',#641,#833,#12410,.F.);
#12408=EDGE_CURVE('',#833,#773,#12411,.T.);
#12409=EDGE_CURVE('',#773,#641,#12412,.T.);
#12410=LINE('',#640,#12413);
#12411=LINE('',#832,#12414);
#12412=LINE('',#772,#12415);
#12413=VECTOR('',#12416,1.0);
#12414=VECTOR('',#12417,1.0);
#12415=VECTOR('',#12418,1.0);
#12416=DIRECTION('',(0.002102109431104156,-0.9999971626255808,-0.0011206590594193394));
#12417=DIRECTION('',(0.10890201127987009,0.9927239939574489,-0.05137532248434042));
#12418=DIRECTION('',(-0.8508897505675708,0.33768396050827465,0.4024377904651889));
#12419=FACE_SURFACE('',(#12424),#12420,.T.);
#12420=PLANE('',#12421);
#12421=AXIS2_PLACEMENT_3D('',#772,#12422,#12423);
#12422=DIRECTION('',(0.3812188000459557,0.006023028516440453,0.9244652235855126));
#12423=DIRECTION('',(-0.10890201127987009,-0.9927239939574489,0.05137532248434042));
#12424=FACE_BOUND('',#12425,.T.);
#12425=EDGE_LOOP('',(#12426,#12427,#12428));
#12426=ORIENTED_EDGE('',*,*,#12429,.T.);
#12427=ORIENTED_EDGE('',*,*,#12430,.T.);
#12428=ORIENTED_EDGE('',*,*,#12431,.T.);
#12429=EDGE_CURVE('',#773,#833,#12432,.F.);
#12430=EDGE_CURVE('',#833,#837,#12433,.T.);
#12431=EDGE_CURVE('',#837,#773,#12434,.T.);
#12432=LINE('',#772,#12435);
#12433=LINE('',#832,#12436);
#12434=LINE('',#836,#12437);
#12435=VECTOR('',#12438,1.0);
#12436=VECTOR('',#12439,1.0);
#12437=VECTOR('',#12440,1.0);
#12438=DIRECTION('',(-0.10890201127987009,-0.9927239939574489,0.05137532248434042));
#12439=DIRECTION('',(0.9244819923952818,0,-0.3812257149469983));
#12440=DIRECTION('',(-0.11705796601130836,0.9922447652485866,0.041806200856721876));
#12441=FACE_SURFACE('',(#12446),#12442,.T.);
#12442=PLANE('',#12443);
#12443=AXIS2_PLACEMENT_3D('',#772,#12444,#12445);
#12444=DIRECTION('',(0.3369173615624665,7.749336632910659E-05,0.941534218959972));
#12445=DIRECTION('',(0.11705796601130836,-0.9922447652485866,-0.041806200856721876));
#12446=FACE_BOUND('',#12447,.T.);
#12447=EDGE_LOOP('',(#12448,#12449,#12450));
#12448=ORIENTED_EDGE('',*,*,#12451,.T.);
#12449=ORIENTED_EDGE('',*,*,#12452,.T.);
#12450=ORIENTED_EDGE('',*,*,#12453,.T.);
#12451=EDGE_CURVE('',#773,#837,#12454,.F.);
#12452=EDGE_CURVE('',#837,#775,#12455,.T.);
#12453=EDGE_CURVE('',#775,#773,#12456,.T.);
#12454=LINE('',#772,#12457);
#12455=LINE('',#836,#12458);
#12456=LINE('',#774,#12459);
#12457=VECTOR('',#12460,1.0);
#12458=VECTOR('',#12461,1.0);
#12459=VECTOR('',#12462,1.0);
#12460=DIRECTION('',(0.11705796601130836,-0.9922447652485866,-0.041806200856721876));
#12461=DIRECTION('',(-0.0014807802122267873,0.9999988034825228,0.00044757511736101275));
#12462=DIRECTION('',(-0.9060353993768473,0.2720281666779218,0.32419212144943566));
#12463=FACE_SURFACE('',(#12468),#12464,.T.);
#12464=PLANE('',#12465);
#12465=AXIS2_PLACEMENT_3D('',#774,#12466,#12467);
#12466=DIRECTION('',(0.24296378094360419,-7.438781906285288E-05,0.9700353579205455));
#12467=DIRECTION('',(0.0014807802122267873,-0.9999988034825228,-0.00044757511736101275));
#12468=FACE_BOUND('',#12469,.T.);
#12469=EDGE_LOOP('',(#12470,#12471,#12472));
#12470=ORIENTED_EDGE('',*,*,#12473,.T.);
#12471=ORIENTED_EDGE('',*,*,#12474,.T.);
#12472=ORIENTED_EDGE('',*,*,#12475,.T.);
#12473=EDGE_CURVE('',#775,#837,#12476,.F.);
#12474=EDGE_CURVE('',#837,#777,#12477,.T.);
#12475=EDGE_CURVE('',#777,#775,#12478,.T.);
#12476=LINE('',#774,#12479);
#12477=LINE('',#836,#12480);
#12478=LINE('',#776,#12481);
#12479=VECTOR('',#12482,1.0);
#12480=VECTOR('',#12483,1.0);
#12481=VECTOR('',#12484,1.0);
#12482=DIRECTION('',(0.0014807802122267873,-0.9999988034825228,-0.00044757511736101275));
#12483=DIRECTION('',(0.12518933819874004,0.991639647757971,-0.03128000312993315));
#12484=DIRECTION('',(-0.9504789071975662,0.19976829613472613,0.23808081575790327));
#12485=FACE_SURFACE('',(#12490),#12486,.T.);
#12486=PLANE('',#12487);
#12487=AXIS2_PLACEMENT_3D('',#776,#12488,#12489);
#12488=DIRECTION('',(0.19431381909393444,0.006410710155192846,0.980918468836445));
#12489=DIRECTION('',(-0.12518933819874004,-0.991639647757971,0.03128000312993315));
#12490=FACE_BOUND('',#12491,.T.);
#12491=EDGE_LOOP('',(#12492,#12493,#12494));
#12492=ORIENTED_EDGE('',*,*,#12495,.T.);
#12493=ORIENTED_EDGE('',*,*,#12496,.T.);
#12494=ORIENTED_EDGE('',*,*,#12497,.T.);
#12495=EDGE_CURVE('',#777,#837,#12498,.F.);
#12496=EDGE_CURVE('',#837,#841,#12499,.T.);
#12497=EDGE_CURVE('',#841,#777,#12500,.T.);
#12498=LINE('',#776,#12501);
#12499=LINE('',#836,#12502);
#12500=LINE('',#840,#12503);
#12501=VECTOR('',#12504,1.0);
#12502=VECTOR('',#12505,1.0);
#12503=VECTOR('',#12506,1.0);
#12504=DIRECTION('',(-0.12518933819874004,-0.991639647757971,0.03128000312993315));
#12505=DIRECTION('',(0.9809386259612991,0,-0.19431781209440982));
#12506=DIRECTION('',(-0.12968515104362333,0.9913691070589947,0.019210808620257157));
#12507=FACE_SURFACE('',(#12512),#12508,.T.);
#12508=PLANE('',#12509);
#12509=AXIS2_PLACEMENT_3D('',#776,#12510,#12511);
#12510=DIRECTION('',(0.14673356388978112,2.6521486483563302E-05,0.9891760513300017));
#12511=DIRECTION('',(0.12968515104362333,-0.9913691070589947,-0.019210808620257157));
#12512=FACE_BOUND('',#12513,.T.);
#12513=EDGE_LOOP('',(#12514,#12515,#12516));
#12514=ORIENTED_EDGE('',*,*,#12517,.T.);
#12515=ORIENTED_EDGE('',*,*,#12518,.T.);
#12516=ORIENTED_EDGE('',*,*,#12519,.T.);
#12517=EDGE_CURVE('',#777,#841,#12520,.F.);
#12518=EDGE_CURVE('',#841,#779,#12521,.T.);
#12519=EDGE_CURVE('',#779,#777,#12522,.T.);
#12520=LINE('',#776,#12523);
#12521=LINE('',#840,#12524);
#12522=LINE('',#778,#12525);
#12523=VECTOR('',#12526,1.0);
#12524=VECTOR('',#12527,1.0);
#12525=VECTOR('',#12528,1.0);
#12526=DIRECTION('',(0.12968515104362333,-0.9913691070589947,-0.019210808620257157));
#12527=DIRECTION('',(-0.0005356009404711893,0.9999998551803781,5.263891306842155E-05));
#12528=DIRECTION('',(-0.9817634000456574,0.12219789389507689,0.14563070094728628));
#12529=FACE_SURFACE('',(#12534),#12530,.T.);
#12530=PLANE('',#12531);
#12531=AXIS2_PLACEMENT_3D('',#778,#12532,#12533);
#12532=DIRECTION('',(0.049066590201978316,-2.6295401927794132E-05,0.9987955091181092));
#12533=DIRECTION('',(0.0005356009404711893,-0.9999998551803781,-5.263891306842155E-05));
#12534=FACE_BOUND('',#12535,.T.);
#12535=EDGE_LOOP('',(#12536,#12537,#12538));
#12536=ORIENTED_EDGE('',*,*,#12539,.T.);
#12537=ORIENTED_EDGE('',*,*,#12540,.T.);
#12538=ORIENTED_EDGE('',*,*,#12541,.T.);
#12539=EDGE_CURVE('',#779,#841,#12542,.F.);
#12540=EDGE_CURVE('',#841,#781,#12543,.T.);
#12541=EDGE_CURVE('',#781,#779,#12544,.T.);
#12542=LINE('',#778,#12545);
#12543=LINE('',#840,#12546);
#12544=LINE('',#780,#12547);
#12545=VECTOR('',#12548,1.0);
#12546=VECTOR('',#12549,1.0);
#12547=VECTOR('',#12550,1.0);
#12548=DIRECTION('',(0.0005356009404711893,-0.9999998551803781,-5.263891306842155E-05));
#12549=DIRECTION('',(0.13273670941364432,0.9911300544666953,-0.006494698367377582));
#12550=DIRECTION('',(-0.9979498713895789,0.04113991616600925,0.04902613069962238));
#12551=FACE_SURFACE('',(#12556),#12552,.T.);
#12552=PLANE('',#12553);
#12553=AXIS2_PLACEMENT_3D('',#780,#12554,#12555);
#12554=DIRECTION('',(0,0.006552680854693084,0.9999785309563483));
#12555=DIRECTION('',(-0.13273670941364432,-0.9911300544666953,0.006494698367377582));
#12556=FACE_BOUND('',#12557,.T.);
#12557=EDGE_LOOP('',(#12558,#12559,#12560));
#12558=ORIENTED_EDGE('',*,*,#12561,.T.);
#12559=ORIENTED_EDGE('',*,*,#12562,.T.);
#12560=ORIENTED_EDGE('',*,*,#12563,.T.);
#12561=EDGE_CURVE('',#781,#841,#12564,.F.);
#12562=EDGE_CURVE('',#841,#843,#12565,.T.);
#12563=EDGE_CURVE('',#843,#781,#12566,.T.);
#12564=LINE('',#780,#12567);
#12565=LINE('',#840,#12568);
#12566=LINE('',#842,#12569);
#12567=VECTOR('',#12570,1.0);
#12568=VECTOR('',#12571,1.0);
#12569=VECTOR('',#12572,1.0);
#12570=DIRECTION('',(-0.13273670941364432,-0.9911300544666953,0.006494698367377582));
#12571=DIRECTION('',(1,0,0));
#12572=DIRECTION('',(-0.13273735362479364,0.9911299681944576,-0.006494697802051004));
#12573=FACE_SURFACE('',(#12578),#12574,.T.);
#12574=PLANE('',#12575);
#12575=AXIS2_PLACEMENT_3D('',#780,#12576,#12577);
#12576=DIRECTION('',(-0.049066349344119735,-2.6295531554347527E-05,0.9987955209504024));
#12577=DIRECTION('',(0.13273735362479364,-0.9911299681944576,0.006494697802051004));
#12578=FACE_BOUND('',#12579,.T.);
#12579=EDGE_LOOP('',(#12580,#12581,#12582));
#12580=ORIENTED_EDGE('',*,*,#12583,.T.);
#12581=ORIENTED_EDGE('',*,*,#12584,.T.);
#12582=ORIENTED_EDGE('',*,*,#12585,.T.);
#12583=EDGE_CURVE('',#781,#843,#12586,.F.);
#12584=EDGE_CURVE('',#843,#783,#12587,.T.);
#12585=EDGE_CURVE('',#783,#781,#12588,.T.);
#12586=LINE('',#780,#12589);
#12587=LINE('',#842,#12590);
#12588=LINE('',#782,#12591);
#12589=VECTOR('',#12592,1.0);
#12590=VECTOR('',#12593,1.0);
#12591=VECTOR('',#12594,1.0);
#12592=DIRECTION('',(0.13273735362479364,-0.9911299681944576,0.006494697802051004));
#12593=DIRECTION('',(0.0005356009404711893,0.9999998551803781,5.263891306842155E-05));
#12594=DIRECTION('',(-0.9979498915029816,-0.04113971456483777,-0.049025890453012685));
#12595=FACE_SURFACE('',(#12600),#12596,.T.);
#12596=PLANE('',#12597);
#12597=AXIS2_PLACEMENT_3D('',#782,#12598,#12599);
#12598=DIRECTION('',(-0.14673427727182425,2.6521874142108788E-05,0.9891759455072214));
#12599=DIRECTION('',(-0.0005356009404711893,-0.9999998551803781,-5.263891306842155E-05));
#12600=FACE_BOUND('',#12601,.T.);
#12601=EDGE_LOOP('',(#12602,#12603,#12604));
#12602=ORIENTED_EDGE('',*,*,#12605,.T.);
#12603=ORIENTED_EDGE('',*,*,#12606,.T.);
#12604=ORIENTED_EDGE('',*,*,#12607,.T.);
#12605=EDGE_CURVE('',#783,#843,#12608,.F.);
#12606=EDGE_CURVE('',#843,#785,#12609,.T.);
#12607=EDGE_CURVE('',#785,#783,#12610,.T.);
#12608=LINE('',#782,#12611);
#12609=LINE('',#842,#12612);
#12610=LINE('',#784,#12613);
#12611=VECTOR('',#12614,1.0);
#12612=VECTOR('',#12615,1.0);
#12613=VECTOR('',#12616,1.0);
#12614=DIRECTION('',(-0.0005356009404711893,-0.9999998551803781,-5.263891306842155E-05));
#12615=DIRECTION('',(0.12968452010699122,0.9913691895632766,0.019210810219029963));
#12616=DIRECTION('',(-0.9817632237587284,-0.12219847908106277,-0.14563139834920205));
#12617=FACE_SURFACE('',(#12622),#12618,.T.);
#12618=PLANE('',#12619);
#12619=AXIS2_PLACEMENT_3D('',#784,#12620,#12621);
#12620=DIRECTION('',(-0.1943142900102871,0.0064106477747388636,0.980918375958421));
#12621=DIRECTION('',(-0.12968452010699122,-0.9913691895632766,-0.019210810219029963));
#12622=FACE_BOUND('',#12623,.T.);
#12623=EDGE_LOOP('',(#12624,#12625,#12626));
#12624=ORIENTED_EDGE('',*,*,#12627,.T.);
#12625=ORIENTED_EDGE('',*,*,#12628,.T.);
#12626=ORIENTED_EDGE('',*,*,#12629,.T.);
#12627=EDGE_CURVE('',#785,#843,#12630,.F.);
#12628=EDGE_CURVE('',#843,#839,#12631,.T.);
#12629=EDGE_CURVE('',#839,#785,#12632,.T.);
#12630=LINE('',#784,#12633);
#12631=LINE('',#842,#12634);
#12632=LINE('',#838,#12635);
#12633=VECTOR('',#12636,1.0);
#12634=VECTOR('',#12637,1.0);
#12635=VECTOR('',#12638,1.0);
#12636=DIRECTION('',(-0.12968452010699122,-0.9913691895632766,-0.019210810219029963));
#12637=DIRECTION('',(0.9809385326890722,0,0.19431828294272815));
#12638=DIRECTION('',(-0.12518933819874004,0.991639647757971,-0.03128000312993315));
#12639=FACE_SURFACE('',(#12644),#12640,.T.);
#12640=PLANE('',#12641);
#12641=AXIS2_PLACEMENT_3D('',#784,#12642,#12643);
#12642=DIRECTION('',(-0.24296378094360419,-7.438781906285288E-05,0.9700353579205455));
#12643=DIRECTION('',(0.12518933819874004,-0.991639647757971,0.03128000312993315));
#12644=FACE_BOUND('',#12645,.T.);
#12645=EDGE_LOOP('',(#12646,#12647,#12648));
#12646=ORIENTED_EDGE('',*,*,#12649,.T.);
#12647=ORIENTED_EDGE('',*,*,#12650,.T.);
#12648=ORIENTED_EDGE('',*,*,#12651,.T.);
#12649=EDGE_CURVE('',#785,#839,#12652,.F.);
#12650=EDGE_CURVE('',#839,#787,#12653,.T.);
#12651=EDGE_CURVE('',#787,#785,#12654,.T.);
#12652=LINE('',#784,#12655);
#12653=LINE('',#838,#12656);
#12654=LINE('',#786,#12657);
#12655=VECTOR('',#12658,1.0);
#12656=VECTOR('',#12659,1.0);
#12657=VECTOR('',#12660,1.0);
#12658=DIRECTION('',(0.12518933819874004,-0.991639647757971,0.03128000312993315));
#12659=DIRECTION('',(0.0014807802122267873,0.9999988034825228,0.00044757511736101275));
#12660=DIRECTION('',(-0.9504789071975662,-0.19976829613472613,-0.23808081575790327));
#12661=FACE_SURFACE('',(#12666),#12662,.T.);
#12662=PLANE('',#12663);
#12663=AXIS2_PLACEMENT_3D('',#786,#12664,#12665);
#12664=DIRECTION('',(-0.3369158018782852,7.749080697859589E-05,0.9415347770740532));
#12665=DIRECTION('',(-0.0014807802122267873,-0.9999988034825228,-0.00044757511736101275));
#12666=FACE_BOUND('',#12667,.T.);
#12667=EDGE_LOOP('',(#12668,#12669,#12670));
#12668=ORIENTED_EDGE('',*,*,#12671,.T.);
#12669=ORIENTED_EDGE('',*,*,#12672,.T.);
#12670=ORIENTED_EDGE('',*,*,#12673,.T.);
#12671=EDGE_CURVE('',#787,#839,#12674,.F.);
#12672=EDGE_CURVE('',#839,#789,#12675,.T.);
#12673=EDGE_CURVE('',#789,#787,#12676,.T.);
#12674=LINE('',#786,#12677);
#12675=LINE('',#838,#12678);
#12676=LINE('',#788,#12679);
#12677=VECTOR('',#12680,1.0);
#12678=VECTOR('',#12681,1.0);
#12679=VECTOR('',#12682,1.0);
#12680=DIRECTION('',(-0.0014807802122267873,-0.9999988034825228,-0.00044757511736101275));
#12681=DIRECTION('',(0.11705856135269155,0.9922446951387299,0.04180619790278666));
#12682=DIRECTION('',(-0.9060362463847069,-0.2720270010702958,-0.32419073232560464));
#12683=FACE_SURFACE('',(#12688),#12684,.T.);
#12684=PLANE('',#12685);
#12685=AXIS2_PLACEMENT_3D('',#788,#12686,#12687);
#12686=DIRECTION('',(-0.3812179292253145,0.006023142591112517,0.9244655819393658));
#12687=DIRECTION('',(-0.11705856135269155,-0.9922446951387299,-0.04180619790278666));
#12688=FACE_BOUND('',#12689,.T.);
#12689=EDGE_LOOP('',(#12690,#12691,#12692));
#12690=ORIENTED_EDGE('',*,*,#12693,.T.);
#12691=ORIENTED_EDGE('',*,*,#12694,.T.);
#12692=ORIENTED_EDGE('',*,*,#12695,.T.);
#12693=EDGE_CURVE('',#789,#839,#12696,.F.);
#12694=EDGE_CURVE('',#839,#835,#12697,.T.);
#12695=EDGE_CURVE('',#835,#789,#12698,.T.);
#12696=LINE('',#788,#12699);
#12697=LINE('',#838,#12700);
#12698=LINE('',#834,#12701);
#12699=VECTOR('',#12702,1.0);
#12700=VECTOR('',#12703,1.0);
#12701=VECTOR('',#12704,1.0);
#12702=DIRECTION('',(-0.11705856135269155,-0.9922446951387299,-0.04180619790278666));
#12703=DIRECTION('',(0.924482351390853,0,0.38122484437250337));
#12704=DIRECTION('',(-0.10890201127987009,0.9927239939574489,-0.05137532248434042));
#12705=FACE_SURFACE('',(#12710),#12706,.T.);
#12706=PLANE('',#12707);
#12707=AXIS2_PLACEMENT_3D('',#788,#12708,#12709);
#12708=DIRECTION('',(-0.4275153059335022,-0.00011440123835590178,0.904008102897834));
#12709=DIRECTION('',(0.10890201127987009,-0.9927239939574489,0.05137532248434042));
#12710=FACE_BOUND('',#12711,.T.);
#12711=EDGE_LOOP('',(#12712,#12713,#12714));
#12712=ORIENTED_EDGE('',*,*,#12715,.T.);
#12713=ORIENTED_EDGE('',*,*,#12716,.T.);
#12714=ORIENTED_EDGE('',*,*,#12717,.T.);
#12715=EDGE_CURVE('',#789,#835,#12718,.F.);
#12716=EDGE_CURVE('',#835,#791,#12719,.T.);
#12717=EDGE_CURVE('',#791,#789,#12720,.T.);
#12718=LINE('',#788,#12721);
#12719=LINE('',#834,#12722);
#12720=LINE('',#790,#12723);
#12721=VECTOR('',#12724,1.0);
#12722=VECTOR('',#12725,1.0);
#12723=VECTOR('',#12726,1.0);
#12724=DIRECTION('',(0.10890201127987009,-0.9927239939574489,0.05137532248434042));
#12725=DIRECTION('',(0.002102109431104156,0.9999971626255808,0.0011206590594193394));
#12726=DIRECTION('',(-0.8508897505675708,-0.33768396050827465,-0.4024377904651889));
#12727=FACE_SURFACE('',(#12732),#12728,.T.);
#12728=PLANE('',#12729);
#12729=AXIS2_PLACEMENT_3D('',#790,#12730,#12731);
#12730=DIRECTION('',(-0.5141460555763407,0.00011959937756508588,0.8577026403312975));
#12731=DIRECTION('',(-0.002102109431104156,-0.9999971626255808,-0.0011206590594193394));
#12732=FACE_BOUND('',#12733,.T.);
#12733=EDGE_LOOP('',(#12734,#12735,#12736));
#12734=ORIENTED_EDGE('',*,*,#12737,.T.);
#12735=ORIENTED_EDGE('',*,*,#12738,.T.);
#12736=ORIENTED_EDGE('',*,*,#12739,.T.);
#12737=EDGE_CURVE('',#791,#835,#12740,.F.);
#12738=EDGE_CURVE('',#835,#793,#12741,.T.);
#12739=EDGE_CURVE('',#793,#791,#12742,.T.);
#12740=LINE('',#790,#12743);
#12741=LINE('',#834,#12744);
#12742=LINE('',#792,#12745);
#12743=VECTOR('',#12746,1.0);
#12744=VECTOR('',#12747,1.0);
#12745=VECTOR('',#12748,1.0);
#12746=DIRECTION('',(-0.002102109431104156,-0.9999971626255808,-0.0011206590594193394));
#12747=DIRECTION('',(0.098063603615728,0.9934506844836349,0.05864526532376471));
#12748=DIRECTION('',(-0.7875720435687364,-0.3961032728622799,-0.4720513461655994));
#12749=FACE_SURFACE('',(#12754),#12750,.T.);
#12750=PLANE('',#12751);
#12751=AXIS2_PLACEMENT_3D('',#792,#12752,#12753);
#12752=DIRECTION('',(-0.5535912081700362,0.005485025636805875,0.8327704898293428));
#12753=DIRECTION('',(-0.098063603615728,-0.9934506844836349,-0.05864526532376471));
#12754=FACE_BOUND('',#12755,.T.);
#12755=EDGE_LOOP('',(#12756,#12757,#12758));
#12756=ORIENTED_EDGE('',*,*,#12759,.T.);
#12757=ORIENTED_EDGE('',*,*,#12760,.T.);
#12758=ORIENTED_EDGE('',*,*,#12761,.T.);
#12759=EDGE_CURVE('',#793,#835,#12762,.F.);
#12760=EDGE_CURVE('',#835,#831,#12763,.T.);
#12761=EDGE_CURVE('',#831,#793,#12764,.T.);
#12762=LINE('',#792,#12765);
#12763=LINE('',#834,#12766);
#12764=LINE('',#830,#12767);
#12765=VECTOR('',#12768,1.0);
#12766=VECTOR('',#12769,1.0);
#12767=VECTOR('',#12770,1.0);
#12768=DIRECTION('',(-0.098063603615728,-0.9934506844836349,-0.05864526532376471));
#12769=DIRECTION('',(0.8327830172728968,0,0.5535995358938174));
#12770=DIRECTION('',(-0.08758408739084035,0.9940492611356053,-0.06476954586586692));
#12771=FACE_SURFACE('',(#12776),#12772,.T.);
#12772=PLANE('',#12773);
#12773=AXIS2_PLACEMENT_3D('',#290,#12774,#12775);
#12774=DIRECTION('',(-0,1,0));
#12775=DIRECTION('',(1,0,0));
#12776=FACE_BOUND('',#12777,.T.);
#12777=EDGE_LOOP('',(#12778,#12779,#12780));
#12778=ORIENTED_EDGE('',*,*,#12781,.T.);
#12779=ORIENTED_EDGE('',*,*,#12782,.T.);
#12780=ORIENTED_EDGE('',*,*,#12783,.T.);
#12781=EDGE_CURVE('',#291,#289,#12784,.F.);
#12782=EDGE_CURVE('',#289,#845,#12785,.T.);
#12783=EDGE_CURVE('',#845,#291,#12786,.T.);
#12784=LINE('',#290,#12787);
#12785=LINE('',#288,#12788);
#12786=LINE('',#844,#12789);
#12787=VECTOR('',#12790,1.0);
#12788=VECTOR('',#12791,1.0);
#12789=VECTOR('',#12792,1.0);
#12790=DIRECTION('',(1,0,0));
#12791=DIRECTION('',(-0.9948958062744835,0,-0.10090755500677527));
#12792=DIRECTION('',(-0.3502537165770659,0,0.936654863876739));
#12793=FACE_SURFACE('',(#12798),#12794,.T.);
#12794=PLANE('',#12795);
#12795=AXIS2_PLACEMENT_3D('',#844,#12796,#12797);
#12796=DIRECTION('',(0,1,0));
#12797=DIRECTION('',(0.9948958062744835,0,0.10090755500677527));
#12798=FACE_BOUND('',#12799,.T.);
#12799=EDGE_LOOP('',(#12800,#12801,#12802));
#12800=ORIENTED_EDGE('',*,*,#12803,.T.);
#12801=ORIENTED_EDGE('',*,*,#12804,.T.);
#12802=ORIENTED_EDGE('',*,*,#12805,.T.);
#12803=EDGE_CURVE('',#845,#289,#12806,.F.);
#12804=EDGE_CURVE('',#289,#847,#12807,.T.);
#12805=EDGE_CURVE('',#847,#845,#12808,.T.);
#12806=LINE('',#844,#12809);
#12807=LINE('',#288,#12810);
#12808=LINE('',#846,#12811);
#12809=VECTOR('',#12812,1.0);
#12810=VECTOR('',#12813,1.0);
#12811=VECTOR('',#12814,1.0);
#12812=DIRECTION('',(0.9948958062744835,0,0.10090755500677527));
#12813=DIRECTION('',(-0.3502537165770659,0,-0.936654863876739));
#12814=DIRECTION('',(-1,0,0));
#12815=FACE_SURFACE('',(#12820),#12816,.T.);
#12816=PLANE('',#12817);
#12817=AXIS2_PLACEMENT_3D('',#844,#12818,#12819);
#12818=DIRECTION('',(-0,1,0));
#12819=DIRECTION('',(1,0,0));
#12820=FACE_BOUND('',#12821,.T.);
#12821=EDGE_LOOP('',(#12822,#12823,#12824));
#12822=ORIENTED_EDGE('',*,*,#12825,.T.);
#12823=ORIENTED_EDGE('',*,*,#12826,.T.);
#12824=ORIENTED_EDGE('',*,*,#12827,.T.);
#12825=EDGE_CURVE('',#845,#847,#12828,.F.);
#12826=EDGE_CURVE('',#847,#849,#12829,.T.);
#12827=EDGE_CURVE('',#849,#845,#12830,.T.);
#12828=LINE('',#844,#12831);
#12829=LINE('',#846,#12832);
#12830=LINE('',#848,#12833);
#12831=VECTOR('',#12834,1.0);
#12832=VECTOR('',#12835,1.0);
#12833=VECTOR('',#12836,1.0);
#12834=DIRECTION('',(1,0,0));
#12835=DIRECTION('',(-0.9948958393154216,0,-0.10090722923984669));
#12836=DIRECTION('',(-0.5311856634327394,0,0.8472554461102746));
#12837=FACE_SURFACE('',(#12842),#12838,.T.);
#12838=PLANE('',#12839);
#12839=AXIS2_PLACEMENT_3D('',#848,#12840,#12841);
#12840=DIRECTION('',(0,1,0));
#12841=DIRECTION('',(0.9948958393154216,0,0.10090722923984669));
#12842=FACE_BOUND('',#12843,.T.);
#12843=EDGE_LOOP('',(#12844,#12845,#12846));
#12844=ORIENTED_EDGE('',*,*,#12847,.T.);
#12845=ORIENTED_EDGE('',*,*,#12848,.T.);
#12846=ORIENTED_EDGE('',*,*,#12849,.T.);
#12847=EDGE_CURVE('',#849,#847,#12850,.F.);
#12848=EDGE_CURVE('',#847,#851,#12851,.T.);
#12849=EDGE_CURVE('',#851,#849,#12852,.T.);
#12850=LINE('',#848,#12853);
#12851=LINE('',#846,#12854);
#12852=LINE('',#850,#12855);
#12853=VECTOR('',#12856,1.0);
#12854=VECTOR('',#12857,1.0);
#12855=VECTOR('',#12858,1.0);
#12856=DIRECTION('',(0.9948958393154216,0,0.10090722923984669));
#12857=DIRECTION('',(-0.5311874659594724,0,-0.8472543160158905));
#12858=DIRECTION('',(-1,0,0));
#12859=FACE_SURFACE('',(#12864),#12860,.T.);
#12860=PLANE('',#12861);
#12861=AXIS2_PLACEMENT_3D('',#848,#12862,#12863);
#12862=DIRECTION('',(-0,1,0));
#12863=DIRECTION('',(1,0,0));
#12864=FACE_BOUND('',#12865,.T.);
#12865=EDGE_LOOP('',(#12866,#12867,#12868));
#12866=ORIENTED_EDGE('',*,*,#12869,.T.);
#12867=ORIENTED_EDGE('',*,*,#12870,.T.);
#12868=ORIENTED_EDGE('',*,*,#12871,.T.);
#12869=EDGE_CURVE('',#849,#851,#12872,.F.);
#12870=EDGE_CURVE('',#851,#853,#12873,.T.);
#12871=EDGE_CURVE('',#853,#849,#12874,.T.);
#12872=LINE('',#848,#12875);
#12873=LINE('',#850,#12876);
#12874=LINE('',#852,#12877);
#12875=VECTOR('',#12878,1.0);
#12876=VECTOR('',#12879,1.0);
#12877=VECTOR('',#12880,1.0);
#12878=DIRECTION('',(1,0,0));
#12879=DIRECTION('',(-0.994895784612477,0,-0.10090776858262042));
#12880=DIRECTION('',(-0.6904862576181463,0,0.7233455108317788));
#12881=FACE_SURFACE('',(#12886),#12882,.T.);
#12882=PLANE('',#12883);
#12883=AXIS2_PLACEMENT_3D('',#852,#12884,#12885);
#12884=DIRECTION('',(0,1,0));
#12885=DIRECTION('',(0.994895784612477,0,0.10090776858262042));
#12886=FACE_BOUND('',#12887,.T.);
#12887=EDGE_LOOP('',(#12888,#12889,#12890));
#12888=ORIENTED_EDGE('',*,*,#12891,.T.);
#12889=ORIENTED_EDGE('',*,*,#12892,.T.);
#12890=ORIENTED_EDGE('',*,*,#12893,.T.);
#12891=EDGE_CURVE('',#853,#851,#12894,.F.);
#12892=EDGE_CURVE('',#851,#855,#12895,.T.);
#12893=EDGE_CURVE('',#855,#853,#12896,.T.);
#12894=LINE('',#852,#12897);
#12895=LINE('',#850,#12898);
#12896=LINE('',#854,#12899);
#12897=VECTOR('',#12900,1.0);
#12898=VECTOR('',#12901,1.0);
#12899=VECTOR('',#12902,1.0);
#12900=DIRECTION('',(0.994895784612477,0,0.10090776858262042));
#12901=DIRECTION('',(-0.6904849437751096,0,-0.723346764988884));
#12902=DIRECTION('',(-1,0,0));
#12903=FACE_SURFACE('',(#12908),#12904,.T.);
#12904=PLANE('',#12905);
#12905=AXIS2_PLACEMENT_3D('',#852,#12906,#12907);
#12906=DIRECTION('',(-0,1,0));
#12907=DIRECTION('',(1,0,0));
#12908=FACE_BOUND('',#12909,.T.);
#12909=EDGE_LOOP('',(#12910,#12911,#12912));
#12910=ORIENTED_EDGE('',*,*,#12913,.T.);
#12911=ORIENTED_EDGE('',*,*,#12914,.T.);
#12912=ORIENTED_EDGE('',*,*,#12915,.T.);
#12913=EDGE_CURVE('',#853,#855,#12916,.F.);
#12914=EDGE_CURVE('',#855,#857,#12917,.T.);
#12915=EDGE_CURVE('',#857,#853,#12918,.T.);
#12916=LINE('',#852,#12919);
#12917=LINE('',#854,#12920);
#12918=LINE('',#856,#12921);
#12919=VECTOR('',#12922,1.0);
#12920=VECTOR('',#12923,1.0);
#12921=VECTOR('',#12924,1.0);
#12922=DIRECTION('',(1,0,0));
#12923=DIRECTION('',(-0.9948958507952229,0,-0.10090711605456588));
#12924=DIRECTION('',(-0.8216617450169432,0,0.5699754176942299));
#12925=FACE_SURFACE('',(#12930),#12926,.T.);
#12926=PLANE('',#12927);
#12927=AXIS2_PLACEMENT_3D('',#856,#12928,#12929);
#12928=DIRECTION('',(0,1,0));
#12929=DIRECTION('',(0.9948958507952229,0,0.10090711605456588));
#12930=FACE_BOUND('',#12931,.T.);
#12931=EDGE_LOOP('',(#12932,#12933,#12934));
#12932=ORIENTED_EDGE('',*,*,#12935,.T.);
#12933=ORIENTED_EDGE('',*,*,#12936,.T.);
#12934=ORIENTED_EDGE('',*,*,#12937,.T.);
#12935=EDGE_CURVE('',#857,#855,#12938,.F.);
#12936=EDGE_CURVE('',#855,#859,#12939,.T.);
#12937=EDGE_CURVE('',#859,#857,#12940,.T.);
#12938=LINE('',#856,#12941);
#12939=LINE('',#854,#12942);
#12940=LINE('',#858,#12943);
#12941=VECTOR('',#12944,1.0);
#12942=VECTOR('',#12945,1.0);
#12943=VECTOR('',#12946,1.0);
#12944=DIRECTION('',(0.9948958507952229,0,0.10090711605456588));
#12945=DIRECTION('',(-0.8216625607801888,0,-0.5699742417093447));
#12946=DIRECTION('',(-1,0,0));
#12947=FACE_SURFACE('',(#12952),#12948,.T.);
#12948=PLANE('',#12949);
#12949=AXIS2_PLACEMENT_3D('',#856,#12950,#12951);
#12950=DIRECTION('',(-0,1,0));
#12951=DIRECTION('',(1,0,0));
#12952=FACE_BOUND('',#12953,.T.);
#12953=EDGE_LOOP('',(#12954,#12955,#12956));
#12954=ORIENTED_EDGE('',*,*,#12957,.T.);
#12955=ORIENTED_EDGE('',*,*,#12958,.T.);
#12956=ORIENTED_EDGE('',*,*,#12959,.T.);
#12957=EDGE_CURVE('',#857,#859,#12960,.F.);
#12958=EDGE_CURVE('',#859,#861,#12961,.T.);
#12959=EDGE_CURVE('',#861,#857,#12962,.T.);
#12960=LINE('',#856,#12963);
#12961=LINE('',#858,#12964);
#12962=LINE('',#860,#12965);
#12963=VECTOR('',#12966,1.0);
#12964=VECTOR('',#12967,1.0);
#12965=VECTOR('',#12968,1.0);
#12966=DIRECTION('',(1,0,0));
#12967=DIRECTION('',(-0.9948957737370725,0,-0.10090787580814442));
#12968=DIRECTION('',(-0.9193700936183017,0,0.39339373528346294));
#12969=FACE_SURFACE('',(#12974),#12970,.T.);
#12970=PLANE('',#12971);
#12971=AXIS2_PLACEMENT_3D('',#860,#12972,#12973);
#12972=DIRECTION('',(0,1,0));
#12973=DIRECTION('',(0.9948957737370725,0,0.10090787580814442));
#12974=FACE_BOUND('',#12975,.T.);
#12975=EDGE_LOOP('',(#12976,#12977,#12978));
#12976=ORIENTED_EDGE('',*,*,#12979,.T.);
#12977=ORIENTED_EDGE('',*,*,#12980,.T.);
#12978=ORIENTED_EDGE('',*,*,#12981,.T.);
#12979=EDGE_CURVE('',#861,#859,#12982,.F.);
#12980=EDGE_CURVE('',#859,#863,#12983,.T.);
#12981=EDGE_CURVE('',#863,#861,#12984,.T.);
#12982=LINE('',#860,#12985);
#12983=LINE('',#858,#12986);
#12984=LINE('',#862,#12987);
#12985=VECTOR('',#12988,1.0);
#12986=VECTOR('',#12989,1.0);
#12987=VECTOR('',#12990,1.0);
#12988=DIRECTION('',(0.9948957737370725,0,0.10090787580814442));
#12989=DIRECTION('',(-0.9193700936183017,0,-0.39339373528346294));
#12990=DIRECTION('',(-1,0,0));
#12991=FACE_SURFACE('',(#12996),#12992,.T.);
#12992=PLANE('',#12993);
#12993=AXIS2_PLACEMENT_3D('',#860,#12994,#12995);
#12994=DIRECTION('',(-0,1,0));
#12995=DIRECTION('',(1,0,0));
#12996=FACE_BOUND('',#12997,.T.);
#12997=EDGE_LOOP('',(#12998,#12999,#13000));
#12998=ORIENTED_EDGE('',*,*,#13001,.T.);
#12999=ORIENTED_EDGE('',*,*,#13002,.T.);
#13000=ORIENTED_EDGE('',*,*,#13003,.T.);
#13001=EDGE_CURVE('',#861,#863,#13004,.F.);
#13002=EDGE_CURVE('',#863,#865,#13005,.T.);
#13003=EDGE_CURVE('',#865,#861,#13006,.T.);
#13004=LINE('',#860,#13007);
#13005=LINE('',#862,#13008);
#13006=LINE('',#864,#13009);
#13007=VECTOR('',#13010,1.0);
#13008=VECTOR('',#13011,1.0);
#13009=VECTOR('',#13012,1.0);
#13010=DIRECTION('',(1,0,0));
#13011=DIRECTION('',(-0.9948956961515434,0,-0.10090864075556646));
#13012=DIRECTION('',(-0.9796349559115394,0,0.20078683511673842));
#13013=FACE_SURFACE('',(#13018),#13014,.T.);
#13014=PLANE('',#13015);
#13015=AXIS2_PLACEMENT_3D('',#864,#13016,#13017);
#13016=DIRECTION('',(0,1,0));
#13017=DIRECTION('',(0.9948956961515434,0,0.10090864075556646));
#13018=FACE_BOUND('',#13019,.T.);
#13019=EDGE_LOOP('',(#13020,#13021,#13022));
#13020=ORIENTED_EDGE('',*,*,#13023,.T.);
#13021=ORIENTED_EDGE('',*,*,#13024,.T.);
#13022=ORIENTED_EDGE('',*,*,#13025,.T.);
#13023=EDGE_CURVE('',#865,#863,#13026,.F.);
#13024=EDGE_CURVE('',#863,#867,#13027,.T.);
#13025=EDGE_CURVE('',#867,#865,#13028,.T.);
#13026=LINE('',#864,#13029);
#13027=LINE('',#862,#13030);
#13028=LINE('',#866,#13031);
#13029=VECTOR('',#13032,1.0);
#13030=VECTOR('',#13033,1.0);
#13031=VECTOR('',#13034,1.0);
#13032=DIRECTION('',(0.9948956961515434,0,0.10090864075556646));
#13033=DIRECTION('',(-0.9796349559115394,0,-0.20078683511673842));
#13034=DIRECTION('',(-1,0,0));
#13035=FACE_SURFACE('',(#13040),#13036,.T.);
#13036=PLANE('',#13037);
#13037=AXIS2_PLACEMENT_3D('',#374,#13038,#13039);
#13038=DIRECTION('',(-0.980325585059091,0.0011714253770548728,0.19738382669594995));
#13039=DIRECTION('',(-0.006751253331350819,0.99919831378463,-0.039460743890706015));
#13040=FACE_BOUND('',#13041,.T.);
#13041=EDGE_LOOP('',(#13042,#13043,#13044));
#13042=ORIENTED_EDGE('',*,*,#13045,.T.);
#13043=ORIENTED_EDGE('',*,*,#13046,.T.);
#13044=ORIENTED_EDGE('',*,*,#13047,.T.);
#13045=EDGE_CURVE('',#375,#727,#13048,.F.);
#13046=EDGE_CURVE('',#727,#289,#13049,.T.);
#13047=EDGE_CURVE('',#289,#375,#13050,.T.);
#13048=LINE('',#374,#13051);
#13049=LINE('',#726,#13052);
#13050=LINE('',#288,#13053);
#13051=VECTOR('',#13054,1.0);
#13052=VECTOR('',#13055,1.0);
#13053=VECTOR('',#13056,1.0);
#13054=DIRECTION('',(-0.006751253331350819,0.99919831378463,-0.039460743890706015));
#13055=DIRECTION('',(-0.00943542985659407,-0.9991173644420009,-0.0409324410937253));
#13056=DIRECTION('',(0.15317797801424163,0.6352027920375706,0.7570032496886281));
#13057=FACE_SURFACE('',(#13062),#13058,.T.);
#13058=PLANE('',#13059);
#13059=AXIS2_PLACEMENT_3D('',#288,#13060,#13061);
#13060=DIRECTION('',(-0.9562446093787363,-0.0029549556620380927,0.2925534400261658));
#13061=DIRECTION('',(0.00943542985659407,0.9991173644420009,0.0409324410937253));
#13062=FACE_BOUND('',#13063,.T.);
#13063=EDGE_LOOP('',(#13064,#13065,#13066));
#13064=ORIENTED_EDGE('',*,*,#13067,.T.);
#13065=ORIENTED_EDGE('',*,*,#13068,.T.);
#13066=ORIENTED_EDGE('',*,*,#13069,.T.);
#13067=EDGE_CURVE('',#289,#727,#13070,.F.);
#13068=EDGE_CURVE('',#727,#723,#13071,.T.);
#13069=EDGE_CURVE('',#723,#289,#13072,.T.);
#13070=LINE('',#288,#13073);
#13071=LINE('',#726,#13074);
#13072=LINE('',#722,#13075);
#13073=VECTOR('',#13076,1.0);
#13074=VECTOR('',#13077,1.0);
#13075=VECTOR('',#13078,1.0);
#13076=DIRECTION('',(0.00943542985659407,0.9991173644420009,0.0409324410937253));
#13077=DIRECTION('',(-0.22634692542329166,-0.6261029323936591,-0.7461649867150588));
#13078=DIRECTION('',(0.03368651381039191,-0.994410572587212,0.10006413900131966));
#13079=FACE_SURFACE('',(#13084),#13080,.T.);
#13080=PLANE('',#13081);
#13081=AXIS2_PLACEMENT_3D('',#288,#13082,#13083);
#13082=DIRECTION('',(-0.9366490781480502,0.0035148238365539453,0.3502515530555229));
#13083=DIRECTION('',(-0.03368651381039191,0.994410572587212,-0.10006413900131966));
#13084=FACE_BOUND('',#13085,.T.);
#13085=EDGE_LOOP('',(#13086,#13087,#13088));
#13086=ORIENTED_EDGE('',*,*,#13089,.T.);
#13087=ORIENTED_EDGE('',*,*,#13090,.T.);
#13088=ORIENTED_EDGE('',*,*,#13091,.T.);
#13089=EDGE_CURVE('',#289,#723,#13092,.F.);
#13090=EDGE_CURVE('',#723,#847,#13093,.T.);
#13091=EDGE_CURVE('',#847,#289,#13094,.T.);
#13092=LINE('',#288,#13095);
#13093=LINE('',#722,#13096);
#13094=LINE('',#846,#13097);
#13095=VECTOR('',#13098,1.0);
#13096=VECTOR('',#13099,1.0);
#13097=VECTOR('',#13100,1.0);
#13098=DIRECTION('',(-0.03368651381039191,0.994410572587212,-0.10006413900131966));
#13099=DIRECTION('',(-0.02134888248966674,-0.9986634344187907,-0.04706984142004349));
#13100=DIRECTION('',(0.3502537165770659,0,0.936654863876739));
#13101=FACE_SURFACE('',(#13106),#13102,.T.);
#13102=PLANE('',#13103);
#13103=AXIS2_PLACEMENT_3D('',#846,#13104,#13105);
#13104=DIRECTION('',(-0.880692125832739,-0.0034987470115740537,0.4736761955867742));
#13105=DIRECTION('',(0.02134888248966674,0.9986634344187907,0.04706984142004349));
#13106=FACE_BOUND('',#13107,.T.);
#13107=EDGE_LOOP('',(#13108,#13109,#13110));
#13108=ORIENTED_EDGE('',*,*,#13111,.T.);
#13109=ORIENTED_EDGE('',*,*,#13112,.T.);
#13110=ORIENTED_EDGE('',*,*,#13113,.T.);
#13111=EDGE_CURVE('',#847,#723,#13114,.F.);
#13112=EDGE_CURVE('',#723,#719,#13115,.T.);
#13113=EDGE_CURVE('',#719,#847,#13116,.T.);
#13114=LINE('',#846,#13117);
#13115=LINE('',#722,#13118);
#13116=LINE('',#718,#13119);
#13117=VECTOR('',#13120,1.0);
#13118=VECTOR('',#13121,1.0);
#13119=VECTOR('',#13122,1.0);
#13120=DIRECTION('',(0.02134888248966674,0.9986634344187907,0.04706984142004349));
#13121=DIRECTION('',(-0.3789250941400827,-0.5948537781067759,-0.7089180176177103));
#13122=DIRECTION('',(0.05698757942852461,-0.9934923751670325,0.09861701818573808));
#13123=FACE_SURFACE('',(#13128),#13124,.T.);
#13124=PLANE('',#13125);
#13125=AXIS2_PLACEMENT_3D('',#846,#13126,#13127);
#13126=DIRECTION('',(-0.8472470972864757,0.004127979761649218,0.5311829401653716));
#13127=DIRECTION('',(-0.05698757942852461,0.9934923751670325,-0.09861701818573808));
#13128=FACE_BOUND('',#13129,.T.);
#13129=EDGE_LOOP('',(#13130,#13131,#13132));
#13130=ORIENTED_EDGE('',*,*,#13133,.T.);
#13131=ORIENTED_EDGE('',*,*,#13134,.T.);
#13132=ORIENTED_EDGE('',*,*,#13135,.T.);
#13133=EDGE_CURVE('',#847,#719,#13136,.F.);
#13134=EDGE_CURVE('',#719,#851,#13137,.T.);
#13135=EDGE_CURVE('',#851,#847,#13138,.T.);
#13136=LINE('',#846,#13139);
#13137=LINE('',#718,#13140);
#13138=LINE('',#850,#13141);
#13139=VECTOR('',#13142,1.0);
#13140=VECTOR('',#13143,1.0);
#13141=VECTOR('',#13144,1.0);
#13142=DIRECTION('',(-0.05698757942852461,0.9934923751670325,-0.09861701818573808));
#13143=DIRECTION('',(-0.0370776974232274,-0.9979904469463813,-0.051383967903947156));
#13144=DIRECTION('',(0.5311874659594724,0,0.8472543160158905));
#13145=FACE_SURFACE('',(#13150),#13146,.T.);
#13146=PLANE('',#13147);
#13147=AXIS2_PLACEMENT_3D('',#850,#13148,#13149);
#13148=DIRECTION('',(-0.771308573832744,-0.004113147682450735,0.6364480858233772));
#13149=DIRECTION('',(0.0370776974232274,0.9979904469463813,0.051383967903947156));
#13150=FACE_BOUND('',#13151,.T.);
#13151=EDGE_LOOP('',(#13152,#13153,#13154));
#13152=ORIENTED_EDGE('',*,*,#13155,.T.);
#13153=ORIENTED_EDGE('',*,*,#13156,.T.);
#13154=ORIENTED_EDGE('',*,*,#13157,.T.);
#13155=EDGE_CURVE('',#851,#719,#13158,.F.);
#13156=EDGE_CURVE('',#719,#715,#13159,.T.);
#13157=EDGE_CURVE('',#715,#851,#13160,.T.);
#13158=LINE('',#850,#13161);
#13159=LINE('',#718,#13162);
#13160=LINE('',#714,#13163);
#13161=VECTOR('',#13164,1.0);
#13162=VECTOR('',#13165,1.0);
#13163=VECTOR('',#13166,1.0);
#13164=DIRECTION('',(0.0370776974232274,0.9979904469463813,0.051383967903947156));
#13165=DIRECTION('',(-0.5322355365209873,-0.5441812645600638,-0.6485307124308198));
#13166=DIRECTION('',(0.08102961104133781,-0.9924765214493145,0.09178538285782765));
#13167=FACE_SURFACE('',(#13172),#13168,.T.);
#13168=PLANE('',#13169);
#13169=AXIS2_PLACEMENT_3D('',#850,#13170,#13171);
#13170=DIRECTION('',(-0.7233384320710808,0.0047999755398314475,0.6904769894238093));
#13171=DIRECTION('',(-0.08102961104133781,0.9924765214493145,-0.09178538285782765));
#13172=FACE_BOUND('',#13173,.T.);
#13173=EDGE_LOOP('',(#13174,#13175,#13176));
#13174=ORIENTED_EDGE('',*,*,#13177,.T.);
#13175=ORIENTED_EDGE('',*,*,#13178,.T.);
#13176=ORIENTED_EDGE('',*,*,#13179,.T.);
#13177=EDGE_CURVE('',#851,#715,#13180,.F.);
#13178=EDGE_CURVE('',#715,#855,#13181,.T.);
#13179=EDGE_CURVE('',#855,#851,#13182,.T.);
#13180=LINE('',#850,#13183);
#13181=LINE('',#714,#13184);
#13182=LINE('',#854,#13185);
#13183=VECTOR('',#13186,1.0);
#13184=VECTOR('',#13187,1.0);
#13185=VECTOR('',#13188,1.0);
#13186=DIRECTION('',(-0.08102961104133781,0.9924765214493145,-0.09178538285782765));
#13187=DIRECTION('',(-0.056556544791912834,-0.997027717360578,-0.05231718700346554));
#13188=DIRECTION('',(0.6904849437751096,0,0.723346764988884));
#13189=FACE_SURFACE('',(#13194),#13190,.T.);
#13190=PLANE('',#13191);
#13191=AXIS2_PLACEMENT_3D('',#854,#13192,#13193);
#13192=DIRECTION('',(-0.632421761399175,-0.004771986323462968,0.7746095428377407));
#13193=DIRECTION('',(0.056556544791912834,0.997027717360578,0.05231718700346554));
#13194=FACE_BOUND('',#13195,.T.);
#13195=EDGE_LOOP('',(#13196,#13197,#13198));
#13196=ORIENTED_EDGE('',*,*,#13199,.T.);
#13197=ORIENTED_EDGE('',*,*,#13200,.T.);
#13198=ORIENTED_EDGE('',*,*,#13201,.T.);
#13199=EDGE_CURVE('',#855,#715,#13202,.F.);
#13200=EDGE_CURVE('',#715,#637,#13203,.T.);
#13201=EDGE_CURVE('',#637,#855,#13204,.T.);
#13202=LINE('',#854,#13205);
#13203=LINE('',#714,#13206);
#13204=LINE('',#636,#13207);
#13205=VECTOR('',#13208,1.0);
#13206=VECTOR('',#13209,1.0);
#13207=VECTOR('',#13210,1.0);
#13208=DIRECTION('',(0.056556544791912834,0.997027717360578,0.05231718700346554));
#13209=DIRECTION('',(-0.682353927025661,-0.46989175108978154,-0.5599954111690896));
#13210=DIRECTION('',(0.10369141513627445,-0.9915029253197145,0.07854959904089635));
#13211=FACE_SURFACE('',(#13216),#13212,.T.);
#13212=PLANE('',#13213);
#13213=AXIS2_PLACEMENT_3D('',#854,#13214,#13215);
#13214=DIRECTION('',(-0.5699656634746778,0.005486365166078858,0.8216501945823019));
#13215=DIRECTION('',(-0.10369141513627445,0.9915029253197145,-0.07854959904089635));
#13216=FACE_BOUND('',#13217,.T.);
#13217=EDGE_LOOP('',(#13218,#13219,#13220));
#13218=ORIENTED_EDGE('',*,*,#13221,.T.);
#13219=ORIENTED_EDGE('',*,*,#13222,.T.);
#13220=ORIENTED_EDGE('',*,*,#13223,.T.);
#13221=EDGE_CURVE('',#855,#637,#13224,.F.);
#13222=EDGE_CURVE('',#637,#859,#13225,.T.);
#13223=EDGE_CURVE('',#859,#855,#13226,.T.);
#13224=LINE('',#854,#13227);
#13225=LINE('',#636,#13228);
#13226=LINE('',#858,#13229);
#13227=VECTOR('',#13230,1.0);
#13228=VECTOR('',#13231,1.0);
#13229=VECTOR('',#13232,1.0);
#13230=DIRECTION('',(-0.10369141513627445,0.9915029253197145,-0.07854959904089635));
#13231=DIRECTION('',(-0.0787720963560661,-0.9957366704816906,-0.04799416520482351));
#13232=DIRECTION('',(0.8216625607801888,0,0.5699742417093447));
#13233=FACE_SURFACE('',(#13238),#13234,.T.);
#13234=PLANE('',#13235);
#13235=AXIS2_PLACEMENT_3D('',#858,#13236,#13237);
#13236=DIRECTION('',(-0.5138416296710787,-0.0007000659312694161,0.8578847763684013));
#13237=DIRECTION('',(0.0787720963560661,0.9957366704816906,0.04799416520482351));
#13238=FACE_BOUND('',#13239,.T.);
#13239=EDGE_LOOP('',(#13240,#13241,#13242));
#13240=ORIENTED_EDGE('',*,*,#13243,.T.);
#13241=ORIENTED_EDGE('',*,*,#13244,.T.);
#13242=ORIENTED_EDGE('',*,*,#13245,.T.);
#13243=EDGE_CURVE('',#859,#637,#13246,.F.);
#13244=EDGE_CURVE('',#637,#711,#13247,.T.);
#13245=EDGE_CURVE('',#711,#859,#13248,.T.);
#13246=LINE('',#858,#13249);
#13247=LINE('',#636,#13250);
#13248=LINE('',#710,#13251);
#13249=VECTOR('',#13252,1.0);
#13250=VECTOR('',#13253,1.0);
#13251=VECTOR('',#13254,1.0);
#13252=DIRECTION('',(0.0787720963560661,0.9957366704816906,0.04799416520482351));
#13253=DIRECTION('',(-0.7875735573851338,-0.3961006612693517,-0.4720510119147163));
#13254=DIRECTION('',(0.014826105392406835,-0.9998575660893546,0.008064374294710009));
#13255=FACE_SURFACE('',(#13260),#13256,.T.);
#13256=PLANE('',#13257);
#13257=AXIS2_PLACEMENT_3D('',#858,#13258,#13259);
#13258=DIRECTION('',(-0.42785842569830307,0.0009456071416054037,0.9038452707107028));
#13259=DIRECTION('',(-0.014826105392406835,0.9998575660893546,-0.008064374294710009));
#13260=FACE_BOUND('',#13261,.T.);
#13261=EDGE_LOOP('',(#13262,#13263,#13264));
#13262=ORIENTED_EDGE('',*,*,#13265,.T.);
#13263=ORIENTED_EDGE('',*,*,#13266,.T.);
#13264=ORIENTED_EDGE('',*,*,#13267,.T.);
#13265=EDGE_CURVE('',#859,#711,#13268,.F.);
#13266=EDGE_CURVE('',#711,#709,#13269,.T.);
#13267=EDGE_CURVE('',#709,#859,#13270,.T.);
#13268=LINE('',#858,#13271);
#13269=LINE('',#710,#13272);
#13270=LINE('',#708,#13273);
#13271=VECTOR('',#13274,1.0);
#13272=VECTOR('',#13275,1.0);
#13273=VECTOR('',#13276,1.0);
#13274=DIRECTION('',(-0.014826105392406835,0.9998575660893546,-0.008064374294710009));
#13275=DIRECTION('',(-0.8508897643920252,-0.3376845263103957,-0.40243728647257276));
#13276=DIRECTION('',(0.12183673273520232,-0.9908121980873543,0.058711146111417443));
#13277=FACE_SURFACE('',(#13282),#13278,.T.);
#13278=PLANE('',#13279);
#13279=AXIS2_PLACEMENT_3D('',#726,#13280,#13281);
#13280=DIRECTION('',(-0.9949524044843575,-0.0027610833895499332,0.10030996575271764));
#13281=DIRECTION('',(0.006751253331350819,-0.99919831378463,0.039460743890706015));
#13282=FACE_BOUND('',#13283,.T.);
#13283=EDGE_LOOP('',(#13284,#13285,#13286));
#13284=ORIENTED_EDGE('',*,*,#13287,.T.);
#13285=ORIENTED_EDGE('',*,*,#13288,.T.);
#13286=ORIENTED_EDGE('',*,*,#13289,.T.);
#13287=EDGE_CURVE('',#727,#375,#13290,.F.);
#13288=EDGE_CURVE('',#375,#731,#13291,.T.);
#13289=EDGE_CURVE('',#731,#727,#13292,.T.);
#13290=LINE('',#726,#13293);
#13291=LINE('',#374,#13294);
#13292=LINE('',#730,#13295);
#13293=VECTOR('',#13296,1.0);
#13294=VECTOR('',#13297,1.0);
#13295=VECTOR('',#13298,1.0);
#13296=DIRECTION('',(0.006751253331350819,-0.99919831378463,0.039460743890706015));
#13297=DIRECTION('',(0.0067016948067621426,0.995561344016174,0.09387596916903812));
#13298=DIRECTION('',(-0.07523409138218691,-0.6409660443925477,-0.7638732626749462));
#13299=FACE_SURFACE('',(#13304),#13300,.T.);
#13300=PLANE('',#13301);
#13301=AXIS2_PLACEMENT_3D('',#730,#13302,#13303);
#13302=DIRECTION('',(-0.9962478904757595,-0.001453307832286108,0.08653339597487068));
#13303=DIRECTION('',(-0.0067016948067621426,-0.995561344016174,-0.09387596916903812));
#13304=FACE_BOUND('',#13305,.T.);
#13305=EDGE_LOOP('',(#13306,#13307,#13308));
#13306=ORIENTED_EDGE('',*,*,#13309,.T.);
#13307=ORIENTED_EDGE('',*,*,#13310,.T.);
#13308=ORIENTED_EDGE('',*,*,#13311,.T.);
#13309=EDGE_CURVE('',#731,#375,#13312,.F.);
#13310=EDGE_CURVE('',#375,#371,#13313,.T.);
#13311=EDGE_CURVE('',#371,#731,#13314,.T.);
#13312=LINE('',#730,#13315);
#13313=LINE('',#374,#13316);
#13314=LINE('',#370,#13317);
#13315=VECTOR('',#13318,1.0);
#13316=VECTOR('',#13319,1.0);
#13317=VECTOR('',#13320,1.0);
#13318=DIRECTION('',(-0.0067016948067621426,-0.995561344016174,-0.09387596916903812));
#13319=DIRECTION('',(0.06545963932085004,0.6414097887940405,0.7644007577567989));
#13320=DIRECTION('',(0.00028401352855862797,0.9997987136725837,0.020061193258694897));
#13321=FACE_SURFACE('',(#13326),#13322,.T.);
#13322=PLANE('',#13323);
#13323=AXIS2_PLACEMENT_3D('',#730,#13324,#13325);
#13324=DIRECTION('',(-0.9995636153904093,0.0008764016327370495,-0.029526440825670994));
#13325=DIRECTION('',(-0.00028401352855862797,-0.9997987136725837,-0.020061193258694897));
#13326=FACE_BOUND('',#13327,.T.);
#13327=EDGE_LOOP('',(#13328,#13329,#13330));
#13328=ORIENTED_EDGE('',*,*,#13331,.T.);
#13329=ORIENTED_EDGE('',*,*,#13332,.T.);
#13330=ORIENTED_EDGE('',*,*,#13333,.T.);
#13331=EDGE_CURVE('',#731,#371,#13334,.F.);
#13332=EDGE_CURVE('',#371,#367,#13335,.T.);
#13333=EDGE_CURVE('',#367,#731,#13336,.T.);
#13334=LINE('',#730,#13337);
#13335=LINE('',#370,#13338);
#13336=LINE('',#366,#13339);
#13337=VECTOR('',#13340,1.0);
#13338=VECTOR('',#13341,1.0);
#13339=VECTOR('',#13342,1.0);
#13340=DIRECTION('',(-0.00028401352855862797,-0.9997987136725837,-0.020061193258694897));
#13341=DIRECTION('',(-0.02205950860004278,0.6426302853778729,0.7658587953372855));
#13342=DIRECTION('',(0.0027976665449178395,0.9978754093709491,-0.06509101654348627));
#13343=FACE_SURFACE('',(#13348),#13344,.T.);
#13344=PLANE('',#13345);
#13345=AXIS2_PLACEMENT_3D('',#730,#13346,#13347);
#13346=DIRECTION('',(-0.9954546819139505,-0.003417353640725783,-0.0951750910148749));
#13347=DIRECTION('',(-0.0027976665449178395,-0.9978754093709491,0.06509101654348627));
#13348=FACE_BOUND('',#13349,.T.);
#13349=EDGE_LOOP('',(#13350,#13351,#13352));
#13350=ORIENTED_EDGE('',*,*,#13353,.T.);
#13351=ORIENTED_EDGE('',*,*,#13354,.T.);
#13352=ORIENTED_EDGE('',*,*,#13355,.T.);
#13353=EDGE_CURVE('',#731,#367,#13356,.F.);
#13354=EDGE_CURVE('',#367,#735,#13357,.T.);
#13355=EDGE_CURVE('',#735,#731,#13358,.T.);
#13356=LINE('',#730,#13359);
#13357=LINE('',#366,#13360);
#13358=LINE('',#734,#13361);
#13359=VECTOR('',#13362,1.0);
#13360=VECTOR('',#13363,1.0);
#13361=VECTOR('',#13364,1.0);
#13362=DIRECTION('',(-0.0027976665449178395,-0.9978754093709491,0.06509101654348627));
#13363=DIRECTION('',(-0.010468717429908266,0.9972263986541703,0.0736879622639034));
#13364=DIRECTION('',(0.0752339000132025,-0.6409683824523903,-0.7638713196508754));
#13365=FACE_SURFACE('',(#13370),#13366,.T.);
#13366=PLANE('',#13367);
#13367=AXIS2_PLACEMENT_3D('',#734,#13368,#13369);
#13368=DIRECTION('',(-0.9897728284519113,0.00015053482416033857,-0.14265246369260573));
#13369=DIRECTION('',(0.010468717429908266,-0.9972263986541703,-0.0736879622639034));
#13370=FACE_BOUND('',#13371,.T.);
#13371=EDGE_LOOP('',(#13372,#13373,#13374));
#13372=ORIENTED_EDGE('',*,*,#13375,.T.);
#13373=ORIENTED_EDGE('',*,*,#13376,.T.);
#13374=ORIENTED_EDGE('',*,*,#13377,.T.);
#13375=EDGE_CURVE('',#735,#367,#13378,.F.);
#13376=EDGE_CURVE('',#367,#363,#13379,.T.);
#13377=EDGE_CURVE('',#363,#735,#13380,.T.);
#13378=LINE('',#734,#13381);
#13379=LINE('',#366,#13382);
#13380=LINE('',#362,#13383);
#13381=VECTOR('',#13384,1.0);
#13382=VECTOR('',#13385,1.0);
#13383=VECTOR('',#13386,1.0);
#13384=DIRECTION('',(0.010468717429908266,-0.9972263986541703,-0.0736879622639034));
#13385=DIRECTION('',(-0.10964478528289523,0.6389093293661569,0.7614281909078199));
#13386=DIRECTION('',(0.0005377965588035095,0.9999962744391689,-0.002676169397449731));
#13387=FACE_SURFACE('',(#13392),#13388,.T.);
#13388=PLANE('',#13389);
#13389=AXIS2_PLACEMENT_3D('',#734,#13390,#13391);
#13390=DIRECTION('',(-0.9671290178030126,-0.00016039470593861714,-0.2542861325297119));
#13391=DIRECTION('',(-0.0005377965588035095,-0.9999962744391689,0.002676169397449731));
#13392=FACE_BOUND('',#13393,.T.);
#13393=EDGE_LOOP('',(#13394,#13395,#13396));
#13394=ORIENTED_EDGE('',*,*,#13397,.T.);
#13395=ORIENTED_EDGE('',*,*,#13398,.T.);
#13396=ORIENTED_EDGE('',*,*,#13399,.T.);
#13397=EDGE_CURVE('',#735,#363,#13400,.F.);
#13398=EDGE_CURVE('',#363,#359,#13401,.T.);
#13399=EDGE_CURVE('',#359,#735,#13402,.T.);
#13400=LINE('',#734,#13403);
#13401=LINE('',#362,#13404);
#13402=LINE('',#358,#13405);
#13403=VECTOR('',#13406,1.0);
#13404=VECTOR('',#13407,1.0);
#13405=VECTOR('',#13408,1.0);
#13406=DIRECTION('',(-0.0005377965588035095,-0.9999962744391689,0.002676169397449731));
#13407=DIRECTION('',(-0.19754960379090028,0.6301236733983615,0.7509449448961044));
#13408=DIRECTION('',(0.022967605279637742,0.9958573287457199,-0.08798107689246577));
#13409=FACE_SURFACE('',(#13414),#13410,.T.);
#13410=PLANE('',#13411);
#13411=AXIS2_PLACEMENT_3D('',#734,#13412,#13413);
#13412=DIRECTION('',(-0.9577080814499922,-0.0033316599370848982,-0.28772231537967047));
#13413=DIRECTION('',(-0.022967605279637742,-0.9958573287457199,0.08798107689246577));
#13414=FACE_BOUND('',#13415,.T.);
#13415=EDGE_LOOP('',(#13416,#13417,#13418));
#13416=ORIENTED_EDGE('',*,*,#13419,.T.);
#13417=ORIENTED_EDGE('',*,*,#13420,.T.);
#13418=ORIENTED_EDGE('',*,*,#13421,.T.);
#13419=EDGE_CURVE('',#735,#359,#13422,.F.);
#13420=EDGE_CURVE('',#359,#739,#13423,.T.);
#13421=EDGE_CURVE('',#739,#735,#13424,.T.);
#13422=LINE('',#734,#13425);
#13423=LINE('',#358,#13426);
#13424=LINE('',#738,#13427);
#13425=VECTOR('',#13428,1.0);
#13426=VECTOR('',#13429,1.0);
#13427=VECTOR('',#13430,1.0);
#13428=DIRECTION('',(-0.022967605279637742,-0.9958573287457199,0.08798107689246577));
#13429=DIRECTION('',(-0.01868769327855842,0.9985420656878456,0.05064102261780081));
#13430=DIRECTION('',(0.22634692542329166,-0.6261029323936591,-0.7461649867150588));
#13431=FACE_SURFACE('',(#13436),#13432,.T.);
#13432=PLANE('',#13433);
#13433=AXIS2_PLACEMENT_3D('',#738,#13434,#13435);
#13434=DIRECTION('',(-0.9315104733123285,0.001012497038326654,-0.36371309154220577));
#13435=DIRECTION('',(0.01868769327855842,-0.9985420656878456,-0.05064102261780081));
#13436=FACE_BOUND('',#13437,.T.);
#13437=EDGE_LOOP('',(#13438,#13439,#13440));
#13438=ORIENTED_EDGE('',*,*,#13441,.T.);
#13439=ORIENTED_EDGE('',*,*,#13442,.T.);
#13440=ORIENTED_EDGE('',*,*,#13443,.T.);
#13441=EDGE_CURVE('',#739,#359,#13444,.F.);
#13442=EDGE_CURVE('',#359,#355,#13445,.T.);
#13443=EDGE_CURVE('',#355,#739,#13446,.T.);
#13444=LINE('',#738,#13447);
#13445=LINE('',#358,#13448);
#13446=LINE('',#354,#13449);
#13447=VECTOR('',#13450,1.0);
#13448=VECTOR('',#13451,1.0);
#13449=VECTOR('',#13452,1.0);
#13450=DIRECTION('',(0.01868769327855842,-0.9985420656878456,-0.05064102261780081));
#13451=DIRECTION('',(-0.28594831117416886,0.6159451606397419,0.7340607075856349));
#13452=DIRECTION('',(0.010527498112409215,0.9996522060110471,-0.02417930521624228));
#13453=FACE_SURFACE('',(#13458),#13454,.T.);
#13454=PLANE('',#13455);
#13455=AXIS2_PLACEMENT_3D('',#738,#13456,#13457);
#13456=DIRECTION('',(-0.8850265770558023,-0.0019399072002997167,-0.4655364590071803));
#13457=DIRECTION('',(-0.010527498112409215,-0.9996522060110471,0.02417930521624228));
#13458=FACE_BOUND('',#13459,.T.);
#13459=EDGE_LOOP('',(#13460,#13461,#13462));
#13460=ORIENTED_EDGE('',*,*,#13463,.T.);
#13461=ORIENTED_EDGE('',*,*,#13464,.T.);
#13462=ORIENTED_EDGE('',*,*,#13465,.T.);
#13463=EDGE_CURVE('',#739,#355,#13466,.F.);
#13464=EDGE_CURVE('',#355,#351,#13467,.T.);
#13465=EDGE_CURVE('',#351,#739,#13468,.T.);
#13466=LINE('',#738,#13469);
#13467=LINE('',#354,#13470);
#13468=LINE('',#350,#13471);
#13469=VECTOR('',#13472,1.0);
#13470=VECTOR('',#13473,1.0);
#13471=VECTOR('',#13474,1.0);
#13472=DIRECTION('',(-0.010527498112409215,-0.9996522060110471,0.02417930521624228));
#13473=DIRECTION('',(-0.37487118080988674,0.5959154198709314,0.7101805475780455));
#13474=DIRECTION('',(0.05266419852212196,0.9931549611521854,-0.10425787899637899));
#13475=FACE_SURFACE('',(#13480),#13476,.T.);
#13476=PLANE('',#13477);
#13477=AXIS2_PLACEMENT_3D('',#738,#13478,#13479);
#13478=DIRECTION('',(-0.8827895685443563,-0.002502109532096526,-0.4697619792162396));
#13479=DIRECTION('',(-0.05266419852212196,-0.9931549611521854,0.10425787899637899));
#13480=FACE_BOUND('',#13481,.T.);
#13481=EDGE_LOOP('',(#13482,#13483,#13484));
#13482=ORIENTED_EDGE('',*,*,#13485,.T.);
#13483=ORIENTED_EDGE('',*,*,#13486,.T.);
#13484=ORIENTED_EDGE('',*,*,#13487,.T.);
#13485=EDGE_CURVE('',#739,#351,#13488,.F.);
#13486=EDGE_CURVE('',#351,#743,#13489,.T.);
#13487=EDGE_CURVE('',#743,#739,#13490,.T.);
#13488=LINE('',#738,#13491);
#13489=LINE('',#350,#13492);
#13490=LINE('',#742,#13493);
#13491=VECTOR('',#13494,1.0);
#13492=VECTOR('',#13495,1.0);
#13493=VECTOR('',#13496,1.0);
#13494=DIRECTION('',(-0.05266419852212196,-0.9931549611521854,0.10425787899637899));
#13495=DIRECTION('',(-0.01745368156859246,0.9994700808948861,0.027475923927539826));
#13496=DIRECTION('',(0.3789250941400827,-0.5948537781067759,-0.7089180176177103));
#13497=FACE_SURFACE('',(#13502),#13498,.T.);
#13498=PLANE('',#13499);
#13499=AXIS2_PLACEMENT_3D('',#742,#13500,#13501);
#13500=DIRECTION('',(-0.8249460849274066,0.0011319285759470072,-0.5652102933427904));
#13501=DIRECTION('',(0.01745368156859246,-0.9994700808948861,-0.027475923927539826));
#13502=FACE_BOUND('',#13503,.T.);
#13503=EDGE_LOOP('',(#13504,#13505,#13506));
#13504=ORIENTED_EDGE('',*,*,#13507,.T.);
#13505=ORIENTED_EDGE('',*,*,#13508,.T.);
#13506=ORIENTED_EDGE('',*,*,#13509,.T.);
#13507=EDGE_CURVE('',#743,#351,#13510,.F.);
#13508=EDGE_CURVE('',#351,#347,#13511,.T.);
#13509=EDGE_CURVE('',#347,#743,#13512,.T.);
#13510=LINE('',#742,#13513);
#13511=LINE('',#350,#13514);
#13512=LINE('',#346,#13515);
#13513=VECTOR('',#13516,1.0);
#13514=VECTOR('',#13517,1.0);
#13515=VECTOR('',#13518,1.0);
#13516=DIRECTION('',(0.01745368156859246,-0.9994700808948861,-0.027475923927539826));
#13517=DIRECTION('',(-0.464120383563544,0.5693622651463988,0.6785417309113645));
#13518=DIRECTION('',(0.02953027703624615,0.9987185360008008,-0.04110046942042658));
#13519=FACE_SURFACE('',(#13524),#13520,.T.);
#13520=PLANE('',#13521);
#13521=AXIS2_PLACEMENT_3D('',#742,#13522,#13523);
#13522=DIRECTION('',(-0.7743001144393451,-0.003147554831175759,-0.6328107344837015));
#13523=DIRECTION('',(-0.02953027703624615,-0.9987185360008008,0.04110046942042658));
#13524=FACE_BOUND('',#13525,.T.);
#13525=EDGE_LOOP('',(#13526,#13527,#13528));
#13526=ORIENTED_EDGE('',*,*,#13529,.T.);
#13527=ORIENTED_EDGE('',*,*,#13530,.T.);
#13528=ORIENTED_EDGE('',*,*,#13531,.T.);
#13529=EDGE_CURVE('',#743,#347,#13532,.F.);
#13530=EDGE_CURVE('',#347,#747,#13533,.T.);
#13531=EDGE_CURVE('',#747,#743,#13534,.T.);
#13532=LINE('',#742,#13535);
#13533=LINE('',#346,#13536);
#13534=LINE('',#746,#13537);
#13535=VECTOR('',#13538,1.0);
#13536=VECTOR('',#13539,1.0);
#13537=VECTOR('',#13540,1.0);
#13538=DIRECTION('',(-0.02953027703624615,-0.9987185360008008,0.04110046942042658));
#13539=DIRECTION('',(-0.05747896210731035,0.9962038968800171,0.06537556696606557));
#13540=DIRECTION('',(0.5322355365209873,-0.5441812645600638,-0.6485307124308198));
#13541=FACE_SURFACE('',(#13546),#13542,.T.);
#13542=PLANE('',#13543);
#13543=AXIS2_PLACEMENT_3D('',#746,#13544,#13545);
#13544=DIRECTION('',(-0.7559336919389332,-0.000654794489998387,-0.654647863080412));
#13545=DIRECTION('',(0.05747896210731035,-0.9962038968800171,-0.06537556696606557));
#13546=FACE_BOUND('',#13547,.T.);
#13547=EDGE_LOOP('',(#13548,#13549,#13550));
#13548=ORIENTED_EDGE('',*,*,#13551,.T.);
#13549=ORIENTED_EDGE('',*,*,#13552,.T.);
#13550=ORIENTED_EDGE('',*,*,#13553,.T.);
#13551=EDGE_CURVE('',#747,#347,#13554,.F.);
#13552=EDGE_CURVE('',#347,#343,#13555,.T.);
#13553=EDGE_CURVE('',#343,#747,#13556,.T.);
#13554=LINE('',#746,#13557);
#13555=LINE('',#346,#13558);
#13556=LINE('',#342,#13559);
#13557=VECTOR('',#13560,1.0);
#13558=VECTOR('',#13561,1.0);
#13559=VECTOR('',#13562,1.0);
#13560=DIRECTION('',(0.05747896210731035,-0.9962038968800171,-0.06537556696606557));
#13561=DIRECTION('',(-0.5531384566894065,0.5354996587720007,0.6381833303889504));
#13562=DIRECTION('',(-0.0071215056247004365,0.9999485537465539,0.007223158437451054));
#13563=FACE_SURFACE('',(#13568),#13564,.T.);
#13564=PLANE('',#13565);
#13565=AXIS2_PLACEMENT_3D('',#746,#13566,#13567);
#13566=DIRECTION('',(-0.6758803869950412,0.000510288615045159,-0.7370111546516531));
#13567=DIRECTION('',(0.0071215056247004365,-0.9999485537465539,-0.007223158437451054));
#13568=FACE_BOUND('',#13569,.T.);
#13569=EDGE_LOOP('',(#13570,#13571,#13572));
#13570=ORIENTED_EDGE('',*,*,#13573,.T.);
#13571=ORIENTED_EDGE('',*,*,#13574,.T.);
#13572=ORIENTED_EDGE('',*,*,#13575,.T.);
#13573=EDGE_CURVE('',#747,#343,#13576,.F.);
#13574=EDGE_CURVE('',#343,#339,#13577,.T.);
#13575=EDGE_CURVE('',#339,#747,#13578,.T.);
#13576=LINE('',#746,#13579);
#13577=LINE('',#342,#13580);
#13578=LINE('',#338,#13581);
#13579=VECTOR('',#13582,1.0);
#13580=VECTOR('',#13583,1.0);
#13581=VECTOR('',#13584,1.0);
#13582=DIRECTION('',(0.0071215056247004365,-0.9999485537465539,-0.007223158437451054));
#13583=DIRECTION('',(-0.6408688316229352,0.4934363748616509,0.5880541510929468));
#13584=DIRECTION('',(0.055570415474600635,0.9971884381073435,-0.050270745260211316));
#13585=FACE_SURFACE('',(#13590),#13586,.T.);
#13586=PLANE('',#13587);
#13587=AXIS2_PLACEMENT_3D('',#746,#13588,#13589);
#13588=DIRECTION('',(-0.6358206277229642,-0.003477380504416196,-0.7718290206948707));
#13589=DIRECTION('',(-0.055570415474600635,-0.9971884381073435,0.050270745260211316));
#13590=FACE_BOUND('',#13591,.T.);
#13591=EDGE_LOOP('',(#13592,#13593,#13594));
#13592=ORIENTED_EDGE('',*,*,#13595,.T.);
#13593=ORIENTED_EDGE('',*,*,#13596,.T.);
#13594=ORIENTED_EDGE('',*,*,#13597,.T.);
#13595=EDGE_CURVE('',#747,#339,#13598,.F.);
#13596=EDGE_CURVE('',#339,#651,#13599,.T.);
#13597=EDGE_CURVE('',#651,#747,#13600,.T.);
#13598=LINE('',#746,#13601);
#13599=LINE('',#338,#13602);
#13600=LINE('',#650,#13603);
#13601=VECTOR('',#13604,1.0);
#13602=VECTOR('',#13605,1.0);
#13603=VECTOR('',#13606,1.0);
#13604=DIRECTION('',(-0.055570415474600635,-0.9971884381073435,0.050270745260211316));
#13605=DIRECTION('',(-0.05377530056109137,0.9977594205666548,0.03980396613476582));
#13606=DIRECTION('',(0.682353927025661,-0.46989175108978154,-0.5599954111690896));
#13607=FACE_SURFACE('',(#13612),#13608,.T.);
#13608=PLANE('',#13609);
#13609=AXIS2_PLACEMENT_3D('',#650,#13610,#13611);
#13610=DIRECTION('',(-0.5874581409338645,0.0006221872929621409,-0.8092543144979211));
#13611=DIRECTION('',(0.05377530056109137,-0.9977594205666548,-0.03980396613476582));
#13612=FACE_BOUND('',#13613,.T.);
#13613=EDGE_LOOP('',(#13614,#13615,#13616));
#13614=ORIENTED_EDGE('',*,*,#13617,.T.);
#13615=ORIENTED_EDGE('',*,*,#13618,.T.);
#13616=ORIENTED_EDGE('',*,*,#13619,.T.);
#13617=EDGE_CURVE('',#651,#339,#13620,.F.);
#13618=EDGE_CURVE('',#339,#335,#13621,.T.);
#13619=EDGE_CURVE('',#335,#651,#13622,.T.);
#13620=LINE('',#650,#13623);
#13621=LINE('',#338,#13624);
#13622=LINE('',#334,#13625);
#13623=VECTOR('',#13626,1.0);
#13624=VECTOR('',#13627,1.0);
#13625=VECTOR('',#13628,1.0);
#13626=DIRECTION('',(0.05377530056109137,-0.9977594205666548,-0.03980396613476582));
#13627=DIRECTION('',(-0.725636585203905,0.4422886807094853,0.527097969195366));
#13628=DIRECTION('',(0.010877464423321893,0.9999154365305792,-0.007127450847304354));
#13629=FACE_SURFACE('',(#13634),#13630,.T.);
#13630=PLANE('',#13631);
#13631=AXIS2_PLACEMENT_3D('',#650,#13632,#13633);
#13632=DIRECTION('',(-0.5142925626364196,-0.0005184510664078313,-0.857614651941859));
#13633=DIRECTION('',(-0.010877464423321893,-0.9999154365305792,0.007127450847304354));
#13634=FACE_BOUND('',#13635,.T.);
#13635=EDGE_LOOP('',(#13636,#13637,#13638));
#13636=ORIENTED_EDGE('',*,*,#13639,.T.);
#13637=ORIENTED_EDGE('',*,*,#13640,.T.);
#13638=ORIENTED_EDGE('',*,*,#13641,.T.);
#13639=EDGE_CURVE('',#651,#335,#13642,.F.);
#13640=EDGE_CURVE('',#335,#653,#13643,.T.);
#13641=EDGE_CURVE('',#653,#651,#13644,.T.);
#13642=LINE('',#650,#13645);
#13643=LINE('',#334,#13646);
#13644=LINE('',#652,#13647);
#13645=VECTOR('',#13648,1.0);
#13646=VECTOR('',#13649,1.0);
#13647=VECTOR('',#13650,1.0);
#13648=DIRECTION('',(-0.010877464423321893,-0.9999154365305792,0.007127450847304354));
#13649=DIRECTION('',(-0.0485861374822515,0.9984113809319853,0.028532466946301106));
#13650=DIRECTION('',(0.7875735573851338,-0.3961006612693517,-0.4720510119147163));
#13651=FACE_SURFACE('',(#13656),#13652,.T.);
#13652=PLANE('',#13653);
#13653=AXIS2_PLACEMENT_3D('',#652,#13654,#13655);
#13654=DIRECTION('',(-0.49131442705966855,0.0009817466769569364,-0.870981727670846));
#13655=DIRECTION('',(0.0485861374822515,-0.9984113809319853,-0.028532466946301106));
#13656=FACE_BOUND('',#13657,.T.);
#13657=EDGE_LOOP('',(#13658,#13659,#13660));
#13658=ORIENTED_EDGE('',*,*,#13661,.T.);
#13659=ORIENTED_EDGE('',*,*,#13662,.T.);
#13660=ORIENTED_EDGE('',*,*,#13663,.T.);
#13661=EDGE_CURVE('',#653,#335,#13664,.F.);
#13662=EDGE_CURVE('',#335,#333,#13665,.T.);
#13663=EDGE_CURVE('',#333,#653,#13666,.T.);
#13664=LINE('',#652,#13667);
#13665=LINE('',#334,#13668);
#13666=LINE('',#332,#13669);
#13667=VECTOR('',#13670,1.0);
#13668=VECTOR('',#13671,1.0);
#13669=VECTOR('',#13672,1.0);
#13670=DIRECTION('',(0.0485861374822515,-0.9984113809319853,-0.028532466946301106));
#13671=DIRECTION('',(-0.8049699052674892,0.3813743178230057,0.454507515139944));
#13672=DIRECTION('',(0.0219954449067209,0.9996944270765525,-0.011280641623547787));
#13673=FACE_SURFACE('',(#13678),#13674,.T.);
#13674=PLANE('',#13675);
#13675=AXIS2_PLACEMENT_3D('',#652,#13676,#13677);
#13676=DIRECTION('',(-0.42780694574956973,-0.000786667460210065,-0.903869790579778));
#13677=DIRECTION('',(-0.0219954449067209,-0.9996944270765525,0.011280641623547787));
#13678=FACE_BOUND('',#13679,.T.);
#13679=EDGE_LOOP('',(#13680,#13681,#13682));
#13680=ORIENTED_EDGE('',*,*,#13683,.T.);
#13681=ORIENTED_EDGE('',*,*,#13684,.T.);
#13682=ORIENTED_EDGE('',*,*,#13685,.T.);
#13683=EDGE_CURVE('',#653,#333,#13686,.F.);
#13684=EDGE_CURVE('',#333,#753,#13687,.T.);
#13685=EDGE_CURVE('',#753,#653,#13688,.T.);
#13686=LINE('',#652,#13689);
#13687=LINE('',#332,#13690);
#13688=LINE('',#752,#13691);
#13689=VECTOR('',#13692,1.0);
#13690=VECTOR('',#13693,1.0);
#13691=VECTOR('',#13694,1.0);
#13692=DIRECTION('',(-0.0219954449067209,-0.9996944270765525,0.011280641623547787));
#13693=DIRECTION('',(-0.04144285728014251,0.9989650081994619,0.018745718804747017));
#13694=DIRECTION('',(0.8508897643920252,-0.3376845263103957,-0.40243728647257276));
#13695=FACE_SURFACE('',(#13700),#13696,.T.);
#13696=PLANE('',#13697);
#13697=AXIS2_PLACEMENT_3D('',#752,#13698,#13699);
#13698=DIRECTION('',(-0.38886003405564806,0.001156083611161822,-0.9212961181861804));
#13699=DIRECTION('',(0.04144285728014251,-0.9989650081994619,-0.018745718804747017));
#13700=FACE_BOUND('',#13701,.T.);
#13701=EDGE_LOOP('',(#13702,#13703,#13704));
#13702=ORIENTED_EDGE('',*,*,#13705,.T.);
#13703=ORIENTED_EDGE('',*,*,#13706,.T.);
#13704=ORIENTED_EDGE('',*,*,#13707,.T.);
#13705=EDGE_CURVE('',#753,#333,#13708,.F.);
#13706=EDGE_CURVE('',#333,#331,#13709,.T.);
#13707=EDGE_CURVE('',#331,#753,#13710,.T.);
#13708=LINE('',#752,#13711);
#13709=LINE('',#332,#13712);
#13710=LINE('',#330,#13713);
#13711=VECTOR('',#13714,1.0);
#13712=VECTOR('',#13715,1.0);
#13713=VECTOR('',#13716,1.0);
#13714=DIRECTION('',(0.04144285728014251,-0.9989650081994619,-0.018745718804747017));
#13715=DIRECTION('',(-0.8756345444865439,0.3104533984239989,0.36997679914939613));
#13716=DIRECTION('',(0.03399687479039976,0.9993361415944582,-0.01309536588213792));
#13717=FACE_SURFACE('',(#13722),#13718,.T.);
#13718=PLANE('',#13719);
#13719=AXIS2_PLACEMENT_3D('',#752,#13720,#13721);
#13720=DIRECTION('',(-0.33712501253206134,-0.0008681359709938513,-0.941459490506731));
#13721=DIRECTION('',(-0.03399687479039976,-0.9993361415944582,0.01309536588213792));
#13722=FACE_BOUND('',#13723,.T.);
#13723=EDGE_LOOP('',(#13724,#13725,#13726));
#13724=ORIENTED_EDGE('',*,*,#13727,.T.);
#13725=ORIENTED_EDGE('',*,*,#13728,.T.);
#13726=ORIENTED_EDGE('',*,*,#13729,.T.);
#13727=EDGE_CURVE('',#753,#331,#13730,.F.);
#13728=EDGE_CURVE('',#331,#755,#13731,.T.);
#13729=EDGE_CURVE('',#755,#753,#13732,.T.);
#13730=LINE('',#752,#13733);
#13731=LINE('',#330,#13734);
#13732=LINE('',#754,#13735);
#13733=VECTOR('',#13736,1.0);
#13734=VECTOR('',#13737,1.0);
#13735=VECTOR('',#13738,1.0);
#13736=DIRECTION('',(-0.03399687479039976,-0.9993361415944582,0.01309536588213792));
#13737=DIRECTION('',(-0.032635049433485094,0.9994093636601262,0.010764635476192287));
#13738=DIRECTION('',(0.9060375656857876,-0.2720234541617793,-0.32419002136411684));
#13739=FACE_SURFACE('',(#13744),#13740,.T.);
#13740=PLANE('',#13741);
#13741=AXIS2_PLACEMENT_3D('',#754,#13742,#13743);
#13742=DIRECTION('',(-0.2814342758269474,0.0011455821196455433,-0.959579822647063));
#13743=DIRECTION('',(0.032635049433485094,-0.9994093636601262,-0.010764635476192287));
#13744=FACE_BOUND('',#13745,.T.);
#13745=EDGE_LOOP('',(#13746,#13747,#13748));
#13746=ORIENTED_EDGE('',*,*,#13749,.T.);
#13747=ORIENTED_EDGE('',*,*,#13750,.T.);
#13748=ORIENTED_EDGE('',*,*,#13751,.T.);
#13749=EDGE_CURVE('',#755,#331,#13752,.F.);
#13750=EDGE_CURVE('',#331,#329,#13753,.T.);
#13751=EDGE_CURVE('',#329,#755,#13754,.T.);
#13752=LINE('',#754,#13755);
#13753=LINE('',#330,#13756);
#13754=LINE('',#328,#13757);
#13755=VECTOR('',#13758,1.0);
#13756=VECTOR('',#13759,1.0);
#13757=VECTOR('',#13760,1.0);
#13758=DIRECTION('',(0.032635049433485094,-0.9994093636601262,-0.010764635476192287));
#13759=DIRECTION('',(-0.9337749661650826,0.23002443603250516,0.27414060514875693));
#13760=DIRECTION('',(0.04642924754282385,0.9988443076737955,-0.012424733408144015));
#13761=FACE_SURFACE('',(#13766),#13762,.T.);
#13762=PLANE('',#13763);
#13763=AXIS2_PLACEMENT_3D('',#754,#13764,#13765);
#13764=DIRECTION('',(-0.24312539137012615,-0.0007646786514002215,-0.9699945666536917));
#13765=DIRECTION('',(-0.04642924754282385,-0.9988443076737955,0.012424733408144015));
#13766=FACE_BOUND('',#13767,.T.);
#13767=EDGE_LOOP('',(#13768,#13769,#13770));
#13768=ORIENTED_EDGE('',*,*,#13771,.T.);
#13769=ORIENTED_EDGE('',*,*,#13772,.T.);
#13770=ORIENTED_EDGE('',*,*,#13773,.T.);
#13771=EDGE_CURVE('',#755,#329,#13774,.F.);
#13772=EDGE_CURVE('',#329,#757,#13775,.T.);
#13773=EDGE_CURVE('',#757,#755,#13776,.T.);
#13774=LINE('',#754,#13777);
#13775=LINE('',#328,#13778);
#13776=LINE('',#756,#13779);
#13777=VECTOR('',#13780,1.0);
#13778=VECTOR('',#13781,1.0);
#13779=VECTOR('',#13782,1.0);
#13780=DIRECTION('',(-0.04642924754282385,-0.9988443076737955,0.012424733408144015));
#13781=DIRECTION('',(-0.022515525100289514,0.9997347033772667,0.004855305616218663));
#13782=DIRECTION('',(0.950478968037182,-0.19977327620906388,-0.23807639410842593));
#13783=FACE_SURFACE('',(#13788),#13784,.T.);
#13784=PLANE('',#13785);
#13785=AXIS2_PLACEMENT_3D('',#756,#13786,#13787);
#13786=DIRECTION('',(-0.1703612646366754,0.0009488053331099243,-0.9853812152054819));
#13787=DIRECTION('',(0.022515525100289514,-0.9997347033772667,-0.004855305616218663));
#13788=FACE_BOUND('',#13789,.T.);
#13789=EDGE_LOOP('',(#13790,#13791,#13792));
#13790=ORIENTED_EDGE('',*,*,#13793,.T.);
#13791=ORIENTED_EDGE('',*,*,#13794,.T.);
#13792=ORIENTED_EDGE('',*,*,#13795,.T.);
#13793=EDGE_CURVE('',#757,#329,#13796,.F.);
#13794=EDGE_CURVE('',#329,#327,#13797,.T.);
#13795=EDGE_CURVE('',#327,#757,#13798,.T.);
#13796=LINE('',#756,#13799);
#13797=LINE('',#328,#13800);
#13798=LINE('',#326,#13801);
#13799=VECTOR('',#13802,1.0);
#13800=VECTOR('',#13803,1.0);
#13801=VECTOR('',#13804,1.0);
#13802=DIRECTION('',(0.022515525100289514,-0.9997347033772667,-0.004855305616218663));
#13803=DIRECTION('',(-0.9754259952762069,0.14162847089875955,0.16877649116598065));
#13804=DIRECTION('',(0.058817088595043636,0.9982263117830752,-0.00920763559018788));
#13805=FACE_SURFACE('',(#13810),#13806,.T.);
#13806=PLANE('',#13807);
#13807=AXIS2_PLACEMENT_3D('',#756,#13808,#13809);
#13808=DIRECTION('',(-0.14679584354175598,-0.00047462418705211505,-0.9891666973016962));
#13809=DIRECTION('',(-0.058817088595043636,-0.9982263117830752,0.00920763559018788));
#13810=FACE_BOUND('',#13811,.T.);
#13811=EDGE_LOOP('',(#13812,#13813,#13814));
#13812=ORIENTED_EDGE('',*,*,#13815,.T.);
#13813=ORIENTED_EDGE('',*,*,#13816,.T.);
#13814=ORIENTED_EDGE('',*,*,#13817,.T.);
#13815=EDGE_CURVE('',#757,#327,#13818,.F.);
#13816=EDGE_CURVE('',#327,#661,#13819,.T.);
#13817=EDGE_CURVE('',#661,#757,#13820,.T.);
#13818=LINE('',#756,#13821);
#13819=LINE('',#326,#13822);
#13820=LINE('',#660,#13823);
#13821=VECTOR('',#13824,1.0);
#13822=VECTOR('',#13825,1.0);
#13823=VECTOR('',#13826,1.0);
#13824=DIRECTION('',(-0.058817088595043636,-0.9982263117830752,0.00920763559018788));
#13825=DIRECTION('',(-0.01148929995638756,0.9999332451309106,0.001225262616029898));
#13826=DIRECTION('',(0.9817613104188938,-0.12220571995316282,-0.14563822086013567));
#13827=FACE_SURFACE('',(#13832),#13828,.T.);
#13828=PLANE('',#13829);
#13829=AXIS2_PLACEMENT_3D('',#660,#13830,#13831);
#13830=DIRECTION('',(-0.05705904578318198,0.0005677356340286566,-0.9983706440849323));
#13831=DIRECTION('',(0.01148929995638756,-0.9999332451309106,-0.001225262616029898));
#13832=FACE_BOUND('',#13833,.T.);
#13833=EDGE_LOOP('',(#13834,#13835,#13836));
#13834=ORIENTED_EDGE('',*,*,#13837,.T.);
#13835=ORIENTED_EDGE('',*,*,#13838,.T.);
#13836=ORIENTED_EDGE('',*,*,#13839,.T.);
#13837=EDGE_CURVE('',#661,#327,#13840,.F.);
#13838=EDGE_CURVE('',#327,#325,#13841,.T.);
#13839=EDGE_CURVE('',#325,#661,#13842,.T.);
#13840=LINE('',#660,#13843);
#13841=LINE('',#326,#13844);
#13842=LINE('',#324,#13845);
#13843=VECTOR('',#13846,1.0);
#13844=VECTOR('',#13847,1.0);
#13845=VECTOR('',#13848,1.0);
#13846=DIRECTION('',(0.01148929995638756,-0.9999332451309106,-0.001225262616029898));
#13847=DIRECTION('',(-0.9972264349686533,0.04783366731186287,0.05702085295055215));
#13848=DIRECTION('',(0.07068011219247716,0.9974929899388391,-0.003472285030622372));
#13849=FACE_SURFACE('',(#13854),#13850,.T.);
#13850=PLANE('',#13851);
#13851=AXIS2_PLACEMENT_3D('',#660,#13852,#13853);
#13852=DIRECTION('',(-0.04906758660419921,0,-0.9987954605147339));
#13853=DIRECTION('',(-0.07068011219247716,-0.9974929899388391,0.003472285030622372));
#13854=FACE_BOUND('',#13855,.T.);
#13855=EDGE_LOOP('',(#13856,#13857,#13858));
#13856=ORIENTED_EDGE('',*,*,#13859,.T.);
#13857=ORIENTED_EDGE('',*,*,#13860,.T.);
#13858=ORIENTED_EDGE('',*,*,#13861,.T.);
#13859=EDGE_CURVE('',#661,#325,#13862,.F.);
#13860=EDGE_CURVE('',#325,#663,#13863,.T.);
#13861=EDGE_CURVE('',#663,#661,#13864,.T.);
#13862=LINE('',#660,#13865);
#13863=LINE('',#324,#13866);
#13864=LINE('',#662,#13867);
#13865=VECTOR('',#13868,1.0);
#13866=VECTOR('',#13869,1.0);
#13867=VECTOR('',#13870,1.0);
#13868=DIRECTION('',(-0.07068011219247716,-0.9974929899388391,0.003472285030622372));
#13869=DIRECTION('',(0,1,0));
#13870=DIRECTION('',(0.9979502032439919,-0.04113194749331036,-0.04902606185166019));
#13871=FACE_SURFACE('',(#13876),#13872,.T.);
#13872=PLANE('',#13873);
#13873=AXIS2_PLACEMENT_3D('',#662,#13874,#13875);
#13874=DIRECTION('',(0.04906758660419921,0,-0.9987954605147339));
#13875=DIRECTION('',(0,-1,0));
#13876=FACE_BOUND('',#13877,.T.);
#13877=EDGE_LOOP('',(#13878,#13879,#13880));
#13878=ORIENTED_EDGE('',*,*,#13881,.T.);
#13879=ORIENTED_EDGE('',*,*,#13882,.T.);
#13880=ORIENTED_EDGE('',*,*,#13883,.T.);
#13881=EDGE_CURVE('',#663,#325,#13884,.F.);
#13882=EDGE_CURVE('',#325,#665,#13885,.T.);
#13883=EDGE_CURVE('',#665,#663,#13886,.T.);
#13884=LINE('',#662,#13887);
#13885=LINE('',#324,#13888);
#13886=LINE('',#664,#13889);
#13887=VECTOR('',#13890,1.0);
#13888=VECTOR('',#13891,1.0);
#13889=VECTOR('',#13892,1.0);
#13890=DIRECTION('',(0,-1,0));
#13891=DIRECTION('',(-0.07068011219247716,0.9974929899388391,-0.003472285030622372));
#13892=DIRECTION('',(0.9979502032439919,0.04113194749331036,0.04902606185166019));
#13893=FACE_SURFACE('',(#13898),#13894,.T.);
#13894=PLANE('',#13895);
#13895=AXIS2_PLACEMENT_3D('',#664,#13896,#13897);
#13896=DIRECTION('',(0.05705904578318198,0.0005677356340286566,-0.9983706440849323));
#13897=DIRECTION('',(0.07068011219247716,-0.9974929899388391,0.003472285030622372));
#13898=FACE_BOUND('',#13899,.T.);
#13899=EDGE_LOOP('',(#13900,#13901,#13902));
#13900=ORIENTED_EDGE('',*,*,#13903,.T.);
#13901=ORIENTED_EDGE('',*,*,#13904,.T.);
#13902=ORIENTED_EDGE('',*,*,#13905,.T.);
#13903=EDGE_CURVE('',#665,#325,#13906,.F.);
#13904=EDGE_CURVE('',#325,#323,#13907,.T.);
#13905=EDGE_CURVE('',#323,#665,#13908,.T.);
#13906=LINE('',#664,#13909);
#13907=LINE('',#324,#13910);
#13908=LINE('',#322,#13911);
#13909=VECTOR('',#13912,1.0);
#13910=VECTOR('',#13913,1.0);
#13911=VECTOR('',#13914,1.0);
#13912=DIRECTION('',(0.07068011219247716,-0.9974929899388391,0.003472285030622372));
#13913=DIRECTION('',(-0.9972264349686533,-0.04783366731186287,-0.05702085295055215));
#13914=DIRECTION('',(0.01148929995638756,0.9999332451309106,0.001225262616029898));
#13915=FACE_SURFACE('',(#13920),#13916,.T.);
#13916=PLANE('',#13917);
#13917=AXIS2_PLACEMENT_3D('',#664,#13918,#13919);
#13918=DIRECTION('',(0.14679584354175598,-0.00047462418705211505,-0.9891666973016962));
#13919=DIRECTION('',(-0.01148929995638756,-0.9999332451309106,-0.001225262616029898));
#13920=FACE_BOUND('',#13921,.T.);
#13921=EDGE_LOOP('',(#13922,#13923,#13924));
#13922=ORIENTED_EDGE('',*,*,#13925,.T.);
#13923=ORIENTED_EDGE('',*,*,#13926,.T.);
#13924=ORIENTED_EDGE('',*,*,#13927,.T.);
#13925=EDGE_CURVE('',#665,#323,#13928,.F.);
#13926=EDGE_CURVE('',#323,#667,#13929,.T.);
#13927=EDGE_CURVE('',#667,#665,#13930,.T.);
#13928=LINE('',#664,#13931);
#13929=LINE('',#322,#13932);
#13930=LINE('',#666,#13933);
#13931=VECTOR('',#13934,1.0);
#13932=VECTOR('',#13935,1.0);
#13933=VECTOR('',#13936,1.0);
#13934=DIRECTION('',(-0.01148929995638756,-0.9999332451309106,-0.001225262616029898));
#13935=DIRECTION('',(-0.058817088595043636,0.9982263117830752,-0.00920763559018788));
#13936=DIRECTION('',(0.9817613104188938,0.12220571995316282,0.14563822086013567));
#13937=FACE_SURFACE('',(#13942),#13938,.T.);
#13938=PLANE('',#13939);
#13939=AXIS2_PLACEMENT_3D('',#666,#13940,#13941);
#13940=DIRECTION('',(0.1703612646366754,0.0009488053331099243,-0.9853812152054819));
#13941=DIRECTION('',(0.058817088595043636,-0.9982263117830752,0.00920763559018788));
#13942=FACE_BOUND('',#13943,.T.);
#13943=EDGE_LOOP('',(#13944,#13945,#13946));
#13944=ORIENTED_EDGE('',*,*,#13947,.T.);
#13945=ORIENTED_EDGE('',*,*,#13948,.T.);
#13946=ORIENTED_EDGE('',*,*,#13949,.T.);
#13947=EDGE_CURVE('',#667,#323,#13950,.F.);
#13948=EDGE_CURVE('',#323,#321,#13951,.T.);
#13949=EDGE_CURVE('',#321,#667,#13952,.T.);
#13950=LINE('',#666,#13953);
#13951=LINE('',#322,#13954);
#13952=LINE('',#320,#13955);
#13953=VECTOR('',#13956,1.0);
#13954=VECTOR('',#13957,1.0);
#13955=VECTOR('',#13958,1.0);
#13956=DIRECTION('',(0.058817088595043636,-0.9982263117830752,0.00920763559018788));
#13957=DIRECTION('',(-0.9754259952762069,-0.14162847089875955,-0.16877649116598065));
#13958=DIRECTION('',(0.022515525100289514,0.9997347033772667,0.004855305616218663));
#13959=FACE_SURFACE('',(#13964),#13960,.T.);
#13960=PLANE('',#13961);
#13961=AXIS2_PLACEMENT_3D('',#666,#13962,#13963);
#13962=DIRECTION('',(0.24312539137012615,-0.0007646786514002215,-0.9699945666536917));
#13963=DIRECTION('',(-0.022515525100289514,-0.9997347033772667,-0.004855305616218663));
#13964=FACE_BOUND('',#13965,.T.);
#13965=EDGE_LOOP('',(#13966,#13967,#13968));
#13966=ORIENTED_EDGE('',*,*,#13969,.T.);
#13967=ORIENTED_EDGE('',*,*,#13970,.T.);
#13968=ORIENTED_EDGE('',*,*,#13971,.T.);
#13969=EDGE_CURVE('',#667,#321,#13972,.F.);
#13970=EDGE_CURVE('',#321,#669,#13973,.T.);
#13971=EDGE_CURVE('',#669,#667,#13974,.T.);
#13972=LINE('',#666,#13975);
#13973=LINE('',#320,#13976);
#13974=LINE('',#668,#13977);
#13975=VECTOR('',#13978,1.0);
#13976=VECTOR('',#13979,1.0);
#13977=VECTOR('',#13980,1.0);
#13978=DIRECTION('',(-0.022515525100289514,-0.9997347033772667,-0.004855305616218663));
#13979=DIRECTION('',(-0.04642924754282385,0.9988443076737955,-0.012424733408144015));
#13980=DIRECTION('',(0.950478968037182,0.19977327620906388,0.23807639410842593));
#13981=FACE_SURFACE('',(#13986),#13982,.T.);
#13982=PLANE('',#13983);
#13983=AXIS2_PLACEMENT_3D('',#668,#13984,#13985);
#13984=DIRECTION('',(0.2814342758269474,0.0011455821196455433,-0.959579822647063));
#13985=DIRECTION('',(0.04642924754282385,-0.9988443076737955,0.012424733408144015));
#13986=FACE_BOUND('',#13987,.T.);
#13987=EDGE_LOOP('',(#13988,#13989,#13990));
#13988=ORIENTED_EDGE('',*,*,#13991,.T.);
#13989=ORIENTED_EDGE('',*,*,#13992,.T.);
#13990=ORIENTED_EDGE('',*,*,#13993,.T.);
#13991=EDGE_CURVE('',#669,#321,#13994,.F.);
#13992=EDGE_CURVE('',#321,#319,#13995,.T.);
#13993=EDGE_CURVE('',#319,#669,#13996,.T.);
#13994=LINE('',#668,#13997);
#13995=LINE('',#320,#13998);
#13996=LINE('',#318,#13999);
#13997=VECTOR('',#14000,1.0);
#13998=VECTOR('',#14001,1.0);
#13999=VECTOR('',#14002,1.0);
#14000=DIRECTION('',(0.04642924754282385,-0.9988443076737955,0.012424733408144015));
#14001=DIRECTION('',(-0.9337749661650826,-0.23002443603250516,-0.27414060514875693));
#14002=DIRECTION('',(0.032635049433485094,0.9994093636601262,0.010764635476192287));
#14003=FACE_SURFACE('',(#14008),#14004,.T.);
#14004=PLANE('',#14005);
#14005=AXIS2_PLACEMENT_3D('',#668,#14006,#14007);
#14006=DIRECTION('',(0.33712501253206134,-0.0008681359709938513,-0.941459490506731));
#14007=DIRECTION('',(-0.032635049433485094,-0.9994093636601262,-0.010764635476192287));
#14008=FACE_BOUND('',#14009,.T.);
#14009=EDGE_LOOP('',(#14010,#14011,#14012));
#14010=ORIENTED_EDGE('',*,*,#14013,.T.);
#14011=ORIENTED_EDGE('',*,*,#14014,.T.);
#14012=ORIENTED_EDGE('',*,*,#14015,.T.);
#14013=EDGE_CURVE('',#669,#319,#14016,.F.);
#14014=EDGE_CURVE('',#319,#671,#14017,.T.);
#14015=EDGE_CURVE('',#671,#669,#14018,.T.);
#14016=LINE('',#668,#14019);
#14017=LINE('',#318,#14020);
#14018=LINE('',#670,#14021);
#14019=VECTOR('',#14022,1.0);
#14020=VECTOR('',#14023,1.0);
#14021=VECTOR('',#14024,1.0);
#14022=DIRECTION('',(-0.032635049433485094,-0.9994093636601262,-0.010764635476192287));
#14023=DIRECTION('',(-0.03399687479039976,0.9993361415944582,-0.01309536588213792));
#14024=DIRECTION('',(0.9060375656857876,0.2720234541617793,0.32419002136411684));
#14025=FACE_SURFACE('',(#14030),#14026,.T.);
#14026=PLANE('',#14027);
#14027=AXIS2_PLACEMENT_3D('',#670,#14028,#14029);
#14028=DIRECTION('',(0.38886003405564806,0.001156083611161822,-0.9212961181861804));
#14029=DIRECTION('',(0.03399687479039976,-0.9993361415944582,0.01309536588213792));
#14030=FACE_BOUND('',#14031,.T.);
#14031=EDGE_LOOP('',(#14032,#14033,#14034));
#14032=ORIENTED_EDGE('',*,*,#14035,.T.);
#14033=ORIENTED_EDGE('',*,*,#14036,.T.);
#14034=ORIENTED_EDGE('',*,*,#14037,.T.);
#14035=EDGE_CURVE('',#671,#319,#14038,.F.);
#14036=EDGE_CURVE('',#319,#317,#14039,.T.);
#14037=EDGE_CURVE('',#317,#671,#14040,.T.);
#14038=LINE('',#670,#14041);
#14039=LINE('',#318,#14042);
#14040=LINE('',#316,#14043);
#14041=VECTOR('',#14044,1.0);
#14042=VECTOR('',#14045,1.0);
#14043=VECTOR('',#14046,1.0);
#14044=DIRECTION('',(0.03399687479039976,-0.9993361415944582,0.01309536588213792));
#14045=DIRECTION('',(-0.8756345444865439,-0.3104533984239989,-0.36997679914939613));
#14046=DIRECTION('',(0.04144285728014251,0.9989650081994619,0.018745718804747017));
#14047=FACE_SURFACE('',(#14052),#14048,.T.);
#14048=PLANE('',#14049);
#14049=AXIS2_PLACEMENT_3D('',#670,#14050,#14051);
#14050=DIRECTION('',(0.42780694574956973,-0.000786667460210065,-0.903869790579778));
#14051=DIRECTION('',(-0.04144285728014251,-0.9989650081994619,-0.018745718804747017));
#14052=FACE_BOUND('',#14053,.T.);
#14053=EDGE_LOOP('',(#14054,#14055,#14056));
#14054=ORIENTED_EDGE('',*,*,#14057,.T.);
#14055=ORIENTED_EDGE('',*,*,#14058,.T.);
#14056=ORIENTED_EDGE('',*,*,#14059,.T.);
#14057=EDGE_CURVE('',#671,#317,#14060,.F.);
#14058=EDGE_CURVE('',#317,#673,#14061,.T.);
#14059=EDGE_CURVE('',#673,#671,#14062,.T.);
#14060=LINE('',#670,#14063);
#14061=LINE('',#316,#14064);
#14062=LINE('',#672,#14065);
#14063=VECTOR('',#14066,1.0);
#14064=VECTOR('',#14067,1.0);
#14065=VECTOR('',#14068,1.0);
#14066=DIRECTION('',(-0.04144285728014251,-0.9989650081994619,-0.018745718804747017));
#14067=DIRECTION('',(-0.0219954449067209,0.9996944270765525,-0.011280641623547787));
#14068=DIRECTION('',(0.8508897643920252,0.3376845263103957,0.40243728647257276));
#14069=FACE_SURFACE('',(#14074),#14070,.T.);
#14070=PLANE('',#14071);
#14071=AXIS2_PLACEMENT_3D('',#672,#14072,#14073);
#14072=DIRECTION('',(0.49131442705966855,0.0009817466769569364,-0.870981727670846));
#14073=DIRECTION('',(0.0219954449067209,-0.9996944270765525,0.011280641623547787));
#14074=FACE_BOUND('',#14075,.T.);
#14075=EDGE_LOOP('',(#14076,#14077,#14078));
#14076=ORIENTED_EDGE('',*,*,#14079,.T.);
#14077=ORIENTED_EDGE('',*,*,#14080,.T.);
#14078=ORIENTED_EDGE('',*,*,#14081,.T.);
#14079=EDGE_CURVE('',#673,#317,#14082,.F.);
#14080=EDGE_CURVE('',#317,#315,#14083,.T.);
#14081=EDGE_CURVE('',#315,#673,#14084,.T.);
#14082=LINE('',#672,#14085);
#14083=LINE('',#316,#14086);
#14084=LINE('',#314,#14087);
#14085=VECTOR('',#14088,1.0);
#14086=VECTOR('',#14089,1.0);
#14087=VECTOR('',#14090,1.0);
#14088=DIRECTION('',(0.0219954449067209,-0.9996944270765525,0.011280641623547787));
#14089=DIRECTION('',(-0.8049699052674892,-0.3813743178230057,-0.454507515139944));
#14090=DIRECTION('',(0.0485861374822515,0.9984113809319853,0.028532466946301106));
#14091=FACE_SURFACE('',(#14096),#14092,.T.);
#14092=PLANE('',#14093);
#14093=AXIS2_PLACEMENT_3D('',#672,#14094,#14095);
#14094=DIRECTION('',(0.5142925626364196,-0.0005184510664078313,-0.857614651941859));
#14095=DIRECTION('',(-0.0485861374822515,-0.9984113809319853,-0.028532466946301106));
#14096=FACE_BOUND('',#14097,.T.);
#14097=EDGE_LOOP('',(#14098,#14099,#14100));
#14098=ORIENTED_EDGE('',*,*,#14101,.T.);
#14099=ORIENTED_EDGE('',*,*,#14102,.T.);
#14100=ORIENTED_EDGE('',*,*,#14103,.T.);
#14101=EDGE_CURVE('',#673,#315,#14104,.F.);
#14102=EDGE_CURVE('',#315,#675,#14105,.T.);
#14103=EDGE_CURVE('',#675,#673,#14106,.T.);
#14104=LINE('',#672,#14107);
#14105=LINE('',#314,#14108);
#14106=LINE('',#674,#14109);
#14107=VECTOR('',#14110,1.0);
#14108=VECTOR('',#14111,1.0);
#14109=VECTOR('',#14112,1.0);
#14110=DIRECTION('',(-0.0485861374822515,-0.9984113809319853,-0.028532466946301106));
#14111=DIRECTION('',(-0.010877464423321893,0.9999154365305792,-0.007127450847304354));
#14112=DIRECTION('',(0.7875735573851338,0.3961006612693517,0.4720510119147163));
#14113=FACE_SURFACE('',(#14118),#14114,.T.);
#14114=PLANE('',#14115);
#14115=AXIS2_PLACEMENT_3D('',#674,#14116,#14117);
#14116=DIRECTION('',(0.5874581409338645,0.0006221872929621409,-0.8092543144979211));
#14117=DIRECTION('',(0.010877464423321893,-0.9999154365305792,0.007127450847304354));
#14118=FACE_BOUND('',#14119,.T.);
#14119=EDGE_LOOP('',(#14120,#14121,#14122));
#14120=ORIENTED_EDGE('',*,*,#14123,.T.);
#14121=ORIENTED_EDGE('',*,*,#14124,.T.);
#14122=ORIENTED_EDGE('',*,*,#14125,.T.);
#14123=EDGE_CURVE('',#675,#315,#14126,.F.);
#14124=EDGE_CURVE('',#315,#313,#14127,.T.);
#14125=EDGE_CURVE('',#313,#675,#14128,.T.);
#14126=LINE('',#674,#14129);
#14127=LINE('',#314,#14130);
#14128=LINE('',#312,#14131);
#14129=VECTOR('',#14132,1.0);
#14130=VECTOR('',#14133,1.0);
#14131=VECTOR('',#14134,1.0);
#14132=DIRECTION('',(0.010877464423321893,-0.9999154365305792,0.007127450847304354));
#14133=DIRECTION('',(-0.725636585203905,-0.4422886807094853,-0.527097969195366));
#14134=DIRECTION('',(0.05377530056109137,0.9977594205666548,0.03980396613476582));
#14135=FACE_SURFACE('',(#14140),#14136,.T.);
#14136=PLANE('',#14137);
#14137=AXIS2_PLACEMENT_3D('',#674,#14138,#14139);
#14138=DIRECTION('',(0.635819312458239,-0.003477266372170096,-0.7718301047016171));
#14139=DIRECTION('',(-0.05377530056109137,-0.9977594205666548,-0.03980396613476582));
#14140=FACE_BOUND('',#14141,.T.);
#14141=EDGE_LOOP('',(#14142,#14143,#14144));
#14142=ORIENTED_EDGE('',*,*,#14145,.T.);
#14143=ORIENTED_EDGE('',*,*,#14146,.T.);
#14144=ORIENTED_EDGE('',*,*,#14147,.T.);
#14145=EDGE_CURVE('',#675,#313,#14148,.F.);
#14146=EDGE_CURVE('',#313,#677,#14149,.T.);
#14147=EDGE_CURVE('',#677,#675,#14150,.T.);
#14148=LINE('',#674,#14151);
#14149=LINE('',#312,#14152);
#14150=LINE('',#676,#14153);
#14151=VECTOR('',#14154,1.0);
#14152=VECTOR('',#14155,1.0);
#14153=VECTOR('',#14156,1.0);
#14154=DIRECTION('',(-0.05377530056109137,-0.9977594205666548,-0.03980396613476582));
#14155=DIRECTION('',(-0.055570793961905514,0.9971884170687411,-0.050270744199603125));
#14156=DIRECTION('',(0.6823551464620035,0.46989101943448686,0.5599945392159076));
#14157=FACE_SURFACE('',(#14162),#14158,.T.);
#14158=PLANE('',#14159);
#14159=AXIS2_PLACEMENT_3D('',#676,#14160,#14161);
#14160=DIRECTION('',(0.6758781629761849,0.0005103191867723459,-0.7370131941737984));
#14161=DIRECTION('',(0.055570793961905514,-0.9971884170687411,0.050270744199603125));
#14162=FACE_BOUND('',#14163,.T.);
#14163=EDGE_LOOP('',(#14164,#14165,#14166));
#14164=ORIENTED_EDGE('',*,*,#14167,.T.);
#14165=ORIENTED_EDGE('',*,*,#14168,.T.);
#14166=ORIENTED_EDGE('',*,*,#14169,.T.);
#14167=EDGE_CURVE('',#677,#313,#14170,.F.);
#14168=EDGE_CURVE('',#313,#311,#14171,.T.);
#14169=EDGE_CURVE('',#311,#677,#14172,.T.);
#14170=LINE('',#676,#14173);
#14171=LINE('',#312,#14174);
#14172=LINE('',#310,#14175);
#14173=VECTOR('',#14176,1.0);
#14174=VECTOR('',#14177,1.0);
#14175=VECTOR('',#14178,1.0);
#14176=DIRECTION('',(0.055570793961905514,-0.9971884170687411,0.050270744199603125));
#14177=DIRECTION('',(-0.6408711068547912,-0.49343515390480114,-0.5880526960142773));
#14178=DIRECTION('',(0.0071215056247004365,0.9999485537465539,0.007223158437451054));
#14179=FACE_SURFACE('',(#14184),#14180,.T.);
#14180=PLANE('',#14181);
#14181=AXIS2_PLACEMENT_3D('',#676,#14182,#14183);
#14182=DIRECTION('',(0.7559359028777738,-0.0006548286780831159,-0.6546453100265573));
#14183=DIRECTION('',(-0.0071215056247004365,-0.9999485537465539,-0.007223158437451054));
#14184=FACE_BOUND('',#14185,.T.);
#14185=EDGE_LOOP('',(#14186,#14187,#14188));
#14186=ORIENTED_EDGE('',*,*,#14189,.T.);
#14187=ORIENTED_EDGE('',*,*,#14190,.T.);
#14188=ORIENTED_EDGE('',*,*,#14191,.T.);
#14189=EDGE_CURVE('',#677,#311,#14192,.F.);
#14190=EDGE_CURVE('',#311,#309,#14193,.T.);
#14191=EDGE_CURVE('',#309,#677,#14194,.T.);
#14192=LINE('',#676,#14195);
#14193=LINE('',#310,#14196);
#14194=LINE('',#308,#14197);
#14195=VECTOR('',#14198,1.0);
#14196=VECTOR('',#14199,1.0);
#14197=VECTOR('',#14200,1.0);
#14198=DIRECTION('',(-0.0071215056247004365,-0.9999485537465539,-0.007223158437451054));
#14199=DIRECTION('',(-0.5531358547698695,-0.5355007692303866,-0.6381846537810747));
#14200=DIRECTION('',(0.05747861938943343,0.9962039165692966,0.06537556825816834));
#14201=FACE_SURFACE('',(#14206),#14202,.T.);
#14202=PLANE('',#14203);
#14203=AXIS2_PLACEMENT_3D('',#676,#14204,#14205);
#14204=DIRECTION('',(0.774299998842056,-0.0031472715261632736,-0.6328108773362958));
#14205=DIRECTION('',(-0.05747861938943343,-0.9962039165692966,-0.06537556825816834));
#14206=FACE_BOUND('',#14207,.T.);
#14207=EDGE_LOOP('',(#14208,#14209,#14210));
#14208=ORIENTED_EDGE('',*,*,#14211,.T.);
#14209=ORIENTED_EDGE('',*,*,#14212,.T.);
#14210=ORIENTED_EDGE('',*,*,#14213,.T.);
#14211=EDGE_CURVE('',#677,#309,#14214,.F.);
#14212=EDGE_CURVE('',#309,#679,#14215,.T.);
#14213=EDGE_CURVE('',#679,#677,#14216,.T.);
#14214=LINE('',#676,#14217);
#14215=LINE('',#308,#14218);
#14216=LINE('',#678,#14219);
#14217=VECTOR('',#14220,1.0);
#14218=VECTOR('',#14221,1.0);
#14219=VECTOR('',#14222,1.0);
#14220=DIRECTION('',(-0.05747861938943343,-0.9962039165692966,-0.06537556825816834));
#14221=DIRECTION('',(-0.02953065411497375,0.9987185248700535,-0.04110046896236065));
#14222=DIRECTION('',(0.5322355365209873,0.5441812645600638,0.6485307124308198));
#14223=FACE_SURFACE('',(#14228),#14224,.T.);
#14224=PLANE('',#14225);
#14225=AXIS2_PLACEMENT_3D('',#678,#14226,#14227);
#14226=DIRECTION('',(0.8249439672864667,0.0011320505161290378,-0.5652133838642658));
#14227=DIRECTION('',(0.02953065411497375,-0.9987185248700535,0.04110046896236065));
#14228=FACE_BOUND('',#14229,.T.);
#14229=EDGE_LOOP('',(#14230,#14231,#14232));
#14230=ORIENTED_EDGE('',*,*,#14233,.T.);
#14231=ORIENTED_EDGE('',*,*,#14234,.T.);
#14232=ORIENTED_EDGE('',*,*,#14235,.T.);
#14233=EDGE_CURVE('',#679,#309,#14236,.F.);
#14234=EDGE_CURVE('',#309,#307,#14237,.T.);
#14235=EDGE_CURVE('',#307,#679,#14238,.T.);
#14236=LINE('',#678,#14239);
#14237=LINE('',#308,#14240);
#14238=LINE('',#306,#14241);
#14239=VECTOR('',#14242,1.0);
#14240=VECTOR('',#14243,1.0);
#14241=VECTOR('',#14244,1.0);
#14242=DIRECTION('',(0.02953065411497375,-0.9987185248700535,0.04110046896236065));
#14243=DIRECTION('',(-0.4641232467611912,-0.5693613008105003,-0.6785405816568568));
#14244=DIRECTION('',(0.01745368156859246,0.9994700808948861,0.027475923927539826));
#14245=FACE_SURFACE('',(#14250),#14246,.T.);
#14246=PLANE('',#14247);
#14247=AXIS2_PLACEMENT_3D('',#678,#14248,#14249);
#14248=DIRECTION('',(0.8827906668116005,-0.002502185459801421,-0.469759914912133));
#14249=DIRECTION('',(-0.01745368156859246,-0.9994700808948861,-0.027475923927539826));
#14250=FACE_BOUND('',#14251,.T.);
#14251=EDGE_LOOP('',(#14252,#14253,#14254));
#14252=ORIENTED_EDGE('',*,*,#14255,.T.);
#14253=ORIENTED_EDGE('',*,*,#14256,.T.);
#14254=ORIENTED_EDGE('',*,*,#14257,.T.);
#14255=EDGE_CURVE('',#679,#307,#14258,.F.);
#14256=EDGE_CURVE('',#307,#643,#14259,.T.);
#14257=EDGE_CURVE('',#643,#679,#14260,.T.);
#14258=LINE('',#678,#14261);
#14259=LINE('',#306,#14262);
#14260=LINE('',#642,#14263);
#14261=VECTOR('',#14264,1.0);
#14262=VECTOR('',#14265,1.0);
#14263=VECTOR('',#14266,1.0);
#14264=DIRECTION('',(-0.01745368156859246,-0.9994700808948861,-0.027475923927539826));
#14265=DIRECTION('',(-0.052663804883117435,0.9931549817981506,-0.10425788116371906));
#14266=DIRECTION('',(0.3789233145268561,0.5948542464921963,0.7089185758168441));
#14267=FACE_SURFACE('',(#14272),#14268,.T.);
#14268=PLANE('',#14269);
#14269=AXIS2_PLACEMENT_3D('',#642,#14270,#14271);
#14270=DIRECTION('',(0.8850266882658044,-0.0019402307252034511,-0.46553624623867434));
#14271=DIRECTION('',(0.052663804883117435,-0.9931549817981506,0.10425788116371906));
#14272=FACE_BOUND('',#14273,.T.);
#14273=EDGE_LOOP('',(#14274,#14275,#14276));
#14274=ORIENTED_EDGE('',*,*,#14277,.T.);
#14275=ORIENTED_EDGE('',*,*,#14278,.T.);
#14276=ORIENTED_EDGE('',*,*,#14279,.T.);
#14277=EDGE_CURVE('',#643,#307,#14280,.F.);
#14278=EDGE_CURVE('',#307,#305,#14281,.T.);
#14279=EDGE_CURVE('',#305,#643,#14282,.T.);
#14280=LINE('',#642,#14283);
#14281=LINE('',#306,#14284);
#14282=LINE('',#304,#14285);
#14283=VECTOR('',#14286,1.0);
#14284=VECTOR('',#14287,1.0);
#14285=VECTOR('',#14288,1.0);
#14286=DIRECTION('',(0.052663804883117435,-0.9931549817981506,0.10425788116371906));
#14287=DIRECTION('',(-0.37487118080988674,-0.5959154198709314,-0.7101805475780455));
#14288=DIRECTION('',(-0.010527125591213387,0.9996522099317645,-0.024179305311075483));
#14289=FACE_SURFACE('',(#14294),#14290,.T.);
#14290=PLANE('',#14291);
#14291=AXIS2_PLACEMENT_3D('',#642,#14292,#14293);
#14292=DIRECTION('',(0.931512043844693,0.0010122636861153063,-0.3637090698546191));
#14293=DIRECTION('',(0.010527125591213387,-0.9996522099317645,0.024179305311075483));
#14294=FACE_BOUND('',#14295,.T.);
#14295=EDGE_LOOP('',(#14296,#14297,#14298));
#14296=ORIENTED_EDGE('',*,*,#14299,.T.);
#14297=ORIENTED_EDGE('',*,*,#14300,.T.);
#14298=ORIENTED_EDGE('',*,*,#14301,.T.);
#14299=EDGE_CURVE('',#643,#305,#14302,.F.);
#14300=EDGE_CURVE('',#305,#303,#14303,.T.);
#14301=EDGE_CURVE('',#303,#643,#14304,.T.);
#14302=LINE('',#642,#14305);
#14303=LINE('',#304,#14306);
#14304=LINE('',#302,#14307);
#14305=VECTOR('',#14308,1.0);
#14306=VECTOR('',#14309,1.0);
#14307=VECTOR('',#14310,1.0);
#14308=DIRECTION('',(0.010527125591213387,-0.9996522099317645,0.024179305311075483));
#14309=DIRECTION('',(-0.28594510008279517,-0.6159457765627513,-0.7340614416199435));
#14310=DIRECTION('',(0.01868769327855842,0.9985420656878456,0.05064102261780081));
#14311=FACE_SURFACE('',(#14316),#14312,.T.);
#14312=PLANE('',#14313);
#14313=AXIS2_PLACEMENT_3D('',#642,#14314,#14315);
#14314=DIRECTION('',(0.9577088255927326,-0.0033317995643120865,-0.28771983680909496));
#14315=DIRECTION('',(-0.01868769327855842,-0.9985420656878456,-0.05064102261780081));
#14316=FACE_BOUND('',#14317,.T.);
#14317=EDGE_LOOP('',(#14318,#14319,#14320));
#14318=ORIENTED_EDGE('',*,*,#14321,.T.);
#14319=ORIENTED_EDGE('',*,*,#14322,.T.);
#14320=ORIENTED_EDGE('',*,*,#14323,.T.);
#14321=EDGE_CURVE('',#643,#303,#14324,.F.);
#14322=EDGE_CURVE('',#303,#645,#14325,.T.);
#14323=EDGE_CURVE('',#645,#643,#14326,.T.);
#14324=LINE('',#642,#14327);
#14325=LINE('',#302,#14328);
#14326=LINE('',#644,#14329);
#14327=VECTOR('',#14330,1.0);
#14328=VECTOR('',#14331,1.0);
#14329=VECTOR('',#14332,1.0);
#14330=DIRECTION('',(-0.01868769327855842,-0.9985420656878456,-0.05064102261780081));
#14331=DIRECTION('',(-0.022967214753958926,0.9958573376826405,-0.08798107768201652));
#14332=DIRECTION('',(0.2263450130097302,0.6261032180478605,0.7461653271465636));
#14333=FACE_SURFACE('',(#14338),#14334,.T.);
#14334=PLANE('',#14335);
#14335=AXIS2_PLACEMENT_3D('',#644,#14336,#14337);
#14336=DIRECTION('',(0.967129090649017,-0.00016074798913440452,-0.2542858552505223));
#14337=DIRECTION('',(0.022967214753958926,-0.9958573376826405,0.08798107768201652));
#14338=FACE_BOUND('',#14339,.T.);
#14339=EDGE_LOOP('',(#14340,#14341,#14342));
#14340=ORIENTED_EDGE('',*,*,#14343,.T.);
#14341=ORIENTED_EDGE('',*,*,#14344,.T.);
#14342=ORIENTED_EDGE('',*,*,#14345,.T.);
#14343=EDGE_CURVE('',#645,#303,#14346,.F.);
#14344=EDGE_CURVE('',#303,#301,#14347,.T.);
#14345=EDGE_CURVE('',#301,#645,#14348,.T.);
#14346=LINE('',#644,#14349);
#14347=LINE('',#302,#14350);
#14348=LINE('',#300,#14351);
#14349=VECTOR('',#14352,1.0);
#14350=VECTOR('',#14353,1.0);
#14351=VECTOR('',#14354,1.0);
#14352=DIRECTION('',(0.022967214753958926,-0.9958573376826405,0.08798107768201652));
#14353=DIRECTION('',(-0.19754960379090028,-0.6301236733983615,-0.7509449448961044));
#14354=DIRECTION('',(-0.0005374304618644912,0.9999962746359868,-0.0026761693979764512));
#14355=FACE_SURFACE('',(#14360),#14356,.T.);
#14356=PLANE('',#14357);
#14357=AXIS2_PLACEMENT_3D('',#644,#14358,#14359);
#14358=DIRECTION('',(0.9897728713392454,0.00015017328827661902,-0.14265216650597778));
#14359=DIRECTION('',(0.0005374304618644912,-0.9999962746359868,0.0026761693979764512));
#14360=FACE_BOUND('',#14361,.T.);
#14361=EDGE_LOOP('',(#14362,#14363,#14364));
#14362=ORIENTED_EDGE('',*,*,#14365,.T.);
#14363=ORIENTED_EDGE('',*,*,#14366,.T.);
#14364=ORIENTED_EDGE('',*,*,#14367,.T.);
#14365=EDGE_CURVE('',#645,#301,#14368,.F.);
#14366=EDGE_CURVE('',#301,#299,#14369,.T.);
#14367=EDGE_CURVE('',#299,#645,#14370,.T.);
#14368=LINE('',#644,#14371);
#14369=LINE('',#300,#14372);
#14370=LINE('',#298,#14373);
#14371=VECTOR('',#14374,1.0);
#14372=VECTOR('',#14375,1.0);
#14373=VECTOR('',#14376,1.0);
#14374=DIRECTION('',(0.0005374304618644912,-0.9999962746359868,0.0026761693979764512));
#14375=DIRECTION('',(-0.10964478528289523,-0.6389093293661569,-0.7614281909078199));
#14376=DIRECTION('',(0.010469059071935247,0.9972263950870873,0.07368796200032125));
#14377=FACE_SURFACE('',(#14382),#14378,.T.);
#14378=PLANE('',#14379);
#14379=AXIS2_PLACEMENT_3D('',#644,#14380,#14381);
#14380=DIRECTION('',(0.9954541886015768,-0.003417308162524105,-0.09518025215609993));
#14381=DIRECTION('',(-0.010469059071935247,-0.9972263950870873,-0.07368796200032125));
#14382=FACE_BOUND('',#14383,.T.);
#14383=EDGE_LOOP('',(#14384,#14385,#14386));
#14384=ORIENTED_EDGE('',*,*,#14387,.T.);
#14385=ORIENTED_EDGE('',*,*,#14388,.T.);
#14386=ORIENTED_EDGE('',*,*,#14389,.T.);
#14387=EDGE_CURVE('',#645,#299,#14390,.F.);
#14388=EDGE_CURVE('',#299,#647,#14391,.T.);
#14389=EDGE_CURVE('',#647,#645,#14392,.T.);
#14390=LINE('',#644,#14393);
#14391=LINE('',#298,#14394);
#14392=LINE('',#646,#14395);
#14393=VECTOR('',#14396,1.0);
#14394=VECTOR('',#14397,1.0);
#14395=VECTOR('',#14398,1.0);
#14396=DIRECTION('',(-0.010469059071935247,-0.9972263950870873,-0.07368796200032125));
#14397=DIRECTION('',(-0.002798050995191749,0.9978754082975884,-0.06509101647347137));
#14398=DIRECTION('',(0.07523784600076053,0.640968191078582,0.7638710915819606));
#14399=FACE_SURFACE('',(#14404),#14400,.T.);
#14400=PLANE('',#14401);
#14401=AXIS2_PLACEMENT_3D('',#646,#14402,#14403);
#14402=DIRECTION('',(0.9995636060283557,0.0008767667437878509,-0.02952674691982033));
#14403=DIRECTION('',(0.002798050995191749,-0.9978754082975884,0.06509101647347137));
#14404=FACE_BOUND('',#14405,.T.);
#14405=EDGE_LOOP('',(#14406,#14407,#14408));
#14406=ORIENTED_EDGE('',*,*,#14409,.T.);
#14407=ORIENTED_EDGE('',*,*,#14410,.T.);
#14408=ORIENTED_EDGE('',*,*,#14411,.T.);
#14409=EDGE_CURVE('',#647,#299,#14412,.F.);
#14410=EDGE_CURVE('',#299,#297,#14413,.T.);
#14411=EDGE_CURVE('',#297,#647,#14414,.T.);
#14412=LINE('',#646,#14415);
#14413=LINE('',#298,#14416);
#14414=LINE('',#296,#14417);
#14415=VECTOR('',#14418,1.0);
#14416=VECTOR('',#14419,1.0);
#14417=VECTOR('',#14420,1.0);
#14418=DIRECTION('',(0.002798050995191749,-0.9978754082975884,0.06509101647347137));
#14419=DIRECTION('',(-0.02205950860004278,-0.6426302853778729,-0.7658587953372855));
#14420=DIRECTION('',(-0.0002843725848236161,0.9997987135705629,0.020061193256647826));
#14421=FACE_SURFACE('',(#14426),#14422,.T.);
#14422=PLANE('',#14423);
#14423=AXIS2_PLACEMENT_3D('',#646,#14424,#14425);
#14424=DIRECTION('',(0.9962475279901731,-0.0014530339817648615,0.08653757372215323));
#14425=DIRECTION('',(0.0002843725848236161,-0.9997987135705629,-0.020061193256647826));
#14426=FACE_BOUND('',#14427,.T.);
#14427=EDGE_LOOP('',(#14428,#14429,#14430));
#14428=ORIENTED_EDGE('',*,*,#14431,.T.);
#14429=ORIENTED_EDGE('',*,*,#14432,.T.);
#14430=ORIENTED_EDGE('',*,*,#14433,.T.);
#14431=EDGE_CURVE('',#647,#297,#14434,.F.);
#14432=EDGE_CURVE('',#297,#295,#14435,.T.);
#14433=EDGE_CURVE('',#295,#647,#14436,.T.);
#14434=LINE('',#646,#14437);
#14435=LINE('',#296,#14438);
#14436=LINE('',#294,#14439);
#14437=VECTOR('',#14440,1.0);
#14438=VECTOR('',#14441,1.0);
#14439=VECTOR('',#14442,1.0);
#14440=DIRECTION('',(0.0002843725848236161,-0.9997987135705629,-0.020061193256647826));
#14441=DIRECTION('',(0.06546303035801261,-0.6414096457999886,-0.7644005873434944));
#14442=DIRECTION('',(-0.006702364544296656,0.9955613395472959,0.09387596874764743));
#14443=FACE_SURFACE('',(#14448),#14444,.T.);
#14444=PLANE('',#14445);
#14445=AXIS2_PLACEMENT_3D('',#646,#14446,#14447);
#14446=DIRECTION('',(0.9949519056810148,-0.0027608844184248546,0.10031491862602085));
#14447=DIRECTION('',(0.006702364544296656,-0.9955613395472959,-0.09387596874764743));
#14448=FACE_BOUND('',#14449,.T.);
#14449=EDGE_LOOP('',(#14450,#14451,#14452));
#14450=ORIENTED_EDGE('',*,*,#14453,.T.);
#14451=ORIENTED_EDGE('',*,*,#14454,.T.);
#14452=ORIENTED_EDGE('',*,*,#14455,.T.);
#14453=EDGE_CURVE('',#647,#295,#14456,.F.);
#14454=EDGE_CURVE('',#295,#681,#14457,.T.);
#14455=EDGE_CURVE('',#681,#647,#14458,.T.);
#14456=LINE('',#646,#14459);
#14457=LINE('',#294,#14460);
#14458=LINE('',#680,#14461);
#14459=VECTOR('',#14462,1.0);
#14460=VECTOR('',#14463,1.0);
#14461=VECTOR('',#14464,1.0);
#14462=DIRECTION('',(0.006702364544296656,-0.9955613395472959,-0.09387596874764743));
#14463=DIRECTION('',(0.006751253331350819,0.99919831378463,-0.039460743890706015));
#14464=DIRECTION('',(-0.07523803737966789,0.640965853018464,0.763873034604291));
#14465=FACE_SURFACE('',(#14470),#14466,.T.);
#14466=PLANE('',#14467);
#14467=AXIS2_PLACEMENT_3D('',#680,#14468,#14469);
#14468=DIRECTION('',(0.980325585059091,0.0011714253770548728,0.19738382669594995));
#14469=DIRECTION('',(-0.006751253331350819,-0.99919831378463,0.039460743890706015));
#14470=FACE_BOUND('',#14471,.T.);
#14471=EDGE_LOOP('',(#14472,#14473,#14474));
#14472=ORIENTED_EDGE('',*,*,#14475,.T.);
#14473=ORIENTED_EDGE('',*,*,#14476,.T.);
#14474=ORIENTED_EDGE('',*,*,#14477,.T.);
#14475=EDGE_CURVE('',#681,#295,#14478,.F.);
#14476=EDGE_CURVE('',#295,#291,#14479,.T.);
#14477=EDGE_CURVE('',#291,#681,#14480,.T.);
#14478=LINE('',#680,#14481);
#14479=LINE('',#294,#14482);
#14480=LINE('',#290,#14483);
#14481=VECTOR('',#14484,1.0);
#14482=VECTOR('',#14485,1.0);
#14483=VECTOR('',#14486,1.0);
#14484=DIRECTION('',(-0.006751253331350819,-0.99919831378463,0.039460743890706015));
#14485=DIRECTION('',(0.15317797801424163,-0.6352027920375706,-0.7570032496886281));
#14486=DIRECTION('',(-0.00943542985659407,0.9991173644420009,0.0409324410937253));
#14487=FACE_SURFACE('',(#14492),#14488,.T.);
#14488=PLANE('',#14489);
#14489=AXIS2_PLACEMENT_3D('',#680,#14490,#14491);
#14490=DIRECTION('',(0.9562453580663401,-0.0029548483783436736,0.29255099392693573));
#14491=DIRECTION('',(0.00943542985659407,-0.9991173644420009,-0.0409324410937253));
#14492=FACE_BOUND('',#14493,.T.);
#14493=EDGE_LOOP('',(#14494,#14495,#14496));
#14494=ORIENTED_EDGE('',*,*,#14497,.T.);
#14495=ORIENTED_EDGE('',*,*,#14498,.T.);
#14496=ORIENTED_EDGE('',*,*,#14499,.T.);
#14497=EDGE_CURVE('',#681,#291,#14500,.F.);
#14498=EDGE_CURVE('',#291,#683,#14501,.T.);
#14499=EDGE_CURVE('',#683,#681,#14502,.T.);
#14500=LINE('',#680,#14503);
#14501=LINE('',#290,#14504);
#14502=LINE('',#682,#14505);
#14503=VECTOR('',#14506,1.0);
#14504=VECTOR('',#14507,1.0);
#14505=VECTOR('',#14508,1.0);
#14506=DIRECTION('',(0.00943542985659407,-0.9991173644420009,-0.0409324410937253));
#14507=DIRECTION('',(0.03368612035060335,0.9944105857823131,-0.10006414032909762));
#14508=DIRECTION('',(-0.2263450130097302,0.6261032180478605,0.7461653271465636));
#14509=FACE_SURFACE('',(#14514),#14510,.T.);
#14510=PLANE('',#14511);
#14511=AXIS2_PLACEMENT_3D('',#682,#14512,#14513);
#14512=DIRECTION('',(0.9366490769265092,0.0035151948582150087,0.3502515525987385));
#14513=DIRECTION('',(-0.03368612035060335,-0.9944105857823131,0.10006414032909762));
#14514=FACE_BOUND('',#14515,.T.);
#14515=EDGE_LOOP('',(#14516,#14517,#14518));
#14516=ORIENTED_EDGE('',*,*,#14519,.T.);
#14517=ORIENTED_EDGE('',*,*,#14520,.T.);
#14518=ORIENTED_EDGE('',*,*,#14521,.T.);
#14519=EDGE_CURVE('',#683,#291,#14522,.F.);
#14520=EDGE_CURVE('',#291,#845,#14523,.T.);
#14521=EDGE_CURVE('',#845,#683,#14524,.T.);
#14522=LINE('',#682,#14525);
#14523=LINE('',#290,#14526);
#14524=LINE('',#844,#14527);
#14525=VECTOR('',#14528,1.0);
#14526=VECTOR('',#14529,1.0);
#14527=VECTOR('',#14530,1.0);
#14528=DIRECTION('',(-0.03368612035060335,-0.9944105857823131,0.10006414032909762));
#14529=DIRECTION('',(0.3502537165770659,0,-0.936654863876739));
#14530=DIRECTION('',(-0.02134927790078719,0.9986634259845658,0.04706984102251454));
#14531=FACE_SURFACE('',(#14536),#14532,.T.);
#14532=PLANE('',#14533);
#14533=AXIS2_PLACEMENT_3D('',#682,#14534,#14535);
#14534=DIRECTION('',(0.880693375726485,-0.003498262067923768,0.47367387527073157));
#14535=DIRECTION('',(0.02134927790078719,-0.9986634259845658,-0.04706984102251454));
#14536=FACE_BOUND('',#14537,.T.);
#14537=EDGE_LOOP('',(#14538,#14539,#14540));
#14538=ORIENTED_EDGE('',*,*,#14541,.T.);
#14539=ORIENTED_EDGE('',*,*,#14542,.T.);
#14540=ORIENTED_EDGE('',*,*,#14543,.T.);
#14541=EDGE_CURVE('',#683,#845,#14544,.F.);
#14542=EDGE_CURVE('',#845,#685,#14545,.T.);
#14543=EDGE_CURVE('',#685,#683,#14546,.T.);
#14544=LINE('',#682,#14547);
#14545=LINE('',#844,#14548);
#14546=LINE('',#684,#14549);
#14547=VECTOR('',#14550,1.0);
#14548=VECTOR('',#14551,1.0);
#14549=VECTOR('',#14552,1.0);
#14550=DIRECTION('',(0.02134927790078719,-0.9986634259845658,-0.04706984102251454));
#14551=DIRECTION('',(0.05698669455771663,0.9934924254283577,-0.09861702317482723));
#14552=DIRECTION('',(-0.3789233145268561,0.5948542464921963,0.7089185758168441));
#14553=FACE_SURFACE('',(#14558),#14554,.T.);
#14554=PLANE('',#14555);
#14555=AXIS2_PLACEMENT_3D('',#684,#14556,#14557);
#14556=DIRECTION('',(0.8472482255757896,0.004128493082192997,0.5311811365283468));
#14557=DIRECTION('',(-0.05698669455771663,-0.9934924254283577,0.09861702317482723));
#14558=FACE_BOUND('',#14559,.T.);
#14559=EDGE_LOOP('',(#14560,#14561,#14562));
#14560=ORIENTED_EDGE('',*,*,#14563,.T.);
#14561=ORIENTED_EDGE('',*,*,#14564,.T.);
#14562=ORIENTED_EDGE('',*,*,#14565,.T.);
#14563=EDGE_CURVE('',#685,#845,#14566,.F.);
#14564=EDGE_CURVE('',#845,#849,#14567,.T.);
#14565=EDGE_CURVE('',#849,#685,#14568,.T.);
#14566=LINE('',#684,#14569);
#14567=LINE('',#844,#14570);
#14568=LINE('',#848,#14571);
#14569=VECTOR('',#14572,1.0);
#14570=VECTOR('',#14573,1.0);
#14571=VECTOR('',#14574,1.0);
#14572=DIRECTION('',(-0.05698669455771663,-0.9934924254283577,0.09861702317482723));
#14573=DIRECTION('',(0.5311856634327394,0,-0.8472554461102746));
#14574=DIRECTION('',(-0.037078142696797614,0.9979904304470582,0.05138396705443933));
#14575=FACE_SURFACE('',(#14580),#14576,.T.);
#14576=PLANE('',#14577);
#14577=AXIS2_PLACEMENT_3D('',#684,#14578,#14579);
#14578=DIRECTION('',(0.7713087233331997,-0.004112788310582464,0.6364479069668013));
#14579=DIRECTION('',(0.037078142696797614,-0.9979904304470582,-0.05138396705443933));
#14580=FACE_BOUND('',#14581,.T.);
#14581=EDGE_LOOP('',(#14582,#14583,#14584));
#14582=ORIENTED_EDGE('',*,*,#14585,.T.);
#14583=ORIENTED_EDGE('',*,*,#14586,.T.);
#14584=ORIENTED_EDGE('',*,*,#14587,.T.);
#14585=EDGE_CURVE('',#685,#849,#14588,.F.);
#14586=EDGE_CURVE('',#849,#687,#14589,.T.);
#14587=EDGE_CURVE('',#687,#685,#14590,.T.);
#14588=LINE('',#684,#14591);
#14589=LINE('',#848,#14592);
#14590=LINE('',#686,#14593);
#14591=VECTOR('',#14594,1.0);
#14592=VECTOR('',#14595,1.0);
#14593=VECTOR('',#14596,1.0);
#14594=DIRECTION('',(0.037078142696797614,-0.9979904304470582,-0.05138396705443933));
#14595=DIRECTION('',(0.08102911491131778,0.9924765616116589,-0.09178538657208797));
#14596=DIRECTION('',(-0.5322355365209873,0.5441812645600638,0.6485307124308198));
#14597=FACE_SURFACE('',(#14602),#14598,.T.);
#14598=PLANE('',#14599);
#14599=AXIS2_PLACEMENT_3D('',#686,#14600,#14601);
#14600=DIRECTION('',(0.7233371758871896,0.004800563403154939,0.6904783013032033));
#14601=DIRECTION('',(-0.08102911491131778,-0.9924765616116589,0.09178538657208797));
#14602=FACE_BOUND('',#14603,.T.);
#14603=EDGE_LOOP('',(#14604,#14605,#14606));
#14604=ORIENTED_EDGE('',*,*,#14607,.T.);
#14605=ORIENTED_EDGE('',*,*,#14608,.T.);
#14606=ORIENTED_EDGE('',*,*,#14609,.T.);
#14607=EDGE_CURVE('',#687,#849,#14610,.F.);
#14608=EDGE_CURVE('',#849,#853,#14611,.T.);
#14609=EDGE_CURVE('',#853,#687,#14612,.T.);
#14610=LINE('',#686,#14613);
#14611=LINE('',#848,#14614);
#14612=LINE('',#852,#14615);
#14613=VECTOR('',#14616,1.0);
#14614=VECTOR('',#14617,1.0);
#14615=VECTOR('',#14618,1.0);
#14616=DIRECTION('',(-0.08102911491131778,-0.9924765616116589,0.09178538657208797));
#14617=DIRECTION('',(0.6904862576181463,0,-0.7233455108317788));
#14618=DIRECTION('',(-0.05655754498060814,0.9970276607800138,0.05231718403450499));
#14619=FACE_SURFACE('',(#14624),#14620,.T.);
#14620=PLANE('',#14621);
#14621=AXIS2_PLACEMENT_3D('',#686,#14622,#14623);
#14622=DIRECTION('',(0.6324207160682264,-0.004771454113555645,0.7746103995644481));
#14623=DIRECTION('',(0.05655754498060814,-0.9970276607800138,-0.05231718403450499));
#14624=FACE_BOUND('',#14625,.T.);
#14625=EDGE_LOOP('',(#14626,#14627,#14628));
#14626=ORIENTED_EDGE('',*,*,#14629,.T.);
#14627=ORIENTED_EDGE('',*,*,#14630,.T.);
#14628=ORIENTED_EDGE('',*,*,#14631,.T.);
#14629=EDGE_CURVE('',#687,#853,#14632,.F.);
#14630=EDGE_CURVE('',#853,#689,#14633,.T.);
#14631=EDGE_CURVE('',#689,#687,#14634,.T.);
#14632=LINE('',#686,#14635);
#14633=LINE('',#852,#14636);
#14634=LINE('',#688,#14637);
#14635=VECTOR('',#14638,1.0);
#14636=VECTOR('',#14639,1.0);
#14637=VECTOR('',#14640,1.0);
#14638=DIRECTION('',(0.05655754498060814,-0.9970276607800138,-0.05231718403450499));
#14639=DIRECTION('',(0.10369086452867853,0.9915029825429768,-0.07854960357428117));
#14640=DIRECTION('',(-0.6823551464620035,0.46989101943448686,0.5599945392159076));
#14641=FACE_SURFACE('',(#14646),#14642,.T.);
#14642=PLANE('',#14643);
#14643=AXIS2_PLACEMENT_3D('',#688,#14644,#14645);
#14644=DIRECTION('',(0.5699668390279979,0.005486497511029349,0.821649378234715));
#14645=DIRECTION('',(-0.10369086452867853,-0.9915029825429768,0.07854960357428117));
#14646=FACE_BOUND('',#14647,.T.);
#14647=EDGE_LOOP('',(#14648,#14649,#14650));
#14648=ORIENTED_EDGE('',*,*,#14651,.T.);
#14649=ORIENTED_EDGE('',*,*,#14652,.T.);
#14650=ORIENTED_EDGE('',*,*,#14653,.T.);
#14651=EDGE_CURVE('',#689,#853,#14654,.F.);
#14652=EDGE_CURVE('',#853,#857,#14655,.T.);
#14653=EDGE_CURVE('',#857,#689,#14656,.T.);
#14654=LINE('',#688,#14657);
#14655=LINE('',#852,#14658);
#14656=LINE('',#856,#14659);
#14657=VECTOR('',#14660,1.0);
#14658=VECTOR('',#14661,1.0);
#14659=VECTOR('',#14662,1.0);
#14660=DIRECTION('',(-0.10369086452867853,-0.9915029825429768,0.07854960357428117));
#14661=DIRECTION('',(0.8216617450169432,0,-0.5699754176942299));
#14662=DIRECTION('',(-0.0787720963560661,0.9957366704816906,0.04799416520482351));
#14663=FACE_SURFACE('',(#14668),#14664,.T.);
#14664=PLANE('',#14665);
#14665=AXIS2_PLACEMENT_3D('',#688,#14666,#14667);
#14666=DIRECTION('',(0.5138416296710787,-0.0007000659312694161,0.8578847763684013));
#14667=DIRECTION('',(0.0787720963560661,-0.9957366704816906,-0.04799416520482351));
#14668=FACE_BOUND('',#14669,.T.);
#14669=EDGE_LOOP('',(#14670,#14671,#14672));
#14670=ORIENTED_EDGE('',*,*,#14673,.T.);
#14671=ORIENTED_EDGE('',*,*,#14674,.T.);
#14672=ORIENTED_EDGE('',*,*,#14675,.T.);
#14673=EDGE_CURVE('',#689,#857,#14676,.F.);
#14674=EDGE_CURVE('',#857,#691,#14677,.T.);
#14675=EDGE_CURVE('',#691,#689,#14678,.T.);
#14676=LINE('',#688,#14679);
#14677=LINE('',#856,#14680);
#14678=LINE('',#690,#14681);
#14679=VECTOR('',#14682,1.0);
#14680=VECTOR('',#14683,1.0);
#14681=VECTOR('',#14684,1.0);
#14682=DIRECTION('',(0.0787720963560661,-0.9957366704816906,-0.04799416520482351));
#14683=DIRECTION('',(0.014826105392406835,0.9998575660893546,-0.008064374294710009));
#14684=DIRECTION('',(-0.7875735573851338,0.3961006612693517,0.4720510119147163));
#14685=FACE_SURFACE('',(#14690),#14686,.T.);
#14686=PLANE('',#14687);
#14687=AXIS2_PLACEMENT_3D('',#690,#14688,#14689);
#14688=DIRECTION('',(0.42785842569830307,0.0009456071416054037,0.9038452707107028));
#14689=DIRECTION('',(-0.014826105392406835,-0.9998575660893546,0.008064374294710009));
#14690=FACE_BOUND('',#14691,.T.);
#14691=EDGE_LOOP('',(#14692,#14693,#14694));
#14692=ORIENTED_EDGE('',*,*,#14695,.T.);
#14693=ORIENTED_EDGE('',*,*,#14696,.T.);
#14694=ORIENTED_EDGE('',*,*,#14697,.T.);
#14695=EDGE_CURVE('',#691,#857,#14698,.F.);
#14696=EDGE_CURVE('',#857,#693,#14699,.T.);
#14697=EDGE_CURVE('',#693,#691,#14700,.T.);
#14698=LINE('',#690,#14701);
#14699=LINE('',#856,#14702);
#14700=LINE('',#692,#14703);
#14701=VECTOR('',#14704,1.0);
#14702=VECTOR('',#14705,1.0);
#14703=VECTOR('',#14706,1.0);
#14704=DIRECTION('',(-0.014826105392406835,-0.9998575660893546,0.008064374294710009));
#14705=DIRECTION('',(0.12183673273520232,0.9908121980873543,-0.058711146111417443));
#14706=DIRECTION('',(-0.8508897643920252,0.3376845263103957,0.40243728647257276));
#14707=FACE_SURFACE('',(#14712),#14708,.T.);
#14708=PLANE('',#14709);
#14709=AXIS2_PLACEMENT_3D('',#692,#14710,#14711);
#14710=DIRECTION('',(0.39338640789396634,0.006103428967140616,0.9193529693426377));
#14711=DIRECTION('',(-0.12183673273520232,-0.9908121980873543,0.058711146111417443));
#14712=FACE_BOUND('',#14713,.T.);
#14713=EDGE_LOOP('',(#14714,#14715,#14716));
#14714=ORIENTED_EDGE('',*,*,#14717,.T.);
#14715=ORIENTED_EDGE('',*,*,#14718,.T.);
#14716=ORIENTED_EDGE('',*,*,#14719,.T.);
#14717=EDGE_CURVE('',#693,#857,#14720,.F.);
#14718=EDGE_CURVE('',#857,#861,#14721,.T.);
#14719=EDGE_CURVE('',#861,#693,#14722,.T.);
#14720=LINE('',#692,#14723);
#14721=LINE('',#856,#14724);
#14722=LINE('',#860,#14725);
#14723=VECTOR('',#14726,1.0);
#14724=VECTOR('',#14727,1.0);
#14725=VECTOR('',#14728,1.0);
#14726=DIRECTION('',(-0.12183673273520232,-0.9908121980873543,0.058711146111417443));
#14727=DIRECTION('',(0.9193700936183017,0,-0.39339373528346294));
#14728=DIRECTION('',(-0.1012861123721151,0.9941787181406601,0.03673962216377872));
#14729=FACE_SURFACE('',(#14734),#14730,.T.);
#14730=PLANE('',#14731);
#14731=AXIS2_PLACEMENT_3D('',#692,#14732,#14733);
#14732=DIRECTION('',(0.3367644554646536,-0.00048688850741864615,0.941588797976684));
#14733=DIRECTION('',(0.1012861123721151,-0.9941787181406601,-0.03673962216377872));
#14734=FACE_BOUND('',#14735,.T.);
#14735=EDGE_LOOP('',(#14736,#14737,#14738));
#14736=ORIENTED_EDGE('',*,*,#14739,.T.);
#14737=ORIENTED_EDGE('',*,*,#14740,.T.);
#14738=ORIENTED_EDGE('',*,*,#14741,.T.);
#14739=EDGE_CURVE('',#693,#861,#14742,.F.);
#14740=EDGE_CURVE('',#861,#695,#14743,.T.);
#14741=EDGE_CURVE('',#695,#693,#14744,.T.);
#14742=LINE('',#692,#14745);
#14743=LINE('',#860,#14746);
#14744=LINE('',#694,#14747);
#14745=VECTOR('',#14748,1.0);
#14746=VECTOR('',#14749,1.0);
#14747=VECTOR('',#14750,1.0);
#14748=DIRECTION('',(0.1012861123721151,-0.9941787181406601,-0.03673962216377872));
#14749=DIRECTION('',(0.010442759542541452,0.9999402953273956,-0.003217849234722521));
#14750=DIRECTION('',(-0.9060375656857876,0.2720234541617793,0.32419002136411684));
#14751=FACE_SURFACE('',(#14756),#14752,.T.);
#14752=PLANE('',#14753);
#14753=AXIS2_PLACEMENT_3D('',#694,#14754,#14755);
#14754=DIRECTION('',(0.24308945869361606,0.000582835692895842,0.9700036986396494));
#14755=DIRECTION('',(-0.010442759542541452,-0.9999402953273956,0.003217849234722521));
#14756=FACE_BOUND('',#14757,.T.);
#14757=EDGE_LOOP('',(#14758,#14759,#14760));
#14758=ORIENTED_EDGE('',*,*,#14761,.T.);
#14759=ORIENTED_EDGE('',*,*,#14762,.T.);
#14760=ORIENTED_EDGE('',*,*,#14763,.T.);
#14761=EDGE_CURVE('',#695,#861,#14764,.F.);
#14762=EDGE_CURVE('',#861,#697,#14765,.T.);
#14763=EDGE_CURVE('',#697,#695,#14766,.T.);
#14764=LINE('',#694,#14767);
#14765=LINE('',#860,#14768);
#14766=LINE('',#696,#14769);
#14767=VECTOR('',#14770,1.0);
#14768=VECTOR('',#14771,1.0);
#14769=VECTOR('',#14772,1.0);
#14770=DIRECTION('',(-0.010442759542541452,-0.9999402953273956,0.003217849234722521));
#14771=DIRECTION('',(0.1319163996956312,0.9906893784906762,-0.03365440293780388));
#14772=DIRECTION('',(-0.950478968037182,0.19977327620906388,0.23807639410842593));
#14773=FACE_SURFACE('',(#14778),#14774,.T.);
#14774=PLANE('',#14775);
#14775=AXIS2_PLACEMENT_3D('',#696,#14776,#14777);
#14776=DIRECTION('',(0.20078253749630398,0.006542731299039141,0.9796139879073256));
#14777=DIRECTION('',(-0.1319163996956312,-0.9906893784906762,0.03365440293780388));
#14778=FACE_BOUND('',#14779,.T.);
#14779=EDGE_LOOP('',(#14780,#14781,#14782));
#14780=ORIENTED_EDGE('',*,*,#14783,.T.);
#14781=ORIENTED_EDGE('',*,*,#14784,.T.);
#14782=ORIENTED_EDGE('',*,*,#14785,.T.);
#14783=EDGE_CURVE('',#697,#861,#14786,.F.);
#14784=EDGE_CURVE('',#861,#865,#14787,.T.);
#14785=EDGE_CURVE('',#865,#697,#14788,.T.);
#14786=LINE('',#696,#14789);
#14787=LINE('',#860,#14790);
#14788=LINE('',#864,#14791);
#14789=VECTOR('',#14792,1.0);
#14790=VECTOR('',#14793,1.0);
#14791=VECTOR('',#14794,1.0);
#14792=DIRECTION('',(-0.1319163996956312,-0.9906893784906762,0.03365440293780388));
#14793=DIRECTION('',(0.9796349559115394,0,-0.20078683511673842));
#14794=DIRECTION('',(-0.12024482847929416,0.9925807773507695,0.018016149914095222));
#14795=FACE_SURFACE('',(#14800),#14796,.T.);
#14796=PLANE('',#14797);
#14797=AXIS2_PLACEMENT_3D('',#696,#14798,#14799);
#14798=DIRECTION('',(0.14671604392883494,-0.00018068556963504693,0.9891786339213949));
#14799=DIRECTION('',(0.12024482847929416,-0.9925807773507695,-0.018016149914095222));
#14800=FACE_BOUND('',#14801,.T.);
#14801=EDGE_LOOP('',(#14802,#14803,#14804));
#14802=ORIENTED_EDGE('',*,*,#14805,.T.);
#14803=ORIENTED_EDGE('',*,*,#14806,.T.);
#14804=ORIENTED_EDGE('',*,*,#14807,.T.);
#14805=EDGE_CURVE('',#697,#865,#14808,.F.);
#14806=EDGE_CURVE('',#865,#699,#14809,.T.);
#14807=EDGE_CURVE('',#699,#697,#14810,.T.);
#14808=LINE('',#696,#14811);
#14809=LINE('',#864,#14812);
#14810=LINE('',#698,#14813);
#14811=VECTOR('',#14814,1.0);
#14812=VECTOR('',#14815,1.0);
#14813=VECTOR('',#14816,1.0);
#14814=DIRECTION('',(0.12024482847929416,-0.9925807773507695,-0.018016149914095222));
#14815=DIRECTION('',(0.003776038789378137,0.9999927995222477,-0.0003774052445985513));
#14816=DIRECTION('',(-0.9817613104188938,0.12220571995316282,0.14563822086013567));
#14817=FACE_SURFACE('',(#14822),#14818,.T.);
#14818=PLANE('',#14819);
#14819=AXIS2_PLACEMENT_3D('',#698,#14820,#14821);
#14820=DIRECTION('',(0.04907546544320946,0.00019164101083634272,0.9987950550364451));
#14821=DIRECTION('',(-0.003776038789378137,-0.9999927995222477,0.0003774052445985513));
#14822=FACE_BOUND('',#14823,.T.);
#14823=EDGE_LOOP('',(#14824,#14825,#14826));
#14824=ORIENTED_EDGE('',*,*,#14827,.T.);
#14825=ORIENTED_EDGE('',*,*,#14828,.T.);
#14826=ORIENTED_EDGE('',*,*,#14829,.T.);
#14827=EDGE_CURVE('',#699,#865,#14830,.F.);
#14828=EDGE_CURVE('',#865,#701,#14831,.T.);
#14829=EDGE_CURVE('',#701,#699,#14832,.T.);
#14830=LINE('',#698,#14833);
#14831=LINE('',#864,#14834);
#14832=LINE('',#700,#14835);
#14833=VECTOR('',#14836,1.0);
#14834=VECTOR('',#14837,1.0);
#14835=VECTOR('',#14838,1.0);
#14836=DIRECTION('',(-0.003776038789378137,-0.9999927995222477,0.0003774052445985513));
#14837=DIRECTION('',(0.13138947457637593,0.9913085477690794,-0.006645983035105581));
#14838=DIRECTION('',(-0.9979502032439919,0.04113194749331036,0.04902606185166019));
#14839=FACE_SURFACE('',(#14844),#14840,.T.);
#14840=PLANE('',#14841);
#14841=AXIS2_PLACEMENT_3D('',#700,#14842,#14843);
#14842=DIRECTION('',(0,0.0067041020644697255,0.9999775272552425));
#14843=DIRECTION('',(-0.13138947457637593,-0.9913085477690794,0.006645983035105581));
#14844=FACE_BOUND('',#14845,.T.);
#14845=EDGE_LOOP('',(#14846,#14847,#14848));
#14846=ORIENTED_EDGE('',*,*,#14849,.T.);
#14847=ORIENTED_EDGE('',*,*,#14850,.T.);
#14848=ORIENTED_EDGE('',*,*,#14851,.T.);
#14849=EDGE_CURVE('',#701,#865,#14852,.F.);
#14850=EDGE_CURVE('',#865,#867,#14853,.T.);
#14851=EDGE_CURVE('',#867,#701,#14854,.T.);
#14852=LINE('',#700,#14855);
#14853=LINE('',#864,#14856);
#14854=LINE('',#866,#14857);
#14855=VECTOR('',#14858,1.0);
#14856=VECTOR('',#14859,1.0);
#14857=VECTOR('',#14860,1.0);
#14858=DIRECTION('',(-0.13138947457637593,-0.9913085477690794,0.006645983035105581));
#14859=DIRECTION('',(1,0,0));
#14860=DIRECTION('',(-0.13138947457637593,0.9913085477690794,-0.006645983035105581));
#14861=FACE_SURFACE('',(#14866),#14862,.T.);
#14862=PLANE('',#14863);
#14863=AXIS2_PLACEMENT_3D('',#700,#14864,#14865);
#14864=DIRECTION('',(-0.04907546544320946,0.00019164101083634272,0.9987950550364451));
#14865=DIRECTION('',(0.13138947457637593,-0.9913085477690794,0.006645983035105581));
#14866=FACE_BOUND('',#14867,.T.);
#14867=EDGE_LOOP('',(#14868,#14869,#14870));
#14868=ORIENTED_EDGE('',*,*,#14871,.T.);
#14869=ORIENTED_EDGE('',*,*,#14872,.T.);
#14870=ORIENTED_EDGE('',*,*,#14873,.T.);
#14871=EDGE_CURVE('',#701,#867,#14874,.F.);
#14872=EDGE_CURVE('',#867,#703,#14875,.T.);
#14873=EDGE_CURVE('',#703,#701,#14876,.T.);
#14874=LINE('',#700,#14877);
#14875=LINE('',#866,#14878);
#14876=LINE('',#702,#14879);
#14877=VECTOR('',#14880,1.0);
#14878=VECTOR('',#14881,1.0);
#14879=VECTOR('',#14882,1.0);
#14880=DIRECTION('',(0.13138947457637593,-0.9913085477690794,0.006645983035105581));
#14881=DIRECTION('',(-0.003776038789378137,0.9999927995222477,-0.0003774052445985513));
#14882=DIRECTION('',(-0.9979502032439919,-0.04113194749331036,-0.04902606185166019));
#14883=FACE_SURFACE('',(#14888),#14884,.T.);
#14884=PLANE('',#14885);
#14885=AXIS2_PLACEMENT_3D('',#702,#14886,#14887);
#14886=DIRECTION('',(-0.14671604392883494,-0.00018068556963504693,0.9891786339213949));
#14887=DIRECTION('',(0.003776038789378137,-0.9999927995222477,0.0003774052445985513));
#14888=FACE_BOUND('',#14889,.T.);
#14889=EDGE_LOOP('',(#14890,#14891,#14892));
#14890=ORIENTED_EDGE('',*,*,#14893,.T.);
#14891=ORIENTED_EDGE('',*,*,#14894,.T.);
#14892=ORIENTED_EDGE('',*,*,#14895,.T.);
#14893=EDGE_CURVE('',#703,#867,#14896,.F.);
#14894=EDGE_CURVE('',#867,#705,#14897,.T.);
#14895=EDGE_CURVE('',#705,#703,#14898,.T.);
#14896=LINE('',#702,#14899);
#14897=LINE('',#866,#14900);
#14898=LINE('',#704,#14901);
#14899=VECTOR('',#14902,1.0);
#14900=VECTOR('',#14903,1.0);
#14901=VECTOR('',#14904,1.0);
#14902=DIRECTION('',(0.003776038789378137,-0.9999927995222477,0.0003774052445985513));
#14903=DIRECTION('',(0.12024482847929416,0.9925807773507695,0.018016149914095222));
#14904=DIRECTION('',(-0.9817613104188938,-0.12220571995316282,-0.14563822086013567));
#14905=FACE_SURFACE('',(#14910),#14906,.T.);
#14906=PLANE('',#14907);
#14907=AXIS2_PLACEMENT_3D('',#704,#14908,#14909);
#14908=DIRECTION('',(-0.20078253749630398,0.006542731299039141,0.9796139879073256));
#14909=DIRECTION('',(-0.12024482847929416,-0.9925807773507695,-0.018016149914095222));
#14910=FACE_BOUND('',#14911,.T.);
#14911=EDGE_LOOP('',(#14912,#14913,#14914));
#14912=ORIENTED_EDGE('',*,*,#14915,.T.);
#14913=ORIENTED_EDGE('',*,*,#14916,.T.);
#14914=ORIENTED_EDGE('',*,*,#14917,.T.);
#14915=EDGE_CURVE('',#705,#867,#14918,.F.);
#14916=EDGE_CURVE('',#867,#863,#14919,.T.);
#14917=EDGE_CURVE('',#863,#705,#14920,.T.);
#14918=LINE('',#704,#14921);
#14919=LINE('',#866,#14922);
#14920=LINE('',#862,#14923);
#14921=VECTOR('',#14924,1.0);
#14922=VECTOR('',#14925,1.0);
#14923=VECTOR('',#14926,1.0);
#14924=DIRECTION('',(-0.12024482847929416,-0.9925807773507695,-0.018016149914095222));
#14925=DIRECTION('',(0.9796349559115394,0,0.20078683511673842));
#14926=DIRECTION('',(-0.1319163996956312,0.9906893784906762,-0.03365440293780388));
#14927=FACE_SURFACE('',(#14932),#14928,.T.);
#14928=PLANE('',#14929);
#14929=AXIS2_PLACEMENT_3D('',#704,#14930,#14931);
#14930=DIRECTION('',(-0.24308945869361606,0.000582835692895842,0.9700036986396494));
#14931=DIRECTION('',(0.1319163996956312,-0.9906893784906762,0.03365440293780388));
#14932=FACE_BOUND('',#14933,.T.);
#14933=EDGE_LOOP('',(#14934,#14935,#14936));
#14934=ORIENTED_EDGE('',*,*,#14937,.T.);
#14935=ORIENTED_EDGE('',*,*,#14938,.T.);
#14936=ORIENTED_EDGE('',*,*,#14939,.T.);
#14937=EDGE_CURVE('',#705,#863,#14940,.F.);
#14938=EDGE_CURVE('',#863,#707,#14941,.T.);
#14939=EDGE_CURVE('',#707,#705,#14942,.T.);
#14940=LINE('',#704,#14943);
#14941=LINE('',#862,#14944);
#14942=LINE('',#706,#14945);
#14943=VECTOR('',#14946,1.0);
#14944=VECTOR('',#14947,1.0);
#14945=VECTOR('',#14948,1.0);
#14946=DIRECTION('',(0.1319163996956312,-0.9906893784906762,0.03365440293780388));
#14947=DIRECTION('',(-0.010442759542541452,0.9999402953273956,-0.003217849234722521));
#14948=DIRECTION('',(-0.950478968037182,-0.19977327620906388,-0.23807639410842593));
#14949=FACE_SURFACE('',(#14954),#14950,.T.);
#14950=PLANE('',#14951);
#14951=AXIS2_PLACEMENT_3D('',#706,#14952,#14953);
#14952=DIRECTION('',(-0.3367644554646536,-0.00048688850741864615,0.941588797976684));
#14953=DIRECTION('',(0.010442759542541452,-0.9999402953273956,0.003217849234722521));
#14954=FACE_BOUND('',#14955,.T.);
#14955=EDGE_LOOP('',(#14956,#14957,#14958));
#14956=ORIENTED_EDGE('',*,*,#14959,.T.);
#14957=ORIENTED_EDGE('',*,*,#14960,.T.);
#14958=ORIENTED_EDGE('',*,*,#14961,.T.);
#14959=EDGE_CURVE('',#707,#863,#14962,.F.);
#14960=EDGE_CURVE('',#863,#709,#14963,.T.);
#14961=EDGE_CURVE('',#709,#707,#14964,.T.);
#14962=LINE('',#706,#14965);
#14963=LINE('',#862,#14966);
#14964=LINE('',#708,#14967);
#14965=VECTOR('',#14968,1.0);
#14966=VECTOR('',#14969,1.0);
#14967=VECTOR('',#14970,1.0);
#14968=DIRECTION('',(0.010442759542541452,-0.9999402953273956,0.003217849234722521));
#14969=DIRECTION('',(0.1012861123721151,0.9941787181406601,0.03673962216377872));
#14970=DIRECTION('',(-0.9060375656857876,-0.2720234541617793,-0.32419002136411684));
#14971=FACE_SURFACE('',(#14976),#14972,.T.);
#14972=PLANE('',#14973);
#14973=AXIS2_PLACEMENT_3D('',#708,#14974,#14975);
#14974=DIRECTION('',(-0.39338640789396634,0.006103428967140616,0.9193529693426377));
#14975=DIRECTION('',(-0.1012861123721151,-0.9941787181406601,-0.03673962216377872));
#14976=FACE_BOUND('',#14977,.T.);
#14977=EDGE_LOOP('',(#14978,#14979,#14980));
#14978=ORIENTED_EDGE('',*,*,#14981,.T.);
#14979=ORIENTED_EDGE('',*,*,#14982,.T.);
#14980=ORIENTED_EDGE('',*,*,#14983,.T.);
#14981=EDGE_CURVE('',#709,#863,#14984,.F.);
#14982=EDGE_CURVE('',#863,#859,#14985,.T.);
#14983=EDGE_CURVE('',#859,#709,#14986,.T.);
#14984=LINE('',#708,#14987);
#14985=LINE('',#862,#14988);
#14986=LINE('',#858,#14989);
#14987=VECTOR('',#14990,1.0);
#14988=VECTOR('',#14991,1.0);
#14989=VECTOR('',#14992,1.0);
#14990=DIRECTION('',(-0.1012861123721151,-0.9941787181406601,-0.03673962216377872));
#14991=DIRECTION('',(0.9193700936183017,0,0.39339373528346294));
#14992=DIRECTION('',(-0.12183673273520232,0.9908121980873543,-0.058711146111417443));
#14993=FACE_SURFACE('',(#14998),#14994,.T.);
#14994=PLANE('',#14995);
#14995=AXIS2_PLACEMENT_3D('',#262,#14996,#14997);
#14996=DIRECTION('',(-0,0.6427880173709739,0.7660441010309345));
#14997=DIRECTION('',(1,0,0));
#14998=FACE_BOUND('',#14999,.T.);
#14999=EDGE_LOOP('',(#15000,#15001,#15002));
#15000=ORIENTED_EDGE('',*,*,#15003,.T.);
#15001=ORIENTED_EDGE('',*,*,#15004,.T.);
#15002=ORIENTED_EDGE('',*,*,#15005,.T.);
#15003=EDGE_CURVE('',#263,#261,#15006,.F.);
#15004=EDGE_CURVE('',#261,#427,#15007,.T.);
#15005=EDGE_CURVE('',#427,#263,#15008,.T.);
#15006=LINE('',#262,#15009);
#15007=LINE('',#260,#15010);
#15008=LINE('',#426,#15011);
#15009=VECTOR('',#15012,1.0);
#15010=VECTOR('',#15013,1.0);
#15011=VECTOR('',#15014,1.0);
#15012=DIRECTION('',(1,0,0));
#15013=DIRECTION('',(-0.9999545715787531,0.0073017617832796065,-0.006126912241309607));
#15014=DIRECTION('',(0,-0.7660441010309345,0.6427880173709739));
#15015=FACE_SURFACE('',(#15020),#15016,.T.);
#15016=PLANE('',#15017);
#15017=AXIS2_PLACEMENT_3D('',#426,#15018,#15019);
#15018=DIRECTION('',(-0,0.6427880173709739,0.7660441010309345));
#15019=DIRECTION('',(0.9999545715787531,-0.0073017617832796065,0.006126912241309607));
#15020=FACE_BOUND('',#15021,.T.);
#15021=EDGE_LOOP('',(#15022,#15023,#15024));
#15022=ORIENTED_EDGE('',*,*,#15025,.T.);
#15023=ORIENTED_EDGE('',*,*,#15026,.T.);
#15024=ORIENTED_EDGE('',*,*,#15027,.T.);
#15025=EDGE_CURVE('',#427,#261,#15028,.F.);
#15026=EDGE_CURVE('',#261,#281,#15029,.T.);
#15027=EDGE_CURVE('',#281,#427,#15030,.T.);
#15028=LINE('',#426,#15031);
#15029=LINE('',#260,#15032);
#15030=LINE('',#280,#15033);
#15031=VECTOR('',#15034,1.0);
#15032=VECTOR('',#15035,1.0);
#15033=VECTOR('',#15036,1.0);
#15034=DIRECTION('',(0.9999545715787531,-0.0073017617832796065,0.006126912241309607));
#15035=DIRECTION('',(0,0.7660441010309345,-0.6427880173709739));
#15036=DIRECTION('',(-1,0,0));
#15037=FACE_SURFACE('',(#15042),#15038,.T.);
#15038=PLANE('',#15039);
#15039=AXIS2_PLACEMENT_3D('',#194,#15040,#15041);
#15040=DIRECTION('',(-0.9927090792915172,0,-0.12053499032309353));
#15041=DIRECTION('',(0,1,0));
#15042=FACE_BOUND('',#15043,.T.);
#15043=EDGE_LOOP('',(#15044,#15045,#15046));
#15044=ORIENTED_EDGE('',*,*,#15047,.T.);
#15045=ORIENTED_EDGE('',*,*,#15048,.T.);
#15046=ORIENTED_EDGE('',*,*,#15049,.T.);
#15047=EDGE_CURVE('',#195,#511,#15050,.F.);
#15048=EDGE_CURVE('',#511,#193,#15051,.T.);
#15049=EDGE_CURVE('',#193,#195,#15052,.T.);
#15050=LINE('',#194,#15053);
#15051=LINE('',#510,#15054);
#15052=LINE('',#192,#15055);
#15053=VECTOR('',#15056,1.0);
#15054=VECTOR('',#15057,1.0);
#15055=VECTOR('',#15058,1.0);
#15056=DIRECTION('',(0,1,0));
#15057=DIRECTION('',(0.020056867432490327,-0.9860585519324367,-0.16518551458799738));
#15058=DIRECTION('',(-0.12053499032309353,0,0.9927090792915172));
#15059=FACE_SURFACE('',(#15064),#15060,.T.);
#15060=PLANE('',#15061);
#15061=AXIS2_PLACEMENT_3D('',#192,#15062,#15063);
#15062=DIRECTION('',(-0.9927090792915172,0,-0.12053499032309353));
#15063=DIRECTION('',(-0.020056867432490327,0.9860585519324367,0.16518551458799738));
#15064=FACE_BOUND('',#15065,.T.);
#15065=EDGE_LOOP('',(#15066,#15067,#15068));
#15066=ORIENTED_EDGE('',*,*,#15069,.T.);
#15067=ORIENTED_EDGE('',*,*,#15070,.T.);
#15068=ORIENTED_EDGE('',*,*,#15071,.T.);
#15069=EDGE_CURVE('',#193,#511,#15072,.F.);
#15070=EDGE_CURVE('',#511,#507,#15073,.T.);
#15071=EDGE_CURVE('',#507,#193,#15074,.T.);
#15072=LINE('',#192,#15075);
#15073=LINE('',#510,#15076);
#15074=LINE('',#506,#15077);
#15075=VECTOR('',#15078,1.0);
#15076=VECTOR('',#15079,1.0);
#15077=VECTOR('',#15080,1.0);
#15078=DIRECTION('',(-0.020056867432490327,0.9860585519324367,0.16518551458799738));
#15079=DIRECTION('',(0.12053499032309353,0,-0.9927090792915172));
#15080=DIRECTION('',(0,-1,0));
#15081=FACE_SURFACE('',(#15086),#15082,.T.);
#15082=PLANE('',#15083);
#15083=AXIS2_PLACEMENT_3D('',#192,#15084,#15085);
#15084=DIRECTION('',(-0.9927090792915172,0,0.12053499032309353));
#15085=DIRECTION('',(0,1,0));
#15086=FACE_BOUND('',#15087,.T.);
#15087=EDGE_LOOP('',(#15088,#15089,#15090));
#15088=ORIENTED_EDGE('',*,*,#15091,.T.);
#15089=ORIENTED_EDGE('',*,*,#15092,.T.);
#15090=ORIENTED_EDGE('',*,*,#15093,.T.);
#15091=EDGE_CURVE('',#193,#507,#15094,.F.);
#15092=EDGE_CURVE('',#507,#189,#15095,.T.);
#15093=EDGE_CURVE('',#189,#193,#15096,.T.);
#15094=LINE('',#192,#15097);
#15095=LINE('',#506,#15098);
#15096=LINE('',#188,#15099);
#15097=VECTOR('',#15100,1.0);
#15098=VECTOR('',#15101,1.0);
#15099=VECTOR('',#15102,1.0);
#15100=DIRECTION('',(0,1,0));
#15101=DIRECTION('',(-0.020056867432490327,-0.9860585519324367,-0.16518551458799738));
#15102=DIRECTION('',(0.12053499032309353,0,0.9927090792915172));
#15103=FACE_SURFACE('',(#15108),#15104,.T.);
#15104=PLANE('',#15105);
#15105=AXIS2_PLACEMENT_3D('',#188,#15106,#15107);
#15106=DIRECTION('',(-0.9927090792915172,0,0.12053499032309353));
#15107=DIRECTION('',(0.020056867432490327,0.9860585519324367,0.16518551458799738));
#15108=FACE_BOUND('',#15109,.T.);
#15109=EDGE_LOOP('',(#15110,#15111,#15112));
#15110=ORIENTED_EDGE('',*,*,#15113,.T.);
#15111=ORIENTED_EDGE('',*,*,#15114,.T.);
#15112=ORIENTED_EDGE('',*,*,#15115,.T.);
#15113=EDGE_CURVE('',#189,#507,#15116,.F.);
#15114=EDGE_CURVE('',#507,#505,#15117,.T.);
#15115=EDGE_CURVE('',#505,#189,#15118,.T.);
#15116=LINE('',#188,#15119);
#15117=LINE('',#506,#15120);
#15118=LINE('',#504,#15121);
#15119=VECTOR('',#15122,1.0);
#15120=VECTOR('',#15123,1.0);
#15121=VECTOR('',#15124,1.0);
#15122=DIRECTION('',(0.020056867432490327,0.9860585519324367,0.16518551458799738));
#15123=DIRECTION('',(-0.12053499032309353,0,-0.9927090792915172));
#15124=DIRECTION('',(0,-1,0));
#15125=FACE_SURFACE('',(#15130),#15126,.T.);
#15126=PLANE('',#15127);
#15127=AXIS2_PLACEMENT_3D('',#188,#15128,#15129);
#15128=DIRECTION('',(-0.9350158934483488,0,0.3546058079036296));
#15129=DIRECTION('',(0,1,0));
#15130=FACE_BOUND('',#15131,.T.);
#15131=EDGE_LOOP('',(#15132,#15133,#15134));
#15132=ORIENTED_EDGE('',*,*,#15135,.T.);
#15133=ORIENTED_EDGE('',*,*,#15136,.T.);
#15134=ORIENTED_EDGE('',*,*,#15137,.T.);
#15135=EDGE_CURVE('',#189,#505,#15138,.F.);
#15136=EDGE_CURVE('',#505,#185,#15139,.T.);
#15137=EDGE_CURVE('',#185,#189,#15140,.T.);
#15138=LINE('',#188,#15141);
#15139=LINE('',#504,#15142);
#15140=LINE('',#184,#15143);
#15141=VECTOR('',#15144,1.0);
#15142=VECTOR('',#15145,1.0);
#15143=VECTOR('',#15146,1.0);
#15144=DIRECTION('',(0,1,0));
#15145=DIRECTION('',(-0.05900594346059293,-0.9860585553115638,-0.15558542390981617));
#15146=DIRECTION('',(0.3546058079036296,0,0.9350158934483488));
#15147=FACE_SURFACE('',(#15152),#15148,.T.);
#15148=PLANE('',#15149);
#15149=AXIS2_PLACEMENT_3D('',#184,#15150,#15151);
#15150=DIRECTION('',(-0.9350158934483488,0,0.3546058079036296));
#15151=DIRECTION('',(0.05900594346059293,0.9860585553115638,0.15558542390981617));
#15152=FACE_BOUND('',#15153,.T.);
#15153=EDGE_LOOP('',(#15154,#15155,#15156));
#15154=ORIENTED_EDGE('',*,*,#15157,.T.);
#15155=ORIENTED_EDGE('',*,*,#15158,.T.);
#15156=ORIENTED_EDGE('',*,*,#15159,.T.);
#15157=EDGE_CURVE('',#185,#505,#15160,.F.);
#15158=EDGE_CURVE('',#505,#551,#15161,.T.);
#15159=EDGE_CURVE('',#551,#185,#15162,.T.);
#15160=LINE('',#184,#15163);
#15161=LINE('',#504,#15164);
#15162=LINE('',#550,#15165);
#15163=VECTOR('',#15166,1.0);
#15164=VECTOR('',#15167,1.0);
#15165=VECTOR('',#15168,1.0);
#15166=DIRECTION('',(0.05900594346059293,0.9860585553115638,0.15558542390981617));
#15167=DIRECTION('',(-0.3546058079036296,0,-0.9350158934483488));
#15168=DIRECTION('',(0,-1,0));
#15169=FACE_SURFACE('',(#15174),#15170,.T.);
#15170=PLANE('',#15171);
#15171=AXIS2_PLACEMENT_3D('',#184,#15172,#15173);
#15172=DIRECTION('',(-0.8229830667355891,0,0.568065904509754));
#15173=DIRECTION('',(0,1,0));
#15174=FACE_BOUND('',#15175,.T.);
#15175=EDGE_LOOP('',(#15176,#15177,#15178));
#15176=ORIENTED_EDGE('',*,*,#15179,.T.);
#15177=ORIENTED_EDGE('',*,*,#15180,.T.);
#15178=ORIENTED_EDGE('',*,*,#15181,.T.);
#15179=EDGE_CURVE('',#185,#551,#15182,.F.);
#15180=EDGE_CURVE('',#551,#121,#15183,.T.);
#15181=EDGE_CURVE('',#121,#185,#15184,.T.);
#15182=LINE('',#184,#15185);
#15183=LINE('',#550,#15186);
#15184=LINE('',#120,#15187);
#15185=VECTOR('',#15188,1.0);
#15186=VECTOR('',#15189,1.0);
#15187=VECTOR('',#15190,1.0);
#15188=DIRECTION('',(0,1,0));
#15189=DIRECTION('',(-0.09452545730840335,-0.9860585456668808,-0.13694335485138776));
#15190=DIRECTION('',(0.568065904509754,0,0.8229830667355891));
#15191=FACE_SURFACE('',(#15196),#15192,.T.);
#15192=PLANE('',#15193);
#15193=AXIS2_PLACEMENT_3D('',#120,#15194,#15195);
#15194=DIRECTION('',(-0.8229830667355891,0,0.568065904509754));
#15195=DIRECTION('',(0.09452545730840335,0.9860585456668808,0.13694335485138776));
#15196=FACE_BOUND('',#15197,.T.);
#15197=EDGE_LOOP('',(#15198,#15199,#15200));
#15198=ORIENTED_EDGE('',*,*,#15201,.T.);
#15199=ORIENTED_EDGE('',*,*,#15202,.T.);
#15200=ORIENTED_EDGE('',*,*,#15203,.T.);
#15201=EDGE_CURVE('',#121,#551,#15204,.F.);
#15202=EDGE_CURVE('',#551,#545,#15205,.T.);
#15203=EDGE_CURVE('',#545,#121,#15206,.T.);
#15204=LINE('',#120,#15207);
#15205=LINE('',#550,#15208);
#15206=LINE('',#544,#15209);
#15207=VECTOR('',#15210,1.0);
#15208=VECTOR('',#15211,1.0);
#15209=VECTOR('',#15212,1.0);
#15210=DIRECTION('',(0.09452545730840335,0.9860585456668808,0.13694335485138776));
#15211=DIRECTION('',(-0.568065904509754,0,-0.8229830667355891));
#15212=DIRECTION('',(0,-1,0));
#15213=FACE_SURFACE('',(#15218),#15214,.T.);
#15214=PLANE('',#15215);
#15215=AXIS2_PLACEMENT_3D('',#120,#15216,#15217);
#15216=DIRECTION('',(-0.6631228516125145,0,0.748510576858662));
#15217=DIRECTION('',(0,1,0));
#15218=FACE_BOUND('',#15219,.T.);
#15219=EDGE_LOOP('',(#15220,#15221,#15222));
#15220=ORIENTED_EDGE('',*,*,#15223,.T.);
#15221=ORIENTED_EDGE('',*,*,#15224,.T.);
#15222=ORIENTED_EDGE('',*,*,#15225,.T.);
#15223=EDGE_CURVE('',#121,#545,#15226,.F.);
#15224=EDGE_CURVE('',#545,#117,#15227,.T.);
#15225=EDGE_CURVE('',#117,#121,#15228,.T.);
#15226=LINE('',#120,#15229);
#15227=LINE('',#544,#15230);
#15228=LINE('',#116,#15231);
#15229=VECTOR('',#15232,1.0);
#15230=VECTOR('',#15233,1.0);
#15231=VECTOR('',#15234,1.0);
#15232=DIRECTION('',(0,1,0));
#15233=DIRECTION('',(-0.12455127782291119,-0.9860585338731949,-0.11034286097670874));
#15234=DIRECTION('',(0.748510576858662,0,0.6631228516125145));
#15235=FACE_SURFACE('',(#15240),#15236,.T.);
#15236=PLANE('',#15237);
#15237=AXIS2_PLACEMENT_3D('',#116,#15238,#15239);
#15238=DIRECTION('',(-0.6631228516125145,0,0.748510576858662));
#15239=DIRECTION('',(0.12455127782291119,0.9860585338731949,0.11034286097670874));
#15240=FACE_BOUND('',#15241,.T.);
#15241=EDGE_LOOP('',(#15242,#15243,#15244));
#15242=ORIENTED_EDGE('',*,*,#15245,.T.);
#15243=ORIENTED_EDGE('',*,*,#15246,.T.);
#15244=ORIENTED_EDGE('',*,*,#15247,.T.);
#15245=EDGE_CURVE('',#117,#545,#15248,.F.);
#15246=EDGE_CURVE('',#545,#465,#15249,.T.);
#15247=EDGE_CURVE('',#465,#117,#15250,.T.);
#15248=LINE('',#116,#15251);
#15249=LINE('',#544,#15252);
#15250=LINE('',#464,#15253);
#15251=VECTOR('',#15254,1.0);
#15252=VECTOR('',#15255,1.0);
#15253=VECTOR('',#15256,1.0);
#15254=DIRECTION('',(0.12455127782291119,0.9860585338731949,0.11034286097670874));
#15255=DIRECTION('',(-0.748510576858662,0,-0.6631228516125145));
#15256=DIRECTION('',(0,-1,0));
#15257=FACE_SURFACE('',(#15262),#15258,.T.);
#15258=PLANE('',#15259);
#15259=AXIS2_PLACEMENT_3D('',#116,#15260,#15261);
#15260=DIRECTION('',(-0.4647236924017323,0,0.8854557525480876));
#15261=DIRECTION('',(0,1,0));
#15262=FACE_BOUND('',#15263,.T.);
#15263=EDGE_LOOP('',(#15264,#15265,#15266));
#15264=ORIENTED_EDGE('',*,*,#15267,.T.);
#15265=ORIENTED_EDGE('',*,*,#15268,.T.);
#15266=ORIENTED_EDGE('',*,*,#15269,.T.);
#15267=EDGE_CURVE('',#117,#465,#15270,.F.);
#15268=EDGE_CURVE('',#465,#113,#15271,.T.);
#15269=EDGE_CURVE('',#113,#117,#15272,.T.);
#15270=LINE('',#116,#15273);
#15271=LINE('',#464,#15274);
#15272=LINE('',#112,#15275);
#15273=VECTOR('',#15276,1.0);
#15274=VECTOR('',#15277,1.0);
#15275=VECTOR('',#15278,1.0);
#15276=DIRECTION('',(0,1,0));
#15277=DIRECTION('',(-0.14733854161580892,-0.9860585819079554,-0.07732934242704174));
#15278=DIRECTION('',(0.8854557525480876,0,0.4647236924017323));
#15279=FACE_SURFACE('',(#15284),#15280,.T.);
#15280=PLANE('',#15281);
#15281=AXIS2_PLACEMENT_3D('',#112,#15282,#15283);
#15282=DIRECTION('',(-0.4647236924017323,0,0.8854557525480876));
#15283=DIRECTION('',(0.14733854161580892,0.9860585819079554,0.07732934242704174));
#15284=FACE_BOUND('',#15285,.T.);
#15285=EDGE_LOOP('',(#15286,#15287,#15288));
#15286=ORIENTED_EDGE('',*,*,#15289,.T.);
#15287=ORIENTED_EDGE('',*,*,#15290,.T.);
#15288=ORIENTED_EDGE('',*,*,#15291,.T.);
#15289=EDGE_CURVE('',#113,#465,#15292,.F.);
#15290=EDGE_CURVE('',#465,#469,#15293,.T.);
#15291=EDGE_CURVE('',#469,#113,#15294,.T.);
#15292=LINE('',#112,#15295);
#15293=LINE('',#464,#15296);
#15294=LINE('',#468,#15297);
#15295=VECTOR('',#15298,1.0);
#15296=VECTOR('',#15299,1.0);
#15297=VECTOR('',#15300,1.0);
#15298=DIRECTION('',(0.14733854161580892,0.9860585819079554,0.07732934242704174));
#15299=DIRECTION('',(-0.8854557525480876,0,-0.4647236924017323));
#15300=DIRECTION('',(0,-1,0));
#15301=FACE_SURFACE('',(#15306),#15302,.T.);
#15302=PLANE('',#15303);
#15303=AXIS2_PLACEMENT_3D('',#112,#15304,#15305);
#15304=DIRECTION('',(-0.23931567913084226,0,0.9709418137675109));
#15305=DIRECTION('',(0,1,0));
#15306=FACE_BOUND('',#15307,.T.);
#15307=EDGE_LOOP('',(#15308,#15309,#15310));
#15308=ORIENTED_EDGE('',*,*,#15311,.T.);
#15309=ORIENTED_EDGE('',*,*,#15312,.T.);
#15310=ORIENTED_EDGE('',*,*,#15313,.T.);
#15311=EDGE_CURVE('',#113,#469,#15314,.F.);
#15312=EDGE_CURVE('',#469,#109,#15315,.T.);
#15313=EDGE_CURVE('',#109,#113,#15316,.T.);
#15314=LINE('',#112,#15317);
#15315=LINE('',#468,#15318);
#15316=LINE('',#108,#15319);
#15317=VECTOR('',#15320,1.0);
#15318=VECTOR('',#15321,1.0);
#15319=VECTOR('',#15322,1.0);
#15320=DIRECTION('',(0,1,0));
#15321=DIRECTION('',(-0.1615636410818084,-0.9860585221265624,-0.03982186361746573));
#15322=DIRECTION('',(0.9709418137675109,0,0.23931567913084226));
#15323=FACE_SURFACE('',(#15328),#15324,.T.);
#15324=PLANE('',#15325);
#15325=AXIS2_PLACEMENT_3D('',#108,#15326,#15327);
#15326=DIRECTION('',(-0.23931567913084226,0,0.9709418137675109));
#15327=DIRECTION('',(0.1615636410818084,0.9860585221265624,0.03982186361746573));
#15328=FACE_BOUND('',#15329,.T.);
#15329=EDGE_LOOP('',(#15330,#15331,#15332));
#15330=ORIENTED_EDGE('',*,*,#15333,.T.);
#15331=ORIENTED_EDGE('',*,*,#15334,.T.);
#15332=ORIENTED_EDGE('',*,*,#15335,.T.);
#15333=EDGE_CURVE('',#109,#469,#15336,.F.);
#15334=EDGE_CURVE('',#469,#473,#15337,.T.);
#15335=EDGE_CURVE('',#473,#109,#15338,.T.);
#15336=LINE('',#108,#15339);
#15337=LINE('',#468,#15340);
#15338=LINE('',#472,#15341);
#15339=VECTOR('',#15342,1.0);
#15340=VECTOR('',#15343,1.0);
#15341=VECTOR('',#15344,1.0);
#15342=DIRECTION('',(0.1615636410818084,0.9860585221265624,0.03982186361746573));
#15343=DIRECTION('',(-0.9709418137675109,0,-0.23931567913084226));
#15344=DIRECTION('',(0,-1,0));
#15345=FACE_SURFACE('',(#15350),#15346,.T.);
#15346=PLANE('',#15347);
#15347=AXIS2_PLACEMENT_3D('',#108,#15348,#15349);
#15348=DIRECTION('',(0,-0,1));
#15349=DIRECTION('',(0,1,0));
#15350=FACE_BOUND('',#15351,.T.);
#15351=EDGE_LOOP('',(#15352,#15353,#15354));
#15352=ORIENTED_EDGE('',*,*,#15355,.T.);
#15353=ORIENTED_EDGE('',*,*,#15356,.T.);
#15354=ORIENTED_EDGE('',*,*,#15357,.T.);
#15355=EDGE_CURVE('',#109,#473,#15358,.F.);
#15356=EDGE_CURVE('',#473,#105,#15359,.T.);
#15357=EDGE_CURVE('',#105,#109,#15360,.T.);
#15358=LINE('',#108,#15361);
#15359=LINE('',#472,#15362);
#15360=LINE('',#104,#15363);
#15361=VECTOR('',#15364,1.0);
#15362=VECTOR('',#15365,1.0);
#15363=VECTOR('',#15366,1.0);
#15364=DIRECTION('',(0,1,0));
#15365=DIRECTION('',(-0.16639860621237987,-0.9860585701927534,0));
#15366=DIRECTION('',(1,0,0));
#15367=FACE_SURFACE('',(#15372),#15368,.T.);
#15368=PLANE('',#15369);
#15369=AXIS2_PLACEMENT_3D('',#104,#15370,#15371);
#15370=DIRECTION('',(0,0,1));
#15371=DIRECTION('',(0.16639860621237987,0.9860585701927534,0));
#15372=FACE_BOUND('',#15373,.T.);
#15373=EDGE_LOOP('',(#15374,#15375,#15376));
#15374=ORIENTED_EDGE('',*,*,#15377,.T.);
#15375=ORIENTED_EDGE('',*,*,#15378,.T.);
#15376=ORIENTED_EDGE('',*,*,#15379,.T.);
#15377=EDGE_CURVE('',#105,#473,#15380,.F.);
#15378=EDGE_CURVE('',#473,#477,#15381,.T.);
#15379=EDGE_CURVE('',#477,#105,#15382,.T.);
#15380=LINE('',#104,#15383);
#15381=LINE('',#472,#15384);
#15382=LINE('',#476,#15385);
#15383=VECTOR('',#15386,1.0);
#15384=VECTOR('',#15387,1.0);
#15385=VECTOR('',#15388,1.0);
#15386=DIRECTION('',(0.16639860621237987,0.9860585701927534,0));
#15387=DIRECTION('',(-1,0,0));
#15388=DIRECTION('',(0,-1,0));
#15389=FACE_SURFACE('',(#15394),#15390,.T.);
#15390=PLANE('',#15391);
#15391=AXIS2_PLACEMENT_3D('',#104,#15392,#15393);
#15392=DIRECTION('',(0.23931633571117109,-0,0.9709416519347484));
#15393=DIRECTION('',(0,1,0));
#15394=FACE_BOUND('',#15395,.T.);
#15395=EDGE_LOOP('',(#15396,#15397,#15398));
#15396=ORIENTED_EDGE('',*,*,#15399,.T.);
#15397=ORIENTED_EDGE('',*,*,#15400,.T.);
#15398=ORIENTED_EDGE('',*,*,#15401,.T.);
#15399=EDGE_CURVE('',#105,#477,#15402,.F.);
#15400=EDGE_CURVE('',#477,#101,#15403,.T.);
#15401=EDGE_CURVE('',#101,#105,#15404,.T.);
#15402=LINE('',#104,#15405);
#15403=LINE('',#476,#15406);
#15404=LINE('',#100,#15407);
#15405=VECTOR('',#15408,1.0);
#15406=VECTOR('',#15409,1.0);
#15407=VECTOR('',#15410,1.0);
#15408=DIRECTION('',(0,1,0));
#15409=DIRECTION('',(-0.16156318316567586,-0.986058597032893,0.039821866642549546));
#15410=DIRECTION('',(0.9709416519347484,0,-0.23931633571117109));
#15411=FACE_SURFACE('',(#15416),#15412,.T.);
#15412=PLANE('',#15413);
#15413=AXIS2_PLACEMENT_3D('',#100,#15414,#15415);
#15414=DIRECTION('',(0.23931633571117109,-0,0.9709416519347484));
#15415=DIRECTION('',(0.16156318316567586,0.986058597032893,-0.039821866642549546));
#15416=FACE_BOUND('',#15417,.T.);
#15417=EDGE_LOOP('',(#15418,#15419,#15420));
#15418=ORIENTED_EDGE('',*,*,#15421,.T.);
#15419=ORIENTED_EDGE('',*,*,#15422,.T.);
#15420=ORIENTED_EDGE('',*,*,#15423,.T.);
#15421=EDGE_CURVE('',#101,#477,#15424,.F.);
#15422=EDGE_CURVE('',#477,#481,#15425,.T.);
#15423=EDGE_CURVE('',#481,#101,#15426,.T.);
#15424=LINE('',#100,#15427);
#15425=LINE('',#476,#15428);
#15426=LINE('',#480,#15429);
#15427=VECTOR('',#15430,1.0);
#15428=VECTOR('',#15431,1.0);
#15429=VECTOR('',#15432,1.0);
#15430=DIRECTION('',(0.16156318316567586,0.986058597032893,-0.039821866642549546));
#15431=DIRECTION('',(-0.9709416519347484,0,0.23931633571117109));
#15432=DIRECTION('',(0,-1,0));
#15433=FACE_SURFACE('',(#15438),#15434,.T.);
#15434=PLANE('',#15435);
#15435=AXIS2_PLACEMENT_3D('',#100,#15436,#15437);
#15436=DIRECTION('',(0.46472252965789557,-0,0.8854563628030274));
#15437=DIRECTION('',(0,1,0));
#15438=FACE_BOUND('',#15439,.T.);
#15439=EDGE_LOOP('',(#15440,#15441,#15442));
#15440=ORIENTED_EDGE('',*,*,#15443,.T.);
#15441=ORIENTED_EDGE('',*,*,#15444,.T.);
#15442=ORIENTED_EDGE('',*,*,#15445,.T.);
#15443=EDGE_CURVE('',#101,#481,#15446,.F.);
#15444=EDGE_CURVE('',#481,#93,#15447,.T.);
#15445=EDGE_CURVE('',#93,#101,#15448,.T.);
#15446=LINE('',#100,#15449);
#15447=LINE('',#480,#15450);
#15448=LINE('',#92,#15451);
#15449=VECTOR('',#15452,1.0);
#15450=VECTOR('',#15453,1.0);
#15451=VECTOR('',#15454,1.0);
#15452=DIRECTION('',(0,1,0));
#15453=DIRECTION('',(-0.14733900159795857,-0.9860585135966569,0.07732933706988762));
#15454=DIRECTION('',(0.8854563628030274,0,-0.46472252965789557));
#15455=FACE_SURFACE('',(#15460),#15456,.T.);
#15456=PLANE('',#15457);
#15457=AXIS2_PLACEMENT_3D('',#92,#15458,#15459);
#15458=DIRECTION('',(0.46472252965789557,-0,0.8854563628030274));
#15459=DIRECTION('',(0.14733900159795857,0.9860585135966569,-0.07732933706988762));
#15460=FACE_BOUND('',#15461,.T.);
#15461=EDGE_LOOP('',(#15462,#15463,#15464));
#15462=ORIENTED_EDGE('',*,*,#15465,.T.);
#15463=ORIENTED_EDGE('',*,*,#15466,.T.);
#15464=ORIENTED_EDGE('',*,*,#15467,.T.);
#15465=EDGE_CURVE('',#93,#481,#15468,.F.);
#15466=EDGE_CURVE('',#481,#485,#15469,.T.);
#15467=EDGE_CURVE('',#485,#93,#15470,.T.);
#15468=LINE('',#92,#15471);
#15469=LINE('',#480,#15472);
#15470=LINE('',#484,#15473);
#15471=VECTOR('',#15474,1.0);
#15472=VECTOR('',#15475,1.0);
#15473=VECTOR('',#15476,1.0);
#15474=DIRECTION('',(0.14733900159795857,0.9860585135966569,-0.07732933706988762));
#15475=DIRECTION('',(-0.8854563628030274,0,0.46472252965789557));
#15476=DIRECTION('',(0,-1,0));
#15477=FACE_SURFACE('',(#15482),#15478,.T.);
#15478=PLANE('',#15479);
#15479=AXIS2_PLACEMENT_3D('',#92,#15480,#15481);
#15480=DIRECTION('',(0.6631242541518007,-0,0.7485093343142877));
#15481=DIRECTION('',(0,1,0));
#15482=FACE_BOUND('',#15483,.T.);
#15483=EDGE_LOOP('',(#15484,#15485,#15486));
#15484=ORIENTED_EDGE('',*,*,#15487,.T.);
#15485=ORIENTED_EDGE('',*,*,#15488,.T.);
#15486=ORIENTED_EDGE('',*,*,#15489,.T.);
#15487=EDGE_CURVE('',#93,#485,#15490,.F.);
#15488=EDGE_CURVE('',#485,#95,#15491,.T.);
#15489=EDGE_CURVE('',#95,#93,#15492,.T.);
#15490=LINE('',#92,#15493);
#15491=LINE('',#484,#15494);
#15492=LINE('',#94,#15495);
#15493=VECTOR('',#15496,1.0);
#15494=VECTOR('',#15497,1.0);
#15495=VECTOR('',#15498,1.0);
#15496=DIRECTION('',(0,1,0));
#15497=DIRECTION('',(-0.12455081492757858,-0.9860585916193256,0.11034286743867125));
#15498=DIRECTION('',(0.7485093343142877,0,-0.6631242541518007));
#15499=FACE_SURFACE('',(#15504),#15500,.T.);
#15500=PLANE('',#15501);
#15501=AXIS2_PLACEMENT_3D('',#94,#15502,#15503);
#15502=DIRECTION('',(0.6631242541518007,-0,0.7485093343142877));
#15503=DIRECTION('',(0.12455081492757858,0.9860585916193256,-0.11034286743867125));
#15504=FACE_BOUND('',#15505,.T.);
#15505=EDGE_LOOP('',(#15506,#15507,#15508));
#15506=ORIENTED_EDGE('',*,*,#15509,.T.);
#15507=ORIENTED_EDGE('',*,*,#15510,.T.);
#15508=ORIENTED_EDGE('',*,*,#15511,.T.);
#15509=EDGE_CURVE('',#95,#485,#15512,.F.);
#15510=EDGE_CURVE('',#485,#489,#15513,.T.);
#15511=EDGE_CURVE('',#489,#95,#15514,.T.);
#15512=LINE('',#94,#15515);
#15513=LINE('',#484,#15516);
#15514=LINE('',#488,#15517);
#15515=VECTOR('',#15518,1.0);
#15516=VECTOR('',#15519,1.0);
#15517=VECTOR('',#15520,1.0);
#15518=DIRECTION('',(0.12455081492757858,0.9860585916193256,-0.11034286743867125));
#15519=DIRECTION('',(-0.7485093343142877,0,0.6631242541518007));
#15520=DIRECTION('',(0,-1,0));
#15521=FACE_SURFACE('',(#15526),#15522,.T.);
#15522=PLANE('',#15523);
#15523=AXIS2_PLACEMENT_3D('',#94,#15524,#15525);
#15524=DIRECTION('',(0.8229817457064836,-0,0.5680678183403006));
#15525=DIRECTION('',(0,1,0));
#15526=FACE_BOUND('',#15527,.T.);
#15527=EDGE_LOOP('',(#15528,#15529,#15530));
#15528=ORIENTED_EDGE('',*,*,#15531,.T.);
#15529=ORIENTED_EDGE('',*,*,#15532,.T.);
#15530=ORIENTED_EDGE('',*,*,#15533,.T.);
#15531=EDGE_CURVE('',#95,#489,#15534,.F.);
#15532=EDGE_CURVE('',#489,#97,#15535,.T.);
#15533=EDGE_CURVE('',#97,#95,#15536,.T.);
#15534=LINE('',#94,#15537);
#15535=LINE('',#488,#15538);
#15536=LINE('',#96,#15539);
#15537=VECTOR('',#15540,1.0);
#15538=VECTOR('',#15541,1.0);
#15539=VECTOR('',#15542,1.0);
#15540=DIRECTION('',(0,1,0));
#15541=DIRECTION('',(-0.09452592329655596,-0.986058501841537,0.13694334876494427));
#15542=DIRECTION('',(0.5680678183403006,0,-0.8229817457064836));
#15543=FACE_SURFACE('',(#15548),#15544,.T.);
#15544=PLANE('',#15545);
#15545=AXIS2_PLACEMENT_3D('',#96,#15546,#15547);
#15546=DIRECTION('',(0.8229817457064836,-0,0.5680678183403006));
#15547=DIRECTION('',(0.09452592329655596,0.986058501841537,-0.13694334876494427));
#15548=FACE_BOUND('',#15549,.T.);
#15549=EDGE_LOOP('',(#15550,#15551,#15552));
#15550=ORIENTED_EDGE('',*,*,#15553,.T.);
#15551=ORIENTED_EDGE('',*,*,#15554,.T.);
#15552=ORIENTED_EDGE('',*,*,#15555,.T.);
#15553=EDGE_CURVE('',#97,#489,#15556,.F.);
#15554=EDGE_CURVE('',#489,#543,#15557,.T.);
#15555=EDGE_CURVE('',#543,#97,#15558,.T.);
#15556=LINE('',#96,#15559);
#15557=LINE('',#488,#15560);
#15558=LINE('',#542,#15561);
#15559=VECTOR('',#15562,1.0);
#15560=VECTOR('',#15563,1.0);
#15561=VECTOR('',#15564,1.0);
#15562=DIRECTION('',(0.09452592329655596,0.986058501841537,-0.13694334876494427));
#15563=DIRECTION('',(-0.5680678183403006,0,0.8229817457064836));
#15564=DIRECTION('',(0,-1,0));
#15565=FACE_SURFACE('',(#15570),#15566,.T.);
#15566=PLANE('',#15567);
#15567=AXIS2_PLACEMENT_3D('',#96,#15568,#15569);
#15568=DIRECTION('',(0.9350158934483488,-0,0.3546058079036296));
#15569=DIRECTION('',(0,1,0));
#15570=FACE_BOUND('',#15571,.T.);
#15571=EDGE_LOOP('',(#15572,#15573,#15574));
#15572=ORIENTED_EDGE('',*,*,#15575,.T.);
#15573=ORIENTED_EDGE('',*,*,#15576,.T.);
#15574=ORIENTED_EDGE('',*,*,#15577,.T.);
#15575=EDGE_CURVE('',#97,#543,#15578,.F.);
#15576=EDGE_CURVE('',#543,#99,#15579,.T.);
#15577=EDGE_CURVE('',#99,#97,#15580,.T.);
#15578=LINE('',#96,#15581);
#15579=LINE('',#542,#15582);
#15580=LINE('',#98,#15583);
#15581=VECTOR('',#15584,1.0);
#15582=VECTOR('',#15585,1.0);
#15583=VECTOR('',#15586,1.0);
#15584=DIRECTION('',(0,1,0));
#15585=DIRECTION('',(-0.05900594346059293,-0.9860585553115638,0.15558542390981617));
#15586=DIRECTION('',(0.3546058079036296,0,-0.9350158934483488));
#15587=FACE_SURFACE('',(#15592),#15588,.T.);
#15588=PLANE('',#15589);
#15589=AXIS2_PLACEMENT_3D('',#98,#15590,#15591);
#15590=DIRECTION('',(0.9350158934483488,-0,0.3546058079036296));
#15591=DIRECTION('',(0.05900594346059293,0.9860585553115638,-0.15558542390981617));
#15592=FACE_BOUND('',#15593,.T.);
#15593=EDGE_LOOP('',(#15594,#15595,#15596));
#15594=ORIENTED_EDGE('',*,*,#15597,.T.);
#15595=ORIENTED_EDGE('',*,*,#15598,.T.);
#15596=ORIENTED_EDGE('',*,*,#15599,.T.);
#15597=EDGE_CURVE('',#99,#543,#15600,.F.);
#15598=EDGE_CURVE('',#543,#541,#15601,.T.);
#15599=EDGE_CURVE('',#541,#99,#15602,.T.);
#15600=LINE('',#98,#15603);
#15601=LINE('',#542,#15604);
#15602=LINE('',#540,#15605);
#15603=VECTOR('',#15606,1.0);
#15604=VECTOR('',#15607,1.0);
#15605=VECTOR('',#15608,1.0);
#15606=DIRECTION('',(0.05900594346059293,0.9860585553115638,-0.15558542390981617));
#15607=DIRECTION('',(-0.3546058079036296,0,0.9350158934483488));
#15608=DIRECTION('',(0,-1,0));
#15609=FACE_SURFACE('',(#15614),#15610,.T.);
#15610=PLANE('',#15611);
#15611=AXIS2_PLACEMENT_3D('',#98,#15612,#15613);
#15612=DIRECTION('',(0.9927094173976831,-0,0.12053220569603969));
#15613=DIRECTION('',(0,1,0));
#15614=FACE_BOUND('',#15615,.T.);
#15615=EDGE_LOOP('',(#15616,#15617,#15618));
#15616=ORIENTED_EDGE('',*,*,#15619,.T.);
#15617=ORIENTED_EDGE('',*,*,#15620,.T.);
#15618=ORIENTED_EDGE('',*,*,#15621,.T.);
#15619=EDGE_CURVE('',#99,#541,#15622,.F.);
#15620=EDGE_CURVE('',#541,#241,#15623,.T.);
#15621=EDGE_CURVE('',#241,#99,#15624,.T.);
#15622=LINE('',#98,#15625);
#15623=LINE('',#540,#15626);
#15624=LINE('',#240,#15627);
#15625=VECTOR('',#15628,1.0);
#15626=VECTOR('',#15629,1.0);
#15627=VECTOR('',#15630,1.0);
#15628=DIRECTION('',(0,1,0));
#15629=DIRECTION('',(-0.020056397432272756,-0.9860585612313784,0.16518551614576538));
#15630=DIRECTION('',(0.12053220569603969,0,-0.9927094173976831));
#15631=FACE_SURFACE('',(#15636),#15632,.T.);
#15632=PLANE('',#15633);
#15633=AXIS2_PLACEMENT_3D('',#240,#15634,#15635);
#15634=DIRECTION('',(0.9927094173976831,-0,0.12053220569603969));
#15635=DIRECTION('',(0.020056397432272756,0.9860585612313784,-0.16518551614576538));
#15636=FACE_BOUND('',#15637,.T.);
#15637=EDGE_LOOP('',(#15638,#15639,#15640));
#15638=ORIENTED_EDGE('',*,*,#15641,.T.);
#15639=ORIENTED_EDGE('',*,*,#15642,.T.);
#15640=ORIENTED_EDGE('',*,*,#15643,.T.);
#15641=EDGE_CURVE('',#241,#541,#15644,.F.);
#15642=EDGE_CURVE('',#541,#539,#15645,.T.);
#15643=EDGE_CURVE('',#539,#241,#15646,.T.);
#15644=LINE('',#240,#15647);
#15645=LINE('',#540,#15648);
#15646=LINE('',#538,#15649);
#15647=VECTOR('',#15650,1.0);
#15648=VECTOR('',#15651,1.0);
#15649=VECTOR('',#15652,1.0);
#15650=DIRECTION('',(0.020056397432272756,0.9860585612313784,-0.16518551614576538));
#15651=DIRECTION('',(-0.12053220569603969,0,0.9927094173976831));
#15652=DIRECTION('',(0,-1,0));
#15653=FACE_SURFACE('',(#15658),#15654,.T.);
#15654=PLANE('',#15655);
#15655=AXIS2_PLACEMENT_3D('',#240,#15656,#15657);
#15656=DIRECTION('',(0.9927094173976831,0,-0.12053220569603969));
#15657=DIRECTION('',(0,1,0));
#15658=FACE_BOUND('',#15659,.T.);
#15659=EDGE_LOOP('',(#15660,#15661,#15662));
#15660=ORIENTED_EDGE('',*,*,#15663,.T.);
#15661=ORIENTED_EDGE('',*,*,#15664,.T.);
#15662=ORIENTED_EDGE('',*,*,#15665,.T.);
#15663=EDGE_CURVE('',#241,#539,#15666,.F.);
#15664=EDGE_CURVE('',#539,#243,#15667,.T.);
#15665=EDGE_CURVE('',#243,#241,#15668,.T.);
#15666=LINE('',#240,#15669);
#15667=LINE('',#538,#15670);
#15668=LINE('',#242,#15671);
#15669=VECTOR('',#15672,1.0);
#15670=VECTOR('',#15673,1.0);
#15671=VECTOR('',#15674,1.0);
#15672=DIRECTION('',(0,1,0));
#15673=DIRECTION('',(0.020056397432272756,-0.9860585612313784,0.16518551614576538));
#15674=DIRECTION('',(-0.12053220569603969,0,-0.9927094173976831));
#15675=FACE_SURFACE('',(#15680),#15676,.T.);
#15676=PLANE('',#15677);
#15677=AXIS2_PLACEMENT_3D('',#242,#15678,#15679);
#15678=DIRECTION('',(0.9927094173976831,0,-0.12053220569603969));
#15679=DIRECTION('',(-0.020056397432272756,0.9860585612313784,-0.16518551614576538));
#15680=FACE_BOUND('',#15681,.T.);
#15681=EDGE_LOOP('',(#15682,#15683,#15684));
#15682=ORIENTED_EDGE('',*,*,#15685,.T.);
#15683=ORIENTED_EDGE('',*,*,#15686,.T.);
#15684=ORIENTED_EDGE('',*,*,#15687,.T.);
#15685=EDGE_CURVE('',#243,#539,#15688,.F.);
#15686=EDGE_CURVE('',#539,#537,#15689,.T.);
#15687=EDGE_CURVE('',#537,#243,#15690,.T.);
#15688=LINE('',#242,#15691);
#15689=LINE('',#538,#15692);
#15690=LINE('',#536,#15693);
#15691=VECTOR('',#15694,1.0);
#15692=VECTOR('',#15695,1.0);
#15693=VECTOR('',#15696,1.0);
#15694=DIRECTION('',(-0.020056397432272756,0.9860585612313784,-0.16518551614576538));
#15695=DIRECTION('',(0.12053220569603969,0,0.9927094173976831));
#15696=DIRECTION('',(0,-1,0));
#15697=FACE_SURFACE('',(#15702),#15698,.T.);
#15698=PLANE('',#15699);
#15699=AXIS2_PLACEMENT_3D('',#242,#15700,#15701);
#15700=DIRECTION('',(0.9350158934483488,0,-0.3546058079036296));
#15701=DIRECTION('',(0,1,0));
#15702=FACE_BOUND('',#15703,.T.);
#15703=EDGE_LOOP('',(#15704,#15705,#15706));
#15704=ORIENTED_EDGE('',*,*,#15707,.T.);
#15705=ORIENTED_EDGE('',*,*,#15708,.T.);
#15706=ORIENTED_EDGE('',*,*,#15709,.T.);
#15707=EDGE_CURVE('',#243,#537,#15710,.F.);
#15708=EDGE_CURVE('',#537,#245,#15711,.T.);
#15709=EDGE_CURVE('',#245,#243,#15712,.T.);
#15710=LINE('',#242,#15713);
#15711=LINE('',#536,#15714);
#15712=LINE('',#244,#15715);
#15713=VECTOR('',#15716,1.0);
#15714=VECTOR('',#15717,1.0);
#15715=VECTOR('',#15718,1.0);
#15716=DIRECTION('',(0,1,0));
#15717=DIRECTION('',(0.05900594346059293,-0.9860585553115638,0.15558542390981617));
#15718=DIRECTION('',(-0.3546058079036296,0,-0.9350158934483488));
#15719=FACE_SURFACE('',(#15724),#15720,.T.);
#15720=PLANE('',#15721);
#15721=AXIS2_PLACEMENT_3D('',#244,#15722,#15723);
#15722=DIRECTION('',(0.9350158934483488,0,-0.3546058079036296));
#15723=DIRECTION('',(-0.05900594346059293,0.9860585553115638,-0.15558542390981617));
#15724=FACE_BOUND('',#15725,.T.);
#15725=EDGE_LOOP('',(#15726,#15727,#15728));
#15726=ORIENTED_EDGE('',*,*,#15729,.T.);
#15727=ORIENTED_EDGE('',*,*,#15730,.T.);
#15728=ORIENTED_EDGE('',*,*,#15731,.T.);
#15729=EDGE_CURVE('',#245,#537,#15732,.F.);
#15730=EDGE_CURVE('',#537,#535,#15733,.T.);
#15731=EDGE_CURVE('',#535,#245,#15734,.T.);
#15732=LINE('',#244,#15735);
#15733=LINE('',#536,#15736);
#15734=LINE('',#534,#15737);
#15735=VECTOR('',#15738,1.0);
#15736=VECTOR('',#15739,1.0);
#15737=VECTOR('',#15740,1.0);
#15738=DIRECTION('',(-0.05900594346059293,0.9860585553115638,-0.15558542390981617));
#15739=DIRECTION('',(0.3546058079036296,0,0.9350158934483488));
#15740=DIRECTION('',(0,-1,0));
#15741=FACE_SURFACE('',(#15746),#15742,.T.);
#15742=PLANE('',#15743);
#15743=AXIS2_PLACEMENT_3D('',#244,#15744,#15745);
#15744=DIRECTION('',(0.8229822016296414,0,-0.5680671578262806));
#15745=DIRECTION('',(0,1,0));
#15746=FACE_BOUND('',#15747,.T.);
#15747=EDGE_LOOP('',(#15748,#15749,#15750));
#15748=ORIENTED_EDGE('',*,*,#15751,.T.);
#15749=ORIENTED_EDGE('',*,*,#15752,.T.);
#15750=ORIENTED_EDGE('',*,*,#15753,.T.);
#15751=EDGE_CURVE('',#245,#535,#15754,.F.);
#15752=EDGE_CURVE('',#535,#247,#15755,.T.);
#15753=EDGE_CURVE('',#247,#245,#15756,.T.);
#15754=LINE('',#244,#15757);
#15755=LINE('',#534,#15758);
#15756=LINE('',#246,#15759);
#15757=VECTOR('',#15760,1.0);
#15758=VECTOR('',#15761,1.0);
#15759=VECTOR('',#15762,1.0);
#15760=DIRECTION('',(0,1,0));
#15761=DIRECTION('',(0.09452592025332437,-0.9860584700957019,0.13694357945075672));
#15762=DIRECTION('',(-0.5680671578262806,0,-0.8229822016296414));
#15763=FACE_SURFACE('',(#15768),#15764,.T.);
#15764=PLANE('',#15765);
#15765=AXIS2_PLACEMENT_3D('',#246,#15766,#15767);
#15766=DIRECTION('',(0.8229822016296414,0,-0.5680671578262806));
#15767=DIRECTION('',(-0.09452592025332437,0.9860584700957019,-0.13694357945075672));
#15768=FACE_BOUND('',#15769,.T.);
#15769=EDGE_LOOP('',(#15770,#15771,#15772));
#15770=ORIENTED_EDGE('',*,*,#15773,.T.);
#15771=ORIENTED_EDGE('',*,*,#15774,.T.);
#15772=ORIENTED_EDGE('',*,*,#15775,.T.);
#15773=EDGE_CURVE('',#247,#535,#15776,.F.);
#15774=EDGE_CURVE('',#535,#533,#15777,.T.);
#15775=EDGE_CURVE('',#533,#247,#15778,.T.);
#15776=LINE('',#246,#15779);
#15777=LINE('',#534,#15780);
#15778=LINE('',#532,#15781);
#15779=VECTOR('',#15782,1.0);
#15780=VECTOR('',#15783,1.0);
#15781=VECTOR('',#15784,1.0);
#15782=DIRECTION('',(-0.09452592025332437,0.9860584700957019,-0.13694357945075672));
#15783=DIRECTION('',(0.5680671578262806,0,0.8229822016296414));
#15784=DIRECTION('',(0,-1,0));
#15785=FACE_SURFACE('',(#15790),#15786,.T.);
#15786=PLANE('',#15787);
#15787=AXIS2_PLACEMENT_3D('',#246,#15788,#15789);
#15788=DIRECTION('',(0.6631234625832785,0,-0.7485100355850703));
#15789=DIRECTION('',(0,1,0));
#15790=FACE_BOUND('',#15791,.T.);
#15791=EDGE_LOOP('',(#15792,#15793,#15794));
#15792=ORIENTED_EDGE('',*,*,#15795,.T.);
#15793=ORIENTED_EDGE('',*,*,#15796,.T.);
#15794=ORIENTED_EDGE('',*,*,#15797,.T.);
#15795=EDGE_CURVE('',#247,#533,#15798,.F.);
#15796=EDGE_CURVE('',#533,#249,#15799,.T.);
#15797=EDGE_CURVE('',#249,#247,#15800,.T.);
#15798=LINE('',#246,#15801);
#15799=LINE('',#532,#15802);
#15800=LINE('',#248,#15803);
#15801=VECTOR('',#15804,1.0);
#15802=VECTOR('',#15805,1.0);
#15803=VECTOR('',#15806,1.0);
#15804=DIRECTION('',(0,1,0));
#15805=DIRECTION('',(0.1245508181585507,-0.986058617198667,0.11034263520638064));
#15806=DIRECTION('',(-0.7485100355850703,0,-0.6631234625832785));
#15807=FACE_SURFACE('',(#15812),#15808,.T.);
#15808=PLANE('',#15809);
#15809=AXIS2_PLACEMENT_3D('',#248,#15810,#15811);
#15810=DIRECTION('',(0.6631234625832785,0,-0.7485100355850703));
#15811=DIRECTION('',(-0.1245508181585507,0.986058617198667,-0.11034263520638064));
#15812=FACE_BOUND('',#15813,.T.);
#15813=EDGE_LOOP('',(#15814,#15815,#15816));
#15814=ORIENTED_EDGE('',*,*,#15817,.T.);
#15815=ORIENTED_EDGE('',*,*,#15818,.T.);
#15816=ORIENTED_EDGE('',*,*,#15819,.T.);
#15817=EDGE_CURVE('',#249,#533,#15820,.F.);
#15818=EDGE_CURVE('',#533,#531,#15821,.T.);
#15819=EDGE_CURVE('',#531,#249,#15822,.T.);
#15820=LINE('',#248,#15823);
#15821=LINE('',#532,#15824);
#15822=LINE('',#530,#15825);
#15823=VECTOR('',#15826,1.0);
#15824=VECTOR('',#15827,1.0);
#15825=VECTOR('',#15828,1.0);
#15826=DIRECTION('',(-0.1245508181585507,0.986058617198667,-0.11034263520638064));
#15827=DIRECTION('',(0.7485100355850703,0,0.6631234625832785));
#15828=DIRECTION('',(0,-1,0));
#15829=FACE_SURFACE('',(#15834),#15830,.T.);
#15830=PLANE('',#15831);
#15831=AXIS2_PLACEMENT_3D('',#248,#15832,#15833);
#15832=DIRECTION('',(0.4647230835132257,0,-0.8854560721176176));
#15833=DIRECTION('',(0,1,0));
#15834=FACE_BOUND('',#15835,.T.);
#15835=EDGE_LOOP('',(#15836,#15837,#15838));
#15836=ORIENTED_EDGE('',*,*,#15839,.T.);
#15837=ORIENTED_EDGE('',*,*,#15840,.T.);
#15838=ORIENTED_EDGE('',*,*,#15841,.T.);
#15839=EDGE_CURVE('',#249,#531,#15842,.F.);
#15840=EDGE_CURVE('',#531,#253,#15843,.T.);
#15841=EDGE_CURVE('',#253,#249,#15844,.T.);
#15842=LINE('',#248,#15845);
#15843=LINE('',#530,#15846);
#15844=LINE('',#252,#15847);
#15845=VECTOR('',#15848,1.0);
#15846=VECTOR('',#15849,1.0);
#15847=VECTOR('',#15850,1.0);
#15848=DIRECTION('',(0,1,0));
#15849=DIRECTION('',(0.14733900025866703,-0.9860585046335189,0.07732945391430825));
#15850=DIRECTION('',(-0.8854560721176176,0,-0.4647230835132257));
#15851=FACE_SURFACE('',(#15856),#15852,.T.);
#15852=PLANE('',#15853);
#15853=AXIS2_PLACEMENT_3D('',#252,#15854,#15855);
#15854=DIRECTION('',(0.4647230835132257,0,-0.8854560721176176));
#15855=DIRECTION('',(-0.14733900025866703,0.9860585046335189,-0.07732945391430825));
#15856=FACE_BOUND('',#15857,.T.);
#15857=EDGE_LOOP('',(#15858,#15859,#15860));
#15858=ORIENTED_EDGE('',*,*,#15861,.T.);
#15859=ORIENTED_EDGE('',*,*,#15862,.T.);
#15860=ORIENTED_EDGE('',*,*,#15863,.T.);
#15861=EDGE_CURVE('',#253,#531,#15864,.F.);
#15862=EDGE_CURVE('',#531,#529,#15865,.T.);
#15863=EDGE_CURVE('',#529,#253,#15866,.T.);
#15864=LINE('',#252,#15867);
#15865=LINE('',#530,#15868);
#15866=LINE('',#528,#15869);
#15867=VECTOR('',#15870,1.0);
#15868=VECTOR('',#15871,1.0);
#15869=VECTOR('',#15872,1.0);
#15870=DIRECTION('',(-0.14733900025866703,0.9860585046335189,-0.07732945391430825));
#15871=DIRECTION('',(0.8854560721176176,0,0.4647230835132257));
#15872=DIRECTION('',(0,-1,0));
#15873=FACE_SURFACE('',(#15878),#15874,.T.);
#15874=PLANE('',#15875);
#15875=AXIS2_PLACEMENT_3D('',#252,#15876,#15877);
#15876=DIRECTION('',(0.23931566974843524,0,-0.9709418160800666));
#15877=DIRECTION('',(0,1,0));
#15878=FACE_BOUND('',#15879,.T.);
#15879=EDGE_LOOP('',(#15880,#15881,#15882));
#15880=ORIENTED_EDGE('',*,*,#15883,.T.);
#15881=ORIENTED_EDGE('',*,*,#15884,.T.);
#15882=ORIENTED_EDGE('',*,*,#15885,.T.);
#15883=EDGE_CURVE('',#253,#529,#15886,.F.);
#15884=EDGE_CURVE('',#529,#255,#15887,.T.);
#15885=EDGE_CURVE('',#255,#253,#15888,.T.);
#15886=LINE('',#252,#15889);
#15887=LINE('',#528,#15890);
#15888=LINE('',#254,#15891);
#15889=VECTOR('',#15892,1.0);
#15890=VECTOR('',#15893,1.0);
#15891=VECTOR('',#15894,1.0);
#15892=DIRECTION('',(0,1,0));
#15893=DIRECTION('',(0.1615631839219447,-0.9860586016485818,0.03982174928160827));
#15894=DIRECTION('',(-0.9709418160800666,0,-0.23931566974843524));
#15895=FACE_SURFACE('',(#15900),#15896,.T.);
#15896=PLANE('',#15897);
#15897=AXIS2_PLACEMENT_3D('',#254,#15898,#15899);
#15898=DIRECTION('',(0.23931566974843524,0,-0.9709418160800666));
#15899=DIRECTION('',(-0.1615631839219447,0.9860586016485818,-0.03982174928160827));
#15900=FACE_BOUND('',#15901,.T.);
#15901=EDGE_LOOP('',(#15902,#15903,#15904));
#15902=ORIENTED_EDGE('',*,*,#15905,.T.);
#15903=ORIENTED_EDGE('',*,*,#15906,.T.);
#15904=ORIENTED_EDGE('',*,*,#15907,.T.);
#15905=EDGE_CURVE('',#255,#529,#15908,.F.);
#15906=EDGE_CURVE('',#529,#527,#15909,.T.);
#15907=EDGE_CURVE('',#527,#255,#15910,.T.);
#15908=LINE('',#254,#15911);
#15909=LINE('',#528,#15912);
#15910=LINE('',#526,#15913);
#15911=VECTOR('',#15914,1.0);
#15912=VECTOR('',#15915,1.0);
#15913=VECTOR('',#15916,1.0);
#15914=DIRECTION('',(-0.1615631839219447,0.9860586016485818,-0.03982174928160827));
#15915=DIRECTION('',(0.9709418160800666,0,0.23931566974843524));
#15916=DIRECTION('',(0,-1,0));
#15917=FACE_SURFACE('',(#15922),#15918,.T.);
#15918=PLANE('',#15919);
#15919=AXIS2_PLACEMENT_3D('',#254,#15920,#15921);
#15920=DIRECTION('',(0,0,-1));
#15921=DIRECTION('',(0,1,0));
#15922=FACE_BOUND('',#15923,.T.);
#15923=EDGE_LOOP('',(#15924,#15925,#15926));
#15924=ORIENTED_EDGE('',*,*,#15927,.T.);
#15925=ORIENTED_EDGE('',*,*,#15928,.T.);
#15926=ORIENTED_EDGE('',*,*,#15929,.T.);
#15927=EDGE_CURVE('',#255,#527,#15930,.F.);
#15928=EDGE_CURVE('',#527,#257,#15931,.T.);
#15929=EDGE_CURVE('',#257,#255,#15932,.T.);
#15930=LINE('',#254,#15933);
#15931=LINE('',#526,#15934);
#15932=LINE('',#256,#15935);
#15933=VECTOR('',#15936,1.0);
#15934=VECTOR('',#15937,1.0);
#15935=VECTOR('',#15938,1.0);
#15936=DIRECTION('',(0,1,0));
#15937=DIRECTION('',(0.16639860621237987,-0.9860585701927534,0));
#15938=DIRECTION('',(-1,0,0));
#15939=FACE_SURFACE('',(#15944),#15940,.T.);
#15940=PLANE('',#15941);
#15941=AXIS2_PLACEMENT_3D('',#256,#15942,#15943);
#15942=DIRECTION('',(0,0,-1));
#15943=DIRECTION('',(-0.16639860621237987,0.9860585701927534,0));
#15944=FACE_BOUND('',#15945,.T.);
#15945=EDGE_LOOP('',(#15946,#15947,#15948));
#15946=ORIENTED_EDGE('',*,*,#15949,.T.);
#15947=ORIENTED_EDGE('',*,*,#15950,.T.);
#15948=ORIENTED_EDGE('',*,*,#15951,.T.);
#15949=EDGE_CURVE('',#257,#527,#15952,.F.);
#15950=EDGE_CURVE('',#527,#433,#15953,.T.);
#15951=EDGE_CURVE('',#433,#257,#15954,.T.);
#15952=LINE('',#256,#15955);
#15953=LINE('',#526,#15956);
#15954=LINE('',#432,#15957);
#15955=VECTOR('',#15958,1.0);
#15956=VECTOR('',#15959,1.0);
#15957=VECTOR('',#15960,1.0);
#15958=DIRECTION('',(-0.16639860621237987,0.9860585701927534,0));
#15959=DIRECTION('',(1,0,0));
#15960=DIRECTION('',(0,-1,0));
#15961=FACE_SURFACE('',(#15966),#15962,.T.);
#15962=PLANE('',#15963);
#15963=AXIS2_PLACEMENT_3D('',#256,#15964,#15965);
#15964=DIRECTION('',(-0.23931501316971154,0,-0.9709419779119557));
#15965=DIRECTION('',(0,1,0));
#15966=FACE_BOUND('',#15967,.T.);
#15967=EDGE_LOOP('',(#15968,#15969,#15970));
#15968=ORIENTED_EDGE('',*,*,#15971,.T.);
#15969=ORIENTED_EDGE('',*,*,#15972,.T.);
#15970=ORIENTED_EDGE('',*,*,#15973,.T.);
#15971=EDGE_CURVE('',#257,#433,#15974,.F.);
#15972=EDGE_CURVE('',#433,#215,#15975,.T.);
#15973=EDGE_CURVE('',#215,#257,#15976,.T.);
#15974=LINE('',#256,#15977);
#15975=LINE('',#432,#15978);
#15976=LINE('',#214,#15979);
#15977=VECTOR('',#15980,1.0);
#15978=VECTOR('',#15981,1.0);
#15979=VECTOR('',#15982,1.0);
#15980=DIRECTION('',(0,1,0));
#15981=DIRECTION('',(0.16156364183807925,-0.9860585267422503,-0.03982174625653334));
#15982=DIRECTION('',(-0.9709419779119557,0,0.23931501316971154));
#15983=FACE_SURFACE('',(#15988),#15984,.T.);
#15984=PLANE('',#15985);
#15985=AXIS2_PLACEMENT_3D('',#214,#15986,#15987);
#15986=DIRECTION('',(-0.23931501316971154,0,-0.9709419779119557));
#15987=DIRECTION('',(-0.16156364183807925,0.9860585267422503,0.03982174625653334));
#15988=FACE_BOUND('',#15989,.T.);
#15989=EDGE_LOOP('',(#15990,#15991,#15992));
#15990=ORIENTED_EDGE('',*,*,#15993,.T.);
#15991=ORIENTED_EDGE('',*,*,#15994,.T.);
#15992=ORIENTED_EDGE('',*,*,#15995,.T.);
#15993=EDGE_CURVE('',#215,#433,#15996,.F.);
#15994=EDGE_CURVE('',#433,#431,#15997,.T.);
#15995=EDGE_CURVE('',#431,#215,#15998,.T.);
#15996=LINE('',#214,#15999);
#15997=LINE('',#432,#16000);
#15998=LINE('',#430,#16001);
#15999=VECTOR('',#16002,1.0);
#16000=VECTOR('',#16003,1.0);
#16001=VECTOR('',#16004,1.0);
#16002=DIRECTION('',(-0.16156364183807925,0.9860585267422503,0.03982174625653334));
#16003=DIRECTION('',(0.9709419779119557,0,-0.23931501316971154));
#16004=DIRECTION('',(0,-1,0));
#16005=FACE_SURFACE('',(#16010),#16006,.T.);
#16006=PLANE('',#16007);
#16007=AXIS2_PLACEMENT_3D('',#214,#16008,#16009);
#16008=DIRECTION('',(-0.46472424625768477,0,-0.8854554618614235));
#16009=DIRECTION('',(0,1,0));
#16010=FACE_BOUND('',#16011,.T.);
#16011=EDGE_LOOP('',(#16012,#16013,#16014));
#16012=ORIENTED_EDGE('',*,*,#16015,.T.);
#16013=ORIENTED_EDGE('',*,*,#16016,.T.);
#16014=ORIENTED_EDGE('',*,*,#16017,.T.);
#16015=EDGE_CURVE('',#215,#431,#16018,.F.);
#16016=EDGE_CURVE('',#431,#207,#16019,.T.);
#16017=EDGE_CURVE('',#207,#215,#16020,.T.);
#16018=LINE('',#214,#16021);
#16019=LINE('',#430,#16022);
#16020=LINE('',#206,#16023);
#16021=VECTOR('',#16024,1.0);
#16022=VECTOR('',#16025,1.0);
#16023=VECTOR('',#16026,1.0);
#16024=DIRECTION('',(0,1,0));
#16025=DIRECTION('',(0.14733854027652138,-0.9860585729448155,-0.07732945927147035));
#16026=DIRECTION('',(-0.8854554618614235,0,0.46472424625768477));
#16027=FACE_SURFACE('',(#16032),#16028,.T.);
#16028=PLANE('',#16029);
#16029=AXIS2_PLACEMENT_3D('',#206,#16030,#16031);
#16030=DIRECTION('',(-0.46472424625768477,0,-0.8854554618614235));
#16031=DIRECTION('',(-0.14733854027652138,0.9860585729448155,0.07732945927147035));
#16032=FACE_BOUND('',#16033,.T.);
#16033=EDGE_LOOP('',(#16034,#16035,#16036));
#16034=ORIENTED_EDGE('',*,*,#16037,.T.);
#16035=ORIENTED_EDGE('',*,*,#16038,.T.);
#16036=ORIENTED_EDGE('',*,*,#16039,.T.);
#16037=EDGE_CURVE('',#207,#431,#16040,.F.);
#16038=EDGE_CURVE('',#431,#523,#16041,.T.);
#16039=EDGE_CURVE('',#523,#207,#16042,.T.);
#16040=LINE('',#206,#16043);
#16041=LINE('',#430,#16044);
#16042=LINE('',#522,#16045);
#16043=VECTOR('',#16046,1.0);
#16044=VECTOR('',#16047,1.0);
#16045=VECTOR('',#16048,1.0);
#16046=DIRECTION('',(-0.14733854027652138,0.9860585729448155,0.07732945927147035));
#16047=DIRECTION('',(0.8854554618614235,0,-0.46472424625768477));
#16048=DIRECTION('',(0,-1,0));
#16049=FACE_SURFACE('',(#16054),#16050,.T.);
#16050=PLANE('',#16051);
#16051=AXIS2_PLACEMENT_3D('',#206,#16052,#16053);
#16052=DIRECTION('',(-0.6631220600430385,0,-0.7485112781276424));
#16053=DIRECTION('',(0,1,0));
#16054=FACE_BOUND('',#16055,.T.);
#16055=EDGE_LOOP('',(#16056,#16057,#16058));
#16056=ORIENTED_EDGE('',*,*,#16059,.T.);
#16057=ORIENTED_EDGE('',*,*,#16060,.T.);
#16058=ORIENTED_EDGE('',*,*,#16061,.T.);
#16059=EDGE_CURVE('',#207,#523,#16062,.F.);
#16060=EDGE_CURVE('',#523,#203,#16063,.T.);
#16061=EDGE_CURVE('',#203,#207,#16064,.T.);
#16062=LINE('',#206,#16065);
#16063=LINE('',#522,#16066);
#16064=LINE('',#202,#16067);
#16065=VECTOR('',#16068,1.0);
#16066=VECTOR('',#16069,1.0);
#16067=VECTOR('',#16070,1.0);
#16068=DIRECTION('',(0,1,0));
#16069=DIRECTION('',(0.12455128105389493,-0.9860585594525317,-0.1103426287444314));
#16070=DIRECTION('',(-0.7485112781276424,0,0.6631220600430385));
#16071=FACE_SURFACE('',(#16076),#16072,.T.);
#16072=PLANE('',#16073);
#16073=AXIS2_PLACEMENT_3D('',#202,#16074,#16075);
#16074=DIRECTION('',(-0.6631220600430385,0,-0.7485112781276424));
#16075=DIRECTION('',(-0.12455128105389493,0.9860585594525317,0.1103426287444314));
#16076=FACE_BOUND('',#16077,.T.);
#16077=EDGE_LOOP('',(#16078,#16079,#16080));
#16078=ORIENTED_EDGE('',*,*,#16081,.T.);
#16079=ORIENTED_EDGE('',*,*,#16082,.T.);
#16080=ORIENTED_EDGE('',*,*,#16083,.T.);
#16081=EDGE_CURVE('',#203,#523,#16084,.F.);
#16082=EDGE_CURVE('',#523,#519,#16085,.T.);
#16083=EDGE_CURVE('',#519,#203,#16086,.T.);
#16084=LINE('',#202,#16087);
#16085=LINE('',#522,#16088);
#16086=LINE('',#518,#16089);
#16087=VECTOR('',#16090,1.0);
#16088=VECTOR('',#16091,1.0);
#16089=VECTOR('',#16092,1.0);
#16090=DIRECTION('',(-0.12455128105389493,0.9860585594525317,0.1103426287444314));
#16091=DIRECTION('',(0.7485112781276424,0,-0.6631220600430385));
#16092=DIRECTION('',(0,-1,0));
#16093=FACE_SURFACE('',(#16098),#16094,.T.);
#16094=PLANE('',#16095);
#16095=AXIS2_PLACEMENT_3D('',#202,#16096,#16097);
#16096=DIRECTION('',(-0.8229835226564066,0,-0.5680652439958387));
#16097=DIRECTION('',(0,1,0));
#16098=FACE_BOUND('',#16099,.T.);
#16099=EDGE_LOOP('',(#16100,#16101,#16102));
#16100=ORIENTED_EDGE('',*,*,#16103,.T.);
#16101=ORIENTED_EDGE('',*,*,#16104,.T.);
#16102=ORIENTED_EDGE('',*,*,#16105,.T.);
#16103=EDGE_CURVE('',#203,#519,#16106,.F.);
#16104=EDGE_CURVE('',#519,#199,#16107,.T.);
#16105=EDGE_CURVE('',#199,#203,#16108,.T.);
#16106=LINE('',#202,#16109);
#16107=LINE('',#518,#16110);
#16108=LINE('',#198,#16111);
#16109=VECTOR('',#16112,1.0);
#16110=VECTOR('',#16113,1.0);
#16111=VECTOR('',#16114,1.0);
#16112=DIRECTION('',(0,1,0));
#16113=DIRECTION('',(0.09452545426518652,-0.9860585139210416,-0.1369435855372101));
#16114=DIRECTION('',(-0.5680652439958387,0,0.8229835226564066));
#16115=FACE_SURFACE('',(#16120),#16116,.T.);
#16116=PLANE('',#16117);
#16117=AXIS2_PLACEMENT_3D('',#198,#16118,#16119);
#16118=DIRECTION('',(-0.8229835226564066,0,-0.5680652439958387));
#16119=DIRECTION('',(-0.09452545426518652,0.9860585139210416,0.1369435855372101));
#16120=FACE_BOUND('',#16121,.T.);
#16121=EDGE_LOOP('',(#16122,#16123,#16124));
#16122=ORIENTED_EDGE('',*,*,#16125,.T.);
#16123=ORIENTED_EDGE('',*,*,#16126,.T.);
#16124=ORIENTED_EDGE('',*,*,#16127,.T.);
#16125=EDGE_CURVE('',#199,#519,#16128,.F.);
#16126=EDGE_CURVE('',#519,#515,#16129,.T.);
#16127=EDGE_CURVE('',#515,#199,#16130,.T.);
#16128=LINE('',#198,#16131);
#16129=LINE('',#518,#16132);
#16130=LINE('',#514,#16133);
#16131=VECTOR('',#16134,1.0);
#16132=VECTOR('',#16135,1.0);
#16133=VECTOR('',#16136,1.0);
#16134=DIRECTION('',(-0.09452545426518652,0.9860585139210416,0.1369435855372101));
#16135=DIRECTION('',(0.5680652439958387,0,-0.8229835226564066));
#16136=DIRECTION('',(0,-1,0));
#16137=FACE_SURFACE('',(#16142),#16138,.T.);
#16138=PLANE('',#16139);
#16139=AXIS2_PLACEMENT_3D('',#198,#16140,#16141);
#16140=DIRECTION('',(-0.9350158934483488,0,-0.3546058079036296));
#16141=DIRECTION('',(0,1,0));
#16142=FACE_BOUND('',#16143,.T.);
#16143=EDGE_LOOP('',(#16144,#16145,#16146));
#16144=ORIENTED_EDGE('',*,*,#16147,.T.);
#16145=ORIENTED_EDGE('',*,*,#16148,.T.);
#16146=ORIENTED_EDGE('',*,*,#16149,.T.);
#16147=EDGE_CURVE('',#199,#515,#16150,.F.);
#16148=EDGE_CURVE('',#515,#195,#16151,.T.);
#16149=EDGE_CURVE('',#195,#199,#16152,.T.);
#16150=LINE('',#198,#16153);
#16151=LINE('',#514,#16154);
#16152=LINE('',#194,#16155);
#16153=VECTOR('',#16156,1.0);
#16154=VECTOR('',#16157,1.0);
#16155=VECTOR('',#16158,1.0);
#16156=DIRECTION('',(0,1,0));
#16157=DIRECTION('',(0.05900594346059293,-0.9860585553115638,-0.15558542390981617));
#16158=DIRECTION('',(-0.3546058079036296,0,0.9350158934483488));
#16159=FACE_SURFACE('',(#16164),#16160,.T.);
#16160=PLANE('',#16161);
#16161=AXIS2_PLACEMENT_3D('',#194,#16162,#16163);
#16162=DIRECTION('',(-0.9350158934483488,0,-0.3546058079036296));
#16163=DIRECTION('',(-0.05900594346059293,0.9860585553115638,0.15558542390981617));
#16164=FACE_BOUND('',#16165,.T.);
#16165=EDGE_LOOP('',(#16166,#16167,#16168));
#16166=ORIENTED_EDGE('',*,*,#16169,.T.);
#16167=ORIENTED_EDGE('',*,*,#16170,.T.);
#16168=ORIENTED_EDGE('',*,*,#16171,.T.);
#16169=EDGE_CURVE('',#195,#515,#16172,.F.);
#16170=EDGE_CURVE('',#515,#511,#16173,.T.);
#16171=EDGE_CURVE('',#511,#195,#16174,.T.);
#16172=LINE('',#194,#16175);
#16173=LINE('',#514,#16176);
#16174=LINE('',#510,#16177);
#16175=VECTOR('',#16178,1.0);
#16176=VECTOR('',#16179,1.0);
#16177=VECTOR('',#16180,1.0);
#16178=DIRECTION('',(-0.05900594346059293,0.9860585553115638,0.15558542390981617));
#16179=DIRECTION('',(0.3546058079036296,0,-0.9350158934483488));
#16180=DIRECTION('',(0,-1,0));
#16181=FACE_SURFACE('',(#16186),#16182,.T.);
#16182=PLANE('',#16183);
#16183=AXIS2_PLACEMENT_3D('',#162,#16184,#16185);
#16184=DIRECTION('',(-0.9927093763459959,0,-0.12053254379935671));
#16185=DIRECTION('',(0,1,0));
#16186=FACE_BOUND('',#16187,.T.);
#16187=EDGE_LOOP('',(#16188,#16189,#16190));
#16188=ORIENTED_EDGE('',*,*,#16191,.T.);
#16189=ORIENTED_EDGE('',*,*,#16192,.T.);
#16190=ORIENTED_EDGE('',*,*,#16193,.T.);
#16191=EDGE_CURVE('',#163,#559,#16194,.F.);
#16192=EDGE_CURVE('',#559,#167,#16195,.T.);
#16193=EDGE_CURVE('',#167,#163,#16196,.T.);
#16194=LINE('',#162,#16197);
#16195=LINE('',#558,#16198);
#16196=LINE('',#166,#16199);
#16197=VECTOR('',#16200,1.0);
#16198=VECTOR('',#16201,1.0);
#16199=VECTOR('',#16202,1.0);
#16200=DIRECTION('',(0,1,0));
#16201=DIRECTION('',(0.02005639899002047,-0.9860586378169405,-0.16518505878605666));
#16202=DIRECTION('',(-0.12053254379935671,0,0.9927093763459959));
#16203=FACE_SURFACE('',(#16208),#16204,.T.);
#16204=PLANE('',#16205);
#16205=AXIS2_PLACEMENT_3D('',#166,#16206,#16207);
#16206=DIRECTION('',(-0.9927093763459959,0,-0.12053254379935671));
#16207=DIRECTION('',(-0.02005639899002047,0.9860586378169405,0.16518505878605666));
#16208=FACE_BOUND('',#16209,.T.);
#16209=EDGE_LOOP('',(#16210,#16211,#16212));
#16210=ORIENTED_EDGE('',*,*,#16213,.T.);
#16211=ORIENTED_EDGE('',*,*,#16214,.T.);
#16212=ORIENTED_EDGE('',*,*,#16215,.T.);
#16213=EDGE_CURVE('',#167,#559,#16216,.F.);
#16214=EDGE_CURVE('',#559,#557,#16217,.T.);
#16215=EDGE_CURVE('',#557,#167,#16218,.T.);
#16216=LINE('',#166,#16219);
#16217=LINE('',#558,#16220);
#16218=LINE('',#556,#16221);
#16219=VECTOR('',#16222,1.0);
#16220=VECTOR('',#16223,1.0);
#16221=VECTOR('',#16224,1.0);
#16222=DIRECTION('',(-0.02005639899002047,0.9860586378169405,0.16518505878605666));
#16223=DIRECTION('',(0.12053254379935671,0,-0.9927093763459959));
#16224=DIRECTION('',(0,-1,0));
#16225=FACE_SURFACE('',(#16230),#16226,.T.);
#16226=PLANE('',#16227);
#16227=AXIS2_PLACEMENT_3D('',#166,#16228,#16229);
#16228=DIRECTION('',(-0.992709458449025,0,0.12053186759460549));
#16229=DIRECTION('',(0,1,0));
#16230=FACE_BOUND('',#16231,.T.);
#16231=EDGE_LOOP('',(#16232,#16233,#16234));
#16232=ORIENTED_EDGE('',*,*,#16235,.T.);
#16233=ORIENTED_EDGE('',*,*,#16236,.T.);
#16234=ORIENTED_EDGE('',*,*,#16237,.T.);
#16235=EDGE_CURVE('',#167,#557,#16238,.F.);
#16236=EDGE_CURVE('',#557,#169,#16239,.T.);
#16237=EDGE_CURVE('',#169,#167,#16240,.T.);
#16238=LINE('',#166,#16241);
#16239=LINE('',#556,#16242);
#16240=LINE('',#168,#16243);
#16241=VECTOR('',#16244,1.0);
#16242=VECTOR('',#16245,1.0);
#16243=VECTOR('',#16246,1.0);
#16244=DIRECTION('',(0,1,0));
#16245=DIRECTION('',(-0.020056395874520967,-0.986058484645616,-0.16518597350536754));
#16246=DIRECTION('',(0.12053186759460549,0,0.992709458449025));
#16247=FACE_SURFACE('',(#16252),#16248,.T.);
#16248=PLANE('',#16249);
#16249=AXIS2_PLACEMENT_3D('',#168,#16250,#16251);
#16250=DIRECTION('',(-0.992709458449025,0,0.12053186759460549));
#16251=DIRECTION('',(0.020056395874520967,0.986058484645616,0.16518597350536754));
#16252=FACE_BOUND('',#16253,.T.);
#16253=EDGE_LOOP('',(#16254,#16255,#16256));
#16254=ORIENTED_EDGE('',*,*,#16257,.T.);
#16255=ORIENTED_EDGE('',*,*,#16258,.T.);
#16256=ORIENTED_EDGE('',*,*,#16259,.T.);
#16257=EDGE_CURVE('',#169,#557,#16260,.F.);
#16258=EDGE_CURVE('',#557,#555,#16261,.T.);
#16259=EDGE_CURVE('',#555,#169,#16262,.T.);
#16260=LINE('',#168,#16263);
#16261=LINE('',#556,#16264);
#16262=LINE('',#554,#16265);
#16263=VECTOR('',#16266,1.0);
#16264=VECTOR('',#16267,1.0);
#16265=VECTOR('',#16268,1.0);
#16266=DIRECTION('',(0.020056395874520967,0.986058484645616,0.16518597350536754));
#16267=DIRECTION('',(-0.12053186759460549,0,-0.992709458449025));
#16268=DIRECTION('',(0,-1,0));
#16269=FACE_SURFACE('',(#16274),#16270,.T.);
#16270=PLANE('',#16271);
#16271=AXIS2_PLACEMENT_3D('',#168,#16272,#16273);
#16272=DIRECTION('',(-0.935015360471418,0,0.35460721324093863));
#16273=DIRECTION('',(0,1,0));
#16274=FACE_BOUND('',#16275,.T.);
#16275=EDGE_LOOP('',(#16276,#16277,#16278));
#16276=ORIENTED_EDGE('',*,*,#16279,.T.);
#16277=ORIENTED_EDGE('',*,*,#16280,.T.);
#16278=ORIENTED_EDGE('',*,*,#16281,.T.);
#16279=EDGE_CURVE('',#169,#555,#16282,.F.);
#16280=EDGE_CURVE('',#555,#227,#16283,.T.);
#16281=EDGE_CURVE('',#227,#169,#16284,.T.);
#16282=LINE('',#168,#16285);
#16283=LINE('',#554,#16286);
#16284=LINE('',#226,#16287);
#16285=VECTOR('',#16288,1.0);
#16286=VECTOR('',#16289,1.0);
#16287=VECTOR('',#16290,1.0);
#16288=DIRECTION('',(0,1,0));
#16289=DIRECTION('',(-0.05900594993541456,-0.9860586635134311,-0.15558473569835057));
#16290=DIRECTION('',(0.35460721324093863,0,0.935015360471418));
#16291=FACE_SURFACE('',(#16296),#16292,.T.);
#16292=PLANE('',#16293);
#16293=AXIS2_PLACEMENT_3D('',#226,#16294,#16295);
#16294=DIRECTION('',(-0.935015360471418,0,0.35460721324093863));
#16295=DIRECTION('',(0.05900594993541456,0.9860586635134311,0.15558473569835057));
#16296=FACE_BOUND('',#16297,.T.);
#16297=EDGE_LOOP('',(#16298,#16299,#16300));
#16298=ORIENTED_EDGE('',*,*,#16301,.T.);
#16299=ORIENTED_EDGE('',*,*,#16302,.T.);
#16300=ORIENTED_EDGE('',*,*,#16303,.T.);
#16301=EDGE_CURVE('',#227,#555,#16304,.F.);
#16302=EDGE_CURVE('',#555,#599,#16305,.T.);
#16303=EDGE_CURVE('',#599,#227,#16306,.T.);
#16304=LINE('',#226,#16307);
#16305=LINE('',#554,#16308);
#16306=LINE('',#598,#16309);
#16307=VECTOR('',#16310,1.0);
#16308=VECTOR('',#16311,1.0);
#16309=VECTOR('',#16312,1.0);
#16310=DIRECTION('',(0.05900594993541456,0.9860586635134311,0.15558473569835057));
#16311=DIRECTION('',(-0.35460721324093863,0,-0.935015360471418));
#16312=DIRECTION('',(0,-1,0));
#16313=FACE_SURFACE('',(#16318),#16314,.T.);
#16314=PLANE('',#16315);
#16315=AXIS2_PLACEMENT_3D('',#226,#16316,#16317);
#16316=DIRECTION('',(-0.8229822016296414,0,0.5680671578262806));
#16317=DIRECTION('',(0,1,0));
#16318=FACE_BOUND('',#16319,.T.);
#16319=EDGE_LOOP('',(#16320,#16321,#16322));
#16320=ORIENTED_EDGE('',*,*,#16323,.T.);
#16321=ORIENTED_EDGE('',*,*,#16324,.T.);
#16322=ORIENTED_EDGE('',*,*,#16325,.T.);
#16323=EDGE_CURVE('',#227,#599,#16326,.F.);
#16324=EDGE_CURVE('',#599,#229,#16327,.T.);
#16325=EDGE_CURVE('',#229,#227,#16328,.T.);
#16326=LINE('',#226,#16329);
#16327=LINE('',#598,#16330);
#16328=LINE('',#228,#16331);
#16329=VECTOR('',#16332,1.0);
#16330=VECTOR('',#16333,1.0);
#16331=VECTOR('',#16334,1.0);
#16332=DIRECTION('',(0,1,0));
#16333=DIRECTION('',(-0.09452592025332437,-0.9860584700957019,-0.13694357945075672));
#16334=DIRECTION('',(0.5680671578262806,0,0.8229822016296414));
#16335=FACE_SURFACE('',(#16340),#16336,.T.);
#16336=PLANE('',#16337);
#16337=AXIS2_PLACEMENT_3D('',#228,#16338,#16339);
#16338=DIRECTION('',(-0.8229822016296414,0,0.5680671578262806));
#16339=DIRECTION('',(0.09452592025332437,0.9860584700957019,0.13694357945075672));
#16340=FACE_BOUND('',#16341,.T.);
#16341=EDGE_LOOP('',(#16342,#16343,#16344));
#16342=ORIENTED_EDGE('',*,*,#16345,.T.);
#16343=ORIENTED_EDGE('',*,*,#16346,.T.);
#16344=ORIENTED_EDGE('',*,*,#16347,.T.);
#16345=EDGE_CURVE('',#229,#599,#16348,.F.);
#16346=EDGE_CURVE('',#599,#597,#16349,.T.);
#16347=EDGE_CURVE('',#597,#229,#16350,.T.);
#16348=LINE('',#228,#16351);
#16349=LINE('',#598,#16352);
#16350=LINE('',#596,#16353);
#16351=VECTOR('',#16354,1.0);
#16352=VECTOR('',#16355,1.0);
#16353=VECTOR('',#16356,1.0);
#16354=DIRECTION('',(0.09452592025332437,0.9860584700957019,0.13694357945075672));
#16355=DIRECTION('',(-0.5680671578262806,0,-0.8229822016296414));
#16356=DIRECTION('',(0,-1,0));
#16357=FACE_SURFACE('',(#16362),#16358,.T.);
#16358=PLANE('',#16359);
#16359=AXIS2_PLACEMENT_3D('',#228,#16360,#16361);
#16360=DIRECTION('',(-0.663125045718098,0,0.748508633043982));
#16361=DIRECTION('',(0,1,0));
#16362=FACE_BOUND('',#16363,.T.);
#16363=EDGE_LOOP('',(#16364,#16365,#16366));
#16364=ORIENTED_EDGE('',*,*,#16367,.T.);
#16365=ORIENTED_EDGE('',*,*,#16368,.T.);
#16366=ORIENTED_EDGE('',*,*,#16369,.T.);
#16367=EDGE_CURVE('',#229,#597,#16370,.F.);
#16368=EDGE_CURVE('',#597,#231,#16371,.T.);
#16369=EDGE_CURVE('',#231,#229,#16372,.T.);
#16370=LINE('',#228,#16373);
#16371=LINE('',#596,#16374);
#16372=LINE('',#230,#16375);
#16373=VECTOR('',#16376,1.0);
#16374=VECTOR('',#16377,1.0);
#16375=VECTOR('',#16378,1.0);
#16376=DIRECTION('',(0,1,0));
#16377=DIRECTION('',(-0.12455081169659982,-0.9860585660399316,-0.11034309967094377));
#16378=DIRECTION('',(0.748508633043982,0,0.663125045718098));
#16379=FACE_SURFACE('',(#16384),#16380,.T.);
#16380=PLANE('',#16381);
#16381=AXIS2_PLACEMENT_3D('',#230,#16382,#16383);
#16382=DIRECTION('',(-0.663125045718098,0,0.748508633043982));
#16383=DIRECTION('',(0.12455081169659982,0.9860585660399316,0.11034309967094377));
#16384=FACE_BOUND('',#16385,.T.);
#16385=EDGE_LOOP('',(#16386,#16387,#16388));
#16386=ORIENTED_EDGE('',*,*,#16389,.T.);
#16387=ORIENTED_EDGE('',*,*,#16390,.T.);
#16388=ORIENTED_EDGE('',*,*,#16391,.T.);
#16389=EDGE_CURVE('',#231,#597,#16392,.F.);
#16390=EDGE_CURVE('',#597,#595,#16393,.T.);
#16391=EDGE_CURVE('',#595,#231,#16394,.T.);
#16392=LINE('',#230,#16395);
#16393=LINE('',#596,#16396);
#16394=LINE('',#594,#16397);
#16395=VECTOR('',#16398,1.0);
#16396=VECTOR('',#16399,1.0);
#16397=VECTOR('',#16400,1.0);
#16398=DIRECTION('',(0.12455081169659982,0.9860585660399316,0.11034309967094377));
#16399=DIRECTION('',(-0.748508633043982,0,-0.663125045718098));
#16400=DIRECTION('',(0,-1,0));
#16401=FACE_SURFACE('',(#16406),#16402,.T.);
#16402=PLANE('',#16403);
#16403=AXIS2_PLACEMENT_3D('',#230,#16404,#16405);
#16404=DIRECTION('',(-0.4647219758020199,0,0.8854566534882817));
#16405=DIRECTION('',(0,1,0));
#16406=FACE_BOUND('',#16407,.T.);
#16407=EDGE_LOOP('',(#16408,#16409,#16410));
#16408=ORIENTED_EDGE('',*,*,#16411,.T.);
#16409=ORIENTED_EDGE('',*,*,#16412,.T.);
#16410=ORIENTED_EDGE('',*,*,#16413,.T.);
#16411=EDGE_CURVE('',#231,#595,#16414,.F.);
#16412=EDGE_CURVE('',#595,#233,#16415,.T.);
#16413=EDGE_CURVE('',#233,#231,#16416,.T.);
#16414=LINE('',#230,#16417);
#16415=LINE('',#594,#16418);
#16416=LINE('',#232,#16419);
#16417=VECTOR('',#16420,1.0);
#16418=VECTOR('',#16421,1.0);
#16419=VECTOR('',#16422,1.0);
#16420=DIRECTION('',(0,1,0));
#16421=DIRECTION('',(-0.1473390029372481,-0.9860585225597817,-0.07732922022546383));
#16422=DIRECTION('',(0.8854566534882817,0,0.4647219758020199));
#16423=FACE_SURFACE('',(#16428),#16424,.T.);
#16424=PLANE('',#16425);
#16425=AXIS2_PLACEMENT_3D('',#232,#16426,#16427);
#16426=DIRECTION('',(-0.4647219758020199,0,0.8854566534882817));
#16427=DIRECTION('',(0.1473390029372481,0.9860585225597817,0.07732922022546383));
#16428=FACE_BOUND('',#16429,.T.);
#16429=EDGE_LOOP('',(#16430,#16431,#16432));
#16430=ORIENTED_EDGE('',*,*,#16433,.T.);
#16431=ORIENTED_EDGE('',*,*,#16434,.T.);
#16432=ORIENTED_EDGE('',*,*,#16435,.T.);
#16433=EDGE_CURVE('',#233,#595,#16436,.F.);
#16434=EDGE_CURVE('',#595,#593,#16437,.T.);
#16435=EDGE_CURVE('',#593,#233,#16438,.T.);
#16436=LINE('',#232,#16439);
#16437=LINE('',#594,#16440);
#16438=LINE('',#592,#16441);
#16439=VECTOR('',#16442,1.0);
#16440=VECTOR('',#16443,1.0);
#16441=VECTOR('',#16444,1.0);
#16442=DIRECTION('',(0.1473390029372481,0.9860585225597817,0.07732922022546383));
#16443=DIRECTION('',(-0.8854566534882817,0,-0.4647219758020199));
#16444=DIRECTION('',(0,-1,0));
#16445=FACE_SURFACE('',(#16450),#16446,.T.);
#16446=PLANE('',#16447);
#16447=AXIS2_PLACEMENT_3D('',#232,#16448,#16449);
#16448=DIRECTION('',(-0.23931833359735202,0,0.970941159496386));
#16449=DIRECTION('',(0,1,0));
#16450=FACE_BOUND('',#16451,.T.);
#16451=EDGE_LOOP('',(#16452,#16453,#16454));
#16452=ORIENTED_EDGE('',*,*,#16455,.T.);
#16453=ORIENTED_EDGE('',*,*,#16456,.T.);
#16454=ORIENTED_EDGE('',*,*,#16457,.T.);
#16455=EDGE_CURVE('',#233,#593,#16458,.F.);
#16456=EDGE_CURVE('',#593,#235,#16459,.T.);
#16457=EDGE_CURVE('',#235,#233,#16460,.T.);
#16458=LINE('',#232,#16461);
#16459=LINE('',#592,#16462);
#16460=LINE('',#234,#16463);
#16461=VECTOR('',#16464,1.0);
#16462=VECTOR('',#16465,1.0);
#16463=VECTOR('',#16466,1.0);
#16464=DIRECTION('',(0,1,0));
#16465=DIRECTION('',(-0.16156318089685606,-0.9860585831857452,-0.0398222187253635));
#16466=DIRECTION('',(0.970941159496386,0,0.23931833359735202));
#16467=FACE_SURFACE('',(#16472),#16468,.T.);
#16468=PLANE('',#16469);
#16469=AXIS2_PLACEMENT_3D('',#234,#16470,#16471);
#16470=DIRECTION('',(-0.23931833359735202,0,0.970941159496386));
#16471=DIRECTION('',(0.16156318089685606,0.9860585831857452,0.0398222187253635));
#16472=FACE_BOUND('',#16473,.T.);
#16473=EDGE_LOOP('',(#16474,#16475,#16476));
#16474=ORIENTED_EDGE('',*,*,#16477,.T.);
#16475=ORIENTED_EDGE('',*,*,#16478,.T.);
#16476=ORIENTED_EDGE('',*,*,#16479,.T.);
#16477=EDGE_CURVE('',#235,#593,#16480,.F.);
#16478=EDGE_CURVE('',#593,#503,#16481,.T.);
#16479=EDGE_CURVE('',#503,#235,#16482,.T.);
#16480=LINE('',#234,#16483);
#16481=LINE('',#592,#16484);
#16482=LINE('',#502,#16485);
#16483=VECTOR('',#16486,1.0);
#16484=VECTOR('',#16487,1.0);
#16485=VECTOR('',#16488,1.0);
#16486=DIRECTION('',(0.16156318089685606,0.9860585831857452,0.0398222187253635));
#16487=DIRECTION('',(-0.970941159496386,0,-0.23931833359735202));
#16488=DIRECTION('',(0,-1,0));
#16489=FACE_SURFACE('',(#16494),#16490,.T.);
#16490=PLANE('',#16491);
#16491=AXIS2_PLACEMENT_3D('',#234,#16492,#16493);
#16492=DIRECTION('',(0,-0,1));
#16493=DIRECTION('',(0,1,0));
#16494=FACE_BOUND('',#16495,.T.);
#16495=EDGE_LOOP('',(#16496,#16497,#16498));
#16496=ORIENTED_EDGE('',*,*,#16499,.T.);
#16497=ORIENTED_EDGE('',*,*,#16500,.T.);
#16498=ORIENTED_EDGE('',*,*,#16501,.T.);
#16499=EDGE_CURVE('',#235,#503,#16502,.F.);
#16500=EDGE_CURVE('',#503,#237,#16503,.T.);
#16501=EDGE_CURVE('',#237,#235,#16504,.T.);
#16502=LINE('',#234,#16505);
#16503=LINE('',#502,#16506);
#16504=LINE('',#236,#16507);
#16505=VECTOR('',#16508,1.0);
#16506=VECTOR('',#16509,1.0);
#16507=VECTOR('',#16510,1.0);
#16508=DIRECTION('',(0,1,0));
#16509=DIRECTION('',(-0.16639860621237987,-0.9860585701927534,0));
#16510=DIRECTION('',(1,0,0));
#16511=FACE_SURFACE('',(#16516),#16512,.T.);
#16512=PLANE('',#16513);
#16513=AXIS2_PLACEMENT_3D('',#236,#16514,#16515);
#16514=DIRECTION('',(0,0,1));
#16515=DIRECTION('',(0.16639860621237987,0.9860585701927534,0));
#16516=FACE_BOUND('',#16517,.T.);
#16517=EDGE_LOOP('',(#16518,#16519,#16520));
#16518=ORIENTED_EDGE('',*,*,#16521,.T.);
#16519=ORIENTED_EDGE('',*,*,#16522,.T.);
#16520=ORIENTED_EDGE('',*,*,#16523,.T.);
#16521=EDGE_CURVE('',#237,#503,#16524,.F.);
#16522=EDGE_CURVE('',#503,#501,#16525,.T.);
#16523=EDGE_CURVE('',#501,#237,#16526,.T.);
#16524=LINE('',#236,#16527);
#16525=LINE('',#502,#16528);
#16526=LINE('',#500,#16529);
#16527=VECTOR('',#16530,1.0);
#16528=VECTOR('',#16531,1.0);
#16529=VECTOR('',#16532,1.0);
#16530=DIRECTION('',(0.16639860621237987,0.9860585701927534,0));
#16531=DIRECTION('',(-1,0,0));
#16532=DIRECTION('',(0,-1,0));
#16533=FACE_SURFACE('',(#16538),#16534,.T.);
#16534=PLANE('',#16535);
#16535=AXIS2_PLACEMENT_3D('',#236,#16536,#16537);
#16536=DIRECTION('',(0.23931767701220788,-0,0.9709413213317685));
#16537=DIRECTION('',(0,1,0));
#16538=FACE_BOUND('',#16539,.T.);
#16539=EDGE_LOOP('',(#16540,#16541,#16542));
#16540=ORIENTED_EDGE('',*,*,#16543,.T.);
#16541=ORIENTED_EDGE('',*,*,#16544,.T.);
#16542=ORIENTED_EDGE('',*,*,#16545,.T.);
#16543=EDGE_CURVE('',#237,#501,#16546,.F.);
#16544=EDGE_CURVE('',#501,#239,#16547,.T.);
#16545=EDGE_CURVE('',#239,#237,#16548,.T.);
#16546=LINE('',#236,#16549);
#16547=LINE('',#500,#16550);
#16548=LINE('',#238,#16551);
#16549=VECTOR('',#16552,1.0);
#16550=VECTOR('',#16553,1.0);
#16551=VECTOR('',#16554,1.0);
#16552=DIRECTION('',(0,1,0));
#16553=DIRECTION('',(-0.1615636388129825,-0.9860585082794178,0.039822215700253016));
#16554=DIRECTION('',(0.9709413213317685,0,-0.23931767701220788));
#16555=FACE_SURFACE('',(#16560),#16556,.T.);
#16556=PLANE('',#16557);
#16557=AXIS2_PLACEMENT_3D('',#238,#16558,#16559);
#16558=DIRECTION('',(0.23931767701220788,-0,0.9709413213317685));
#16559=DIRECTION('',(0.1615636388129825,0.9860585082794178,-0.039822215700253016));
#16560=FACE_BOUND('',#16561,.T.);
#16561=EDGE_LOOP('',(#16562,#16563,#16564));
#16562=ORIENTED_EDGE('',*,*,#16565,.T.);
#16563=ORIENTED_EDGE('',*,*,#16566,.T.);
#16564=ORIENTED_EDGE('',*,*,#16567,.T.);
#16565=EDGE_CURVE('',#239,#501,#16568,.F.);
#16566=EDGE_CURVE('',#501,#499,#16569,.T.);
#16567=EDGE_CURVE('',#499,#239,#16570,.T.);
#16568=LINE('',#238,#16571);
#16569=LINE('',#500,#16572);
#16570=LINE('',#498,#16573);
#16571=VECTOR('',#16574,1.0);
#16572=VECTOR('',#16575,1.0);
#16573=VECTOR('',#16576,1.0);
#16574=DIRECTION('',(0.1615636388129825,0.9860585082794178,-0.039822215700253016));
#16575=DIRECTION('',(-0.9709413213317685,0,0.23931767701220788));
#16576=DIRECTION('',(0,-1,0));
#16577=FACE_SURFACE('',(#16582),#16578,.T.);
#16578=PLANE('',#16579);
#16579=AXIS2_PLACEMENT_3D('',#238,#16580,#16581);
#16580=DIRECTION('',(0.46472313854523434,-0,0.8854560432345961));
#16581=DIRECTION('',(0,1,0));
#16582=FACE_BOUND('',#16583,.T.);
#16583=EDGE_LOOP('',(#16584,#16585,#16586));
#16584=ORIENTED_EDGE('',*,*,#16587,.T.);
#16585=ORIENTED_EDGE('',*,*,#16588,.T.);
#16586=ORIENTED_EDGE('',*,*,#16589,.T.);
#16587=EDGE_CURVE('',#239,#499,#16590,.F.);
#16588=EDGE_CURVE('',#499,#59,#16591,.T.);
#16589=EDGE_CURVE('',#59,#239,#16592,.T.);
#16590=LINE('',#238,#16593);
#16591=LINE('',#498,#16594);
#16592=LINE('',#58,#16595);
#16593=VECTOR('',#16596,1.0);
#16594=VECTOR('',#16597,1.0);
#16595=VECTOR('',#16598,1.0);
#16596=DIRECTION('',(0,1,0));
#16597=DIRECTION('',(-0.14733854295509444,-0.9860585908710818,0.07732922558260993));
#16598=DIRECTION('',(0.8854560432345961,0,-0.46472313854523434));
#16599=FACE_SURFACE('',(#16604),#16600,.T.);
#16600=PLANE('',#16601);
#16601=AXIS2_PLACEMENT_3D('',#58,#16602,#16603);
#16602=DIRECTION('',(0.46472313854523434,-0,0.8854560432345961));
#16603=DIRECTION('',(0.14733854295509444,0.9860585908710818,-0.07732922558260993));
#16604=FACE_BOUND('',#16605,.T.);
#16605=EDGE_LOOP('',(#16606,#16607,#16608));
#16606=ORIENTED_EDGE('',*,*,#16609,.T.);
#16607=ORIENTED_EDGE('',*,*,#16610,.T.);
#16608=ORIENTED_EDGE('',*,*,#16611,.T.);
#16609=EDGE_CURVE('',#59,#499,#16612,.F.);
#16610=EDGE_CURVE('',#499,#591,#16613,.T.);
#16611=EDGE_CURVE('',#591,#59,#16614,.T.);
#16612=LINE('',#58,#16615);
#16613=LINE('',#498,#16616);
#16614=LINE('',#590,#16617);
#16615=VECTOR('',#16618,1.0);
#16616=VECTOR('',#16619,1.0);
#16617=VECTOR('',#16620,1.0);
#16618=DIRECTION('',(0.14733854295509444,0.9860585908710818,-0.07732922558260993));
#16619=DIRECTION('',(-0.8854560432345961,0,0.46472313854523434));
#16620=DIRECTION('',(0,-1,0));
#16621=FACE_SURFACE('',(#16626),#16622,.T.);
#16622=PLANE('',#16623);
#16623=AXIS2_PLACEMENT_3D('',#58,#16624,#16625);
#16624=DIRECTION('',(0.6631236431797658,-0,0.7485098755901587));
#16625=DIRECTION('',(0,1,0));
#16626=FACE_BOUND('',#16627,.T.);
#16627=EDGE_LOOP('',(#16628,#16629,#16630));
#16628=ORIENTED_EDGE('',*,*,#16631,.T.);
#16629=ORIENTED_EDGE('',*,*,#16632,.T.);
#16630=ORIENTED_EDGE('',*,*,#16633,.T.);
#16631=EDGE_CURVE('',#59,#591,#16634,.F.);
#16632=EDGE_CURVE('',#591,#57,#16635,.T.);
#16633=EDGE_CURVE('',#57,#59,#16636,.T.);
#16634=LINE('',#58,#16637);
#16635=LINE('',#590,#16638);
#16636=LINE('',#56,#16639);
#16637=VECTOR('',#16640,1.0);
#16638=VECTOR('',#16641,1.0);
#16639=VECTOR('',#16642,1.0);
#16640=DIRECTION('',(0,1,0));
#16641=DIRECTION('',(-0.12455127459192082,-0.9860585082938056,0.11034309320896803));
#16642=DIRECTION('',(0.7485098755901587,0,-0.6631236431797658));
#16643=FACE_SURFACE('',(#16648),#16644,.T.);
#16644=PLANE('',#16645);
#16645=AXIS2_PLACEMENT_3D('',#56,#16646,#16647);
#16646=DIRECTION('',(0.6631236431797658,-0,0.7485098755901587));
#16647=DIRECTION('',(0.12455127459192082,0.9860585082938056,-0.11034309320896803));
#16648=FACE_BOUND('',#16649,.T.);
#16649=EDGE_LOOP('',(#16650,#16651,#16652));
#16650=ORIENTED_EDGE('',*,*,#16653,.T.);
#16651=ORIENTED_EDGE('',*,*,#16654,.T.);
#16652=ORIENTED_EDGE('',*,*,#16655,.T.);
#16653=EDGE_CURVE('',#57,#591,#16656,.F.);
#16654=EDGE_CURVE('',#591,#587,#16657,.T.);
#16655=EDGE_CURVE('',#587,#57,#16658,.T.);
#16656=LINE('',#56,#16659);
#16657=LINE('',#590,#16660);
#16658=LINE('',#586,#16661);
#16659=VECTOR('',#16662,1.0);
#16660=VECTOR('',#16663,1.0);
#16661=VECTOR('',#16664,1.0);
#16662=DIRECTION('',(0.12455127459192082,0.9860585082938056,-0.11034309320896803));
#16663=DIRECTION('',(-0.7485098755901587,0,0.6631236431797658));
#16664=DIRECTION('',(0,-1,0));
#16665=FACE_SURFACE('',(#16670),#16666,.T.);
#16666=PLANE('',#16667);
#16667=AXIS2_PLACEMENT_3D('',#56,#16668,#16669);
#16668=DIRECTION('',(0.8229835226564066,-0,0.5680652439958387));
#16669=DIRECTION('',(0,1,0));
#16670=FACE_BOUND('',#16671,.T.);
#16671=EDGE_LOOP('',(#16672,#16673,#16674));
#16672=ORIENTED_EDGE('',*,*,#16675,.T.);
#16673=ORIENTED_EDGE('',*,*,#16676,.T.);
#16674=ORIENTED_EDGE('',*,*,#16677,.T.);
#16675=EDGE_CURVE('',#57,#587,#16678,.F.);
#16676=EDGE_CURVE('',#587,#53,#16679,.T.);
#16677=EDGE_CURVE('',#53,#57,#16680,.T.);
#16678=LINE('',#56,#16681);
#16679=LINE('',#586,#16682);
#16680=LINE('',#52,#16683);
#16681=VECTOR('',#16684,1.0);
#16682=VECTOR('',#16685,1.0);
#16683=VECTOR('',#16686,1.0);
#16684=DIRECTION('',(0,1,0));
#16685=DIRECTION('',(-0.09452545426518652,-0.9860585139210416,0.1369435855372101));
#16686=DIRECTION('',(0.5680652439958387,0,-0.8229835226564066));
#16687=FACE_SURFACE('',(#16692),#16688,.T.);
#16688=PLANE('',#16689);
#16689=AXIS2_PLACEMENT_3D('',#52,#16690,#16691);
#16690=DIRECTION('',(0.8229835226564066,-0,0.5680652439958387));
#16691=DIRECTION('',(0.09452545426518652,0.9860585139210416,-0.1369435855372101));
#16692=FACE_BOUND('',#16693,.T.);
#16693=EDGE_LOOP('',(#16694,#16695,#16696));
#16694=ORIENTED_EDGE('',*,*,#16697,.T.);
#16695=ORIENTED_EDGE('',*,*,#16698,.T.);
#16696=ORIENTED_EDGE('',*,*,#16699,.T.);
#16697=EDGE_CURVE('',#53,#587,#16700,.F.);
#16698=EDGE_CURVE('',#587,#583,#16701,.T.);
#16699=EDGE_CURVE('',#583,#53,#16702,.T.);
#16700=LINE('',#52,#16703);
#16701=LINE('',#586,#16704);
#16702=LINE('',#582,#16705);
#16703=VECTOR('',#16706,1.0);
#16704=VECTOR('',#16707,1.0);
#16705=VECTOR('',#16708,1.0);
#16706=DIRECTION('',(0.09452545426518652,0.9860585139210416,-0.1369435855372101));
#16707=DIRECTION('',(-0.5680652439958387,0,0.8229835226564066));
#16708=DIRECTION('',(0,-1,0));
#16709=FACE_SURFACE('',(#16714),#16710,.T.);
#16710=PLANE('',#16711);
#16711=AXIS2_PLACEMENT_3D('',#52,#16712,#16713);
#16712=DIRECTION('',(0.935015360471418,-0,0.35460721324093863));
#16713=DIRECTION('',(0,1,0));
#16714=FACE_BOUND('',#16715,.T.);
#16715=EDGE_LOOP('',(#16716,#16717,#16718));
#16716=ORIENTED_EDGE('',*,*,#16719,.T.);
#16717=ORIENTED_EDGE('',*,*,#16720,.T.);
#16718=ORIENTED_EDGE('',*,*,#16721,.T.);
#16719=EDGE_CURVE('',#53,#583,#16722,.F.);
#16720=EDGE_CURVE('',#583,#49,#16723,.T.);
#16721=EDGE_CURVE('',#49,#53,#16724,.T.);
#16722=LINE('',#52,#16725);
#16723=LINE('',#582,#16726);
#16724=LINE('',#48,#16727);
#16725=VECTOR('',#16728,1.0);
#16726=VECTOR('',#16729,1.0);
#16727=VECTOR('',#16730,1.0);
#16728=DIRECTION('',(0,1,0));
#16729=DIRECTION('',(-0.05900594993541456,-0.9860586635134311,0.15558473569835057));
#16730=DIRECTION('',(0.35460721324093863,0,-0.935015360471418));
#16731=FACE_SURFACE('',(#16736),#16732,.T.);
#16732=PLANE('',#16733);
#16733=AXIS2_PLACEMENT_3D('',#48,#16734,#16735);
#16734=DIRECTION('',(0.935015360471418,-0,0.35460721324093863));
#16735=DIRECTION('',(0.05900594993541456,0.9860586635134311,-0.15558473569835057));
#16736=FACE_BOUND('',#16737,.T.);
#16737=EDGE_LOOP('',(#16738,#16739,#16740));
#16738=ORIENTED_EDGE('',*,*,#16741,.T.);
#16739=ORIENTED_EDGE('',*,*,#16742,.T.);
#16740=ORIENTED_EDGE('',*,*,#16743,.T.);
#16741=EDGE_CURVE('',#49,#583,#16744,.F.);
#16742=EDGE_CURVE('',#583,#579,#16745,.T.);
#16743=EDGE_CURVE('',#579,#49,#16746,.T.);
#16744=LINE('',#48,#16747);
#16745=LINE('',#582,#16748);
#16746=LINE('',#578,#16749);
#16747=VECTOR('',#16750,1.0);
#16748=VECTOR('',#16751,1.0);
#16749=VECTOR('',#16752,1.0);
#16750=DIRECTION('',(0.05900594993541456,0.9860586635134311,-0.15558473569835057));
#16751=DIRECTION('',(-0.35460721324093863,0,0.935015360471418));
#16752=DIRECTION('',(0,-1,0));
#16753=FACE_SURFACE('',(#16758),#16754,.T.);
#16754=PLANE('',#16755);
#16755=AXIS2_PLACEMENT_3D('',#48,#16756,#16757);
#16756=DIRECTION('',(0.9927091203447418,-0,0.12053465221407855));
#16757=DIRECTION('',(0,1,0));
#16758=FACE_BOUND('',#16759,.T.);
#16759=EDGE_LOOP('',(#16760,#16761,#16762));
#16760=ORIENTED_EDGE('',*,*,#16763,.T.);
#16761=ORIENTED_EDGE('',*,*,#16764,.T.);
#16762=ORIENTED_EDGE('',*,*,#16765,.T.);
#16763=EDGE_CURVE('',#49,#579,#16766,.F.);
#16764=EDGE_CURVE('',#579,#45,#16767,.T.);
#16765=EDGE_CURVE('',#45,#49,#16768,.T.);
#16766=LINE('',#48,#16769);
#16767=LINE('',#578,#16770);
#16768=LINE('',#44,#16771);
#16769=VECTOR('',#16772,1.0);
#16770=VECTOR('',#16773,1.0);
#16771=VECTOR('',#16774,1.0);
#16772=DIRECTION('',(0,1,0));
#16773=DIRECTION('',(-0.020056865874702064,-0.9860584753466766,0.16518597194759546));
#16774=DIRECTION('',(0.12053465221407855,0,-0.9927091203447418));
#16775=FACE_SURFACE('',(#16780),#16776,.T.);
#16776=PLANE('',#16777);
#16777=AXIS2_PLACEMENT_3D('',#44,#16778,#16779);
#16778=DIRECTION('',(0.9927091203447418,-0,0.12053465221407855));
#16779=DIRECTION('',(0.020056865874702064,0.9860584753466766,-0.16518597194759546));
#16780=FACE_BOUND('',#16781,.T.);
#16781=EDGE_LOOP('',(#16782,#16783,#16784));
#16782=ORIENTED_EDGE('',*,*,#16785,.T.);
#16783=ORIENTED_EDGE('',*,*,#16786,.T.);
#16784=ORIENTED_EDGE('',*,*,#16787,.T.);
#16785=EDGE_CURVE('',#45,#579,#16788,.F.);
#16786=EDGE_CURVE('',#579,#573,#16789,.T.);
#16787=EDGE_CURVE('',#573,#45,#16790,.T.);
#16788=LINE('',#44,#16791);
#16789=LINE('',#578,#16792);
#16790=LINE('',#572,#16793);
#16791=VECTOR('',#16794,1.0);
#16792=VECTOR('',#16795,1.0);
#16793=VECTOR('',#16796,1.0);
#16794=DIRECTION('',(0.020056865874702064,0.9860584753466766,-0.16518597194759546));
#16795=DIRECTION('',(-0.12053465221407855,0,0.9927091203447418));
#16796=DIRECTION('',(0,-1,0));
#16797=FACE_SURFACE('',(#16802),#16798,.T.);
#16798=PLANE('',#16799);
#16799=AXIS2_PLACEMENT_3D('',#44,#16800,#16801);
#16800=DIRECTION('',(0.992709038237947,0,-0.12053532843399135));
#16801=DIRECTION('',(0,1,0));
#16802=FACE_BOUND('',#16803,.T.);
#16803=EDGE_LOOP('',(#16804,#16805,#16806));
#16804=ORIENTED_EDGE('',*,*,#16807,.T.);
#16805=ORIENTED_EDGE('',*,*,#16808,.T.);
#16806=ORIENTED_EDGE('',*,*,#16809,.T.);
#16807=EDGE_CURVE('',#45,#573,#16810,.F.);
#16808=EDGE_CURVE('',#573,#175,#16811,.T.);
#16809=EDGE_CURVE('',#175,#45,#16812,.T.);
#16810=LINE('',#44,#16813);
#16811=LINE('',#572,#16814);
#16812=LINE('',#174,#16815);
#16813=VECTOR('',#16816,1.0);
#16814=VECTOR('',#16817,1.0);
#16815=VECTOR('',#16818,1.0);
#16816=DIRECTION('',(0,1,0));
#16817=DIRECTION('',(0.020056868990274517,-0.9860586285179966,0.16518505722829271));
#16818=DIRECTION('',(-0.12053532843399135,0,-0.992709038237947));
#16819=FACE_SURFACE('',(#16824),#16820,.T.);
#16820=PLANE('',#16821);
#16821=AXIS2_PLACEMENT_3D('',#174,#16822,#16823);
#16822=DIRECTION('',(0.992709038237947,0,-0.12053532843399135));
#16823=DIRECTION('',(-0.020056868990274517,0.9860586285179966,-0.16518505722829271));
#16824=FACE_BOUND('',#16825,.T.);
#16825=EDGE_LOOP('',(#16826,#16827,#16828));
#16826=ORIENTED_EDGE('',*,*,#16829,.T.);
#16827=ORIENTED_EDGE('',*,*,#16830,.T.);
#16828=ORIENTED_EDGE('',*,*,#16831,.T.);
#16829=EDGE_CURVE('',#175,#573,#16832,.F.);
#16830=EDGE_CURVE('',#573,#569,#16833,.T.);
#16831=EDGE_CURVE('',#569,#175,#16834,.T.);
#16832=LINE('',#174,#16835);
#16833=LINE('',#572,#16836);
#16834=LINE('',#568,#16837);
#16835=VECTOR('',#16838,1.0);
#16836=VECTOR('',#16839,1.0);
#16837=VECTOR('',#16840,1.0);
#16838=DIRECTION('',(-0.020056868990274517,0.9860586285179966,-0.16518505722829271));
#16839=DIRECTION('',(0.12053532843399135,0,0.992709038237947));
#16840=DIRECTION('',(0,-1,0));
#16841=FACE_SURFACE('',(#16846),#16842,.T.);
#16842=PLANE('',#16843);
#16843=AXIS2_PLACEMENT_3D('',#174,#16844,#16845);
#16844=DIRECTION('',(0.9350160711059178,0,-0.35460533946015727));
#16845=DIRECTION('',(0,1,0));
#16846=FACE_BOUND('',#16847,.T.);
#16847=EDGE_LOOP('',(#16848,#16849,#16850));
#16848=ORIENTED_EDGE('',*,*,#16851,.T.);
#16849=ORIENTED_EDGE('',*,*,#16852,.T.);
#16850=ORIENTED_EDGE('',*,*,#16853,.T.);
#16851=EDGE_CURVE('',#175,#569,#16854,.F.);
#16852=EDGE_CURVE('',#569,#171,#16855,.T.);
#16853=EDGE_CURVE('',#171,#175,#16856,.T.);
#16854=LINE('',#174,#16857);
#16855=LINE('',#568,#16858);
#16856=LINE('',#170,#16859);
#16857=VECTOR('',#16860,1.0);
#16858=VECTOR('',#16861,1.0);
#16859=VECTOR('',#16862,1.0);
#16860=DIRECTION('',(0,1,0));
#16861=DIRECTION('',(0.05900594130231301,-0.9860585192441736,0.15558565331358767));
#16862=DIRECTION('',(-0.35460533946015727,0,-0.9350160711059178));
#16863=FACE_SURFACE('',(#16868),#16864,.T.);
#16864=PLANE('',#16865);
#16865=AXIS2_PLACEMENT_3D('',#170,#16866,#16867);
#16866=DIRECTION('',(0.9350160711059178,0,-0.35460533946015727));
#16867=DIRECTION('',(-0.05900594130231301,0.9860585192441736,-0.15558565331358767));
#16868=FACE_BOUND('',#16869,.T.);
#16869=EDGE_LOOP('',(#16870,#16871,#16872));
#16870=ORIENTED_EDGE('',*,*,#16873,.T.);
#16871=ORIENTED_EDGE('',*,*,#16874,.T.);
#16872=ORIENTED_EDGE('',*,*,#16875,.T.);
#16873=EDGE_CURVE('',#171,#569,#16876,.F.);
#16874=EDGE_CURVE('',#569,#565,#16877,.T.);
#16875=EDGE_CURVE('',#565,#171,#16878,.T.);
#16876=LINE('',#170,#16879);
#16877=LINE('',#568,#16880);
#16878=LINE('',#564,#16881);
#16879=VECTOR('',#16882,1.0);
#16880=VECTOR('',#16883,1.0);
#16881=VECTOR('',#16884,1.0);
#16882=DIRECTION('',(-0.05900594130231301,0.9860585192441736,-0.15558565331358767));
#16883=DIRECTION('',(0.35460533946015727,0,0.9350160711059178));
#16884=DIRECTION('',(0,-1,0));
#16885=FACE_SURFACE('',(#16890),#16886,.T.);
#16886=PLANE('',#16887);
#16887=AXIS2_PLACEMENT_3D('',#170,#16888,#16889);
#16888=DIRECTION('',(0.8229835226564066,0,-0.5680652439958387));
#16889=DIRECTION('',(0,1,0));
#16890=FACE_BOUND('',#16891,.T.);
#16891=EDGE_LOOP('',(#16892,#16893,#16894));
#16892=ORIENTED_EDGE('',*,*,#16895,.T.);
#16893=ORIENTED_EDGE('',*,*,#16896,.T.);
#16894=ORIENTED_EDGE('',*,*,#16897,.T.);
#16895=EDGE_CURVE('',#171,#565,#16898,.F.);
#16896=EDGE_CURVE('',#565,#127,#16899,.T.);
#16897=EDGE_CURVE('',#127,#171,#16900,.T.);
#16898=LINE('',#170,#16901);
#16899=LINE('',#564,#16902);
#16900=LINE('',#126,#16903);
#16901=VECTOR('',#16904,1.0);
#16902=VECTOR('',#16905,1.0);
#16903=VECTOR('',#16906,1.0);
#16904=DIRECTION('',(0,1,0));
#16905=DIRECTION('',(0.09452545426518652,-0.9860585139210416,0.1369435855372101));
#16906=DIRECTION('',(-0.5680652439958387,0,-0.8229835226564066));
#16907=FACE_SURFACE('',(#16912),#16908,.T.);
#16908=PLANE('',#16909);
#16909=AXIS2_PLACEMENT_3D('',#126,#16910,#16911);
#16910=DIRECTION('',(0.8229835226564066,0,-0.5680652439958387));
#16911=DIRECTION('',(-0.09452545426518652,0.9860585139210416,-0.1369435855372101));
#16912=FACE_BOUND('',#16913,.T.);
#16913=EDGE_LOOP('',(#16914,#16915,#16916));
#16914=ORIENTED_EDGE('',*,*,#16917,.T.);
#16915=ORIENTED_EDGE('',*,*,#16918,.T.);
#16916=ORIENTED_EDGE('',*,*,#16919,.T.);
#16917=EDGE_CURVE('',#127,#565,#16920,.F.);
#16918=EDGE_CURVE('',#565,#561,#16921,.T.);
#16919=EDGE_CURVE('',#561,#127,#16922,.T.);
#16920=LINE('',#126,#16923);
#16921=LINE('',#564,#16924);
#16922=LINE('',#560,#16925);
#16923=VECTOR('',#16926,1.0);
#16924=VECTOR('',#16927,1.0);
#16925=VECTOR('',#16928,1.0);
#16926=DIRECTION('',(-0.09452545426518652,0.9860585139210416,-0.1369435855372101));
#16927=DIRECTION('',(0.5680652439958387,0,0.8229835226564066));
#16928=DIRECTION('',(0,-1,0));
#16929=FACE_SURFACE('',(#16934),#16930,.T.);
#16930=PLANE('',#16931);
#16931=AXIS2_PLACEMENT_3D('',#126,#16932,#16933);
#16932=DIRECTION('',(0.6631236431797658,0,-0.7485098755901587));
#16933=DIRECTION('',(0,1,0));
#16934=FACE_BOUND('',#16935,.T.);
#16935=EDGE_LOOP('',(#16936,#16937,#16938));
#16936=ORIENTED_EDGE('',*,*,#16939,.T.);
#16937=ORIENTED_EDGE('',*,*,#16940,.T.);
#16938=ORIENTED_EDGE('',*,*,#16941,.T.);
#16939=EDGE_CURVE('',#127,#561,#16942,.F.);
#16940=EDGE_CURVE('',#561,#131,#16943,.T.);
#16941=EDGE_CURVE('',#131,#127,#16944,.T.);
#16942=LINE('',#126,#16945);
#16943=LINE('',#560,#16946);
#16944=LINE('',#130,#16947);
#16945=VECTOR('',#16948,1.0);
#16946=VECTOR('',#16949,1.0);
#16947=VECTOR('',#16950,1.0);
#16948=DIRECTION('',(0,1,0));
#16949=DIRECTION('',(0.12455127459192082,-0.9860585082938056,0.11034309320896803));
#16950=DIRECTION('',(-0.7485098755901587,0,-0.6631236431797658));
#16951=FACE_SURFACE('',(#16956),#16952,.T.);
#16952=PLANE('',#16953);
#16953=AXIS2_PLACEMENT_3D('',#130,#16954,#16955);
#16954=DIRECTION('',(0.6631236431797658,0,-0.7485098755901587));
#16955=DIRECTION('',(-0.12455127459192082,0.9860585082938056,-0.11034309320896803));
#16956=FACE_BOUND('',#16957,.T.);
#16957=EDGE_LOOP('',(#16958,#16959,#16960));
#16958=ORIENTED_EDGE('',*,*,#16961,.T.);
#16959=ORIENTED_EDGE('',*,*,#16962,.T.);
#16960=ORIENTED_EDGE('',*,*,#16963,.T.);
#16961=EDGE_CURVE('',#131,#561,#16964,.F.);
#16962=EDGE_CURVE('',#561,#463,#16965,.T.);
#16963=EDGE_CURVE('',#463,#131,#16966,.T.);
#16964=LINE('',#130,#16967);
#16965=LINE('',#560,#16968);
#16966=LINE('',#462,#16969);
#16967=VECTOR('',#16970,1.0);
#16968=VECTOR('',#16971,1.0);
#16969=VECTOR('',#16972,1.0);
#16970=DIRECTION('',(-0.12455127459192082,0.9860585082938056,-0.11034309320896803));
#16971=DIRECTION('',(0.7485098755901587,0,0.6631236431797658));
#16972=DIRECTION('',(0,-1,0));
#16973=FACE_SURFACE('',(#16978),#16974,.T.);
#16974=PLANE('',#16975);
#16975=AXIS2_PLACEMENT_3D('',#130,#16976,#16977);
#16976=DIRECTION('',(0.46472313854523434,0,-0.8854560432345961));
#16977=DIRECTION('',(0,1,0));
#16978=FACE_BOUND('',#16979,.T.);
#16979=EDGE_LOOP('',(#16980,#16981,#16982));
#16980=ORIENTED_EDGE('',*,*,#16983,.T.);
#16981=ORIENTED_EDGE('',*,*,#16984,.T.);
#16982=ORIENTED_EDGE('',*,*,#16985,.T.);
#16983=EDGE_CURVE('',#131,#463,#16986,.F.);
#16984=EDGE_CURVE('',#463,#135,#16987,.T.);
#16985=EDGE_CURVE('',#135,#131,#16988,.T.);
#16986=LINE('',#130,#16989);
#16987=LINE('',#462,#16990);
#16988=LINE('',#134,#16991);
#16989=VECTOR('',#16992,1.0);
#16990=VECTOR('',#16993,1.0);
#16991=VECTOR('',#16994,1.0);
#16992=DIRECTION('',(0,1,0));
#16993=DIRECTION('',(0.14733854295509444,-0.9860585908710818,0.07732922558260993));
#16994=DIRECTION('',(-0.8854560432345961,0,-0.46472313854523434));
#16995=FACE_SURFACE('',(#17000),#16996,.T.);
#16996=PLANE('',#16997);
#16997=AXIS2_PLACEMENT_3D('',#134,#16998,#16999);
#16998=DIRECTION('',(0.46472313854523434,0,-0.8854560432345961));
#16999=DIRECTION('',(-0.14733854295509444,0.9860585908710818,-0.07732922558260993));
#17000=FACE_BOUND('',#17001,.T.);
#17001=EDGE_LOOP('',(#17002,#17003,#17004));
#17002=ORIENTED_EDGE('',*,*,#17005,.T.);
#17003=ORIENTED_EDGE('',*,*,#17006,.T.);
#17004=ORIENTED_EDGE('',*,*,#17007,.T.);
#17005=EDGE_CURVE('',#135,#463,#17008,.F.);
#17006=EDGE_CURVE('',#463,#459,#17009,.T.);
#17007=EDGE_CURVE('',#459,#135,#17010,.T.);
#17008=LINE('',#134,#17011);
#17009=LINE('',#462,#17012);
#17010=LINE('',#458,#17013);
#17011=VECTOR('',#17014,1.0);
#17012=VECTOR('',#17015,1.0);
#17013=VECTOR('',#17016,1.0);
#17014=DIRECTION('',(-0.14733854295509444,0.9860585908710818,-0.07732922558260993));
#17015=DIRECTION('',(0.8854560432345961,0,0.46472313854523434));
#17016=DIRECTION('',(0,-1,0));
#17017=FACE_SURFACE('',(#17022),#17018,.T.);
#17018=PLANE('',#17019);
#17019=AXIS2_PLACEMENT_3D('',#134,#17020,#17021);
#17020=DIRECTION('',(0.23931234932181114,0,-0.9709426344857225));
#17021=DIRECTION('',(0,1,0));
#17022=FACE_BOUND('',#17023,.T.);
#17023=EDGE_LOOP('',(#17024,#17025,#17026));
#17024=ORIENTED_EDGE('',*,*,#17027,.T.);
#17025=ORIENTED_EDGE('',*,*,#17028,.T.);
#17026=ORIENTED_EDGE('',*,*,#17029,.T.);
#17027=EDGE_CURVE('',#135,#459,#17030,.F.);
#17028=EDGE_CURVE('',#459,#139,#17031,.T.);
#17029=EDGE_CURVE('',#139,#135,#17032,.T.);
#17030=LINE('',#134,#17033);
#17031=LINE('',#458,#17034);
#17032=LINE('',#138,#17035);
#17033=VECTOR('',#17036,1.0);
#17034=VECTOR('',#17037,1.0);
#17035=VECTOR('',#17038,1.0);
#17036=DIRECTION('',(0,1,0));
#17037=DIRECTION('',(0.16156364486314048,-0.9860585452048659,0.03982127681278729));
#17038=DIRECTION('',(-0.9709426344857225,0,-0.23931234932181114));
#17039=FACE_SURFACE('',(#17044),#17040,.T.);
#17040=PLANE('',#17041);
#17041=AXIS2_PLACEMENT_3D('',#138,#17042,#17043);
#17042=DIRECTION('',(0.23931234932181114,0,-0.9709426344857225));
#17043=DIRECTION('',(-0.16156364486314048,0.9860585452048659,-0.03982127681278729));
#17044=FACE_BOUND('',#17045,.T.);
#17045=EDGE_LOOP('',(#17046,#17047,#17048));
#17046=ORIENTED_EDGE('',*,*,#17049,.T.);
#17047=ORIENTED_EDGE('',*,*,#17050,.T.);
#17048=ORIENTED_EDGE('',*,*,#17051,.T.);
#17049=EDGE_CURVE('',#139,#459,#17052,.F.);
#17050=EDGE_CURVE('',#459,#455,#17053,.T.);
#17051=EDGE_CURVE('',#455,#139,#17054,.T.);
#17052=LINE('',#138,#17055);
#17053=LINE('',#458,#17056);
#17054=LINE('',#454,#17057);
#17055=VECTOR('',#17058,1.0);
#17056=VECTOR('',#17059,1.0);
#17057=VECTOR('',#17060,1.0);
#17058=DIRECTION('',(-0.16156364486314048,0.9860585452048659,-0.03982127681278729));
#17059=DIRECTION('',(0.9709426344857225,0,0.23931234932181114));
#17060=DIRECTION('',(0,-1,0));
#17061=FACE_SURFACE('',(#17066),#17062,.T.);
#17062=PLANE('',#17063);
#17063=AXIS2_PLACEMENT_3D('',#138,#17064,#17065);
#17064=DIRECTION('',(0,0,-1));
#17065=DIRECTION('',(0,1,0));
#17066=FACE_BOUND('',#17067,.T.);
#17067=EDGE_LOOP('',(#17068,#17069,#17070));
#17068=ORIENTED_EDGE('',*,*,#17071,.T.);
#17069=ORIENTED_EDGE('',*,*,#17072,.T.);
#17070=ORIENTED_EDGE('',*,*,#17073,.T.);
#17071=EDGE_CURVE('',#139,#455,#17074,.F.);
#17072=EDGE_CURVE('',#455,#143,#17075,.T.);
#17073=EDGE_CURVE('',#143,#139,#17076,.T.);
#17074=LINE('',#138,#17077);
#17075=LINE('',#454,#17078);
#17076=LINE('',#142,#17079);
#17077=VECTOR('',#17080,1.0);
#17078=VECTOR('',#17081,1.0);
#17079=VECTOR('',#17082,1.0);
#17080=DIRECTION('',(0,1,0));
#17081=DIRECTION('',(0.16639860621237987,-0.9860585701927534,0));
#17082=DIRECTION('',(-1,0,0));
#17083=FACE_SURFACE('',(#17088),#17084,.T.);
#17084=PLANE('',#17085);
#17085=AXIS2_PLACEMENT_3D('',#142,#17086,#17087);
#17086=DIRECTION('',(0,0,-1));
#17087=DIRECTION('',(-0.16639860621237987,0.9860585701927534,0));
#17088=FACE_BOUND('',#17089,.T.);
#17089=EDGE_LOOP('',(#17090,#17091,#17092));
#17090=ORIENTED_EDGE('',*,*,#17093,.T.);
#17091=ORIENTED_EDGE('',*,*,#17094,.T.);
#17092=ORIENTED_EDGE('',*,*,#17095,.T.);
#17093=EDGE_CURVE('',#143,#455,#17096,.F.);
#17094=EDGE_CURVE('',#455,#451,#17097,.T.);
#17095=EDGE_CURVE('',#451,#143,#17098,.T.);
#17096=LINE('',#142,#17099);
#17097=LINE('',#454,#17100);
#17098=LINE('',#450,#17101);
#17099=VECTOR('',#17102,1.0);
#17100=VECTOR('',#17103,1.0);
#17101=VECTOR('',#17104,1.0);
#17102=DIRECTION('',(-0.16639860621237987,0.9860585701927534,0));
#17103=DIRECTION('',(1,0,0));
#17104=DIRECTION('',(0,-1,0));
#17105=FACE_SURFACE('',(#17110),#17106,.T.);
#17106=PLANE('',#17107);
#17107=AXIS2_PLACEMENT_3D('',#142,#17108,#17109);
#17108=DIRECTION('',(-0.23931300589411436,0,-0.9709424726573267));
#17109=DIRECTION('',(0,1,0));
#17110=FACE_BOUND('',#17111,.T.);
#17111=EDGE_LOOP('',(#17112,#17113,#17114));
#17112=ORIENTED_EDGE('',*,*,#17115,.T.);
#17113=ORIENTED_EDGE('',*,*,#17116,.T.);
#17114=ORIENTED_EDGE('',*,*,#17117,.T.);
#17115=EDGE_CURVE('',#143,#451,#17118,.F.);
#17116=EDGE_CURVE('',#451,#147,#17119,.T.);
#17117=EDGE_CURVE('',#147,#143,#17120,.T.);
#17118=LINE('',#142,#17121);
#17119=LINE('',#450,#17122);
#17120=LINE('',#146,#17123);
#17121=VECTOR('',#17124,1.0);
#17122=VECTOR('',#17125,1.0);
#17123=VECTOR('',#17126,1.0);
#17124=DIRECTION('',(0,1,0));
#17125=DIRECTION('',(0.1615631869469978,-0.9860586201112017,-0.03982127983782668));
#17126=DIRECTION('',(-0.9709424726573267,0,0.23931300589411436));
#17127=FACE_SURFACE('',(#17132),#17128,.T.);
#17128=PLANE('',#17129);
#17129=AXIS2_PLACEMENT_3D('',#146,#17130,#17131);
#17130=DIRECTION('',(-0.23931300589411436,0,-0.9709424726573267));
#17131=DIRECTION('',(-0.1615631869469978,0.9860586201112017,0.03982127983782668));
#17132=FACE_BOUND('',#17133,.T.);
#17133=EDGE_LOOP('',(#17134,#17135,#17136));
#17134=ORIENTED_EDGE('',*,*,#17137,.T.);
#17135=ORIENTED_EDGE('',*,*,#17138,.T.);
#17136=ORIENTED_EDGE('',*,*,#17139,.T.);
#17137=EDGE_CURVE('',#147,#451,#17140,.F.);
#17138=EDGE_CURVE('',#451,#447,#17141,.T.);
#17139=EDGE_CURVE('',#447,#147,#17142,.T.);
#17140=LINE('',#146,#17143);
#17141=LINE('',#450,#17144);
#17142=LINE('',#446,#17145);
#17143=VECTOR('',#17146,1.0);
#17144=VECTOR('',#17147,1.0);
#17145=VECTOR('',#17148,1.0);
#17146=DIRECTION('',(-0.1615631869469978,0.9860586201112017,0.03982127983782668));
#17147=DIRECTION('',(0.9709424726573267,0,-0.23931300589411436));
#17148=DIRECTION('',(0,-1,0));
#17149=FACE_SURFACE('',(#17154),#17150,.T.);
#17150=PLANE('',#17151);
#17151=AXIS2_PLACEMENT_3D('',#146,#17152,#17153);
#17152=DIRECTION('',(-0.4647219758020199,0,-0.8854566534882817));
#17153=DIRECTION('',(0,1,0));
#17154=FACE_BOUND('',#17155,.T.);
#17155=EDGE_LOOP('',(#17156,#17157,#17158));
#17156=ORIENTED_EDGE('',*,*,#17159,.T.);
#17157=ORIENTED_EDGE('',*,*,#17160,.T.);
#17158=ORIENTED_EDGE('',*,*,#17161,.T.);
#17159=EDGE_CURVE('',#147,#447,#17162,.F.);
#17160=EDGE_CURVE('',#447,#151,#17163,.T.);
#17161=EDGE_CURVE('',#151,#147,#17164,.T.);
#17162=LINE('',#146,#17165);
#17163=LINE('',#446,#17166);
#17164=LINE('',#150,#17167);
#17165=VECTOR('',#17168,1.0);
#17166=VECTOR('',#17169,1.0);
#17167=VECTOR('',#17170,1.0);
#17168=DIRECTION('',(0,1,0));
#17169=DIRECTION('',(0.1473390029372481,-0.9860585225597817,-0.07732922022546383));
#17170=DIRECTION('',(-0.8854566534882817,0,0.4647219758020199));
#17171=FACE_SURFACE('',(#17176),#17172,.T.);
#17172=PLANE('',#17173);
#17173=AXIS2_PLACEMENT_3D('',#150,#17174,#17175);
#17174=DIRECTION('',(-0.4647219758020199,0,-0.8854566534882817));
#17175=DIRECTION('',(-0.1473390029372481,0.9860585225597817,0.07732922022546383));
#17176=FACE_BOUND('',#17177,.T.);
#17177=EDGE_LOOP('',(#17178,#17179,#17180));
#17178=ORIENTED_EDGE('',*,*,#17181,.T.);
#17179=ORIENTED_EDGE('',*,*,#17182,.T.);
#17180=ORIENTED_EDGE('',*,*,#17183,.T.);
#17181=EDGE_CURVE('',#151,#447,#17184,.F.);
#17182=EDGE_CURVE('',#447,#443,#17185,.T.);
#17183=EDGE_CURVE('',#443,#151,#17186,.T.);
#17184=LINE('',#150,#17187);
#17185=LINE('',#446,#17188);
#17186=LINE('',#442,#17189);
#17187=VECTOR('',#17190,1.0);
#17188=VECTOR('',#17191,1.0);
#17189=VECTOR('',#17192,1.0);
#17190=DIRECTION('',(-0.1473390029372481,0.9860585225597817,0.07732922022546383));
#17191=DIRECTION('',(0.8854566534882817,0,-0.4647219758020199));
#17192=DIRECTION('',(0,-1,0));
#17193=FACE_SURFACE('',(#17198),#17194,.T.);
#17194=PLANE('',#17195);
#17195=AXIS2_PLACEMENT_3D('',#150,#17196,#17197);
#17196=DIRECTION('',(-0.663125045718098,0,-0.748508633043982));
#17197=DIRECTION('',(0,1,0));
#17198=FACE_BOUND('',#17199,.T.);
#17199=EDGE_LOOP('',(#17200,#17201,#17202));
#17200=ORIENTED_EDGE('',*,*,#17203,.T.);
#17201=ORIENTED_EDGE('',*,*,#17204,.T.);
#17202=ORIENTED_EDGE('',*,*,#17205,.T.);
#17203=EDGE_CURVE('',#151,#443,#17206,.F.);
#17204=EDGE_CURVE('',#443,#155,#17207,.T.);
#17205=EDGE_CURVE('',#155,#151,#17208,.T.);
#17206=LINE('',#150,#17209);
#17207=LINE('',#442,#17210);
#17208=LINE('',#154,#17211);
#17209=VECTOR('',#17212,1.0);
#17210=VECTOR('',#17213,1.0);
#17211=VECTOR('',#17214,1.0);
#17212=DIRECTION('',(0,1,0));
#17213=DIRECTION('',(0.12455081169659982,-0.9860585660399316,-0.11034309967094377));
#17214=DIRECTION('',(-0.748508633043982,0,0.663125045718098));
#17215=FACE_SURFACE('',(#17220),#17216,.T.);
#17216=PLANE('',#17217);
#17217=AXIS2_PLACEMENT_3D('',#154,#17218,#17219);
#17218=DIRECTION('',(-0.663125045718098,0,-0.748508633043982));
#17219=DIRECTION('',(-0.12455081169659982,0.9860585660399316,0.11034309967094377));
#17220=FACE_BOUND('',#17221,.T.);
#17221=EDGE_LOOP('',(#17222,#17223,#17224));
#17222=ORIENTED_EDGE('',*,*,#17225,.T.);
#17223=ORIENTED_EDGE('',*,*,#17226,.T.);
#17224=ORIENTED_EDGE('',*,*,#17227,.T.);
#17225=EDGE_CURVE('',#155,#443,#17228,.F.);
#17226=EDGE_CURVE('',#443,#437,#17229,.T.);
#17227=EDGE_CURVE('',#437,#155,#17230,.T.);
#17228=LINE('',#154,#17231);
#17229=LINE('',#442,#17232);
#17230=LINE('',#436,#17233);
#17231=VECTOR('',#17234,1.0);
#17232=VECTOR('',#17235,1.0);
#17233=VECTOR('',#17236,1.0);
#17234=DIRECTION('',(-0.12455081169659982,0.9860585660399316,0.11034309967094377));
#17235=DIRECTION('',(0.748508633043982,0,-0.663125045718098));
#17236=DIRECTION('',(0,-1,0));
#17237=FACE_SURFACE('',(#17242),#17238,.T.);
#17238=PLANE('',#17239);
#17239=AXIS2_PLACEMENT_3D('',#154,#17240,#17241);
#17240=DIRECTION('',(-0.8229822016296414,0,-0.5680671578262806));
#17241=DIRECTION('',(0,1,0));
#17242=FACE_BOUND('',#17243,.T.);
#17243=EDGE_LOOP('',(#17244,#17245,#17246));
#17244=ORIENTED_EDGE('',*,*,#17247,.T.);
#17245=ORIENTED_EDGE('',*,*,#17248,.T.);
#17246=ORIENTED_EDGE('',*,*,#17249,.T.);
#17247=EDGE_CURVE('',#155,#437,#17250,.F.);
#17248=EDGE_CURVE('',#437,#159,#17251,.T.);
#17249=EDGE_CURVE('',#159,#155,#17252,.T.);
#17250=LINE('',#154,#17253);
#17251=LINE('',#436,#17254);
#17252=LINE('',#158,#17255);
#17253=VECTOR('',#17256,1.0);
#17254=VECTOR('',#17257,1.0);
#17255=VECTOR('',#17258,1.0);
#17256=DIRECTION('',(0,1,0));
#17257=DIRECTION('',(0.09452592025332437,-0.9860584700957019,-0.13694357945075672));
#17258=DIRECTION('',(-0.5680671578262806,0,0.8229822016296414));
#17259=FACE_SURFACE('',(#17264),#17260,.T.);
#17260=PLANE('',#17261);
#17261=AXIS2_PLACEMENT_3D('',#158,#17262,#17263);
#17262=DIRECTION('',(-0.8229822016296414,0,-0.5680671578262806));
#17263=DIRECTION('',(-0.09452592025332437,0.9860584700957019,0.13694357945075672));
#17264=FACE_BOUND('',#17265,.T.);
#17265=EDGE_LOOP('',(#17266,#17267,#17268));
#17266=ORIENTED_EDGE('',*,*,#17269,.T.);
#17267=ORIENTED_EDGE('',*,*,#17270,.T.);
#17268=ORIENTED_EDGE('',*,*,#17271,.T.);
#17269=EDGE_CURVE('',#159,#437,#17272,.F.);
#17270=EDGE_CURVE('',#437,#435,#17273,.T.);
#17271=EDGE_CURVE('',#435,#159,#17274,.T.);
#17272=LINE('',#158,#17275);
#17273=LINE('',#436,#17276);
#17274=LINE('',#434,#17277);
#17275=VECTOR('',#17278,1.0);
#17276=VECTOR('',#17279,1.0);
#17277=VECTOR('',#17280,1.0);
#17278=DIRECTION('',(-0.09452592025332437,0.9860584700957019,0.13694357945075672));
#17279=DIRECTION('',(0.5680671578262806,0,-0.8229822016296414));
#17280=DIRECTION('',(0,-1,0));
#17281=FACE_SURFACE('',(#17286),#17282,.T.);
#17282=PLANE('',#17283);
#17283=AXIS2_PLACEMENT_3D('',#158,#17284,#17285);
#17284=DIRECTION('',(-0.9350160711059178,0,-0.35460533946015727));
#17285=DIRECTION('',(0,1,0));
#17286=FACE_BOUND('',#17287,.T.);
#17287=EDGE_LOOP('',(#17288,#17289,#17290));
#17288=ORIENTED_EDGE('',*,*,#17291,.T.);
#17289=ORIENTED_EDGE('',*,*,#17292,.T.);
#17290=ORIENTED_EDGE('',*,*,#17293,.T.);
#17291=EDGE_CURVE('',#159,#435,#17294,.F.);
#17292=EDGE_CURVE('',#435,#163,#17295,.T.);
#17293=EDGE_CURVE('',#163,#159,#17296,.T.);
#17294=LINE('',#158,#17297);
#17295=LINE('',#434,#17298);
#17296=LINE('',#162,#17299);
#17297=VECTOR('',#17300,1.0);
#17298=VECTOR('',#17301,1.0);
#17299=VECTOR('',#17302,1.0);
#17300=DIRECTION('',(0,1,0));
#17301=DIRECTION('',(0.05900594130231301,-0.9860585192441736,-0.15558565331358767));
#17302=DIRECTION('',(-0.35460533946015727,0,0.9350160711059178));
#17303=FACE_SURFACE('',(#17308),#17304,.T.);
#17304=PLANE('',#17305);
#17305=AXIS2_PLACEMENT_3D('',#162,#17306,#17307);
#17306=DIRECTION('',(-0.9350160711059178,0,-0.35460533946015727));
#17307=DIRECTION('',(-0.05900594130231301,0.9860585192441736,0.15558565331358767));
#17308=FACE_BOUND('',#17309,.T.);
#17309=EDGE_LOOP('',(#17310,#17311,#17312));
#17310=ORIENTED_EDGE('',*,*,#17313,.T.);
#17311=ORIENTED_EDGE('',*,*,#17314,.T.);
#17312=ORIENTED_EDGE('',*,*,#17315,.T.);
#17313=EDGE_CURVE('',#163,#435,#17316,.F.);
#17314=EDGE_CURVE('',#435,#559,#17317,.T.);
#17315=EDGE_CURVE('',#559,#163,#17318,.T.);
#17316=LINE('',#162,#17319);
#17317=LINE('',#434,#17320);
#17318=LINE('',#558,#17321);
#17319=VECTOR('',#17322,1.0);
#17320=VECTOR('',#17323,1.0);
#17321=VECTOR('',#17324,1.0);
#17322=DIRECTION('',(-0.05900594130231301,0.9860585192441736,0.15558565331358767));
#17323=DIRECTION('',(0.35460533946015727,0,-0.9350160711059178));
#17324=DIRECTION('',(0,-1,0));
#17325=FACE_SURFACE('',(#17330),#17326,.T.);
#17326=PLANE('',#17327);
#17327=AXIS2_PLACEMENT_3D('',#176,#17328,#17329);
#17328=DIRECTION('',(-0.9927094173976831,0,-0.12053220569603969));
#17329=DIRECTION('',(0,1,0));
#17330=FACE_BOUND('',#17331,.T.);
#17331=EDGE_LOOP('',(#17332,#17333,#17334));
#17332=ORIENTED_EDGE('',*,*,#17335,.T.);
#17333=ORIENTED_EDGE('',*,*,#17336,.T.);
#17334=ORIENTED_EDGE('',*,*,#17337,.T.);
#17335=EDGE_CURVE('',#177,#605,#17338,.F.);
#17336=EDGE_CURVE('',#605,#179,#17339,.T.);
#17337=EDGE_CURVE('',#179,#177,#17340,.T.);
#17338=LINE('',#176,#17341);
#17339=LINE('',#604,#17342);
#17340=LINE('',#178,#17343);
#17341=VECTOR('',#17344,1.0);
#17342=VECTOR('',#17345,1.0);
#17343=VECTOR('',#17346,1.0);
#17344=DIRECTION('',(0,1,0));
#17345=DIRECTION('',(0.020056397432272756,-0.9860585612313784,-0.16518551614576538));
#17346=DIRECTION('',(-0.12053220569603969,0,0.9927094173976831));
#17347=FACE_SURFACE('',(#17352),#17348,.T.);
#17348=PLANE('',#17349);
#17349=AXIS2_PLACEMENT_3D('',#178,#17350,#17351);
#17350=DIRECTION('',(-0.9927094173976831,0,-0.12053220569603969));
#17351=DIRECTION('',(-0.020056397432272756,0.9860585612313784,0.16518551614576538));
#17352=FACE_BOUND('',#17353,.T.);
#17353=EDGE_LOOP('',(#17354,#17355,#17356));
#17354=ORIENTED_EDGE('',*,*,#17357,.T.);
#17355=ORIENTED_EDGE('',*,*,#17358,.T.);
#17356=ORIENTED_EDGE('',*,*,#17359,.T.);
#17357=EDGE_CURVE('',#179,#605,#17360,.F.);
#17358=EDGE_CURVE('',#605,#603,#17361,.T.);
#17359=EDGE_CURVE('',#603,#179,#17362,.T.);
#17360=LINE('',#178,#17363);
#17361=LINE('',#604,#17364);
#17362=LINE('',#602,#17365);
#17363=VECTOR('',#17366,1.0);
#17364=VECTOR('',#17367,1.0);
#17365=VECTOR('',#17368,1.0);
#17366=DIRECTION('',(-0.020056397432272756,0.9860585612313784,0.16518551614576538));
#17367=DIRECTION('',(0.12053220569603969,0,-0.9927094173976831));
#17368=DIRECTION('',(0,-1,0));
#17369=FACE_SURFACE('',(#17374),#17370,.T.);
#17370=PLANE('',#17371);
#17371=AXIS2_PLACEMENT_3D('',#178,#17372,#17373);
#17372=DIRECTION('',(-0.9927094173976831,0,0.12053220569603969));
#17373=DIRECTION('',(0,1,0));
#17374=FACE_BOUND('',#17375,.T.);
#17375=EDGE_LOOP('',(#17376,#17377,#17378));
#17376=ORIENTED_EDGE('',*,*,#17379,.T.);
#17377=ORIENTED_EDGE('',*,*,#17380,.T.);
#17378=ORIENTED_EDGE('',*,*,#17381,.T.);
#17379=EDGE_CURVE('',#179,#603,#17382,.F.);
#17380=EDGE_CURVE('',#603,#181,#17383,.T.);
#17381=EDGE_CURVE('',#181,#179,#17384,.T.);
#17382=LINE('',#178,#17385);
#17383=LINE('',#602,#17386);
#17384=LINE('',#180,#17387);
#17385=VECTOR('',#17388,1.0);
#17386=VECTOR('',#17389,1.0);
#17387=VECTOR('',#17390,1.0);
#17388=DIRECTION('',(0,1,0));
#17389=DIRECTION('',(-0.020056397432272756,-0.9860585612313784,-0.16518551614576538));
#17390=DIRECTION('',(0.12053220569603969,0,0.9927094173976831));
#17391=FACE_SURFACE('',(#17396),#17392,.T.);
#17392=PLANE('',#17393);
#17393=AXIS2_PLACEMENT_3D('',#180,#17394,#17395);
#17394=DIRECTION('',(-0.9927094173976831,0,0.12053220569603969));
#17395=DIRECTION('',(0.020056397432272756,0.9860585612313784,0.16518551614576538));
#17396=FACE_BOUND('',#17397,.T.);
#17397=EDGE_LOOP('',(#17398,#17399,#17400));
#17398=ORIENTED_EDGE('',*,*,#17401,.T.);
#17399=ORIENTED_EDGE('',*,*,#17402,.T.);
#17400=ORIENTED_EDGE('',*,*,#17403,.T.);
#17401=EDGE_CURVE('',#181,#603,#17404,.F.);
#17402=EDGE_CURVE('',#603,#601,#17405,.T.);
#17403=EDGE_CURVE('',#601,#181,#17406,.T.);
#17404=LINE('',#180,#17407);
#17405=LINE('',#602,#17408);
#17406=LINE('',#600,#17409);
#17407=VECTOR('',#17410,1.0);
#17408=VECTOR('',#17411,1.0);
#17409=VECTOR('',#17412,1.0);
#17410=DIRECTION('',(0.020056397432272756,0.9860585612313784,0.16518551614576538));
#17411=DIRECTION('',(-0.12053220569603969,0,-0.9927094173976831));
#17412=DIRECTION('',(0,-1,0));
#17413=FACE_SURFACE('',(#17418),#17414,.T.);
#17414=PLANE('',#17415);
#17415=AXIS2_PLACEMENT_3D('',#180,#17416,#17417);
#17416=DIRECTION('',(-0.9350158934483488,0,0.3546058079036296));
#17417=DIRECTION('',(0,1,0));
#17418=FACE_BOUND('',#17419,.T.);
#17419=EDGE_LOOP('',(#17420,#17421,#17422));
#17420=ORIENTED_EDGE('',*,*,#17423,.T.);
#17421=ORIENTED_EDGE('',*,*,#17424,.T.);
#17422=ORIENTED_EDGE('',*,*,#17425,.T.);
#17423=EDGE_CURVE('',#181,#601,#17426,.F.);
#17424=EDGE_CURVE('',#601,#157,#17427,.T.);
#17425=EDGE_CURVE('',#157,#181,#17428,.T.);
#17426=LINE('',#180,#17429);
#17427=LINE('',#600,#17430);
#17428=LINE('',#156,#17431);
#17429=VECTOR('',#17432,1.0);
#17430=VECTOR('',#17433,1.0);
#17431=VECTOR('',#17434,1.0);
#17432=DIRECTION('',(0,1,0));
#17433=DIRECTION('',(-0.05900594346059293,-0.9860585553115638,-0.15558542390981617));
#17434=DIRECTION('',(0.3546058079036296,0,0.9350158934483488));
#17435=FACE_SURFACE('',(#17440),#17436,.T.);
#17436=PLANE('',#17437);
#17437=AXIS2_PLACEMENT_3D('',#156,#17438,#17439);
#17438=DIRECTION('',(-0.9350158934483488,0,0.3546058079036296));
#17439=DIRECTION('',(0.05900594346059293,0.9860585553115638,0.15558542390981617));
#17440=FACE_BOUND('',#17441,.T.);
#17441=EDGE_LOOP('',(#17442,#17443,#17444));
#17442=ORIENTED_EDGE('',*,*,#17445,.T.);
#17443=ORIENTED_EDGE('',*,*,#17446,.T.);
#17444=ORIENTED_EDGE('',*,*,#17447,.T.);
#17445=EDGE_CURVE('',#157,#601,#17448,.F.);
#17446=EDGE_CURVE('',#601,#619,#17449,.T.);
#17447=EDGE_CURVE('',#619,#157,#17450,.T.);
#17448=LINE('',#156,#17451);
#17449=LINE('',#600,#17452);
#17450=LINE('',#618,#17453);
#17451=VECTOR('',#17454,1.0);
#17452=VECTOR('',#17455,1.0);
#17453=VECTOR('',#17456,1.0);
#17454=DIRECTION('',(0.05900594346059293,0.9860585553115638,0.15558542390981617));
#17455=DIRECTION('',(-0.3546058079036296,0,-0.9350158934483488));
#17456=DIRECTION('',(0,-1,0));
#17457=FACE_SURFACE('',(#17462),#17458,.T.);
#17458=PLANE('',#17459);
#17459=AXIS2_PLACEMENT_3D('',#156,#17460,#17461);
#17460=DIRECTION('',(-0.8229817457064836,0,0.5680678183403006));
#17461=DIRECTION('',(0,1,0));
#17462=FACE_BOUND('',#17463,.T.);
#17463=EDGE_LOOP('',(#17464,#17465,#17466));
#17464=ORIENTED_EDGE('',*,*,#17467,.T.);
#17465=ORIENTED_EDGE('',*,*,#17468,.T.);
#17466=ORIENTED_EDGE('',*,*,#17469,.T.);
#17467=EDGE_CURVE('',#157,#619,#17470,.F.);
#17468=EDGE_CURVE('',#619,#153,#17471,.T.);
#17469=EDGE_CURVE('',#153,#157,#17472,.T.);
#17470=LINE('',#156,#17473);
#17471=LINE('',#618,#17474);
#17472=LINE('',#152,#17475);
#17473=VECTOR('',#17476,1.0);
#17474=VECTOR('',#17477,1.0);
#17475=VECTOR('',#17478,1.0);
#17476=DIRECTION('',(0,1,0));
#17477=DIRECTION('',(-0.09452592329655596,-0.986058501841537,-0.13694334876494427));
#17478=DIRECTION('',(0.5680678183403006,0,0.8229817457064836));
#17479=FACE_SURFACE('',(#17484),#17480,.T.);
#17480=PLANE('',#17481);
#17481=AXIS2_PLACEMENT_3D('',#152,#17482,#17483);
#17482=DIRECTION('',(-0.8229817457064836,0,0.5680678183403006));
#17483=DIRECTION('',(0.09452592329655596,0.986058501841537,0.13694334876494427));
#17484=FACE_BOUND('',#17485,.T.);
#17485=EDGE_LOOP('',(#17486,#17487,#17488));
#17486=ORIENTED_EDGE('',*,*,#17489,.T.);
#17487=ORIENTED_EDGE('',*,*,#17490,.T.);
#17488=ORIENTED_EDGE('',*,*,#17491,.T.);
#17489=EDGE_CURVE('',#153,#619,#17492,.F.);
#17490=EDGE_CURVE('',#619,#439,#17493,.T.);
#17491=EDGE_CURVE('',#439,#153,#17494,.T.);
#17492=LINE('',#152,#17495);
#17493=LINE('',#618,#17496);
#17494=LINE('',#438,#17497);
#17495=VECTOR('',#17498,1.0);
#17496=VECTOR('',#17499,1.0);
#17497=VECTOR('',#17500,1.0);
#17498=DIRECTION('',(0.09452592329655596,0.986058501841537,0.13694334876494427));
#17499=DIRECTION('',(-0.5680678183403006,0,-0.8229817457064836));
#17500=DIRECTION('',(0,-1,0));
#17501=FACE_SURFACE('',(#17506),#17502,.T.);
#17502=PLANE('',#17503);
#17503=AXIS2_PLACEMENT_3D('',#152,#17504,#17505);
#17504=DIRECTION('',(-0.6631242541518007,0,0.7485093343142877));
#17505=DIRECTION('',(0,1,0));
#17506=FACE_BOUND('',#17507,.T.);
#17507=EDGE_LOOP('',(#17508,#17509,#17510));
#17508=ORIENTED_EDGE('',*,*,#17511,.T.);
#17509=ORIENTED_EDGE('',*,*,#17512,.T.);
#17510=ORIENTED_EDGE('',*,*,#17513,.T.);
#17511=EDGE_CURVE('',#153,#439,#17514,.F.);
#17512=EDGE_CURVE('',#439,#149,#17515,.T.);
#17513=EDGE_CURVE('',#149,#153,#17516,.T.);
#17514=LINE('',#152,#17517);
#17515=LINE('',#438,#17518);
#17516=LINE('',#148,#17519);
#17517=VECTOR('',#17520,1.0);
#17518=VECTOR('',#17521,1.0);
#17519=VECTOR('',#17522,1.0);
#17520=DIRECTION('',(0,1,0));
#17521=DIRECTION('',(-0.12455081492757858,-0.9860585916193256,-0.11034286743867125));
#17522=DIRECTION('',(0.7485093343142877,0,0.6631242541518007));
#17523=FACE_SURFACE('',(#17528),#17524,.T.);
#17524=PLANE('',#17525);
#17525=AXIS2_PLACEMENT_3D('',#148,#17526,#17527);
#17526=DIRECTION('',(-0.6631242541518007,0,0.7485093343142877));
#17527=DIRECTION('',(0.12455081492757858,0.9860585916193256,0.11034286743867125));
#17528=FACE_BOUND('',#17529,.T.);
#17529=EDGE_LOOP('',(#17530,#17531,#17532));
#17530=ORIENTED_EDGE('',*,*,#17533,.T.);
#17531=ORIENTED_EDGE('',*,*,#17534,.T.);
#17532=ORIENTED_EDGE('',*,*,#17535,.T.);
#17533=EDGE_CURVE('',#149,#439,#17536,.F.);
#17534=EDGE_CURVE('',#439,#441,#17537,.T.);
#17535=EDGE_CURVE('',#441,#149,#17538,.T.);
#17536=LINE('',#148,#17539);
#17537=LINE('',#438,#17540);
#17538=LINE('',#440,#17541);
#17539=VECTOR('',#17542,1.0);
#17540=VECTOR('',#17543,1.0);
#17541=VECTOR('',#17544,1.0);
#17542=DIRECTION('',(0.12455081492757858,0.9860585916193256,0.11034286743867125));
#17543=DIRECTION('',(-0.7485093343142877,0,-0.6631242541518007));
#17544=DIRECTION('',(0,-1,0));
#17545=FACE_SURFACE('',(#17550),#17546,.T.);
#17546=PLANE('',#17547);
#17547=AXIS2_PLACEMENT_3D('',#148,#17548,#17549);
#17548=DIRECTION('',(-0.46472252965789557,0,0.8854563628030274));
#17549=DIRECTION('',(0,1,0));
#17550=FACE_BOUND('',#17551,.T.);
#17551=EDGE_LOOP('',(#17552,#17553,#17554));
#17552=ORIENTED_EDGE('',*,*,#17555,.T.);
#17553=ORIENTED_EDGE('',*,*,#17556,.T.);
#17554=ORIENTED_EDGE('',*,*,#17557,.T.);
#17555=EDGE_CURVE('',#149,#441,#17558,.F.);
#17556=EDGE_CURVE('',#441,#145,#17559,.T.);
#17557=EDGE_CURVE('',#145,#149,#17560,.T.);
#17558=LINE('',#148,#17561);
#17559=LINE('',#440,#17562);
#17560=LINE('',#144,#17563);
#17561=VECTOR('',#17564,1.0);
#17562=VECTOR('',#17565,1.0);
#17563=VECTOR('',#17566,1.0);
#17564=DIRECTION('',(0,1,0));
#17565=DIRECTION('',(-0.14733900159795857,-0.9860585135966569,-0.07732933706988762));
#17566=DIRECTION('',(0.8854563628030274,0,0.46472252965789557));
#17567=FACE_SURFACE('',(#17572),#17568,.T.);
#17568=PLANE('',#17569);
#17569=AXIS2_PLACEMENT_3D('',#144,#17570,#17571);
#17570=DIRECTION('',(-0.46472252965789557,0,0.8854563628030274));
#17571=DIRECTION('',(0.14733900159795857,0.9860585135966569,0.07732933706988762));
#17572=FACE_BOUND('',#17573,.T.);
#17573=EDGE_LOOP('',(#17574,#17575,#17576));
#17574=ORIENTED_EDGE('',*,*,#17577,.T.);
#17575=ORIENTED_EDGE('',*,*,#17578,.T.);
#17576=ORIENTED_EDGE('',*,*,#17579,.T.);
#17577=EDGE_CURVE('',#145,#441,#17580,.F.);
#17578=EDGE_CURVE('',#441,#445,#17581,.T.);
#17579=EDGE_CURVE('',#445,#145,#17582,.T.);
#17580=LINE('',#144,#17583);
#17581=LINE('',#440,#17584);
#17582=LINE('',#444,#17585);
#17583=VECTOR('',#17586,1.0);
#17584=VECTOR('',#17587,1.0);
#17585=VECTOR('',#17588,1.0);
#17586=DIRECTION('',(0.14733900159795857,0.9860585135966569,0.07732933706988762));
#17587=DIRECTION('',(-0.8854563628030274,0,-0.46472252965789557));
#17588=DIRECTION('',(0,-1,0));
#17589=FACE_SURFACE('',(#17594),#17590,.T.);
#17590=PLANE('',#17591);
#17591=AXIS2_PLACEMENT_3D('',#144,#17592,#17593);
#17592=DIRECTION('',(-0.23931633571117109,0,0.9709416519347484));
#17593=DIRECTION('',(0,1,0));
#17594=FACE_BOUND('',#17595,.T.);
#17595=EDGE_LOOP('',(#17596,#17597,#17598));
#17596=ORIENTED_EDGE('',*,*,#17599,.T.);
#17597=ORIENTED_EDGE('',*,*,#17600,.T.);
#17598=ORIENTED_EDGE('',*,*,#17601,.T.);
#17599=EDGE_CURVE('',#145,#445,#17602,.F.);
#17600=EDGE_CURVE('',#445,#141,#17603,.T.);
#17601=EDGE_CURVE('',#141,#145,#17604,.T.);
#17602=LINE('',#144,#17605);
#17603=LINE('',#444,#17606);
#17604=LINE('',#140,#17607);
#17605=VECTOR('',#17608,1.0);
#17606=VECTOR('',#17609,1.0);
#17607=VECTOR('',#17610,1.0);
#17608=DIRECTION('',(0,1,0));
#17609=DIRECTION('',(-0.16156318316567586,-0.986058597032893,-0.039821866642549546));
#17610=DIRECTION('',(0.9709416519347484,0,0.23931633571117109));
#17611=FACE_SURFACE('',(#17616),#17612,.T.);
#17612=PLANE('',#17613);
#17613=AXIS2_PLACEMENT_3D('',#140,#17614,#17615);
#17614=DIRECTION('',(-0.23931633571117109,0,0.9709416519347484));
#17615=DIRECTION('',(0.16156318316567586,0.986058597032893,0.039821866642549546));
#17616=FACE_BOUND('',#17617,.T.);
#17617=EDGE_LOOP('',(#17618,#17619,#17620));
#17618=ORIENTED_EDGE('',*,*,#17621,.T.);
#17619=ORIENTED_EDGE('',*,*,#17622,.T.);
#17620=ORIENTED_EDGE('',*,*,#17623,.T.);
#17621=EDGE_CURVE('',#141,#445,#17624,.F.);
#17622=EDGE_CURVE('',#445,#449,#17625,.T.);
#17623=EDGE_CURVE('',#449,#141,#17626,.T.);
#17624=LINE('',#140,#17627);
#17625=LINE('',#444,#17628);
#17626=LINE('',#448,#17629);
#17627=VECTOR('',#17630,1.0);
#17628=VECTOR('',#17631,1.0);
#17629=VECTOR('',#17632,1.0);
#17630=DIRECTION('',(0.16156318316567586,0.986058597032893,0.039821866642549546));
#17631=DIRECTION('',(-0.9709416519347484,0,-0.23931633571117109));
#17632=DIRECTION('',(0,-1,0));
#17633=FACE_SURFACE('',(#17638),#17634,.T.);
#17634=PLANE('',#17635);
#17635=AXIS2_PLACEMENT_3D('',#140,#17636,#17637);
#17636=DIRECTION('',(0,-0,1));
#17637=DIRECTION('',(0,1,0));
#17638=FACE_BOUND('',#17639,.T.);
#17639=EDGE_LOOP('',(#17640,#17641,#17642));
#17640=ORIENTED_EDGE('',*,*,#17643,.T.);
#17641=ORIENTED_EDGE('',*,*,#17644,.T.);
#17642=ORIENTED_EDGE('',*,*,#17645,.T.);
#17643=EDGE_CURVE('',#141,#449,#17646,.F.);
#17644=EDGE_CURVE('',#449,#137,#17647,.T.);
#17645=EDGE_CURVE('',#137,#141,#17648,.T.);
#17646=LINE('',#140,#17649);
#17647=LINE('',#448,#17650);
#17648=LINE('',#136,#17651);
#17649=VECTOR('',#17652,1.0);
#17650=VECTOR('',#17653,1.0);
#17651=VECTOR('',#17654,1.0);
#17652=DIRECTION('',(0,1,0));
#17653=DIRECTION('',(-0.16639860621237987,-0.9860585701927534,0));
#17654=DIRECTION('',(1,0,0));
#17655=FACE_SURFACE('',(#17660),#17656,.T.);
#17656=PLANE('',#17657);
#17657=AXIS2_PLACEMENT_3D('',#136,#17658,#17659);
#17658=DIRECTION('',(0,0,1));
#17659=DIRECTION('',(0.16639860621237987,0.9860585701927534,0));
#17660=FACE_BOUND('',#17661,.T.);
#17661=EDGE_LOOP('',(#17662,#17663,#17664));
#17662=ORIENTED_EDGE('',*,*,#17665,.T.);
#17663=ORIENTED_EDGE('',*,*,#17666,.T.);
#17664=ORIENTED_EDGE('',*,*,#17667,.T.);
#17665=EDGE_CURVE('',#137,#449,#17668,.F.);
#17666=EDGE_CURVE('',#449,#453,#17669,.T.);
#17667=EDGE_CURVE('',#453,#137,#17670,.T.);
#17668=LINE('',#136,#17671);
#17669=LINE('',#448,#17672);
#17670=LINE('',#452,#17673);
#17671=VECTOR('',#17674,1.0);
#17672=VECTOR('',#17675,1.0);
#17673=VECTOR('',#17676,1.0);
#17674=DIRECTION('',(0.16639860621237987,0.9860585701927534,0));
#17675=DIRECTION('',(-1,0,0));
#17676=DIRECTION('',(0,-1,0));
#17677=FACE_SURFACE('',(#17682),#17678,.T.);
#17678=PLANE('',#17679);
#17679=AXIS2_PLACEMENT_3D('',#136,#17680,#17681);
#17680=DIRECTION('',(0.23931567913084226,-0,0.9709418137675109));
#17681=DIRECTION('',(0,1,0));
#17682=FACE_BOUND('',#17683,.T.);
#17683=EDGE_LOOP('',(#17684,#17685,#17686));
#17684=ORIENTED_EDGE('',*,*,#17687,.T.);
#17685=ORIENTED_EDGE('',*,*,#17688,.T.);
#17686=ORIENTED_EDGE('',*,*,#17689,.T.);
#17687=EDGE_CURVE('',#137,#453,#17690,.F.);
#17688=EDGE_CURVE('',#453,#133,#17691,.T.);
#17689=EDGE_CURVE('',#133,#137,#17692,.T.);
#17690=LINE('',#136,#17693);
#17691=LINE('',#452,#17694);
#17692=LINE('',#132,#17695);
#17693=VECTOR('',#17696,1.0);
#17694=VECTOR('',#17697,1.0);
#17695=VECTOR('',#17698,1.0);
#17696=DIRECTION('',(0,1,0));
#17697=DIRECTION('',(-0.1615636410818084,-0.9860585221265624,0.03982186361746573));
#17698=DIRECTION('',(0.9709418137675109,0,-0.23931567913084226));
#17699=FACE_SURFACE('',(#17704),#17700,.T.);
#17700=PLANE('',#17701);
#17701=AXIS2_PLACEMENT_3D('',#132,#17702,#17703);
#17702=DIRECTION('',(0.23931567913084226,-0,0.9709418137675109));
#17703=DIRECTION('',(0.1615636410818084,0.9860585221265624,-0.03982186361746573));
#17704=FACE_BOUND('',#17705,.T.);
#17705=EDGE_LOOP('',(#17706,#17707,#17708));
#17706=ORIENTED_EDGE('',*,*,#17709,.T.);
#17707=ORIENTED_EDGE('',*,*,#17710,.T.);
#17708=ORIENTED_EDGE('',*,*,#17711,.T.);
#17709=EDGE_CURVE('',#133,#453,#17712,.F.);
#17710=EDGE_CURVE('',#453,#457,#17713,.T.);
#17711=EDGE_CURVE('',#457,#133,#17714,.T.);
#17712=LINE('',#132,#17715);
#17713=LINE('',#452,#17716);
#17714=LINE('',#456,#17717);
#17715=VECTOR('',#17718,1.0);
#17716=VECTOR('',#17719,1.0);
#17717=VECTOR('',#17720,1.0);
#17718=DIRECTION('',(0.1615636410818084,0.9860585221265624,-0.03982186361746573));
#17719=DIRECTION('',(-0.9709418137675109,0,0.23931567913084226));
#17720=DIRECTION('',(0,-1,0));
#17721=FACE_SURFACE('',(#17726),#17722,.T.);
#17722=PLANE('',#17723);
#17723=AXIS2_PLACEMENT_3D('',#132,#17724,#17725);
#17724=DIRECTION('',(0.4647236924017323,-0,0.8854557525480876));
#17725=DIRECTION('',(0,1,0));
#17726=FACE_BOUND('',#17727,.T.);
#17727=EDGE_LOOP('',(#17728,#17729,#17730));
#17728=ORIENTED_EDGE('',*,*,#17731,.T.);
#17729=ORIENTED_EDGE('',*,*,#17732,.T.);
#17730=ORIENTED_EDGE('',*,*,#17733,.T.);
#17731=EDGE_CURVE('',#133,#457,#17734,.F.);
#17732=EDGE_CURVE('',#457,#129,#17735,.T.);
#17733=EDGE_CURVE('',#129,#133,#17736,.T.);
#17734=LINE('',#132,#17737);
#17735=LINE('',#456,#17738);
#17736=LINE('',#128,#17739);
#17737=VECTOR('',#17740,1.0);
#17738=VECTOR('',#17741,1.0);
#17739=VECTOR('',#17742,1.0);
#17740=DIRECTION('',(0,1,0));
#17741=DIRECTION('',(-0.14733854161580892,-0.9860585819079554,0.07732934242704174));
#17742=DIRECTION('',(0.8854557525480876,0,-0.4647236924017323));
#17743=FACE_SURFACE('',(#17748),#17744,.T.);
#17744=PLANE('',#17745);
#17745=AXIS2_PLACEMENT_3D('',#128,#17746,#17747);
#17746=DIRECTION('',(0.4647236924017323,-0,0.8854557525480876));
#17747=DIRECTION('',(0.14733854161580892,0.9860585819079554,-0.07732934242704174));
#17748=FACE_BOUND('',#17749,.T.);
#17749=EDGE_LOOP('',(#17750,#17751,#17752));
#17750=ORIENTED_EDGE('',*,*,#17753,.T.);
#17751=ORIENTED_EDGE('',*,*,#17754,.T.);
#17752=ORIENTED_EDGE('',*,*,#17755,.T.);
#17753=EDGE_CURVE('',#129,#457,#17756,.F.);
#17754=EDGE_CURVE('',#457,#461,#17757,.T.);
#17755=EDGE_CURVE('',#461,#129,#17758,.T.);
#17756=LINE('',#128,#17759);
#17757=LINE('',#456,#17760);
#17758=LINE('',#460,#17761);
#17759=VECTOR('',#17762,1.0);
#17760=VECTOR('',#17763,1.0);
#17761=VECTOR('',#17764,1.0);
#17762=DIRECTION('',(0.14733854161580892,0.9860585819079554,-0.07732934242704174));
#17763=DIRECTION('',(-0.8854557525480876,0,0.4647236924017323));
#17764=DIRECTION('',(0,-1,0));
#17765=FACE_SURFACE('',(#17770),#17766,.T.);
#17766=PLANE('',#17767);
#17767=AXIS2_PLACEMENT_3D('',#128,#17768,#17769);
#17768=DIRECTION('',(0.6631228516125145,-0,0.748510576858662));
#17769=DIRECTION('',(0,1,0));
#17770=FACE_BOUND('',#17771,.T.);
#17771=EDGE_LOOP('',(#17772,#17773,#17774));
#17772=ORIENTED_EDGE('',*,*,#17775,.T.);
#17773=ORIENTED_EDGE('',*,*,#17776,.T.);
#17774=ORIENTED_EDGE('',*,*,#17777,.T.);
#17775=EDGE_CURVE('',#129,#461,#17778,.F.);
#17776=EDGE_CURVE('',#461,#125,#17779,.T.);
#17777=EDGE_CURVE('',#125,#129,#17780,.T.);
#17778=LINE('',#128,#17781);
#17779=LINE('',#460,#17782);
#17780=LINE('',#124,#17783);
#17781=VECTOR('',#17784,1.0);
#17782=VECTOR('',#17785,1.0);
#17783=VECTOR('',#17786,1.0);
#17784=DIRECTION('',(0,1,0));
#17785=DIRECTION('',(-0.12455127782291119,-0.9860585338731949,0.11034286097670874));
#17786=DIRECTION('',(0.748510576858662,0,-0.6631228516125145));
#17787=FACE_SURFACE('',(#17792),#17788,.T.);
#17788=PLANE('',#17789);
#17789=AXIS2_PLACEMENT_3D('',#124,#17790,#17791);
#17790=DIRECTION('',(0.6631228516125145,-0,0.748510576858662));
#17791=DIRECTION('',(0.12455127782291119,0.9860585338731949,-0.11034286097670874));
#17792=FACE_BOUND('',#17793,.T.);
#17793=EDGE_LOOP('',(#17794,#17795,#17796));
#17794=ORIENTED_EDGE('',*,*,#17797,.T.);
#17795=ORIENTED_EDGE('',*,*,#17798,.T.);
#17796=ORIENTED_EDGE('',*,*,#17799,.T.);
#17797=EDGE_CURVE('',#125,#461,#17800,.F.);
#17798=EDGE_CURVE('',#461,#547,#17801,.T.);
#17799=EDGE_CURVE('',#547,#125,#17802,.T.);
#17800=LINE('',#124,#17803);
#17801=LINE('',#460,#17804);
#17802=LINE('',#546,#17805);
#17803=VECTOR('',#17806,1.0);
#17804=VECTOR('',#17807,1.0);
#17805=VECTOR('',#17808,1.0);
#17806=DIRECTION('',(0.12455127782291119,0.9860585338731949,-0.11034286097670874));
#17807=DIRECTION('',(-0.748510576858662,0,0.6631228516125145));
#17808=DIRECTION('',(0,-1,0));
#17809=FACE_SURFACE('',(#17814),#17810,.T.);
#17810=PLANE('',#17811);
#17811=AXIS2_PLACEMENT_3D('',#124,#17812,#17813);
#17812=DIRECTION('',(0.8229830667355891,-0,0.568065904509754));
#17813=DIRECTION('',(0,1,0));
#17814=FACE_BOUND('',#17815,.T.);
#17815=EDGE_LOOP('',(#17816,#17817,#17818));
#17816=ORIENTED_EDGE('',*,*,#17819,.T.);
#17817=ORIENTED_EDGE('',*,*,#17820,.T.);
#17818=ORIENTED_EDGE('',*,*,#17821,.T.);
#17819=EDGE_CURVE('',#125,#547,#17822,.F.);
#17820=EDGE_CURVE('',#547,#183,#17823,.T.);
#17821=EDGE_CURVE('',#183,#125,#17824,.T.);
#17822=LINE('',#124,#17825);
#17823=LINE('',#546,#17826);
#17824=LINE('',#182,#17827);
#17825=VECTOR('',#17828,1.0);
#17826=VECTOR('',#17829,1.0);
#17827=VECTOR('',#17830,1.0);
#17828=DIRECTION('',(0,1,0));
#17829=DIRECTION('',(-0.09452545730840335,-0.9860585456668808,0.13694335485138776));
#17830=DIRECTION('',(0.568065904509754,0,-0.8229830667355891));
#17831=FACE_SURFACE('',(#17836),#17832,.T.);
#17832=PLANE('',#17833);
#17833=AXIS2_PLACEMENT_3D('',#182,#17834,#17835);
#17834=DIRECTION('',(0.8229830667355891,-0,0.568065904509754));
#17835=DIRECTION('',(0.09452545730840335,0.9860585456668808,-0.13694335485138776));
#17836=FACE_BOUND('',#17837,.T.);
#17837=EDGE_LOOP('',(#17838,#17839,#17840));
#17838=ORIENTED_EDGE('',*,*,#17841,.T.);
#17839=ORIENTED_EDGE('',*,*,#17842,.T.);
#17840=ORIENTED_EDGE('',*,*,#17843,.T.);
#17841=EDGE_CURVE('',#183,#547,#17844,.F.);
#17842=EDGE_CURVE('',#547,#549,#17845,.T.);
#17843=EDGE_CURVE('',#549,#183,#17846,.T.);
#17844=LINE('',#182,#17847);
#17845=LINE('',#546,#17848);
#17846=LINE('',#548,#17849);
#17847=VECTOR('',#17850,1.0);
#17848=VECTOR('',#17851,1.0);
#17849=VECTOR('',#17852,1.0);
#17850=DIRECTION('',(0.09452545730840335,0.9860585456668808,-0.13694335485138776));
#17851=DIRECTION('',(-0.568065904509754,0,0.8229830667355891));
#17852=DIRECTION('',(0,-1,0));
#17853=FACE_SURFACE('',(#17858),#17854,.T.);
#17854=PLANE('',#17855);
#17855=AXIS2_PLACEMENT_3D('',#182,#17856,#17857);
#17856=DIRECTION('',(0.9350158934483488,-0,0.3546058079036296));
#17857=DIRECTION('',(0,1,0));
#17858=FACE_BOUND('',#17859,.T.);
#17859=EDGE_LOOP('',(#17860,#17861,#17862));
#17860=ORIENTED_EDGE('',*,*,#17863,.T.);
#17861=ORIENTED_EDGE('',*,*,#17864,.T.);
#17862=ORIENTED_EDGE('',*,*,#17865,.T.);
#17863=EDGE_CURVE('',#183,#549,#17866,.F.);
#17864=EDGE_CURVE('',#549,#187,#17867,.T.);
#17865=EDGE_CURVE('',#187,#183,#17868,.T.);
#17866=LINE('',#182,#17869);
#17867=LINE('',#548,#17870);
#17868=LINE('',#186,#17871);
#17869=VECTOR('',#17872,1.0);
#17870=VECTOR('',#17873,1.0);
#17871=VECTOR('',#17874,1.0);
#17872=DIRECTION('',(0,1,0));
#17873=DIRECTION('',(-0.05900594346059293,-0.9860585553115638,0.15558542390981617));
#17874=DIRECTION('',(0.3546058079036296,0,-0.9350158934483488));
#17875=FACE_SURFACE('',(#17880),#17876,.T.);
#17876=PLANE('',#17877);
#17877=AXIS2_PLACEMENT_3D('',#186,#17878,#17879);
#17878=DIRECTION('',(0.9350158934483488,-0,0.3546058079036296));
#17879=DIRECTION('',(0.05900594346059293,0.9860585553115638,-0.15558542390981617));
#17880=FACE_BOUND('',#17881,.T.);
#17881=EDGE_LOOP('',(#17882,#17883,#17884));
#17882=ORIENTED_EDGE('',*,*,#17885,.T.);
#17883=ORIENTED_EDGE('',*,*,#17886,.T.);
#17884=ORIENTED_EDGE('',*,*,#17887,.T.);
#17885=EDGE_CURVE('',#187,#549,#17888,.F.);
#17886=EDGE_CURVE('',#549,#553,#17889,.T.);
#17887=EDGE_CURVE('',#553,#187,#17890,.T.);
#17888=LINE('',#186,#17891);
#17889=LINE('',#548,#17892);
#17890=LINE('',#552,#17893);
#17891=VECTOR('',#17894,1.0);
#17892=VECTOR('',#17895,1.0);
#17893=VECTOR('',#17896,1.0);
#17894=DIRECTION('',(0.05900594346059293,0.9860585553115638,-0.15558542390981617));
#17895=DIRECTION('',(-0.3546058079036296,0,0.9350158934483488));
#17896=DIRECTION('',(0,-1,0));
#17897=FACE_SURFACE('',(#17902),#17898,.T.);
#17898=PLANE('',#17899);
#17899=AXIS2_PLACEMENT_3D('',#186,#17900,#17901);
#17900=DIRECTION('',(0.9927090792915172,-0,0.12053499032309353));
#17901=DIRECTION('',(0,1,0));
#17902=FACE_BOUND('',#17903,.T.);
#17903=EDGE_LOOP('',(#17904,#17905,#17906));
#17904=ORIENTED_EDGE('',*,*,#17907,.T.);
#17905=ORIENTED_EDGE('',*,*,#17908,.T.);
#17906=ORIENTED_EDGE('',*,*,#17909,.T.);
#17907=EDGE_CURVE('',#187,#553,#17910,.F.);
#17908=EDGE_CURVE('',#553,#191,#17911,.T.);
#17909=EDGE_CURVE('',#191,#187,#17912,.T.);
#17910=LINE('',#186,#17913);
#17911=LINE('',#552,#17914);
#17912=LINE('',#190,#17915);
#17913=VECTOR('',#17916,1.0);
#17914=VECTOR('',#17917,1.0);
#17915=VECTOR('',#17918,1.0);
#17916=DIRECTION('',(0,1,0));
#17917=DIRECTION('',(-0.020056867432490327,-0.9860585519324367,0.16518551458799738));
#17918=DIRECTION('',(0.12053499032309353,0,-0.9927090792915172));
#17919=FACE_SURFACE('',(#17924),#17920,.T.);
#17920=PLANE('',#17921);
#17921=AXIS2_PLACEMENT_3D('',#190,#17922,#17923);
#17922=DIRECTION('',(0.9927090792915172,-0,0.12053499032309353));
#17923=DIRECTION('',(0.020056867432490327,0.9860585519324367,-0.16518551458799738));
#17924=FACE_BOUND('',#17925,.T.);
#17925=EDGE_LOOP('',(#17926,#17927,#17928));
#17926=ORIENTED_EDGE('',*,*,#17929,.T.);
#17927=ORIENTED_EDGE('',*,*,#17930,.T.);
#17928=ORIENTED_EDGE('',*,*,#17931,.T.);
#17929=EDGE_CURVE('',#191,#553,#17932,.F.);
#17930=EDGE_CURVE('',#553,#509,#17933,.T.);
#17931=EDGE_CURVE('',#509,#191,#17934,.T.);
#17932=LINE('',#190,#17935);
#17933=LINE('',#552,#17936);
#17934=LINE('',#508,#17937);
#17935=VECTOR('',#17938,1.0);
#17936=VECTOR('',#17939,1.0);
#17937=VECTOR('',#17940,1.0);
#17938=DIRECTION('',(0.020056867432490327,0.9860585519324367,-0.16518551458799738));
#17939=DIRECTION('',(-0.12053499032309353,0,0.9927090792915172));
#17940=DIRECTION('',(0,-1,0));
#17941=FACE_SURFACE('',(#17946),#17942,.T.);
#17942=PLANE('',#17943);
#17943=AXIS2_PLACEMENT_3D('',#190,#17944,#17945);
#17944=DIRECTION('',(0.9927090792915172,0,-0.12053499032309353));
#17945=DIRECTION('',(0,1,0));
#17946=FACE_BOUND('',#17947,.T.);
#17947=EDGE_LOOP('',(#17948,#17949,#17950));
#17948=ORIENTED_EDGE('',*,*,#17951,.T.);
#17949=ORIENTED_EDGE('',*,*,#17952,.T.);
#17950=ORIENTED_EDGE('',*,*,#17953,.T.);
#17951=EDGE_CURVE('',#191,#509,#17954,.F.);
#17952=EDGE_CURVE('',#509,#197,#17955,.T.);
#17953=EDGE_CURVE('',#197,#191,#17956,.T.);
#17954=LINE('',#190,#17957);
#17955=LINE('',#508,#17958);
#17956=LINE('',#196,#17959);
#17957=VECTOR('',#17960,1.0);
#17958=VECTOR('',#17961,1.0);
#17959=VECTOR('',#17962,1.0);
#17960=DIRECTION('',(0,1,0));
#17961=DIRECTION('',(0.020056867432490327,-0.9860585519324367,0.16518551458799738));
#17962=DIRECTION('',(-0.12053499032309353,0,-0.9927090792915172));
#17963=FACE_SURFACE('',(#17968),#17964,.T.);
#17964=PLANE('',#17965);
#17965=AXIS2_PLACEMENT_3D('',#196,#17966,#17967);
#17966=DIRECTION('',(0.9927090792915172,0,-0.12053499032309353));
#17967=DIRECTION('',(-0.020056867432490327,0.9860585519324367,-0.16518551458799738));
#17968=FACE_BOUND('',#17969,.T.);
#17969=EDGE_LOOP('',(#17970,#17971,#17972));
#17970=ORIENTED_EDGE('',*,*,#17973,.T.);
#17971=ORIENTED_EDGE('',*,*,#17974,.T.);
#17972=ORIENTED_EDGE('',*,*,#17975,.T.);
#17973=EDGE_CURVE('',#197,#509,#17976,.F.);
#17974=EDGE_CURVE('',#509,#513,#17977,.T.);
#17975=EDGE_CURVE('',#513,#197,#17978,.T.);
#17976=LINE('',#196,#17979);
#17977=LINE('',#508,#17980);
#17978=LINE('',#512,#17981);
#17979=VECTOR('',#17982,1.0);
#17980=VECTOR('',#17983,1.0);
#17981=VECTOR('',#17984,1.0);
#17982=DIRECTION('',(-0.020056867432490327,0.9860585519324367,-0.16518551458799738));
#17983=DIRECTION('',(0.12053499032309353,0,0.9927090792915172));
#17984=DIRECTION('',(0,-1,0));
#17985=FACE_SURFACE('',(#17990),#17986,.T.);
#17986=PLANE('',#17987);
#17987=AXIS2_PLACEMENT_3D('',#196,#17988,#17989);
#17988=DIRECTION('',(0.9350158934483488,0,-0.3546058079036296));
#17989=DIRECTION('',(0,1,0));
#17990=FACE_BOUND('',#17991,.T.);
#17991=EDGE_LOOP('',(#17992,#17993,#17994));
#17992=ORIENTED_EDGE('',*,*,#17995,.T.);
#17993=ORIENTED_EDGE('',*,*,#17996,.T.);
#17994=ORIENTED_EDGE('',*,*,#17997,.T.);
#17995=EDGE_CURVE('',#197,#513,#17998,.F.);
#17996=EDGE_CURVE('',#513,#201,#17999,.T.);
#17997=EDGE_CURVE('',#201,#197,#18000,.T.);
#17998=LINE('',#196,#18001);
#17999=LINE('',#512,#18002);
#18000=LINE('',#200,#18003);
#18001=VECTOR('',#18004,1.0);
#18002=VECTOR('',#18005,1.0);
#18003=VECTOR('',#18006,1.0);
#18004=DIRECTION('',(0,1,0));
#18005=DIRECTION('',(0.05900594346059293,-0.9860585553115638,0.15558542390981617));
#18006=DIRECTION('',(-0.3546058079036296,0,-0.9350158934483488));
#18007=FACE_SURFACE('',(#18012),#18008,.T.);
#18008=PLANE('',#18009);
#18009=AXIS2_PLACEMENT_3D('',#200,#18010,#18011);
#18010=DIRECTION('',(0.9350158934483488,0,-0.3546058079036296));
#18011=DIRECTION('',(-0.05900594346059293,0.9860585553115638,-0.15558542390981617));
#18012=FACE_BOUND('',#18013,.T.);
#18013=EDGE_LOOP('',(#18014,#18015,#18016));
#18014=ORIENTED_EDGE('',*,*,#18017,.T.);
#18015=ORIENTED_EDGE('',*,*,#18018,.T.);
#18016=ORIENTED_EDGE('',*,*,#18019,.T.);
#18017=EDGE_CURVE('',#201,#513,#18020,.F.);
#18018=EDGE_CURVE('',#513,#517,#18021,.T.);
#18019=EDGE_CURVE('',#517,#201,#18022,.T.);
#18020=LINE('',#200,#18023);
#18021=LINE('',#512,#18024);
#18022=LINE('',#516,#18025);
#18023=VECTOR('',#18026,1.0);
#18024=VECTOR('',#18027,1.0);
#18025=VECTOR('',#18028,1.0);
#18026=DIRECTION('',(-0.05900594346059293,0.9860585553115638,-0.15558542390981617));
#18027=DIRECTION('',(0.3546058079036296,0,0.9350158934483488));
#18028=DIRECTION('',(0,-1,0));
#18029=FACE_SURFACE('',(#18034),#18030,.T.);
#18030=PLANE('',#18031);
#18031=AXIS2_PLACEMENT_3D('',#200,#18032,#18033);
#18032=DIRECTION('',(0.8229835226564066,0,-0.5680652439958387));
#18033=DIRECTION('',(0,1,0));
#18034=FACE_BOUND('',#18035,.T.);
#18035=EDGE_LOOP('',(#18036,#18037,#18038));
#18036=ORIENTED_EDGE('',*,*,#18039,.T.);
#18037=ORIENTED_EDGE('',*,*,#18040,.T.);
#18038=ORIENTED_EDGE('',*,*,#18041,.T.);
#18039=EDGE_CURVE('',#201,#517,#18042,.F.);
#18040=EDGE_CURVE('',#517,#205,#18043,.T.);
#18041=EDGE_CURVE('',#205,#201,#18044,.T.);
#18042=LINE('',#200,#18045);
#18043=LINE('',#516,#18046);
#18044=LINE('',#204,#18047);
#18045=VECTOR('',#18048,1.0);
#18046=VECTOR('',#18049,1.0);
#18047=VECTOR('',#18050,1.0);
#18048=DIRECTION('',(0,1,0));
#18049=DIRECTION('',(0.09452545426518652,-0.9860585139210416,0.1369435855372101));
#18050=DIRECTION('',(-0.5680652439958387,0,-0.8229835226564066));
#18051=FACE_SURFACE('',(#18056),#18052,.T.);
#18052=PLANE('',#18053);
#18053=AXIS2_PLACEMENT_3D('',#204,#18054,#18055);
#18054=DIRECTION('',(0.8229835226564066,0,-0.5680652439958387));
#18055=DIRECTION('',(-0.09452545426518652,0.9860585139210416,-0.1369435855372101));
#18056=FACE_BOUND('',#18057,.T.);
#18057=EDGE_LOOP('',(#18058,#18059,#18060));
#18058=ORIENTED_EDGE('',*,*,#18061,.T.);
#18059=ORIENTED_EDGE('',*,*,#18062,.T.);
#18060=ORIENTED_EDGE('',*,*,#18063,.T.);
#18061=EDGE_CURVE('',#205,#517,#18064,.F.);
#18062=EDGE_CURVE('',#517,#521,#18065,.T.);
#18063=EDGE_CURVE('',#521,#205,#18066,.T.);
#18064=LINE('',#204,#18067);
#18065=LINE('',#516,#18068);
#18066=LINE('',#520,#18069);
#18067=VECTOR('',#18070,1.0);
#18068=VECTOR('',#18071,1.0);
#18069=VECTOR('',#18072,1.0);
#18070=DIRECTION('',(-0.09452545426518652,0.9860585139210416,-0.1369435855372101));
#18071=DIRECTION('',(0.5680652439958387,0,0.8229835226564066));
#18072=DIRECTION('',(0,-1,0));
#18073=FACE_SURFACE('',(#18078),#18074,.T.);
#18074=PLANE('',#18075);
#18075=AXIS2_PLACEMENT_3D('',#204,#18076,#18077);
#18076=DIRECTION('',(0.6631220600430385,0,-0.7485112781276424));
#18077=DIRECTION('',(0,1,0));
#18078=FACE_BOUND('',#18079,.T.);
#18079=EDGE_LOOP('',(#18080,#18081,#18082));
#18080=ORIENTED_EDGE('',*,*,#18083,.T.);
#18081=ORIENTED_EDGE('',*,*,#18084,.T.);
#18082=ORIENTED_EDGE('',*,*,#18085,.T.);
#18083=EDGE_CURVE('',#205,#521,#18086,.F.);
#18084=EDGE_CURVE('',#521,#209,#18087,.T.);
#18085=EDGE_CURVE('',#209,#205,#18088,.T.);
#18086=LINE('',#204,#18089);
#18087=LINE('',#520,#18090);
#18088=LINE('',#208,#18091);
#18089=VECTOR('',#18092,1.0);
#18090=VECTOR('',#18093,1.0);
#18091=VECTOR('',#18094,1.0);
#18092=DIRECTION('',(0,1,0));
#18093=DIRECTION('',(0.12455128105389493,-0.9860585594525317,0.1103426287444314));
#18094=DIRECTION('',(-0.7485112781276424,0,-0.6631220600430385));
#18095=FACE_SURFACE('',(#18100),#18096,.T.);
#18096=PLANE('',#18097);
#18097=AXIS2_PLACEMENT_3D('',#208,#18098,#18099);
#18098=DIRECTION('',(0.6631220600430385,0,-0.7485112781276424));
#18099=DIRECTION('',(-0.12455128105389493,0.9860585594525317,-0.1103426287444314));
#18100=FACE_BOUND('',#18101,.T.);
#18101=EDGE_LOOP('',(#18102,#18103,#18104));
#18102=ORIENTED_EDGE('',*,*,#18105,.T.);
#18103=ORIENTED_EDGE('',*,*,#18106,.T.);
#18104=ORIENTED_EDGE('',*,*,#18107,.T.);
#18105=EDGE_CURVE('',#209,#521,#18108,.F.);
#18106=EDGE_CURVE('',#521,#525,#18109,.T.);
#18107=EDGE_CURVE('',#525,#209,#18110,.T.);
#18108=LINE('',#208,#18111);
#18109=LINE('',#520,#18112);
#18110=LINE('',#524,#18113);
#18111=VECTOR('',#18114,1.0);
#18112=VECTOR('',#18115,1.0);
#18113=VECTOR('',#18116,1.0);
#18114=DIRECTION('',(-0.12455128105389493,0.9860585594525317,-0.1103426287444314));
#18115=DIRECTION('',(0.7485112781276424,0,0.6631220600430385));
#18116=DIRECTION('',(0,-1,0));
#18117=FACE_SURFACE('',(#18122),#18118,.T.);
#18118=PLANE('',#18119);
#18119=AXIS2_PLACEMENT_3D('',#208,#18120,#18121);
#18120=DIRECTION('',(0.46472424625768477,0,-0.8854554618614235));
#18121=DIRECTION('',(0,1,0));
#18122=FACE_BOUND('',#18123,.T.);
#18123=EDGE_LOOP('',(#18124,#18125,#18126));
#18124=ORIENTED_EDGE('',*,*,#18127,.T.);
#18125=ORIENTED_EDGE('',*,*,#18128,.T.);
#18126=ORIENTED_EDGE('',*,*,#18129,.T.);
#18127=EDGE_CURVE('',#209,#525,#18130,.F.);
#18128=EDGE_CURVE('',#525,#211,#18131,.T.);
#18129=EDGE_CURVE('',#211,#209,#18132,.T.);
#18130=LINE('',#208,#18133);
#18131=LINE('',#524,#18134);
#18132=LINE('',#210,#18135);
#18133=VECTOR('',#18136,1.0);
#18134=VECTOR('',#18137,1.0);
#18135=VECTOR('',#18138,1.0);
#18136=DIRECTION('',(0,1,0));
#18137=DIRECTION('',(0.14733854027652138,-0.9860585729448155,0.07732945927147035));
#18138=DIRECTION('',(-0.8854554618614235,0,-0.46472424625768477));
#18139=FACE_SURFACE('',(#18144),#18140,.T.);
#18140=PLANE('',#18141);
#18141=AXIS2_PLACEMENT_3D('',#210,#18142,#18143);
#18142=DIRECTION('',(0.46472424625768477,0,-0.8854554618614235));
#18143=DIRECTION('',(-0.14733854027652138,0.9860585729448155,-0.07732945927147035));
#18144=FACE_BOUND('',#18145,.T.);
#18145=EDGE_LOOP('',(#18146,#18147,#18148));
#18146=ORIENTED_EDGE('',*,*,#18149,.T.);
#18147=ORIENTED_EDGE('',*,*,#18150,.T.);
#18148=ORIENTED_EDGE('',*,*,#18151,.T.);
#18149=EDGE_CURVE('',#211,#525,#18152,.F.);
#18150=EDGE_CURVE('',#525,#429,#18153,.T.);
#18151=EDGE_CURVE('',#429,#211,#18154,.T.);
#18152=LINE('',#210,#18155);
#18153=LINE('',#524,#18156);
#18154=LINE('',#428,#18157);
#18155=VECTOR('',#18158,1.0);
#18156=VECTOR('',#18159,1.0);
#18157=VECTOR('',#18160,1.0);
#18158=DIRECTION('',(-0.14733854027652138,0.9860585729448155,-0.07732945927147035));
#18159=DIRECTION('',(0.8854554618614235,0,0.46472424625768477));
#18160=DIRECTION('',(0,-1,0));
#18161=FACE_SURFACE('',(#18166),#18162,.T.);
#18162=PLANE('',#18163);
#18163=AXIS2_PLACEMENT_3D('',#210,#18164,#18165);
#18164=DIRECTION('',(0.23931501316971154,0,-0.9709419779119557));
#18165=DIRECTION('',(0,1,0));
#18166=FACE_BOUND('',#18167,.T.);
#18167=EDGE_LOOP('',(#18168,#18169,#18170));
#18168=ORIENTED_EDGE('',*,*,#18171,.T.);
#18169=ORIENTED_EDGE('',*,*,#18172,.T.);
#18170=ORIENTED_EDGE('',*,*,#18173,.T.);
#18171=EDGE_CURVE('',#211,#429,#18174,.F.);
#18172=EDGE_CURVE('',#429,#213,#18175,.T.);
#18173=EDGE_CURVE('',#213,#211,#18176,.T.);
#18174=LINE('',#210,#18177);
#18175=LINE('',#428,#18178);
#18176=LINE('',#212,#18179);
#18177=VECTOR('',#18180,1.0);
#18178=VECTOR('',#18181,1.0);
#18179=VECTOR('',#18182,1.0);
#18180=DIRECTION('',(0,1,0));
#18181=DIRECTION('',(0.16156364183807925,-0.9860585267422503,0.03982174625653334));
#18182=DIRECTION('',(-0.9709419779119557,0,-0.23931501316971154));
#18183=FACE_SURFACE('',(#18188),#18184,.T.);
#18184=PLANE('',#18185);
#18185=AXIS2_PLACEMENT_3D('',#212,#18186,#18187);
#18186=DIRECTION('',(0.23931501316971154,0,-0.9709419779119557));
#18187=DIRECTION('',(-0.16156364183807925,0.9860585267422503,-0.03982174625653334));
#18188=FACE_BOUND('',#18189,.T.);
#18189=EDGE_LOOP('',(#18190,#18191,#18192));
#18190=ORIENTED_EDGE('',*,*,#18193,.T.);
#18191=ORIENTED_EDGE('',*,*,#18194,.T.);
#18192=ORIENTED_EDGE('',*,*,#18195,.T.);
#18193=EDGE_CURVE('',#213,#429,#18196,.F.);
#18194=EDGE_CURVE('',#429,#617,#18197,.T.);
#18195=EDGE_CURVE('',#617,#213,#18198,.T.);
#18196=LINE('',#212,#18199);
#18197=LINE('',#428,#18200);
#18198=LINE('',#616,#18201);
#18199=VECTOR('',#18202,1.0);
#18200=VECTOR('',#18203,1.0);
#18201=VECTOR('',#18204,1.0);
#18202=DIRECTION('',(-0.16156364183807925,0.9860585267422503,-0.03982174625653334));
#18203=DIRECTION('',(0.9709419779119557,0,0.23931501316971154));
#18204=DIRECTION('',(0,-1,0));
#18205=FACE_SURFACE('',(#18210),#18206,.T.);
#18206=PLANE('',#18207);
#18207=AXIS2_PLACEMENT_3D('',#212,#18208,#18209);
#18208=DIRECTION('',(0,0,-1));
#18209=DIRECTION('',(0,1,0));
#18210=FACE_BOUND('',#18211,.T.);
#18211=EDGE_LOOP('',(#18212,#18213,#18214));
#18212=ORIENTED_EDGE('',*,*,#18215,.T.);
#18213=ORIENTED_EDGE('',*,*,#18216,.T.);
#18214=ORIENTED_EDGE('',*,*,#18217,.T.);
#18215=EDGE_CURVE('',#213,#617,#18218,.F.);
#18216=EDGE_CURVE('',#617,#217,#18219,.T.);
#18217=EDGE_CURVE('',#217,#213,#18220,.T.);
#18218=LINE('',#212,#18221);
#18219=LINE('',#616,#18222);
#18220=LINE('',#216,#18223);
#18221=VECTOR('',#18224,1.0);
#18222=VECTOR('',#18225,1.0);
#18223=VECTOR('',#18226,1.0);
#18224=DIRECTION('',(0,1,0));
#18225=DIRECTION('',(0.16639860621237987,-0.9860585701927534,0));
#18226=DIRECTION('',(-1,0,0));
#18227=FACE_SURFACE('',(#18232),#18228,.T.);
#18228=PLANE('',#18229);
#18229=AXIS2_PLACEMENT_3D('',#216,#18230,#18231);
#18230=DIRECTION('',(0,0,-1));
#18231=DIRECTION('',(-0.16639860621237987,0.9860585701927534,0));
#18232=FACE_BOUND('',#18233,.T.);
#18233=EDGE_LOOP('',(#18234,#18235,#18236));
#18234=ORIENTED_EDGE('',*,*,#18237,.T.);
#18235=ORIENTED_EDGE('',*,*,#18238,.T.);
#18236=ORIENTED_EDGE('',*,*,#18239,.T.);
#18237=EDGE_CURVE('',#217,#617,#18240,.F.);
#18238=EDGE_CURVE('',#617,#615,#18241,.T.);
#18239=EDGE_CURVE('',#615,#217,#18242,.T.);
#18240=LINE('',#216,#18243);
#18241=LINE('',#616,#18244);
#18242=LINE('',#614,#18245);
#18243=VECTOR('',#18246,1.0);
#18244=VECTOR('',#18247,1.0);
#18245=VECTOR('',#18248,1.0);
#18246=DIRECTION('',(-0.16639860621237987,0.9860585701927534,0));
#18247=DIRECTION('',(1,0,0));
#18248=DIRECTION('',(0,-1,0));
#18249=FACE_SURFACE('',(#18254),#18250,.T.);
#18250=PLANE('',#18251);
#18251=AXIS2_PLACEMENT_3D('',#216,#18252,#18253);
#18252=DIRECTION('',(-0.23931566974843524,0,-0.9709418160800666));
#18253=DIRECTION('',(0,1,0));
#18254=FACE_BOUND('',#18255,.T.);
#18255=EDGE_LOOP('',(#18256,#18257,#18258));
#18256=ORIENTED_EDGE('',*,*,#18259,.T.);
#18257=ORIENTED_EDGE('',*,*,#18260,.T.);
#18258=ORIENTED_EDGE('',*,*,#18261,.T.);
#18259=EDGE_CURVE('',#217,#615,#18262,.F.);
#18260=EDGE_CURVE('',#615,#219,#18263,.T.);
#18261=EDGE_CURVE('',#219,#217,#18264,.T.);
#18262=LINE('',#216,#18265);
#18263=LINE('',#614,#18266);
#18264=LINE('',#218,#18267);
#18265=VECTOR('',#18268,1.0);
#18266=VECTOR('',#18269,1.0);
#18267=VECTOR('',#18270,1.0);
#18268=DIRECTION('',(0,1,0));
#18269=DIRECTION('',(0.1615631839219447,-0.9860586016485818,-0.03982174928160827));
#18270=DIRECTION('',(-0.9709418160800666,0,0.23931566974843524));
#18271=FACE_SURFACE('',(#18276),#18272,.T.);
#18272=PLANE('',#18273);
#18273=AXIS2_PLACEMENT_3D('',#218,#18274,#18275);
#18274=DIRECTION('',(-0.23931566974843524,0,-0.9709418160800666));
#18275=DIRECTION('',(-0.1615631839219447,0.9860586016485818,0.03982174928160827));
#18276=FACE_BOUND('',#18277,.T.);
#18277=EDGE_LOOP('',(#18278,#18279,#18280));
#18278=ORIENTED_EDGE('',*,*,#18281,.T.);
#18279=ORIENTED_EDGE('',*,*,#18282,.T.);
#18280=ORIENTED_EDGE('',*,*,#18283,.T.);
#18281=EDGE_CURVE('',#219,#615,#18284,.F.);
#18282=EDGE_CURVE('',#615,#613,#18285,.T.);
#18283=EDGE_CURVE('',#613,#219,#18286,.T.);
#18284=LINE('',#218,#18287);
#18285=LINE('',#614,#18288);
#18286=LINE('',#612,#18289);
#18287=VECTOR('',#18290,1.0);
#18288=VECTOR('',#18291,1.0);
#18289=VECTOR('',#18292,1.0);
#18290=DIRECTION('',(-0.1615631839219447,0.9860586016485818,0.03982174928160827));
#18291=DIRECTION('',(0.9709418160800666,0,-0.23931566974843524));
#18292=DIRECTION('',(0,-1,0));
#18293=FACE_SURFACE('',(#18298),#18294,.T.);
#18294=PLANE('',#18295);
#18295=AXIS2_PLACEMENT_3D('',#218,#18296,#18297);
#18296=DIRECTION('',(-0.4647230835132257,0,-0.8854560721176176));
#18297=DIRECTION('',(0,1,0));
#18298=FACE_BOUND('',#18299,.T.);
#18299=EDGE_LOOP('',(#18300,#18301,#18302));
#18300=ORIENTED_EDGE('',*,*,#18303,.T.);
#18301=ORIENTED_EDGE('',*,*,#18304,.T.);
#18302=ORIENTED_EDGE('',*,*,#18305,.T.);
#18303=EDGE_CURVE('',#219,#613,#18306,.F.);
#18304=EDGE_CURVE('',#613,#221,#18307,.T.);
#18305=EDGE_CURVE('',#221,#219,#18308,.T.);
#18306=LINE('',#218,#18309);
#18307=LINE('',#612,#18310);
#18308=LINE('',#220,#18311);
#18309=VECTOR('',#18312,1.0);
#18310=VECTOR('',#18313,1.0);
#18311=VECTOR('',#18314,1.0);
#18312=DIRECTION('',(0,1,0));
#18313=DIRECTION('',(0.14733900025866703,-0.9860585046335189,-0.07732945391430825));
#18314=DIRECTION('',(-0.8854560721176176,0,0.4647230835132257));
#18315=FACE_SURFACE('',(#18320),#18316,.T.);
#18316=PLANE('',#18317);
#18317=AXIS2_PLACEMENT_3D('',#220,#18318,#18319);
#18318=DIRECTION('',(-0.4647230835132257,0,-0.8854560721176176));
#18319=DIRECTION('',(-0.14733900025866703,0.9860585046335189,0.07732945391430825));
#18320=FACE_BOUND('',#18321,.T.);
#18321=EDGE_LOOP('',(#18322,#18323,#18324));
#18322=ORIENTED_EDGE('',*,*,#18325,.T.);
#18323=ORIENTED_EDGE('',*,*,#18326,.T.);
#18324=ORIENTED_EDGE('',*,*,#18327,.T.);
#18325=EDGE_CURVE('',#221,#613,#18328,.F.);
#18326=EDGE_CURVE('',#613,#611,#18329,.T.);
#18327=EDGE_CURVE('',#611,#221,#18330,.T.);
#18328=LINE('',#220,#18331);
#18329=LINE('',#612,#18332);
#18330=LINE('',#610,#18333);
#18331=VECTOR('',#18334,1.0);
#18332=VECTOR('',#18335,1.0);
#18333=VECTOR('',#18336,1.0);
#18334=DIRECTION('',(-0.14733900025866703,0.9860585046335189,0.07732945391430825));
#18335=DIRECTION('',(0.8854560721176176,0,-0.4647230835132257));
#18336=DIRECTION('',(0,-1,0));
#18337=FACE_SURFACE('',(#18342),#18338,.T.);
#18338=PLANE('',#18339);
#18339=AXIS2_PLACEMENT_3D('',#220,#18340,#18341);
#18340=DIRECTION('',(-0.6631234625832785,0,-0.7485100355850703));
#18341=DIRECTION('',(0,1,0));
#18342=FACE_BOUND('',#18343,.T.);
#18343=EDGE_LOOP('',(#18344,#18345,#18346));
#18344=ORIENTED_EDGE('',*,*,#18347,.T.);
#18345=ORIENTED_EDGE('',*,*,#18348,.T.);
#18346=ORIENTED_EDGE('',*,*,#18349,.T.);
#18347=EDGE_CURVE('',#221,#611,#18350,.F.);
#18348=EDGE_CURVE('',#611,#223,#18351,.T.);
#18349=EDGE_CURVE('',#223,#221,#18352,.T.);
#18350=LINE('',#220,#18353);
#18351=LINE('',#610,#18354);
#18352=LINE('',#222,#18355);
#18353=VECTOR('',#18356,1.0);
#18354=VECTOR('',#18357,1.0);
#18355=VECTOR('',#18358,1.0);
#18356=DIRECTION('',(0,1,0));
#18357=DIRECTION('',(0.1245508181585507,-0.986058617198667,-0.11034263520638064));
#18358=DIRECTION('',(-0.7485100355850703,0,0.6631234625832785));
#18359=FACE_SURFACE('',(#18364),#18360,.T.);
#18360=PLANE('',#18361);
#18361=AXIS2_PLACEMENT_3D('',#222,#18362,#18363);
#18362=DIRECTION('',(-0.6631234625832785,0,-0.7485100355850703));
#18363=DIRECTION('',(-0.1245508181585507,0.986058617198667,0.11034263520638064));
#18364=FACE_BOUND('',#18365,.T.);
#18365=EDGE_LOOP('',(#18366,#18367,#18368));
#18366=ORIENTED_EDGE('',*,*,#18369,.T.);
#18367=ORIENTED_EDGE('',*,*,#18370,.T.);
#18368=ORIENTED_EDGE('',*,*,#18371,.T.);
#18369=EDGE_CURVE('',#223,#611,#18372,.F.);
#18370=EDGE_CURVE('',#611,#609,#18373,.T.);
#18371=EDGE_CURVE('',#609,#223,#18374,.T.);
#18372=LINE('',#222,#18375);
#18373=LINE('',#610,#18376);
#18374=LINE('',#608,#18377);
#18375=VECTOR('',#18378,1.0);
#18376=VECTOR('',#18379,1.0);
#18377=VECTOR('',#18380,1.0);
#18378=DIRECTION('',(-0.1245508181585507,0.986058617198667,0.11034263520638064));
#18379=DIRECTION('',(0.7485100355850703,0,-0.6631234625832785));
#18380=DIRECTION('',(0,-1,0));
#18381=FACE_SURFACE('',(#18386),#18382,.T.);
#18382=PLANE('',#18383);
#18383=AXIS2_PLACEMENT_3D('',#222,#18384,#18385);
#18384=DIRECTION('',(-0.8229822016296414,0,-0.5680671578262806));
#18385=DIRECTION('',(0,1,0));
#18386=FACE_BOUND('',#18387,.T.);
#18387=EDGE_LOOP('',(#18388,#18389,#18390));
#18388=ORIENTED_EDGE('',*,*,#18391,.T.);
#18389=ORIENTED_EDGE('',*,*,#18392,.T.);
#18390=ORIENTED_EDGE('',*,*,#18393,.T.);
#18391=EDGE_CURVE('',#223,#609,#18394,.F.);
#18392=EDGE_CURVE('',#609,#225,#18395,.T.);
#18393=EDGE_CURVE('',#225,#223,#18396,.T.);
#18394=LINE('',#222,#18397);
#18395=LINE('',#608,#18398);
#18396=LINE('',#224,#18399);
#18397=VECTOR('',#18400,1.0);
#18398=VECTOR('',#18401,1.0);
#18399=VECTOR('',#18402,1.0);
#18400=DIRECTION('',(0,1,0));
#18401=DIRECTION('',(0.09452592025332437,-0.9860584700957019,-0.13694357945075672));
#18402=DIRECTION('',(-0.5680671578262806,0,0.8229822016296414));
#18403=FACE_SURFACE('',(#18408),#18404,.T.);
#18404=PLANE('',#18405);
#18405=AXIS2_PLACEMENT_3D('',#224,#18406,#18407);
#18406=DIRECTION('',(-0.8229822016296414,0,-0.5680671578262806));
#18407=DIRECTION('',(-0.09452592025332437,0.9860584700957019,0.13694357945075672));
#18408=FACE_BOUND('',#18409,.T.);
#18409=EDGE_LOOP('',(#18410,#18411,#18412));
#18410=ORIENTED_EDGE('',*,*,#18413,.T.);
#18411=ORIENTED_EDGE('',*,*,#18414,.T.);
#18412=ORIENTED_EDGE('',*,*,#18415,.T.);
#18413=EDGE_CURVE('',#225,#609,#18416,.F.);
#18414=EDGE_CURVE('',#609,#607,#18417,.T.);
#18415=EDGE_CURVE('',#607,#225,#18418,.T.);
#18416=LINE('',#224,#18419);
#18417=LINE('',#608,#18420);
#18418=LINE('',#606,#18421);
#18419=VECTOR('',#18422,1.0);
#18420=VECTOR('',#18423,1.0);
#18421=VECTOR('',#18424,1.0);
#18422=DIRECTION('',(-0.09452592025332437,0.9860584700957019,0.13694357945075672));
#18423=DIRECTION('',(0.5680671578262806,0,-0.8229822016296414));
#18424=DIRECTION('',(0,-1,0));
#18425=FACE_SURFACE('',(#18430),#18426,.T.);
#18426=PLANE('',#18427);
#18427=AXIS2_PLACEMENT_3D('',#224,#18428,#18429);
#18428=DIRECTION('',(-0.9350158934483488,0,-0.3546058079036296));
#18429=DIRECTION('',(0,1,0));
#18430=FACE_BOUND('',#18431,.T.);
#18431=EDGE_LOOP('',(#18432,#18433,#18434));
#18432=ORIENTED_EDGE('',*,*,#18435,.T.);
#18433=ORIENTED_EDGE('',*,*,#18436,.T.);
#18434=ORIENTED_EDGE('',*,*,#18437,.T.);
#18435=EDGE_CURVE('',#225,#607,#18438,.F.);
#18436=EDGE_CURVE('',#607,#177,#18439,.T.);
#18437=EDGE_CURVE('',#177,#225,#18440,.T.);
#18438=LINE('',#224,#18441);
#18439=LINE('',#606,#18442);
#18440=LINE('',#176,#18443);
#18441=VECTOR('',#18444,1.0);
#18442=VECTOR('',#18445,1.0);
#18443=VECTOR('',#18446,1.0);
#18444=DIRECTION('',(0,1,0));
#18445=DIRECTION('',(0.05900594346059293,-0.9860585553115638,-0.15558542390981617));
#18446=DIRECTION('',(-0.3546058079036296,0,0.9350158934483488));
#18447=FACE_SURFACE('',(#18452),#18448,.T.);
#18448=PLANE('',#18449);
#18449=AXIS2_PLACEMENT_3D('',#176,#18450,#18451);
#18450=DIRECTION('',(-0.9350158934483488,0,-0.3546058079036296));
#18451=DIRECTION('',(-0.05900594346059293,0.9860585553115638,0.15558542390981617));
#18452=FACE_BOUND('',#18453,.T.);
#18453=EDGE_LOOP('',(#18454,#18455,#18456));
#18454=ORIENTED_EDGE('',*,*,#18457,.T.);
#18455=ORIENTED_EDGE('',*,*,#18458,.T.);
#18456=ORIENTED_EDGE('',*,*,#18459,.T.);
#18457=EDGE_CURVE('',#177,#607,#18460,.F.);
#18458=EDGE_CURVE('',#607,#605,#18461,.T.);
#18459=EDGE_CURVE('',#605,#177,#18462,.T.);
#18460=LINE('',#176,#18463);
#18461=LINE('',#606,#18464);
#18462=LINE('',#604,#18465);
#18463=VECTOR('',#18466,1.0);
#18464=VECTOR('',#18467,1.0);
#18465=VECTOR('',#18468,1.0);
#18466=DIRECTION('',(-0.05900594346059293,0.9860585553115638,0.15558542390981617));
#18467=DIRECTION('',(0.3546058079036296,0,-0.9350158934483488));
#18468=DIRECTION('',(0,-1,0));
#18469=FACE_SURFACE('',(#18474),#18470,.T.);
#18470=PLANE('',#18471);
#18471=AXIS2_PLACEMENT_3D('',#40,#18472,#18473);
#18472=DIRECTION('',(-0.992709038237947,0,-0.12053532843399135));
#18473=DIRECTION('',(0,1,0));
#18474=FACE_BOUND('',#18475,.T.);
#18475=EDGE_LOOP('',(#18476,#18477,#18478));
#18476=ORIENTED_EDGE('',*,*,#18479,.T.);
#18477=ORIENTED_EDGE('',*,*,#18480,.T.);
#18478=ORIENTED_EDGE('',*,*,#18481,.T.);
#18479=EDGE_CURVE('',#41,#571,#18482,.F.);
#18480=EDGE_CURVE('',#571,#43,#18483,.T.);
#18481=EDGE_CURVE('',#43,#41,#18484,.T.);
#18482=LINE('',#40,#18485);
#18483=LINE('',#570,#18486);
#18484=LINE('',#42,#18487);
#18485=VECTOR('',#18488,1.0);
#18486=VECTOR('',#18489,1.0);
#18487=VECTOR('',#18490,1.0);
#18488=DIRECTION('',(0,1,0));
#18489=DIRECTION('',(0.020056868990274517,-0.9860586285179966,-0.16518505722829271));
#18490=DIRECTION('',(-0.12053532843399135,0,0.992709038237947));
#18491=FACE_SURFACE('',(#18496),#18492,.T.);
#18492=PLANE('',#18493);
#18493=AXIS2_PLACEMENT_3D('',#42,#18494,#18495);
#18494=DIRECTION('',(-0.992709038237947,0,-0.12053532843399135));
#18495=DIRECTION('',(-0.020056868990274517,0.9860586285179966,0.16518505722829271));
#18496=FACE_BOUND('',#18497,.T.);
#18497=EDGE_LOOP('',(#18498,#18499,#18500));
#18498=ORIENTED_EDGE('',*,*,#18501,.T.);
#18499=ORIENTED_EDGE('',*,*,#18502,.T.);
#18500=ORIENTED_EDGE('',*,*,#18503,.T.);
#18501=EDGE_CURVE('',#43,#571,#18504,.F.);
#18502=EDGE_CURVE('',#571,#575,#18505,.T.);
#18503=EDGE_CURVE('',#575,#43,#18506,.T.);
#18504=LINE('',#42,#18507);
#18505=LINE('',#570,#18508);
#18506=LINE('',#574,#18509);
#18507=VECTOR('',#18510,1.0);
#18508=VECTOR('',#18511,1.0);
#18509=VECTOR('',#18512,1.0);
#18510=DIRECTION('',(-0.020056868990274517,0.9860586285179966,0.16518505722829271));
#18511=DIRECTION('',(0.12053532843399135,0,-0.992709038237947));
#18512=DIRECTION('',(0,-1,0));
#18513=FACE_SURFACE('',(#18518),#18514,.T.);
#18514=PLANE('',#18515);
#18515=AXIS2_PLACEMENT_3D('',#42,#18516,#18517);
#18516=DIRECTION('',(-0.9927091203447418,0,0.12053465221407855));
#18517=DIRECTION('',(0,1,0));
#18518=FACE_BOUND('',#18519,.T.);
#18519=EDGE_LOOP('',(#18520,#18521,#18522));
#18520=ORIENTED_EDGE('',*,*,#18523,.T.);
#18521=ORIENTED_EDGE('',*,*,#18524,.T.);
#18522=ORIENTED_EDGE('',*,*,#18525,.T.);
#18523=EDGE_CURVE('',#43,#575,#18526,.F.);
#18524=EDGE_CURVE('',#575,#47,#18527,.T.);
#18525=EDGE_CURVE('',#47,#43,#18528,.T.);
#18526=LINE('',#42,#18529);
#18527=LINE('',#574,#18530);
#18528=LINE('',#46,#18531);
#18529=VECTOR('',#18532,1.0);
#18530=VECTOR('',#18533,1.0);
#18531=VECTOR('',#18534,1.0);
#18532=DIRECTION('',(0,1,0));
#18533=DIRECTION('',(-0.020056865874702064,-0.9860584753466766,-0.16518597194759546));
#18534=DIRECTION('',(0.12053465221407855,0,0.9927091203447418));
#18535=FACE_SURFACE('',(#18540),#18536,.T.);
#18536=PLANE('',#18537);
#18537=AXIS2_PLACEMENT_3D('',#46,#18538,#18539);
#18538=DIRECTION('',(-0.9927091203447418,0,0.12053465221407855));
#18539=DIRECTION('',(0.020056865874702064,0.9860584753466766,0.16518597194759546));
#18540=FACE_BOUND('',#18541,.T.);
#18541=EDGE_LOOP('',(#18542,#18543,#18544));
#18542=ORIENTED_EDGE('',*,*,#18545,.T.);
#18543=ORIENTED_EDGE('',*,*,#18546,.T.);
#18544=ORIENTED_EDGE('',*,*,#18547,.T.);
#18545=EDGE_CURVE('',#47,#575,#18548,.F.);
#18546=EDGE_CURVE('',#575,#577,#18549,.T.);
#18547=EDGE_CURVE('',#577,#47,#18550,.T.);
#18548=LINE('',#46,#18551);
#18549=LINE('',#574,#18552);
#18550=LINE('',#576,#18553);
#18551=VECTOR('',#18554,1.0);
#18552=VECTOR('',#18555,1.0);
#18553=VECTOR('',#18556,1.0);
#18554=DIRECTION('',(0.020056865874702064,0.9860584753466766,0.16518597194759546));
#18555=DIRECTION('',(-0.12053465221407855,0,-0.9927091203447418));
#18556=DIRECTION('',(0,-1,0));
#18557=FACE_SURFACE('',(#18562),#18558,.T.);
#18558=PLANE('',#18559);
#18559=AXIS2_PLACEMENT_3D('',#46,#18560,#18561);
#18560=DIRECTION('',(-0.935015360471418,0,0.35460721324093863));
#18561=DIRECTION('',(0,1,0));
#18562=FACE_BOUND('',#18563,.T.);
#18563=EDGE_LOOP('',(#18564,#18565,#18566));
#18564=ORIENTED_EDGE('',*,*,#18567,.T.);
#18565=ORIENTED_EDGE('',*,*,#18568,.T.);
#18566=ORIENTED_EDGE('',*,*,#18569,.T.);
#18567=EDGE_CURVE('',#47,#577,#18570,.F.);
#18568=EDGE_CURVE('',#577,#51,#18571,.T.);
#18569=EDGE_CURVE('',#51,#47,#18572,.T.);
#18570=LINE('',#46,#18573);
#18571=LINE('',#576,#18574);
#18572=LINE('',#50,#18575);
#18573=VECTOR('',#18576,1.0);
#18574=VECTOR('',#18577,1.0);
#18575=VECTOR('',#18578,1.0);
#18576=DIRECTION('',(0,1,0));
#18577=DIRECTION('',(-0.05900594993541456,-0.9860586635134311,-0.15558473569835057));
#18578=DIRECTION('',(0.35460721324093863,0,0.935015360471418));
#18579=FACE_SURFACE('',(#18584),#18580,.T.);
#18580=PLANE('',#18581);
#18581=AXIS2_PLACEMENT_3D('',#50,#18582,#18583);
#18582=DIRECTION('',(-0.935015360471418,0,0.35460721324093863));
#18583=DIRECTION('',(0.05900594993541456,0.9860586635134311,0.15558473569835057));
#18584=FACE_BOUND('',#18585,.T.);
#18585=EDGE_LOOP('',(#18586,#18587,#18588));
#18586=ORIENTED_EDGE('',*,*,#18589,.T.);
#18587=ORIENTED_EDGE('',*,*,#18590,.T.);
#18588=ORIENTED_EDGE('',*,*,#18591,.T.);
#18589=EDGE_CURVE('',#51,#577,#18592,.F.);
#18590=EDGE_CURVE('',#577,#581,#18593,.T.);
#18591=EDGE_CURVE('',#581,#51,#18594,.T.);
#18592=LINE('',#50,#18595);
#18593=LINE('',#576,#18596);
#18594=LINE('',#580,#18597);
#18595=VECTOR('',#18598,1.0);
#18596=VECTOR('',#18599,1.0);
#18597=VECTOR('',#18600,1.0);
#18598=DIRECTION('',(0.05900594993541456,0.9860586635134311,0.15558473569835057));
#18599=DIRECTION('',(-0.35460721324093863,0,-0.935015360471418));
#18600=DIRECTION('',(0,-1,0));
#18601=FACE_SURFACE('',(#18606),#18602,.T.);
#18602=PLANE('',#18603);
#18603=AXIS2_PLACEMENT_3D('',#50,#18604,#18605);
#18604=DIRECTION('',(-0.8229835226564066,0,0.5680652439958387));
#18605=DIRECTION('',(0,1,0));
#18606=FACE_BOUND('',#18607,.T.);
#18607=EDGE_LOOP('',(#18608,#18609,#18610));
#18608=ORIENTED_EDGE('',*,*,#18611,.T.);
#18609=ORIENTED_EDGE('',*,*,#18612,.T.);
#18610=ORIENTED_EDGE('',*,*,#18613,.T.);
#18611=EDGE_CURVE('',#51,#581,#18614,.F.);
#18612=EDGE_CURVE('',#581,#55,#18615,.T.);
#18613=EDGE_CURVE('',#55,#51,#18616,.T.);
#18614=LINE('',#50,#18617);
#18615=LINE('',#580,#18618);
#18616=LINE('',#54,#18619);
#18617=VECTOR('',#18620,1.0);
#18618=VECTOR('',#18621,1.0);
#18619=VECTOR('',#18622,1.0);
#18620=DIRECTION('',(0,1,0));
#18621=DIRECTION('',(-0.09452545426518652,-0.9860585139210416,-0.1369435855372101));
#18622=DIRECTION('',(0.5680652439958387,0,0.8229835226564066));
#18623=FACE_SURFACE('',(#18628),#18624,.T.);
#18624=PLANE('',#18625);
#18625=AXIS2_PLACEMENT_3D('',#54,#18626,#18627);
#18626=DIRECTION('',(-0.8229835226564066,0,0.5680652439958387));
#18627=DIRECTION('',(0.09452545426518652,0.9860585139210416,0.1369435855372101));
#18628=FACE_BOUND('',#18629,.T.);
#18629=EDGE_LOOP('',(#18630,#18631,#18632));
#18630=ORIENTED_EDGE('',*,*,#18633,.T.);
#18631=ORIENTED_EDGE('',*,*,#18634,.T.);
#18632=ORIENTED_EDGE('',*,*,#18635,.T.);
#18633=EDGE_CURVE('',#55,#581,#18636,.F.);
#18634=EDGE_CURVE('',#581,#585,#18637,.T.);
#18635=EDGE_CURVE('',#585,#55,#18638,.T.);
#18636=LINE('',#54,#18639);
#18637=LINE('',#580,#18640);
#18638=LINE('',#584,#18641);
#18639=VECTOR('',#18642,1.0);
#18640=VECTOR('',#18643,1.0);
#18641=VECTOR('',#18644,1.0);
#18642=DIRECTION('',(0.09452545426518652,0.9860585139210416,0.1369435855372101));
#18643=DIRECTION('',(-0.5680652439958387,0,-0.8229835226564066));
#18644=DIRECTION('',(0,-1,0));
#18645=FACE_SURFACE('',(#18650),#18646,.T.);
#18646=PLANE('',#18647);
#18647=AXIS2_PLACEMENT_3D('',#54,#18648,#18649);
#18648=DIRECTION('',(-0.6631236431797658,0,0.7485098755901587));
#18649=DIRECTION('',(0,1,0));
#18650=FACE_BOUND('',#18651,.T.);
#18651=EDGE_LOOP('',(#18652,#18653,#18654));
#18652=ORIENTED_EDGE('',*,*,#18655,.T.);
#18653=ORIENTED_EDGE('',*,*,#18656,.T.);
#18654=ORIENTED_EDGE('',*,*,#18657,.T.);
#18655=EDGE_CURVE('',#55,#585,#18658,.F.);
#18656=EDGE_CURVE('',#585,#61,#18659,.T.);
#18657=EDGE_CURVE('',#61,#55,#18660,.T.);
#18658=LINE('',#54,#18661);
#18659=LINE('',#584,#18662);
#18660=LINE('',#60,#18663);
#18661=VECTOR('',#18664,1.0);
#18662=VECTOR('',#18665,1.0);
#18663=VECTOR('',#18666,1.0);
#18664=DIRECTION('',(0,1,0));
#18665=DIRECTION('',(-0.12455127459192082,-0.9860585082938056,-0.11034309320896803));
#18666=DIRECTION('',(0.7485098755901587,0,0.6631236431797658));
#18667=FACE_SURFACE('',(#18672),#18668,.T.);
#18668=PLANE('',#18669);
#18669=AXIS2_PLACEMENT_3D('',#60,#18670,#18671);
#18670=DIRECTION('',(-0.6631236431797658,0,0.7485098755901587));
#18671=DIRECTION('',(0.12455127459192082,0.9860585082938056,0.11034309320896803));
#18672=FACE_BOUND('',#18673,.T.);
#18673=EDGE_LOOP('',(#18674,#18675,#18676));
#18674=ORIENTED_EDGE('',*,*,#18677,.T.);
#18675=ORIENTED_EDGE('',*,*,#18678,.T.);
#18676=ORIENTED_EDGE('',*,*,#18679,.T.);
#18677=EDGE_CURVE('',#61,#585,#18680,.F.);
#18678=EDGE_CURVE('',#585,#589,#18681,.T.);
#18679=EDGE_CURVE('',#589,#61,#18682,.T.);
#18680=LINE('',#60,#18683);
#18681=LINE('',#584,#18684);
#18682=LINE('',#588,#18685);
#18683=VECTOR('',#18686,1.0);
#18684=VECTOR('',#18687,1.0);
#18685=VECTOR('',#18688,1.0);
#18686=DIRECTION('',(0.12455127459192082,0.9860585082938056,0.11034309320896803));
#18687=DIRECTION('',(-0.7485098755901587,0,-0.6631236431797658));
#18688=DIRECTION('',(0,-1,0));
#18689=FACE_SURFACE('',(#18694),#18690,.T.);
#18690=PLANE('',#18691);
#18691=AXIS2_PLACEMENT_3D('',#60,#18692,#18693);
#18692=DIRECTION('',(-0.46472313854523434,0,0.8854560432345961));
#18693=DIRECTION('',(0,1,0));
#18694=FACE_BOUND('',#18695,.T.);
#18695=EDGE_LOOP('',(#18696,#18697,#18698));
#18696=ORIENTED_EDGE('',*,*,#18699,.T.);
#18697=ORIENTED_EDGE('',*,*,#18700,.T.);
#18698=ORIENTED_EDGE('',*,*,#18701,.T.);
#18699=EDGE_CURVE('',#61,#589,#18702,.F.);
#18700=EDGE_CURVE('',#589,#65,#18703,.T.);
#18701=EDGE_CURVE('',#65,#61,#18704,.T.);
#18702=LINE('',#60,#18705);
#18703=LINE('',#588,#18706);
#18704=LINE('',#64,#18707);
#18705=VECTOR('',#18708,1.0);
#18706=VECTOR('',#18709,1.0);
#18707=VECTOR('',#18710,1.0);
#18708=DIRECTION('',(0,1,0));
#18709=DIRECTION('',(-0.14733854295509444,-0.9860585908710818,-0.07732922558260993));
#18710=DIRECTION('',(0.8854560432345961,0,0.46472313854523434));
#18711=FACE_SURFACE('',(#18716),#18712,.T.);
#18712=PLANE('',#18713);
#18713=AXIS2_PLACEMENT_3D('',#64,#18714,#18715);
#18714=DIRECTION('',(-0.46472313854523434,0,0.8854560432345961));
#18715=DIRECTION('',(0.14733854295509444,0.9860585908710818,0.07732922558260993));
#18716=FACE_BOUND('',#18717,.T.);
#18717=EDGE_LOOP('',(#18718,#18719,#18720));
#18718=ORIENTED_EDGE('',*,*,#18721,.T.);
#18719=ORIENTED_EDGE('',*,*,#18722,.T.);
#18720=ORIENTED_EDGE('',*,*,#18723,.T.);
#18721=EDGE_CURVE('',#65,#589,#18724,.F.);
#18722=EDGE_CURVE('',#589,#635,#18725,.T.);
#18723=EDGE_CURVE('',#635,#65,#18726,.T.);
#18724=LINE('',#64,#18727);
#18725=LINE('',#588,#18728);
#18726=LINE('',#634,#18729);
#18727=VECTOR('',#18730,1.0);
#18728=VECTOR('',#18731,1.0);
#18729=VECTOR('',#18732,1.0);
#18730=DIRECTION('',(0.14733854295509444,0.9860585908710818,0.07732922558260993));
#18731=DIRECTION('',(-0.8854560432345961,0,-0.46472313854523434));
#18732=DIRECTION('',(0,-1,0));
#18733=FACE_SURFACE('',(#18738),#18734,.T.);
#18734=PLANE('',#18735);
#18735=AXIS2_PLACEMENT_3D('',#64,#18736,#18737);
#18736=DIRECTION('',(-0.23931767701220788,0,0.9709413213317685));
#18737=DIRECTION('',(0,1,0));
#18738=FACE_BOUND('',#18739,.T.);
#18739=EDGE_LOOP('',(#18740,#18741,#18742));
#18740=ORIENTED_EDGE('',*,*,#18743,.T.);
#18741=ORIENTED_EDGE('',*,*,#18744,.T.);
#18742=ORIENTED_EDGE('',*,*,#18745,.T.);
#18743=EDGE_CURVE('',#65,#635,#18746,.F.);
#18744=EDGE_CURVE('',#635,#67,#18747,.T.);
#18745=EDGE_CURVE('',#67,#65,#18748,.T.);
#18746=LINE('',#64,#18749);
#18747=LINE('',#634,#18750);
#18748=LINE('',#66,#18751);
#18749=VECTOR('',#18752,1.0);
#18750=VECTOR('',#18753,1.0);
#18751=VECTOR('',#18754,1.0);
#18752=DIRECTION('',(0,1,0));
#18753=DIRECTION('',(-0.1615636388129825,-0.9860585082794178,-0.039822215700253016));
#18754=DIRECTION('',(0.9709413213317685,0,0.23931767701220788));
#18755=FACE_SURFACE('',(#18760),#18756,.T.);
#18756=PLANE('',#18757);
#18757=AXIS2_PLACEMENT_3D('',#66,#18758,#18759);
#18758=DIRECTION('',(-0.23931767701220788,0,0.9709413213317685));
#18759=DIRECTION('',(0.1615636388129825,0.9860585082794178,0.039822215700253016));
#18760=FACE_BOUND('',#18761,.T.);
#18761=EDGE_LOOP('',(#18762,#18763,#18764));
#18762=ORIENTED_EDGE('',*,*,#18765,.T.);
#18763=ORIENTED_EDGE('',*,*,#18766,.T.);
#18764=ORIENTED_EDGE('',*,*,#18767,.T.);
#18765=EDGE_CURVE('',#67,#635,#18768,.F.);
#18766=EDGE_CURVE('',#635,#633,#18769,.T.);
#18767=EDGE_CURVE('',#633,#67,#18770,.T.);
#18768=LINE('',#66,#18771);
#18769=LINE('',#634,#18772);
#18770=LINE('',#632,#18773);
#18771=VECTOR('',#18774,1.0);
#18772=VECTOR('',#18775,1.0);
#18773=VECTOR('',#18776,1.0);
#18774=DIRECTION('',(0.1615636388129825,0.9860585082794178,0.039822215700253016));
#18775=DIRECTION('',(-0.9709413213317685,0,-0.23931767701220788));
#18776=DIRECTION('',(0,-1,0));
#18777=FACE_SURFACE('',(#18782),#18778,.T.);
#18778=PLANE('',#18779);
#18779=AXIS2_PLACEMENT_3D('',#66,#18780,#18781);
#18780=DIRECTION('',(0,-0,1));
#18781=DIRECTION('',(0,1,0));
#18782=FACE_BOUND('',#18783,.T.);
#18783=EDGE_LOOP('',(#18784,#18785,#18786));
#18784=ORIENTED_EDGE('',*,*,#18787,.T.);
#18785=ORIENTED_EDGE('',*,*,#18788,.T.);
#18786=ORIENTED_EDGE('',*,*,#18789,.T.);
#18787=EDGE_CURVE('',#67,#633,#18790,.F.);
#18788=EDGE_CURVE('',#633,#69,#18791,.T.);
#18789=EDGE_CURVE('',#69,#67,#18792,.T.);
#18790=LINE('',#66,#18793);
#18791=LINE('',#632,#18794);
#18792=LINE('',#68,#18795);
#18793=VECTOR('',#18796,1.0);
#18794=VECTOR('',#18797,1.0);
#18795=VECTOR('',#18798,1.0);
#18796=DIRECTION('',(0,1,0));
#18797=DIRECTION('',(-0.16639860621237987,-0.9860585701927534,0));
#18798=DIRECTION('',(1,0,0));
#18799=FACE_SURFACE('',(#18804),#18800,.T.);
#18800=PLANE('',#18801);
#18801=AXIS2_PLACEMENT_3D('',#68,#18802,#18803);
#18802=DIRECTION('',(0,0,1));
#18803=DIRECTION('',(0.16639860621237987,0.9860585701927534,0));
#18804=FACE_BOUND('',#18805,.T.);
#18805=EDGE_LOOP('',(#18806,#18807,#18808));
#18806=ORIENTED_EDGE('',*,*,#18809,.T.);
#18807=ORIENTED_EDGE('',*,*,#18810,.T.);
#18808=ORIENTED_EDGE('',*,*,#18811,.T.);
#18809=EDGE_CURVE('',#69,#633,#18812,.F.);
#18810=EDGE_CURVE('',#633,#631,#18813,.T.);
#18811=EDGE_CURVE('',#631,#69,#18814,.T.);
#18812=LINE('',#68,#18815);
#18813=LINE('',#632,#18816);
#18814=LINE('',#630,#18817);
#18815=VECTOR('',#18818,1.0);
#18816=VECTOR('',#18819,1.0);
#18817=VECTOR('',#18820,1.0);
#18818=DIRECTION('',(0.16639860621237987,0.9860585701927534,0));
#18819=DIRECTION('',(-1,0,0));
#18820=DIRECTION('',(0,-1,0));
#18821=FACE_SURFACE('',(#18826),#18822,.T.);
#18822=PLANE('',#18823);
#18823=AXIS2_PLACEMENT_3D('',#68,#18824,#18825);
#18824=DIRECTION('',(0.23931833359735202,-0,0.970941159496386));
#18825=DIRECTION('',(0,1,0));
#18826=FACE_BOUND('',#18827,.T.);
#18827=EDGE_LOOP('',(#18828,#18829,#18830));
#18828=ORIENTED_EDGE('',*,*,#18831,.T.);
#18829=ORIENTED_EDGE('',*,*,#18832,.T.);
#18830=ORIENTED_EDGE('',*,*,#18833,.T.);
#18831=EDGE_CURVE('',#69,#631,#18834,.F.);
#18832=EDGE_CURVE('',#631,#71,#18835,.T.);
#18833=EDGE_CURVE('',#71,#69,#18836,.T.);
#18834=LINE('',#68,#18837);
#18835=LINE('',#630,#18838);
#18836=LINE('',#70,#18839);
#18837=VECTOR('',#18840,1.0);
#18838=VECTOR('',#18841,1.0);
#18839=VECTOR('',#18842,1.0);
#18840=DIRECTION('',(0,1,0));
#18841=DIRECTION('',(-0.16156318089685606,-0.9860585831857452,0.0398222187253635));
#18842=DIRECTION('',(0.970941159496386,0,-0.23931833359735202));
#18843=FACE_SURFACE('',(#18848),#18844,.T.);
#18844=PLANE('',#18845);
#18845=AXIS2_PLACEMENT_3D('',#70,#18846,#18847);
#18846=DIRECTION('',(0.23931833359735202,-0,0.970941159496386));
#18847=DIRECTION('',(0.16156318089685606,0.9860585831857452,-0.0398222187253635));
#18848=FACE_BOUND('',#18849,.T.);
#18849=EDGE_LOOP('',(#18850,#18851,#18852));
#18850=ORIENTED_EDGE('',*,*,#18853,.T.);
#18851=ORIENTED_EDGE('',*,*,#18854,.T.);
#18852=ORIENTED_EDGE('',*,*,#18855,.T.);
#18853=EDGE_CURVE('',#71,#631,#18856,.F.);
#18854=EDGE_CURVE('',#631,#629,#18857,.T.);
#18855=EDGE_CURVE('',#629,#71,#18858,.T.);
#18856=LINE('',#70,#18859);
#18857=LINE('',#630,#18860);
#18858=LINE('',#628,#18861);
#18859=VECTOR('',#18862,1.0);
#18860=VECTOR('',#18863,1.0);
#18861=VECTOR('',#18864,1.0);
#18862=DIRECTION('',(0.16156318089685606,0.9860585831857452,-0.0398222187253635));
#18863=DIRECTION('',(-0.970941159496386,0,0.23931833359735202));
#18864=DIRECTION('',(0,-1,0));
#18865=FACE_SURFACE('',(#18870),#18866,.T.);
#18866=PLANE('',#18867);
#18867=AXIS2_PLACEMENT_3D('',#70,#18868,#18869);
#18868=DIRECTION('',(0.4647219758020199,-0,0.8854566534882817));
#18869=DIRECTION('',(0,1,0));
#18870=FACE_BOUND('',#18871,.T.);
#18871=EDGE_LOOP('',(#18872,#18873,#18874));
#18872=ORIENTED_EDGE('',*,*,#18875,.T.);
#18873=ORIENTED_EDGE('',*,*,#18876,.T.);
#18874=ORIENTED_EDGE('',*,*,#18877,.T.);
#18875=EDGE_CURVE('',#71,#629,#18878,.F.);
#18876=EDGE_CURVE('',#629,#73,#18879,.T.);
#18877=EDGE_CURVE('',#73,#71,#18880,.T.);
#18878=LINE('',#70,#18881);
#18879=LINE('',#628,#18882);
#18880=LINE('',#72,#18883);
#18881=VECTOR('',#18884,1.0);
#18882=VECTOR('',#18885,1.0);
#18883=VECTOR('',#18886,1.0);
#18884=DIRECTION('',(0,1,0));
#18885=DIRECTION('',(-0.1473390029372481,-0.9860585225597817,0.07732922022546383));
#18886=DIRECTION('',(0.8854566534882817,0,-0.4647219758020199));
#18887=FACE_SURFACE('',(#18892),#18888,.T.);
#18888=PLANE('',#18889);
#18889=AXIS2_PLACEMENT_3D('',#72,#18890,#18891);
#18890=DIRECTION('',(0.4647219758020199,-0,0.8854566534882817));
#18891=DIRECTION('',(0.1473390029372481,0.9860585225597817,-0.07732922022546383));
#18892=FACE_BOUND('',#18893,.T.);
#18893=EDGE_LOOP('',(#18894,#18895,#18896));
#18894=ORIENTED_EDGE('',*,*,#18897,.T.);
#18895=ORIENTED_EDGE('',*,*,#18898,.T.);
#18896=ORIENTED_EDGE('',*,*,#18899,.T.);
#18897=EDGE_CURVE('',#73,#629,#18900,.F.);
#18898=EDGE_CURVE('',#629,#627,#18901,.T.);
#18899=EDGE_CURVE('',#627,#73,#18902,.T.);
#18900=LINE('',#72,#18903);
#18901=LINE('',#628,#18904);
#18902=LINE('',#626,#18905);
#18903=VECTOR('',#18906,1.0);
#18904=VECTOR('',#18907,1.0);
#18905=VECTOR('',#18908,1.0);
#18906=DIRECTION('',(0.1473390029372481,0.9860585225597817,-0.07732922022546383));
#18907=DIRECTION('',(-0.8854566534882817,0,0.4647219758020199));
#18908=DIRECTION('',(0,-1,0));
#18909=FACE_SURFACE('',(#18914),#18910,.T.);
#18910=PLANE('',#18911);
#18911=AXIS2_PLACEMENT_3D('',#72,#18912,#18913);
#18912=DIRECTION('',(0.663125045718098,-0,0.748508633043982));
#18913=DIRECTION('',(0,1,0));
#18914=FACE_BOUND('',#18915,.T.);
#18915=EDGE_LOOP('',(#18916,#18917,#18918));
#18916=ORIENTED_EDGE('',*,*,#18919,.T.);
#18917=ORIENTED_EDGE('',*,*,#18920,.T.);
#18918=ORIENTED_EDGE('',*,*,#18921,.T.);
#18919=EDGE_CURVE('',#73,#627,#18922,.F.);
#18920=EDGE_CURVE('',#627,#75,#18923,.T.);
#18921=EDGE_CURVE('',#75,#73,#18924,.T.);
#18922=LINE('',#72,#18925);
#18923=LINE('',#626,#18926);
#18924=LINE('',#74,#18927);
#18925=VECTOR('',#18928,1.0);
#18926=VECTOR('',#18929,1.0);
#18927=VECTOR('',#18930,1.0);
#18928=DIRECTION('',(0,1,0));
#18929=DIRECTION('',(-0.12455081169659982,-0.9860585660399316,0.11034309967094377));
#18930=DIRECTION('',(0.748508633043982,0,-0.663125045718098));
#18931=FACE_SURFACE('',(#18936),#18932,.T.);
#18932=PLANE('',#18933);
#18933=AXIS2_PLACEMENT_3D('',#74,#18934,#18935);
#18934=DIRECTION('',(0.663125045718098,-0,0.748508633043982));
#18935=DIRECTION('',(0.12455081169659982,0.9860585660399316,-0.11034309967094377));
#18936=FACE_BOUND('',#18937,.T.);
#18937=EDGE_LOOP('',(#18938,#18939,#18940));
#18938=ORIENTED_EDGE('',*,*,#18941,.T.);
#18939=ORIENTED_EDGE('',*,*,#18942,.T.);
#18940=ORIENTED_EDGE('',*,*,#18943,.T.);
#18941=EDGE_CURVE('',#75,#627,#18944,.F.);
#18942=EDGE_CURVE('',#627,#625,#18945,.T.);
#18943=EDGE_CURVE('',#625,#75,#18946,.T.);
#18944=LINE('',#74,#18947);
#18945=LINE('',#626,#18948);
#18946=LINE('',#624,#18949);
#18947=VECTOR('',#18950,1.0);
#18948=VECTOR('',#18951,1.0);
#18949=VECTOR('',#18952,1.0);
#18950=DIRECTION('',(0.12455081169659982,0.9860585660399316,-0.11034309967094377));
#18951=DIRECTION('',(-0.748508633043982,0,0.663125045718098));
#18952=DIRECTION('',(0,-1,0));
#18953=FACE_SURFACE('',(#18958),#18954,.T.);
#18954=PLANE('',#18955);
#18955=AXIS2_PLACEMENT_3D('',#74,#18956,#18957);
#18956=DIRECTION('',(0.8229822016296414,-0,0.5680671578262806));
#18957=DIRECTION('',(0,1,0));
#18958=FACE_BOUND('',#18959,.T.);
#18959=EDGE_LOOP('',(#18960,#18961,#18962));
#18960=ORIENTED_EDGE('',*,*,#18963,.T.);
#18961=ORIENTED_EDGE('',*,*,#18964,.T.);
#18962=ORIENTED_EDGE('',*,*,#18965,.T.);
#18963=EDGE_CURVE('',#75,#625,#18966,.F.);
#18964=EDGE_CURVE('',#625,#77,#18967,.T.);
#18965=EDGE_CURVE('',#77,#75,#18968,.T.);
#18966=LINE('',#74,#18969);
#18967=LINE('',#624,#18970);
#18968=LINE('',#76,#18971);
#18969=VECTOR('',#18972,1.0);
#18970=VECTOR('',#18973,1.0);
#18971=VECTOR('',#18974,1.0);
#18972=DIRECTION('',(0,1,0));
#18973=DIRECTION('',(-0.09452592025332437,-0.9860584700957019,0.13694357945075672));
#18974=DIRECTION('',(0.5680671578262806,0,-0.8229822016296414));
#18975=FACE_SURFACE('',(#18980),#18976,.T.);
#18976=PLANE('',#18977);
#18977=AXIS2_PLACEMENT_3D('',#76,#18978,#18979);
#18978=DIRECTION('',(0.8229822016296414,-0,0.5680671578262806));
#18979=DIRECTION('',(0.09452592025332437,0.9860584700957019,-0.13694357945075672));
#18980=FACE_BOUND('',#18981,.T.);
#18981=EDGE_LOOP('',(#18982,#18983,#18984));
#18982=ORIENTED_EDGE('',*,*,#18985,.T.);
#18983=ORIENTED_EDGE('',*,*,#18986,.T.);
#18984=ORIENTED_EDGE('',*,*,#18987,.T.);
#18985=EDGE_CURVE('',#77,#625,#18988,.F.);
#18986=EDGE_CURVE('',#625,#623,#18989,.T.);
#18987=EDGE_CURVE('',#623,#77,#18990,.T.);
#18988=LINE('',#76,#18991);
#18989=LINE('',#624,#18992);
#18990=LINE('',#622,#18993);
#18991=VECTOR('',#18994,1.0);
#18992=VECTOR('',#18995,1.0);
#18993=VECTOR('',#18996,1.0);
#18994=DIRECTION('',(0.09452592025332437,0.9860584700957019,-0.13694357945075672));
#18995=DIRECTION('',(-0.5680671578262806,0,0.8229822016296414));
#18996=DIRECTION('',(0,-1,0));
#18997=FACE_SURFACE('',(#19002),#18998,.T.);
#18998=PLANE('',#18999);
#18999=AXIS2_PLACEMENT_3D('',#76,#19000,#19001);
#19000=DIRECTION('',(0.935015360471418,-0,0.35460721324093863));
#19001=DIRECTION('',(0,1,0));
#19002=FACE_BOUND('',#19003,.T.);
#19003=EDGE_LOOP('',(#19004,#19005,#19006));
#19004=ORIENTED_EDGE('',*,*,#19007,.T.);
#19005=ORIENTED_EDGE('',*,*,#19008,.T.);
#19006=ORIENTED_EDGE('',*,*,#19009,.T.);
#19007=EDGE_CURVE('',#77,#623,#19010,.F.);
#19008=EDGE_CURVE('',#623,#79,#19011,.T.);
#19009=EDGE_CURVE('',#79,#77,#19012,.T.);
#19010=LINE('',#76,#19013);
#19011=LINE('',#622,#19014);
#19012=LINE('',#78,#19015);
#19013=VECTOR('',#19016,1.0);
#19014=VECTOR('',#19017,1.0);
#19015=VECTOR('',#19018,1.0);
#19016=DIRECTION('',(0,1,0));
#19017=DIRECTION('',(-0.05900594993541456,-0.9860586635134311,0.15558473569835057));
#19018=DIRECTION('',(0.35460721324093863,0,-0.935015360471418));
#19019=FACE_SURFACE('',(#19024),#19020,.T.);
#19020=PLANE('',#19021);
#19021=AXIS2_PLACEMENT_3D('',#78,#19022,#19023);
#19022=DIRECTION('',(0.935015360471418,-0,0.35460721324093863));
#19023=DIRECTION('',(0.05900594993541456,0.9860586635134311,-0.15558473569835057));
#19024=FACE_BOUND('',#19025,.T.);
#19025=EDGE_LOOP('',(#19026,#19027,#19028));
#19026=ORIENTED_EDGE('',*,*,#19029,.T.);
#19027=ORIENTED_EDGE('',*,*,#19030,.T.);
#19028=ORIENTED_EDGE('',*,*,#19031,.T.);
#19029=EDGE_CURVE('',#79,#623,#19032,.F.);
#19030=EDGE_CURVE('',#623,#621,#19033,.T.);
#19031=EDGE_CURVE('',#621,#79,#19034,.T.);
#19032=LINE('',#78,#19035);
#19033=LINE('',#622,#19036);
#19034=LINE('',#620,#19037);
#19035=VECTOR('',#19038,1.0);
#19036=VECTOR('',#19039,1.0);
#19037=VECTOR('',#19040,1.0);
#19038=DIRECTION('',(0.05900594993541456,0.9860586635134311,-0.15558473569835057));
#19039=DIRECTION('',(-0.35460721324093863,0,0.935015360471418));
#19040=DIRECTION('',(0,-1,0));
#19041=FACE_SURFACE('',(#19046),#19042,.T.);
#19042=PLANE('',#19043);
#19043=AXIS2_PLACEMENT_3D('',#78,#19044,#19045);
#19044=DIRECTION('',(0.992709458449025,-0,0.12053186759460549));
#19045=DIRECTION('',(0,1,0));
#19046=FACE_BOUND('',#19047,.T.);
#19047=EDGE_LOOP('',(#19048,#19049,#19050));
#19048=ORIENTED_EDGE('',*,*,#19051,.T.);
#19049=ORIENTED_EDGE('',*,*,#19052,.T.);
#19050=ORIENTED_EDGE('',*,*,#19053,.T.);
#19051=EDGE_CURVE('',#79,#621,#19054,.F.);
#19052=EDGE_CURVE('',#621,#81,#19055,.T.);
#19053=EDGE_CURVE('',#81,#79,#19056,.T.);
#19054=LINE('',#78,#19057);
#19055=LINE('',#620,#19058);
#19056=LINE('',#80,#19059);
#19057=VECTOR('',#19060,1.0);
#19058=VECTOR('',#19061,1.0);
#19059=VECTOR('',#19062,1.0);
#19060=DIRECTION('',(0,1,0));
#19061=DIRECTION('',(-0.020056395874520967,-0.986058484645616,0.16518597350536754));
#19062=DIRECTION('',(0.12053186759460549,0,-0.992709458449025));
#19063=FACE_SURFACE('',(#19068),#19064,.T.);
#19064=PLANE('',#19065);
#19065=AXIS2_PLACEMENT_3D('',#80,#19066,#19067);
#19066=DIRECTION('',(0.992709458449025,-0,0.12053186759460549));
#19067=DIRECTION('',(0.020056395874520967,0.986058484645616,-0.16518597350536754));
#19068=FACE_BOUND('',#19069,.T.);
#19069=EDGE_LOOP('',(#19070,#19071,#19072));
#19070=ORIENTED_EDGE('',*,*,#19073,.T.);
#19071=ORIENTED_EDGE('',*,*,#19074,.T.);
#19072=ORIENTED_EDGE('',*,*,#19075,.T.);
#19073=EDGE_CURVE('',#81,#621,#19076,.F.);
#19074=EDGE_CURVE('',#621,#497,#19077,.T.);
#19075=EDGE_CURVE('',#497,#81,#19078,.T.);
#19076=LINE('',#80,#19079);
#19077=LINE('',#620,#19080);
#19078=LINE('',#496,#19081);
#19079=VECTOR('',#19082,1.0);
#19080=VECTOR('',#19083,1.0);
#19081=VECTOR('',#19084,1.0);
#19082=DIRECTION('',(0.020056395874520967,0.986058484645616,-0.16518597350536754));
#19083=DIRECTION('',(-0.12053186759460549,0,0.992709458449025));
#19084=DIRECTION('',(0,-1,0));
#19085=FACE_SURFACE('',(#19090),#19086,.T.);
#19086=PLANE('',#19087);
#19087=AXIS2_PLACEMENT_3D('',#80,#19088,#19089);
#19088=DIRECTION('',(0.9927093763459959,0,-0.12053254379935671));
#19089=DIRECTION('',(0,1,0));
#19090=FACE_BOUND('',#19091,.T.);
#19091=EDGE_LOOP('',(#19092,#19093,#19094));
#19092=ORIENTED_EDGE('',*,*,#19095,.T.);
#19093=ORIENTED_EDGE('',*,*,#19096,.T.);
#19094=ORIENTED_EDGE('',*,*,#19097,.T.);
#19095=EDGE_CURVE('',#81,#497,#19098,.F.);
#19096=EDGE_CURVE('',#497,#83,#19099,.T.);
#19097=EDGE_CURVE('',#83,#81,#19100,.T.);
#19098=LINE('',#80,#19101);
#19099=LINE('',#496,#19102);
#19100=LINE('',#82,#19103);
#19101=VECTOR('',#19104,1.0);
#19102=VECTOR('',#19105,1.0);
#19103=VECTOR('',#19106,1.0);
#19104=DIRECTION('',(0,1,0));
#19105=DIRECTION('',(0.02005639899002047,-0.9860586378169405,0.16518505878605666));
#19106=DIRECTION('',(-0.12053254379935671,0,-0.9927093763459959));
#19107=FACE_SURFACE('',(#19112),#19108,.T.);
#19108=PLANE('',#19109);
#19109=AXIS2_PLACEMENT_3D('',#82,#19110,#19111);
#19110=DIRECTION('',(0.9927093763459959,0,-0.12053254379935671));
#19111=DIRECTION('',(-0.02005639899002047,0.9860586378169405,-0.16518505878605666));
#19112=FACE_BOUND('',#19113,.T.);
#19113=EDGE_LOOP('',(#19114,#19115,#19116));
#19114=ORIENTED_EDGE('',*,*,#19117,.T.);
#19115=ORIENTED_EDGE('',*,*,#19118,.T.);
#19116=ORIENTED_EDGE('',*,*,#19119,.T.);
#19117=EDGE_CURVE('',#83,#497,#19120,.F.);
#19118=EDGE_CURVE('',#497,#495,#19121,.T.);
#19119=EDGE_CURVE('',#495,#83,#19122,.T.);
#19120=LINE('',#82,#19123);
#19121=LINE('',#496,#19124);
#19122=LINE('',#494,#19125);
#19123=VECTOR('',#19126,1.0);
#19124=VECTOR('',#19127,1.0);
#19125=VECTOR('',#19128,1.0);
#19126=DIRECTION('',(-0.02005639899002047,0.9860586378169405,-0.16518505878605666));
#19127=DIRECTION('',(0.12053254379935671,0,0.9927093763459959));
#19128=DIRECTION('',(0,-1,0));
#19129=FACE_SURFACE('',(#19134),#19130,.T.);
#19130=PLANE('',#19131);
#19131=AXIS2_PLACEMENT_3D('',#82,#19132,#19133);
#19132=DIRECTION('',(0.9350160711059178,0,-0.35460533946015727));
#19133=DIRECTION('',(0,1,0));
#19134=FACE_BOUND('',#19135,.T.);
#19135=EDGE_LOOP('',(#19136,#19137,#19138));
#19136=ORIENTED_EDGE('',*,*,#19139,.T.);
#19137=ORIENTED_EDGE('',*,*,#19140,.T.);
#19138=ORIENTED_EDGE('',*,*,#19141,.T.);
#19139=EDGE_CURVE('',#83,#495,#19142,.F.);
#19140=EDGE_CURVE('',#495,#87,#19143,.T.);
#19141=EDGE_CURVE('',#87,#83,#19144,.T.);
#19142=LINE('',#82,#19145);
#19143=LINE('',#494,#19146);
#19144=LINE('',#86,#19147);
#19145=VECTOR('',#19148,1.0);
#19146=VECTOR('',#19149,1.0);
#19147=VECTOR('',#19150,1.0);
#19148=DIRECTION('',(0,1,0));
#19149=DIRECTION('',(0.05900594130231301,-0.9860585192441736,0.15558565331358767));
#19150=DIRECTION('',(-0.35460533946015727,0,-0.9350160711059178));
#19151=FACE_SURFACE('',(#19156),#19152,.T.);
#19152=PLANE('',#19153);
#19153=AXIS2_PLACEMENT_3D('',#86,#19154,#19155);
#19154=DIRECTION('',(0.9350160711059178,0,-0.35460533946015727));
#19155=DIRECTION('',(-0.05900594130231301,0.9860585192441736,-0.15558565331358767));
#19156=FACE_BOUND('',#19157,.T.);
#19157=EDGE_LOOP('',(#19158,#19159,#19160));
#19158=ORIENTED_EDGE('',*,*,#19161,.T.);
#19159=ORIENTED_EDGE('',*,*,#19162,.T.);
#19160=ORIENTED_EDGE('',*,*,#19163,.T.);
#19161=EDGE_CURVE('',#87,#495,#19164,.F.);
#19162=EDGE_CURVE('',#495,#493,#19165,.T.);
#19163=EDGE_CURVE('',#493,#87,#19166,.T.);
#19164=LINE('',#86,#19167);
#19165=LINE('',#494,#19168);
#19166=LINE('',#492,#19169);
#19167=VECTOR('',#19170,1.0);
#19168=VECTOR('',#19171,1.0);
#19169=VECTOR('',#19172,1.0);
#19170=DIRECTION('',(-0.05900594130231301,0.9860585192441736,-0.15558565331358767));
#19171=DIRECTION('',(0.35460533946015727,0,0.9350160711059178));
#19172=DIRECTION('',(0,-1,0));
#19173=FACE_SURFACE('',(#19178),#19174,.T.);
#19174=PLANE('',#19175);
#19175=AXIS2_PLACEMENT_3D('',#86,#19176,#19177);
#19176=DIRECTION('',(0.8229822016296414,0,-0.5680671578262806));
#19177=DIRECTION('',(0,1,0));
#19178=FACE_BOUND('',#19179,.T.);
#19179=EDGE_LOOP('',(#19180,#19181,#19182));
#19180=ORIENTED_EDGE('',*,*,#19183,.T.);
#19181=ORIENTED_EDGE('',*,*,#19184,.T.);
#19182=ORIENTED_EDGE('',*,*,#19185,.T.);
#19183=EDGE_CURVE('',#87,#493,#19186,.F.);
#19184=EDGE_CURVE('',#493,#89,#19187,.T.);
#19185=EDGE_CURVE('',#89,#87,#19188,.T.);
#19186=LINE('',#86,#19189);
#19187=LINE('',#492,#19190);
#19188=LINE('',#88,#19191);
#19189=VECTOR('',#19192,1.0);
#19190=VECTOR('',#19193,1.0);
#19191=VECTOR('',#19194,1.0);
#19192=DIRECTION('',(0,1,0));
#19193=DIRECTION('',(0.09452592025332437,-0.9860584700957019,0.13694357945075672));
#19194=DIRECTION('',(-0.5680671578262806,0,-0.8229822016296414));
#19195=FACE_SURFACE('',(#19200),#19196,.T.);
#19196=PLANE('',#19197);
#19197=AXIS2_PLACEMENT_3D('',#88,#19198,#19199);
#19198=DIRECTION('',(0.8229822016296414,0,-0.5680671578262806));
#19199=DIRECTION('',(-0.09452592025332437,0.9860584700957019,-0.13694357945075672));
#19200=FACE_BOUND('',#19201,.T.);
#19201=EDGE_LOOP('',(#19202,#19203,#19204));
#19202=ORIENTED_EDGE('',*,*,#19205,.T.);
#19203=ORIENTED_EDGE('',*,*,#19206,.T.);
#19204=ORIENTED_EDGE('',*,*,#19207,.T.);
#19205=EDGE_CURVE('',#89,#493,#19208,.F.);
#19206=EDGE_CURVE('',#493,#491,#19209,.T.);
#19207=EDGE_CURVE('',#491,#89,#19210,.T.);
#19208=LINE('',#88,#19211);
#19209=LINE('',#492,#19212);
#19210=LINE('',#490,#19213);
#19211=VECTOR('',#19214,1.0);
#19212=VECTOR('',#19215,1.0);
#19213=VECTOR('',#19216,1.0);
#19214=DIRECTION('',(-0.09452592025332437,0.9860584700957019,-0.13694357945075672));
#19215=DIRECTION('',(0.5680671578262806,0,0.8229822016296414));
#19216=DIRECTION('',(0,-1,0));
#19217=FACE_SURFACE('',(#19222),#19218,.T.);
#19218=PLANE('',#19219);
#19219=AXIS2_PLACEMENT_3D('',#88,#19220,#19221);
#19220=DIRECTION('',(0.663125045718098,0,-0.748508633043982));
#19221=DIRECTION('',(0,1,0));
#19222=FACE_BOUND('',#19223,.T.);
#19223=EDGE_LOOP('',(#19224,#19225,#19226));
#19224=ORIENTED_EDGE('',*,*,#19227,.T.);
#19225=ORIENTED_EDGE('',*,*,#19228,.T.);
#19226=ORIENTED_EDGE('',*,*,#19229,.T.);
#19227=EDGE_CURVE('',#89,#491,#19230,.F.);
#19228=EDGE_CURVE('',#491,#91,#19231,.T.);
#19229=EDGE_CURVE('',#91,#89,#19232,.T.);
#19230=LINE('',#88,#19233);
#19231=LINE('',#490,#19234);
#19232=LINE('',#90,#19235);
#19233=VECTOR('',#19236,1.0);
#19234=VECTOR('',#19237,1.0);
#19235=VECTOR('',#19238,1.0);
#19236=DIRECTION('',(0,1,0));
#19237=DIRECTION('',(0.12455081169659982,-0.9860585660399316,0.11034309967094377));
#19238=DIRECTION('',(-0.748508633043982,0,-0.663125045718098));
#19239=FACE_SURFACE('',(#19244),#19240,.T.);
#19240=PLANE('',#19241);
#19241=AXIS2_PLACEMENT_3D('',#90,#19242,#19243);
#19242=DIRECTION('',(0.663125045718098,0,-0.748508633043982));
#19243=DIRECTION('',(-0.12455081169659982,0.9860585660399316,-0.11034309967094377));
#19244=FACE_BOUND('',#19245,.T.);
#19245=EDGE_LOOP('',(#19246,#19247,#19248));
#19246=ORIENTED_EDGE('',*,*,#19249,.T.);
#19247=ORIENTED_EDGE('',*,*,#19250,.T.);
#19248=ORIENTED_EDGE('',*,*,#19251,.T.);
#19249=EDGE_CURVE('',#91,#491,#19252,.F.);
#19250=EDGE_CURVE('',#491,#487,#19253,.T.);
#19251=EDGE_CURVE('',#487,#91,#19254,.T.);
#19252=LINE('',#90,#19255);
#19253=LINE('',#490,#19256);
#19254=LINE('',#486,#19257);
#19255=VECTOR('',#19258,1.0);
#19256=VECTOR('',#19259,1.0);
#19257=VECTOR('',#19260,1.0);
#19258=DIRECTION('',(-0.12455081169659982,0.9860585660399316,-0.11034309967094377));
#19259=DIRECTION('',(0.748508633043982,0,0.663125045718098));
#19260=DIRECTION('',(0,-1,0));
#19261=FACE_SURFACE('',(#19266),#19262,.T.);
#19262=PLANE('',#19263);
#19263=AXIS2_PLACEMENT_3D('',#90,#19264,#19265);
#19264=DIRECTION('',(0.4647219758020199,0,-0.8854566534882817));
#19265=DIRECTION('',(0,1,0));
#19266=FACE_BOUND('',#19267,.T.);
#19267=EDGE_LOOP('',(#19268,#19269,#19270));
#19268=ORIENTED_EDGE('',*,*,#19271,.T.);
#19269=ORIENTED_EDGE('',*,*,#19272,.T.);
#19270=ORIENTED_EDGE('',*,*,#19273,.T.);
#19271=EDGE_CURVE('',#91,#487,#19274,.F.);
#19272=EDGE_CURVE('',#487,#103,#19275,.T.);
#19273=EDGE_CURVE('',#103,#91,#19276,.T.);
#19274=LINE('',#90,#19277);
#19275=LINE('',#486,#19278);
#19276=LINE('',#102,#19279);
#19277=VECTOR('',#19280,1.0);
#19278=VECTOR('',#19281,1.0);
#19279=VECTOR('',#19282,1.0);
#19280=DIRECTION('',(0,1,0));
#19281=DIRECTION('',(0.1473390029372481,-0.9860585225597817,0.07732922022546383));
#19282=DIRECTION('',(-0.8854566534882817,0,-0.4647219758020199));
#19283=FACE_SURFACE('',(#19288),#19284,.T.);
#19284=PLANE('',#19285);
#19285=AXIS2_PLACEMENT_3D('',#102,#19286,#19287);
#19286=DIRECTION('',(0.4647219758020199,0,-0.8854566534882817));
#19287=DIRECTION('',(-0.1473390029372481,0.9860585225597817,-0.07732922022546383));
#19288=FACE_BOUND('',#19289,.T.);
#19289=EDGE_LOOP('',(#19290,#19291,#19292));
#19290=ORIENTED_EDGE('',*,*,#19293,.T.);
#19291=ORIENTED_EDGE('',*,*,#19294,.T.);
#19292=ORIENTED_EDGE('',*,*,#19295,.T.);
#19293=EDGE_CURVE('',#103,#487,#19296,.F.);
#19294=EDGE_CURVE('',#487,#483,#19297,.T.);
#19295=EDGE_CURVE('',#483,#103,#19298,.T.);
#19296=LINE('',#102,#19299);
#19297=LINE('',#486,#19300);
#19298=LINE('',#482,#19301);
#19299=VECTOR('',#19302,1.0);
#19300=VECTOR('',#19303,1.0);
#19301=VECTOR('',#19304,1.0);
#19302=DIRECTION('',(-0.1473390029372481,0.9860585225597817,-0.07732922022546383));
#19303=DIRECTION('',(0.8854566534882817,0,0.4647219758020199));
#19304=DIRECTION('',(0,-1,0));
#19305=FACE_SURFACE('',(#19310),#19306,.T.);
#19306=PLANE('',#19307);
#19307=AXIS2_PLACEMENT_3D('',#102,#19308,#19309);
#19308=DIRECTION('',(0.23931300589411436,0,-0.9709424726573267));
#19309=DIRECTION('',(0,1,0));
#19310=FACE_BOUND('',#19311,.T.);
#19311=EDGE_LOOP('',(#19312,#19313,#19314));
#19312=ORIENTED_EDGE('',*,*,#19315,.T.);
#19313=ORIENTED_EDGE('',*,*,#19316,.T.);
#19314=ORIENTED_EDGE('',*,*,#19317,.T.);
#19315=EDGE_CURVE('',#103,#483,#19318,.F.);
#19316=EDGE_CURVE('',#483,#107,#19319,.T.);
#19317=EDGE_CURVE('',#107,#103,#19320,.T.);
#19318=LINE('',#102,#19321);
#19319=LINE('',#482,#19322);
#19320=LINE('',#106,#19323);
#19321=VECTOR('',#19324,1.0);
#19322=VECTOR('',#19325,1.0);
#19323=VECTOR('',#19326,1.0);
#19324=DIRECTION('',(0,1,0));
#19325=DIRECTION('',(0.1615631869469978,-0.9860586201112017,0.03982127983782668));
#19326=DIRECTION('',(-0.9709424726573267,0,-0.23931300589411436));
#19327=FACE_SURFACE('',(#19332),#19328,.T.);
#19328=PLANE('',#19329);
#19329=AXIS2_PLACEMENT_3D('',#106,#19330,#19331);
#19330=DIRECTION('',(0.23931300589411436,0,-0.9709424726573267));
#19331=DIRECTION('',(-0.1615631869469978,0.9860586201112017,-0.03982127983782668));
#19332=FACE_BOUND('',#19333,.T.);
#19333=EDGE_LOOP('',(#19334,#19335,#19336));
#19334=ORIENTED_EDGE('',*,*,#19337,.T.);
#19335=ORIENTED_EDGE('',*,*,#19338,.T.);
#19336=ORIENTED_EDGE('',*,*,#19339,.T.);
#19337=EDGE_CURVE('',#107,#483,#19340,.F.);
#19338=EDGE_CURVE('',#483,#479,#19341,.T.);
#19339=EDGE_CURVE('',#479,#107,#19342,.T.);
#19340=LINE('',#106,#19343);
#19341=LINE('',#482,#19344);
#19342=LINE('',#478,#19345);
#19343=VECTOR('',#19346,1.0);
#19344=VECTOR('',#19347,1.0);
#19345=VECTOR('',#19348,1.0);
#19346=DIRECTION('',(-0.1615631869469978,0.9860586201112017,-0.03982127983782668));
#19347=DIRECTION('',(0.9709424726573267,0,0.23931300589411436));
#19348=DIRECTION('',(0,-1,0));
#19349=FACE_SURFACE('',(#19354),#19350,.T.);
#19350=PLANE('',#19351);
#19351=AXIS2_PLACEMENT_3D('',#106,#19352,#19353);
#19352=DIRECTION('',(0,0,-1));
#19353=DIRECTION('',(0,1,0));
#19354=FACE_BOUND('',#19355,.T.);
#19355=EDGE_LOOP('',(#19356,#19357,#19358));
#19356=ORIENTED_EDGE('',*,*,#19359,.T.);
#19357=ORIENTED_EDGE('',*,*,#19360,.T.);
#19358=ORIENTED_EDGE('',*,*,#19361,.T.);
#19359=EDGE_CURVE('',#107,#479,#19362,.F.);
#19360=EDGE_CURVE('',#479,#111,#19363,.T.);
#19361=EDGE_CURVE('',#111,#107,#19364,.T.);
#19362=LINE('',#106,#19365);
#19363=LINE('',#478,#19366);
#19364=LINE('',#110,#19367);
#19365=VECTOR('',#19368,1.0);
#19366=VECTOR('',#19369,1.0);
#19367=VECTOR('',#19370,1.0);
#19368=DIRECTION('',(0,1,0));
#19369=DIRECTION('',(0.16639860621237987,-0.9860585701927534,0));
#19370=DIRECTION('',(-1,0,0));
#19371=FACE_SURFACE('',(#19376),#19372,.T.);
#19372=PLANE('',#19373);
#19373=AXIS2_PLACEMENT_3D('',#110,#19374,#19375);
#19374=DIRECTION('',(0,0,-1));
#19375=DIRECTION('',(-0.16639860621237987,0.9860585701927534,0));
#19376=FACE_BOUND('',#19377,.T.);
#19377=EDGE_LOOP('',(#19378,#19379,#19380));
#19378=ORIENTED_EDGE('',*,*,#19381,.T.);
#19379=ORIENTED_EDGE('',*,*,#19382,.T.);
#19380=ORIENTED_EDGE('',*,*,#19383,.T.);
#19381=EDGE_CURVE('',#111,#479,#19384,.F.);
#19382=EDGE_CURVE('',#479,#475,#19385,.T.);
#19383=EDGE_CURVE('',#475,#111,#19386,.T.);
#19384=LINE('',#110,#19387);
#19385=LINE('',#478,#19388);
#19386=LINE('',#474,#19389);
#19387=VECTOR('',#19390,1.0);
#19388=VECTOR('',#19391,1.0);
#19389=VECTOR('',#19392,1.0);
#19390=DIRECTION('',(-0.16639860621237987,0.9860585701927534,0));
#19391=DIRECTION('',(1,0,0));
#19392=DIRECTION('',(0,-1,0));
#19393=FACE_SURFACE('',(#19398),#19394,.T.);
#19394=PLANE('',#19395);
#19395=AXIS2_PLACEMENT_3D('',#110,#19396,#19397);
#19396=DIRECTION('',(-0.23931234932181114,0,-0.9709426344857225));
#19397=DIRECTION('',(0,1,0));
#19398=FACE_BOUND('',#19399,.T.);
#19399=EDGE_LOOP('',(#19400,#19401,#19402));
#19400=ORIENTED_EDGE('',*,*,#19403,.T.);
#19401=ORIENTED_EDGE('',*,*,#19404,.T.);
#19402=ORIENTED_EDGE('',*,*,#19405,.T.);
#19403=EDGE_CURVE('',#111,#475,#19406,.F.);
#19404=EDGE_CURVE('',#475,#115,#19407,.T.);
#19405=EDGE_CURVE('',#115,#111,#19408,.T.);
#19406=LINE('',#110,#19409);
#19407=LINE('',#474,#19410);
#19408=LINE('',#114,#19411);
#19409=VECTOR('',#19412,1.0);
#19410=VECTOR('',#19413,1.0);
#19411=VECTOR('',#19414,1.0);
#19412=DIRECTION('',(0,1,0));
#19413=DIRECTION('',(0.16156364486314048,-0.9860585452048659,-0.03982127681278729));
#19414=DIRECTION('',(-0.9709426344857225,0,0.23931234932181114));
#19415=FACE_SURFACE('',(#19420),#19416,.T.);
#19416=PLANE('',#19417);
#19417=AXIS2_PLACEMENT_3D('',#114,#19418,#19419);
#19418=DIRECTION('',(-0.23931234932181114,0,-0.9709426344857225));
#19419=DIRECTION('',(-0.16156364486314048,0.9860585452048659,0.03982127681278729));
#19420=FACE_BOUND('',#19421,.T.);
#19421=EDGE_LOOP('',(#19422,#19423,#19424));
#19422=ORIENTED_EDGE('',*,*,#19425,.T.);
#19423=ORIENTED_EDGE('',*,*,#19426,.T.);
#19424=ORIENTED_EDGE('',*,*,#19427,.T.);
#19425=EDGE_CURVE('',#115,#475,#19428,.F.);
#19426=EDGE_CURVE('',#475,#471,#19429,.T.);
#19427=EDGE_CURVE('',#471,#115,#19430,.T.);
#19428=LINE('',#114,#19431);
#19429=LINE('',#474,#19432);
#19430=LINE('',#470,#19433);
#19431=VECTOR('',#19434,1.0);
#19432=VECTOR('',#19435,1.0);
#19433=VECTOR('',#19436,1.0);
#19434=DIRECTION('',(-0.16156364486314048,0.9860585452048659,0.03982127681278729));
#19435=DIRECTION('',(0.9709426344857225,0,-0.23931234932181114));
#19436=DIRECTION('',(0,-1,0));
#19437=FACE_SURFACE('',(#19442),#19438,.T.);
#19438=PLANE('',#19439);
#19439=AXIS2_PLACEMENT_3D('',#114,#19440,#19441);
#19440=DIRECTION('',(-0.46472313854523434,0,-0.8854560432345961));
#19441=DIRECTION('',(0,1,0));
#19442=FACE_BOUND('',#19443,.T.);
#19443=EDGE_LOOP('',(#19444,#19445,#19446));
#19444=ORIENTED_EDGE('',*,*,#19447,.T.);
#19445=ORIENTED_EDGE('',*,*,#19448,.T.);
#19446=ORIENTED_EDGE('',*,*,#19449,.T.);
#19447=EDGE_CURVE('',#115,#471,#19450,.F.);
#19448=EDGE_CURVE('',#471,#119,#19451,.T.);
#19449=EDGE_CURVE('',#119,#115,#19452,.T.);
#19450=LINE('',#114,#19453);
#19451=LINE('',#470,#19454);
#19452=LINE('',#118,#19455);
#19453=VECTOR('',#19456,1.0);
#19454=VECTOR('',#19457,1.0);
#19455=VECTOR('',#19458,1.0);
#19456=DIRECTION('',(0,1,0));
#19457=DIRECTION('',(0.14733854295509444,-0.9860585908710818,-0.07732922558260993));
#19458=DIRECTION('',(-0.8854560432345961,0,0.46472313854523434));
#19459=FACE_SURFACE('',(#19464),#19460,.T.);
#19460=PLANE('',#19461);
#19461=AXIS2_PLACEMENT_3D('',#118,#19462,#19463);
#19462=DIRECTION('',(-0.46472313854523434,0,-0.8854560432345961));
#19463=DIRECTION('',(-0.14733854295509444,0.9860585908710818,0.07732922558260993));
#19464=FACE_BOUND('',#19465,.T.);
#19465=EDGE_LOOP('',(#19466,#19467,#19468));
#19466=ORIENTED_EDGE('',*,*,#19469,.T.);
#19467=ORIENTED_EDGE('',*,*,#19470,.T.);
#19468=ORIENTED_EDGE('',*,*,#19471,.T.);
#19469=EDGE_CURVE('',#119,#471,#19472,.F.);
#19470=EDGE_CURVE('',#471,#467,#19473,.T.);
#19471=EDGE_CURVE('',#467,#119,#19474,.T.);
#19472=LINE('',#118,#19475);
#19473=LINE('',#470,#19476);
#19474=LINE('',#466,#19477);
#19475=VECTOR('',#19478,1.0);
#19476=VECTOR('',#19479,1.0);
#19477=VECTOR('',#19480,1.0);
#19478=DIRECTION('',(-0.14733854295509444,0.9860585908710818,0.07732922558260993));
#19479=DIRECTION('',(0.8854560432345961,0,-0.46472313854523434));
#19480=DIRECTION('',(0,-1,0));
#19481=FACE_SURFACE('',(#19486),#19482,.T.);
#19482=PLANE('',#19483);
#19483=AXIS2_PLACEMENT_3D('',#118,#19484,#19485);
#19484=DIRECTION('',(-0.6631236431797658,0,-0.7485098755901587));
#19485=DIRECTION('',(0,1,0));
#19486=FACE_BOUND('',#19487,.T.);
#19487=EDGE_LOOP('',(#19488,#19489,#19490));
#19488=ORIENTED_EDGE('',*,*,#19491,.T.);
#19489=ORIENTED_EDGE('',*,*,#19492,.T.);
#19490=ORIENTED_EDGE('',*,*,#19493,.T.);
#19491=EDGE_CURVE('',#119,#467,#19494,.F.);
#19492=EDGE_CURVE('',#467,#123,#19495,.T.);
#19493=EDGE_CURVE('',#123,#119,#19496,.T.);
#19494=LINE('',#118,#19497);
#19495=LINE('',#466,#19498);
#19496=LINE('',#122,#19499);
#19497=VECTOR('',#19500,1.0);
#19498=VECTOR('',#19501,1.0);
#19499=VECTOR('',#19502,1.0);
#19500=DIRECTION('',(0,1,0));
#19501=DIRECTION('',(0.12455127459192082,-0.9860585082938056,-0.11034309320896803));
#19502=DIRECTION('',(-0.7485098755901587,0,0.6631236431797658));
#19503=FACE_SURFACE('',(#19508),#19504,.T.);
#19504=PLANE('',#19505);
#19505=AXIS2_PLACEMENT_3D('',#122,#19506,#19507);
#19506=DIRECTION('',(-0.6631236431797658,0,-0.7485098755901587));
#19507=DIRECTION('',(-0.12455127459192082,0.9860585082938056,0.11034309320896803));
#19508=FACE_BOUND('',#19509,.T.);
#19509=EDGE_LOOP('',(#19510,#19511,#19512));
#19510=ORIENTED_EDGE('',*,*,#19513,.T.);
#19511=ORIENTED_EDGE('',*,*,#19514,.T.);
#19512=ORIENTED_EDGE('',*,*,#19515,.T.);
#19513=EDGE_CURVE('',#123,#467,#19516,.F.);
#19514=EDGE_CURVE('',#467,#563,#19517,.T.);
#19515=EDGE_CURVE('',#563,#123,#19518,.T.);
#19516=LINE('',#122,#19519);
#19517=LINE('',#466,#19520);
#19518=LINE('',#562,#19521);
#19519=VECTOR('',#19522,1.0);
#19520=VECTOR('',#19523,1.0);
#19521=VECTOR('',#19524,1.0);
#19522=DIRECTION('',(-0.12455127459192082,0.9860585082938056,0.11034309320896803));
#19523=DIRECTION('',(0.7485098755901587,0,-0.6631236431797658));
#19524=DIRECTION('',(0,-1,0));
#19525=FACE_SURFACE('',(#19530),#19526,.T.);
#19526=PLANE('',#19527);
#19527=AXIS2_PLACEMENT_3D('',#122,#19528,#19529);
#19528=DIRECTION('',(-0.8229835226564066,0,-0.5680652439958387));
#19529=DIRECTION('',(0,1,0));
#19530=FACE_BOUND('',#19531,.T.);
#19531=EDGE_LOOP('',(#19532,#19533,#19534));
#19532=ORIENTED_EDGE('',*,*,#19535,.T.);
#19533=ORIENTED_EDGE('',*,*,#19536,.T.);
#19534=ORIENTED_EDGE('',*,*,#19537,.T.);
#19535=EDGE_CURVE('',#123,#563,#19538,.F.);
#19536=EDGE_CURVE('',#563,#173,#19539,.T.);
#19537=EDGE_CURVE('',#173,#123,#19540,.T.);
#19538=LINE('',#122,#19541);
#19539=LINE('',#562,#19542);
#19540=LINE('',#172,#19543);
#19541=VECTOR('',#19544,1.0);
#19542=VECTOR('',#19545,1.0);
#19543=VECTOR('',#19546,1.0);
#19544=DIRECTION('',(0,1,0));
#19545=DIRECTION('',(0.09452545426518652,-0.9860585139210416,-0.1369435855372101));
#19546=DIRECTION('',(-0.5680652439958387,0,0.8229835226564066));
#19547=FACE_SURFACE('',(#19552),#19548,.T.);
#19548=PLANE('',#19549);
#19549=AXIS2_PLACEMENT_3D('',#172,#19550,#19551);
#19550=DIRECTION('',(-0.8229835226564066,0,-0.5680652439958387));
#19551=DIRECTION('',(-0.09452545426518652,0.9860585139210416,0.1369435855372101));
#19552=FACE_BOUND('',#19553,.T.);
#19553=EDGE_LOOP('',(#19554,#19555,#19556));
#19554=ORIENTED_EDGE('',*,*,#19557,.T.);
#19555=ORIENTED_EDGE('',*,*,#19558,.T.);
#19556=ORIENTED_EDGE('',*,*,#19559,.T.);
#19557=EDGE_CURVE('',#173,#563,#19560,.F.);
#19558=EDGE_CURVE('',#563,#567,#19561,.T.);
#19559=EDGE_CURVE('',#567,#173,#19562,.T.);
#19560=LINE('',#172,#19563);
#19561=LINE('',#562,#19564);
#19562=LINE('',#566,#19565);
#19563=VECTOR('',#19566,1.0);
#19564=VECTOR('',#19567,1.0);
#19565=VECTOR('',#19568,1.0);
#19566=DIRECTION('',(-0.09452545426518652,0.9860585139210416,0.1369435855372101));
#19567=DIRECTION('',(0.5680652439958387,0,-0.8229835226564066));
#19568=DIRECTION('',(0,-1,0));
#19569=FACE_SURFACE('',(#19574),#19570,.T.);
#19570=PLANE('',#19571);
#19571=AXIS2_PLACEMENT_3D('',#172,#19572,#19573);
#19572=DIRECTION('',(-0.9350160711059178,0,-0.35460533946015727));
#19573=DIRECTION('',(0,1,0));
#19574=FACE_BOUND('',#19575,.T.);
#19575=EDGE_LOOP('',(#19576,#19577,#19578));
#19576=ORIENTED_EDGE('',*,*,#19579,.T.);
#19577=ORIENTED_EDGE('',*,*,#19580,.T.);
#19578=ORIENTED_EDGE('',*,*,#19581,.T.);
#19579=EDGE_CURVE('',#173,#567,#19582,.F.);
#19580=EDGE_CURVE('',#567,#41,#19583,.T.);
#19581=EDGE_CURVE('',#41,#173,#19584,.T.);
#19582=LINE('',#172,#19585);
#19583=LINE('',#566,#19586);
#19584=LINE('',#40,#19587);
#19585=VECTOR('',#19588,1.0);
#19586=VECTOR('',#19589,1.0);
#19587=VECTOR('',#19590,1.0);
#19588=DIRECTION('',(0,1,0));
#19589=DIRECTION('',(0.05900594130231301,-0.9860585192441736,-0.15558565331358767));
#19590=DIRECTION('',(-0.35460533946015727,0,0.9350160711059178));
#19591=FACE_SURFACE('',(#19596),#19592,.T.);
#19592=PLANE('',#19593);
#19593=AXIS2_PLACEMENT_3D('',#40,#19594,#19595);
#19594=DIRECTION('',(-0.9350160711059178,0,-0.35460533946015727));
#19595=DIRECTION('',(-0.05900594130231301,0.9860585192441736,0.15558565331358767));
#19596=FACE_BOUND('',#19597,.T.);
#19597=EDGE_LOOP('',(#19598,#19599,#19600));
#19598=ORIENTED_EDGE('',*,*,#19601,.T.);
#19599=ORIENTED_EDGE('',*,*,#19602,.T.);
#19600=ORIENTED_EDGE('',*,*,#19603,.T.);
#19601=EDGE_CURVE('',#41,#567,#19604,.F.);
#19602=EDGE_CURVE('',#567,#571,#19605,.T.);
#19603=EDGE_CURVE('',#571,#41,#19606,.T.);
#19604=LINE('',#40,#19607);
#19605=LINE('',#566,#19608);
#19606=LINE('',#570,#19609);
#19607=VECTOR('',#19610,1.0);
#19608=VECTOR('',#19611,1.0);
#19609=VECTOR('',#19612,1.0);
#19610=DIRECTION('',(-0.05900594130231301,0.9860585192441736,0.15558565331358767));
#19611=DIRECTION('',(0.35460533946015727,0,-0.9350160711059178));
#19612=DIRECTION('',(0,-1,0));
ENDSEC;
END-ISO-10303-21;
